"Date","Amount","Category","Vendor","Customer"
"2026-01-28","38020","Professional Fees","Prime Consulting","Direct Consumer"
"2026-02-06","33913","Inventory","Azure Utilities","Retail Giant A"
"2026-03-17","8777","Sales Revenue","Global Office Ltd","Retail Giant A"
"2026-03-28","29849","Tax Provision","Prime Consulting","Retail Giant A"
"2026-02-12","47806","Professional Fees","Prime Consulting","Direct Consumer"
"2026-01-21","31731","Professional Fees","Global Office Ltd","SmallBiz Inc"
"2026-01-20","16793","Tax Provision","Azure Utilities","Retail Giant A"
"2026-01-15","26364","Sales Revenue","Global Office Ltd","Retail Giant A"
"2026-01-03","18580","Professional Fees","Prime Consulting","Retail Giant A"
"2026-01-10","30941","Professional Fees","Prime Consulting","SmallBiz Inc"
"2026-01-19","21183","Tax Provision","Prime Consulting","Public Sector Dept"
"2026-02-06","38795","Professional Fees","TechLogistics Corp","SmallBiz Inc"
"2026-03-17","34867","Tax Provision","Global Office Ltd","Public Sector Dept"
"2026-03-15","17382","Inventory","TechLogistics Corp","SmallBiz Inc"
"2026-02-10","22712","Rent","Global Office Ltd","Direct Consumer"
"2026-01-31","42647","Rent","Global Office Ltd","Public Sector Dept"
"2026-01-10","41861","Sales Revenue","Global Office Ltd","SmallBiz Inc"
"2026-01-18","8480","Inventory","Azure Utilities","Public Sector Dept"
"2026-01-12","45451","Inventory","Prime Consulting","Direct Consumer"
"2026-02-21","26609","Sales Revenue","Prime Consulting","Public Sector Dept"
"2026-02-07","10132","Inventory","TechLogistics Corp","SmallBiz Inc"
"2026-03-27","12567","Sales Revenue","Prime Consulting","Public Sector Dept"
"2026-03-08","44238","Professional Fees","Global Office Ltd","Direct Consumer"
"2026-03-09","12929","Professional Fees","Azure Utilities","Retail Giant A"
"2026-01-25","4424","Professional Fees","TechLogistics Corp","Retail Giant A"
"2026-01-17","11134","Inventory","TechLogistics Corp","Retail Giant A"
"2026-01-10","4954","Sales Revenue","TechLogistics Corp","Retail Giant A"
"2026-01-08","44264","Professional Fees","Azure Utilities","SmallBiz Inc"
"2026-02-19","18622","Inventory","Azure Utilities","Retail Giant A"
"2026-01-28","26471","Sales Revenue","TechLogistics Corp","Retail Giant A"
"2026-02-14","24912","Inventory","Prime Consulting","Public Sector Dept"
"2026-03-07","47558","Sales Revenue","TechLogistics Corp","Public Sector Dept"
"2026-02-06","24899","Tax Provision","Azure Utilities","SmallBiz Inc"
"2026-01-14","24227","Inventory","Azure Utilities","Retail Giant A"
"2026-03-13","8261","Tax Provision","Azure Utilities","Retail Giant A"
"2026-01-14","22419","Inventory","Azure Utilities","Retail Giant A"
"2026-03-20","15334","Inventory","Azure Utilities","Retail Giant A"
"2026-03-18","31666","Sales Revenue","Prime Consulting","Public Sector Dept"
"2026-01-31","31330","Rent","TechLogistics Corp","Retail Giant A"
"2026-01-17","24738","Professional Fees","Azure Utilities","SmallBiz Inc"
"2026-03-03","35992","Rent","Global Office Ltd","Public Sector Dept"
"2026-03-09","32287","Inventory","Prime Consulting","Retail Giant A"
"2026-02-04","7369","Tax Provision","TechLogistics Corp","Direct Consumer"
"2026-03-24","7104","Sales Revenue","Azure Utilities","Direct Consumer"
"2026-01-16","47593","Professional Fees","TechLogistics Corp","Retail Giant A"
"2026-02-22","20926","Rent","TechLogistics Corp","Public Sector Dept"
"2026-03-07","45317","Inventory","Prime Consulting","Public Sector Dept"
"2026-01-31","2700","Tax Provision","Prime Consulting","Direct Consumer"
"2026-01-10","2204","Rent","Global Office Ltd","Public Sector Dept"
"2026-01-11","49351","Inventory","Prime Consulting","SmallBiz Inc"
"2026-02-05","24449","Inventory","TechLogistics Corp","SmallBiz Inc"
"2026-03-28","32530","Professional Fees","Azure Utilities","Public Sector Dept"
"2026-02-12","44497","Inventory","TechLogistics Corp","Public Sector Dept"
"2026-03-27","47403","Inventory","TechLogistics Corp","Retail Giant A"
"2026-01-21","41775","Inventory","Prime Consulting","Public Sector Dept"
"2026-01-07","38552","Professional Fees","TechLogistics Corp","Public Sector Dept"
"2026-03-03","29379","Rent","TechLogistics Corp","Public Sector Dept"
"2026-02-14","46410","Professional Fees","Prime Consulting","Retail Giant A"
"2026-02-24","47727","Inventory","Global Office Ltd","Public Sector Dept"
"2026-02-27","46412","Inventory","Prime Consulting","Direct Consumer"
"2026-02-01","10449","Inventory","Azure Utilities","Public Sector Dept"
"2026-01-12","33937","Professional Fees","TechLogistics Corp","Public Sector Dept"
"2026-02-02","30762","Tax Provision","TechLogistics Corp","SmallBiz Inc"
"2026-02-22","36867","Tax Provision","Global Office Ltd","SmallBiz Inc"
"2026-01-04","36103","Rent","TechLogistics Corp","SmallBiz Inc"
"2026-03-02","48969","Rent","Azure Utilities","Retail Giant A"
"2026-03-29","37730","Inventory","Prime Consulting","Public Sector Dept"
"2026-03-02","48838","Inventory","TechLogistics Corp","Retail Giant A"
"2026-01-01","44668","Tax Provision","Azure Utilities","Retail Giant A"
"2026-02-04","2071","Tax Provision","Global Office Ltd","Retail Giant A"
"2026-01-14","9383","Inventory","Prime Consulting","Retail Giant A"
"2026-01-20","46152","Inventory","Global Office Ltd","Retail Giant A"
"2026-03-18","10005","Rent","Prime Consulting","Retail Giant A"
"2026-01-14","27735","Sales Revenue","Global Office Ltd","SmallBiz Inc"
"2026-01-04","16150","Tax Provision","Prime Consulting","Public Sector Dept"
"2026-03-06","5693","Rent","Prime Consulting","Public Sector Dept"
"2026-03-19","31935","Rent","Azure Utilities","SmallBiz Inc"
"2026-01-05","3692","Inventory","Global Office Ltd","Retail Giant A"
"2026-01-22","20525","Tax Provision","Prime Consulting","Direct Consumer"
"2026-01-30","35178","Professional Fees","TechLogistics Corp","Retail Giant A"
"2026-01-07","29677","Rent","TechLogistics Corp","SmallBiz Inc"
"2026-01-28","14340","Inventory","Prime Consulting","Public Sector Dept"
"2026-03-27","7307","Professional Fees","Prime Consulting","Public Sector Dept"
"2026-02-03","7397","Sales Revenue","TechLogistics Corp","Direct Consumer"
"2026-01-25","44356","Professional Fees","Azure Utilities","Retail Giant A"
"2026-02-09","30937","Tax Provision","TechLogistics Corp","Direct Consumer"
"2026-01-01","11992","Inventory","Prime Consulting","Retail Giant A"
"2026-01-17","19127","Rent","Prime Consulting","Public Sector Dept"
"2026-03-11","40152","Inventory","Azure Utilities","Direct Consumer"
"2026-02-13","8323","Tax Provision","Global Office Ltd","SmallBiz Inc"
"2026-02-10","33286","Sales Revenue","Global Office Ltd","Direct Consumer"
"2026-03-10","12873","Sales Revenue","Global Office Ltd","Retail Giant A"
"2026-03-06","46601","Professional Fees","Azure Utilities","Direct Consumer"
"2026-01-31","18536","Tax Provision","TechLogistics Corp","Retail Giant A"
"2026-02-27","28474","Rent","Azure Utilities","Retail Giant A"
"2026-02-06","26076","Inventory","Global Office Ltd","Retail Giant A"
"2026-01-10","12129","Sales Revenue","Global Office Ltd","Direct Consumer"
"2026-01-27","3500","Professional Fees","Global Office Ltd","Retail Giant A"
"2026-03-12","35149","Professional Fees","Prime Consulting","Retail Giant A"
"2026-02-14","11296","Inventory","TechLogistics Corp","Retail Giant A"
"2026-02-06","2214","Sales Revenue","TechLogistics Corp","Retail Giant A"
"2026-03-17","17165","Inventory","Prime Consulting","Public Sector Dept"
"2026-02-04","32375","Professional Fees","Global Office Ltd","Direct Consumer"
"2026-03-09","17152","Sales Revenue","Prime Consulting","Retail Giant A"
"2026-01-15","4187","Professional Fees","Prime Consulting","Public Sector Dept"
"2026-01-26","23497","Professional Fees","Azure Utilities","Direct Consumer"
"2026-03-11","43291","Professional Fees","Prime Consulting","Direct Consumer"
"2026-02-06","20139","Inventory","TechLogistics Corp","Retail Giant A"
"2026-03-12","2577","Professional Fees","Global Office Ltd","SmallBiz Inc"
"2026-01-08","4787","Sales Revenue","Global Office Ltd","Direct Consumer"
"2026-03-10","13575","Inventory","Prime Consulting","Retail Giant A"
"2026-02-19","25048","Rent","Global Office Ltd","Retail Giant A"
"2026-03-24","15889","Inventory","Prime Consulting","Public Sector Dept"
"2026-02-02","1932","Professional Fees","Prime Consulting","Public Sector Dept"
"2026-03-31","35150","Tax Provision","Azure Utilities","Retail Giant A"
"2026-02-06","8416","Sales Revenue","Prime Consulting","Retail Giant A"
"2026-03-20","12970","Tax Provision","Global Office Ltd","SmallBiz Inc"
"2026-03-15","1559","Tax Provision","Global Office Ltd","SmallBiz Inc"
"2026-01-05","34357","Inventory","Azure Utilities","Direct Consumer"
"2026-02-01","9970","Tax Provision","Prime Consulting","Direct Consumer"
"2026-03-20","37482","Professional Fees","Global Office Ltd","SmallBiz Inc"
"2026-03-15","36609","Professional Fees","Global Office Ltd","Direct Consumer"
"2026-01-12","6314","Rent","Prime Consulting","SmallBiz Inc"
"2026-03-27","29182","Inventory","Prime Consulting","Public Sector Dept"
"2026-03-10","49060","Professional Fees","Azure Utilities","Direct Consumer"
"2026-01-05","11674","Rent","TechLogistics Corp","Public Sector Dept"
"2026-01-09","8371","Rent","Prime Consulting","Retail Giant A"
"2026-02-13","27017","Inventory","TechLogistics Corp","SmallBiz Inc"
"2026-03-12","45264","Inventory","Global Office Ltd","Public Sector Dept"
"2026-02-03","22978","Rent","Azure Utilities","Retail Giant A"
"2026-03-30","30747","Sales Revenue","Azure Utilities","Public Sector Dept"
"2026-01-20","16245","Tax Provision","TechLogistics Corp","SmallBiz Inc"
"2026-03-18","26223","Rent","Global Office Ltd","Public Sector Dept"
"2026-02-14","8880","Rent","Prime Consulting","SmallBiz Inc"
"2026-01-03","24656","Sales Revenue","Global Office Ltd","SmallBiz Inc"
"2026-03-26","19428","Rent","Global Office Ltd","Direct Consumer"
"2026-01-16","41705","Tax Provision","TechLogistics Corp","SmallBiz Inc"
"2026-02-13","25342","Rent","TechLogistics Corp","Retail Giant A"
"2026-03-23","38594","Rent","Prime Consulting","SmallBiz Inc"
"2026-03-20","11765","Sales Revenue","Prime Consulting","Direct Consumer"
"2026-01-31","34585","Sales Revenue","Global Office Ltd","Retail Giant A"
"2026-03-30","43684","Professional Fees","Prime Consulting","Public Sector Dept"
"2026-03-07","38882","Rent","Prime Consulting","Retail Giant A"
"2026-01-22","27488","Sales Revenue","Azure Utilities","Direct Consumer"
"2026-03-21","20981","Professional Fees","TechLogistics Corp","Direct Consumer"
"2026-01-08","24123","Professional Fees","Azure Utilities","SmallBiz Inc"
"2026-03-26","19645","Sales Revenue","Prime Consulting","SmallBiz Inc"
"2026-03-19","20830","Inventory","Azure Utilities","SmallBiz Inc"
"2026-01-04","39268","Rent","Global Office Ltd","SmallBiz Inc"
"2026-02-12","5091","Inventory","Prime Consulting","Direct Consumer"
"2026-01-05","22044","Sales Revenue","Azure Utilities","SmallBiz Inc"
"2026-03-09","29039","Inventory","Prime Consulting","Direct Consumer"
"2026-02-24","42922","Tax Provision","Global Office Ltd","Retail Giant A"
"2026-01-26","15954","Professional Fees","Global Office Ltd","Retail Giant A"
"2026-03-02","16960","Rent","Global Office Ltd","Direct Consumer"
"2026-02-11","20122","Tax Provision","Global Office Ltd","Retail Giant A"
"2026-03-26","14878","Rent","Azure Utilities","Direct Consumer"
"2026-02-12","8171","Rent","TechLogistics Corp","Retail Giant A"
"2026-01-19","26710","Rent","Azure Utilities","Direct Consumer"
"2026-02-07","30108","Sales Revenue","TechLogistics Corp","Public Sector Dept"
"2026-03-25","1551","Inventory","Global Office Ltd","Direct Consumer"
"2026-03-11","14552","Inventory","TechLogistics Corp","Public Sector Dept"
"2026-01-01","7260","Sales Revenue","Azure Utilities","Direct Consumer"
"2026-01-27","12541","Inventory","Prime Consulting","Public Sector Dept"
"2026-01-23","1961","Tax Provision","Global Office Ltd","Retail Giant A"
"2026-01-03","24435","Sales Revenue","Azure Utilities","SmallBiz Inc"
"2026-02-20","13642","Sales Revenue","TechLogistics Corp","SmallBiz Inc"
"2026-01-27","8720","Inventory","Prime Consulting","Retail Giant A"
"2026-01-27","26295","Inventory","TechLogistics Corp","SmallBiz Inc"
"2026-03-17","9335","Inventory","TechLogistics Corp","Retail Giant A"
"2026-01-27","24103","Sales Revenue","Global Office Ltd","Direct Consumer"
"2026-03-08","33586","Sales Revenue","Prime Consulting","Direct Consumer"
"2026-02-23","42231","Sales Revenue","Azure Utilities","Retail Giant A"
"2026-02-15","42947","Professional Fees","Global Office Ltd","Direct Consumer"
"2026-03-22","42762","Inventory","TechLogistics Corp","Direct Consumer"
"2026-02-04","29724","Tax Provision","TechLogistics Corp","Retail Giant A"
"2026-02-24","4950","Tax Provision","Global Office Ltd","Retail Giant A"
"2026-03-08","3884","Sales Revenue","Prime Consulting","Direct Consumer"
"2026-01-25","18536","Rent","Prime Consulting","Public Sector Dept"
"2026-02-09","27591","Professional Fees","Azure Utilities","Public Sector Dept"
"2026-01-23","5613","Tax Provision","TechLogistics Corp","Direct Consumer"
"2026-02-13","31629","Rent","TechLogistics Corp","SmallBiz Inc"
"2026-03-04","24738","Inventory","Global Office Ltd","SmallBiz Inc"
"2026-01-20","23597","Professional Fees","Prime Consulting","Public Sector Dept"
"2026-02-27","20388","Tax Provision","Global Office Ltd","SmallBiz Inc"
"2026-02-13","1335","Sales Revenue","Global Office Ltd","Public Sector Dept"
"2026-01-28","16229","Sales Revenue","Global Office Ltd","Direct Consumer"
"2026-01-15","16831","Tax Provision","Global Office Ltd","Direct Consumer"
"2026-02-17","37749","Tax Provision","TechLogistics Corp","Direct Consumer"
"2026-01-10","6614","Inventory","Global Office Ltd","SmallBiz Inc"
"2026-02-09","33982","Tax Provision","Prime Consulting","Direct Consumer"
"2026-03-18","43307","Sales Revenue","Prime Consulting","SmallBiz Inc"
"2026-03-29","17348","Rent","Global Office Ltd","Public Sector Dept"
"2026-02-15","13933","Sales Revenue","Global Office Ltd","Retail Giant A"
"2026-03-11","33085","Tax Provision","Prime Consulting","Retail Giant A"
"2026-02-09","2066","Inventory","Global Office Ltd","SmallBiz Inc"
"2026-01-19","6580","Sales Revenue","TechLogistics Corp","SmallBiz Inc"
"2026-02-18","34220","Tax Provision","TechLogistics Corp","Public Sector Dept"
"2026-03-15","39502","Tax Provision","TechLogistics Corp","Retail Giant A"
"2026-03-10","38257","Professional Fees","TechLogistics Corp","SmallBiz Inc"
"2026-01-21","44024","Rent","Global Office Ltd","Public Sector Dept"
"2026-03-13","44857","Inventory","TechLogistics Corp","SmallBiz Inc"
"2026-01-07","35675","Professional Fees","Prime Consulting","Retail Giant A"
"2026-03-08","2626","Rent","Azure Utilities","Public Sector Dept"
"2026-02-03","6505","Sales Revenue","Global Office Ltd","Direct Consumer"
"2026-02-11","1076","Sales Revenue","Prime Consulting","Retail Giant A"
"2026-01-05","26531","Tax Provision","Azure Utilities","Public Sector Dept"
"2026-01-20","30709","Tax Provision","TechLogistics Corp","Retail Giant A"
"2026-03-10","24032","Professional Fees","Azure Utilities","Direct Consumer"
"2026-02-13","39644","Inventory","Global Office Ltd","Direct Consumer"
"2026-01-18","32976","Tax Provision","TechLogistics Corp","SmallBiz Inc"
"2026-03-23","44785","Sales Revenue","Prime Consulting","Direct Consumer"
"2026-01-17","44689","Inventory","TechLogistics Corp","Public Sector Dept"
"2026-02-25","43660","Professional Fees","Prime Consulting","Retail Giant A"
"2026-01-03","31841","Rent","TechLogistics Corp","Retail Giant A"
"2026-02-17","30184","Professional Fees","Global Office Ltd","Public Sector Dept"
"2026-02-05","30821","Rent","Global Office Ltd","Public Sector Dept"
"2026-03-26","10299","Professional Fees","Prime Consulting","SmallBiz Inc"
"2026-03-03","40596","Rent","TechLogistics Corp","SmallBiz Inc"
"2026-01-23","6205","Rent","Prime Consulting","Retail Giant A"
"2026-03-07","7676","Tax Provision","Global Office Ltd","Public Sector Dept"
"2026-02-26","46220","Sales Revenue","Azure Utilities","Retail Giant A"
"2026-02-04","8229","Sales Revenue","Global Office Ltd","Retail Giant A"
"2026-02-02","25490","Professional Fees","Global Office Ltd","Direct Consumer"
"2026-03-11","35943","Rent","Azure Utilities","Public Sector Dept"
"2026-02-12","2169","Rent","TechLogistics Corp","SmallBiz Inc"
"2026-01-21","31121","Tax Provision","Prime Consulting","SmallBiz Inc"
"2026-01-07","29057","Inventory","Prime Consulting","Direct Consumer"
"2026-01-05","24723","Professional Fees","TechLogistics Corp","Direct Consumer"
"2026-01-03","22870","Inventory","TechLogistics Corp","Direct Consumer"
"2026-01-05","12882","Professional Fees","Prime Consulting","Public Sector Dept"
"2026-01-30","23868","Rent","TechLogistics Corp","Public Sector Dept"
"2026-02-19","27285","Sales Revenue","Prime Consulting","Direct Consumer"
"2026-03-10","8393","Sales Revenue","TechLogistics Corp","Retail Giant A"
"2026-01-01","11168","Sales Revenue","Global Office Ltd","Retail Giant A"
"2026-02-20","20034","Tax Provision","Azure Utilities","SmallBiz Inc"
"2026-03-02","23202","Rent","TechLogistics Corp","Public Sector Dept"
"2026-03-26","30981","Professional Fees","Prime Consulting","Public Sector Dept"
"2026-02-07","45631","Professional Fees","TechLogistics Corp","SmallBiz Inc"
"2026-03-12","45736","Tax Provision","Prime Consulting","SmallBiz Inc"
"2026-01-17","47941","Professional Fees","Global Office Ltd","Retail Giant A"
"2026-01-22","36918","Professional Fees","Azure Utilities","Public Sector Dept"
"2026-03-27","9775","Inventory","Prime Consulting","Public Sector Dept"
"2026-03-30","37265","Inventory","Global Office Ltd","Retail Giant A"
"2026-02-27","38415","Inventory","Prime Consulting","Direct Consumer"
"2026-02-18","25205","Inventory","Global Office Ltd","SmallBiz Inc"
"2026-01-04","10087","Sales Revenue","Global Office Ltd","SmallBiz Inc"
"2026-03-26","9603","Rent","Azure Utilities","Retail Giant A"
"2026-02-22","24283","Rent","Azure Utilities","Public Sector Dept"
"2026-03-28","15735","Professional Fees","Prime Consulting","SmallBiz Inc"
"2026-03-08","40500","Professional Fees","Global Office Ltd","Public Sector Dept"
"2026-02-20","47176","Professional Fees","Azure Utilities","Public Sector Dept"
"2026-01-16","16552","Rent","TechLogistics Corp","Direct Consumer"
"2026-03-12","21828","Inventory","TechLogistics Corp","Public Sector Dept"
"2026-01-27","33636","Inventory","Azure Utilities","SmallBiz Inc"
"2026-02-05","41168","Professional Fees","Global Office Ltd","Retail Giant A"
"2026-03-16","5795","Professional Fees","TechLogistics Corp","Public Sector Dept"
"2026-02-16","34933","Tax Provision","Prime Consulting","SmallBiz Inc"
"2026-02-03","19588","Sales Revenue","TechLogistics Corp","Public Sector Dept"
"2026-01-11","25148","Professional Fees","Azure Utilities","SmallBiz Inc"
"2026-02-19","14726","Sales Revenue","Azure Utilities","SmallBiz Inc"
"2026-01-25","17748","Sales Revenue","Prime Consulting","Direct Consumer"
"2026-01-03","11917","Professional Fees","Azure Utilities","Retail Giant A"
"2026-03-14","43140","Sales Revenue","Azure Utilities","Public Sector Dept"
"2026-03-20","36725","Sales Revenue","TechLogistics Corp","Direct Consumer"
"2026-02-03","3124","Rent","Azure Utilities","Retail Giant A"
"2026-02-01","11704","Professional Fees","Prime Consulting","Retail Giant A"
"2026-01-21","31659","Sales Revenue","Azure Utilities","Public Sector Dept"
"2026-01-04","28813","Tax Provision","TechLogistics Corp","Retail Giant A"
"2026-03-09","6283","Rent","TechLogistics Corp","Direct Consumer"
"2026-02-07","23958","Professional Fees","TechLogistics Corp","SmallBiz Inc"
"2026-01-10","2192","Inventory","Azure Utilities","SmallBiz Inc"
"2026-03-28","31241","Professional Fees","Azure Utilities","SmallBiz Inc"
"2026-01-11","14161","Rent","Azure Utilities","SmallBiz Inc"
"2026-03-15","16677","Rent","TechLogistics Corp","Direct Consumer"
"2026-01-07","25101","Professional Fees","Azure Utilities","Retail Giant A"
"2026-01-12","43517","Rent","Prime Consulting","Public Sector Dept"
"2026-03-20","26643","Inventory","Azure Utilities","SmallBiz Inc"
"2026-02-04","27422","Sales Revenue","Global Office Ltd","Retail Giant A"
"2026-03-07","47413","Rent","TechLogistics Corp","SmallBiz Inc"
"2026-01-30","45760","Inventory","Global Office Ltd","Public Sector Dept"
"2026-03-23","43420","Sales Revenue","TechLogistics Corp","Retail Giant A"
"2026-03-21","21944","Rent","Azure Utilities","Public Sector Dept"
"2026-01-17","40188","Sales Revenue","TechLogistics Corp","Direct Consumer"
"2026-01-19","49600","Sales Revenue","Prime Consulting","SmallBiz Inc"
"2026-02-16","25798","Sales Revenue","Azure Utilities","SmallBiz Inc"
"2026-01-25","18623","Rent","Prime Consulting","SmallBiz Inc"
"2026-03-16","14611","Tax Provision","Azure Utilities","Retail Giant A"
"2026-03-31","45675","Tax Provision","Global Office Ltd","Retail Giant A"
"2026-01-29","16566","Professional Fees","Global Office Ltd","Public Sector Dept"
"2026-03-11","3613","Professional Fees","Prime Consulting","Direct Consumer"
"2026-02-16","49893","Tax Provision","Azure Utilities","SmallBiz Inc"
"2026-01-09","13431","Tax Provision","Azure Utilities","Public Sector Dept"
"2026-01-20","31105","Tax Provision","Azure Utilities","Public Sector Dept"
"2026-01-04","13054","Inventory","Prime Consulting","Direct Consumer"
"2026-02-20","32836","Rent","Prime Consulting","SmallBiz Inc"
"2026-02-18","25559","Sales Revenue","Global Office Ltd","Direct Consumer"
"2026-01-15","47337","Rent","TechLogistics Corp","Public Sector Dept"
"2026-02-21","43584","Rent","Global Office Ltd","Public Sector Dept"
"2026-01-18","10824","Sales Revenue","Global Office Ltd","Direct Consumer"
"2026-01-31","1179","Inventory","Prime Consulting","SmallBiz Inc"
"2026-01-24","41397","Inventory","Azure Utilities","SmallBiz Inc"
"2026-01-08","15412","Rent","Azure Utilities","Retail Giant A"
"2026-03-05","39542","Tax Provision","Azure Utilities","Retail Giant A"
"2026-02-19","25231","Tax Provision","TechLogistics Corp","Public Sector Dept"
"2026-02-08","5384","Tax Provision","Azure Utilities","Public Sector Dept"
"2026-01-04","4781","Professional Fees","Azure Utilities","Direct Consumer"
"2026-01-06","17107","Inventory","Azure Utilities","Retail Giant A"
"2026-02-11","26265","Tax Provision","Global Office Ltd","Retail Giant A"
"2026-01-12","30410","Tax Provision","Global Office Ltd","Public Sector Dept"
"2026-03-31","48404","Rent","Global Office Ltd","Direct Consumer"
"2026-03-31","15915","Tax Provision","Azure Utilities","Retail Giant A"
"2026-03-11","48340","Sales Revenue","Global Office Ltd","Direct Consumer"
"2026-02-25","5812","Sales Revenue","Azure Utilities","Direct Consumer"
"2026-02-03","38564","Sales Revenue","Global Office Ltd","Direct Consumer"
"2026-01-30","28896","Rent","Global Office Ltd","Direct Consumer"
"2026-03-24","6314","Sales Revenue","Azure Utilities","Direct Consumer"
"2026-03-26","21787","Rent","Global Office Ltd","Direct Consumer"
"2026-01-24","9100","Tax Provision","Azure Utilities","SmallBiz Inc"
"2026-01-14","42127","Professional Fees","Global Office Ltd","Public Sector Dept"
"2026-03-22","15251","Rent","Azure Utilities","Direct Consumer"
"2026-02-14","38220","Sales Revenue","Azure Utilities","Direct Consumer"
"2026-01-19","15943","Tax Provision","Azure Utilities","Direct Consumer"
"2026-03-17","21413","Inventory","TechLogistics Corp","Retail Giant A"
"2026-01-31","42884","Inventory","Azure Utilities","SmallBiz Inc"
"2026-01-03","20574","Inventory","TechLogistics Corp","Direct Consumer"
"2026-02-02","2486","Sales Revenue","Azure Utilities","Direct Consumer"
"2026-02-19","5762","Rent","TechLogistics Corp","Retail Giant A"
"2026-03-14","29988","Rent","Azure Utilities","Public Sector Dept"
"2026-02-21","32093","Tax Provision","Azure Utilities","Retail Giant A"
"2026-02-23","27152","Tax Provision","Azure Utilities","Retail Giant A"
"2026-01-14","2932","Tax Provision","Global Office Ltd","Direct Consumer"
"2026-02-08","49321","Rent","TechLogistics Corp","Public Sector Dept"
"2026-01-07","48746","Rent","Prime Consulting","Public Sector Dept"
"2026-03-25","4377","Professional Fees","TechLogistics Corp","SmallBiz Inc"
"2026-03-04","41988","Sales Revenue","TechLogistics Corp","Direct Consumer"
"2026-03-26","15708","Professional Fees","Prime Consulting","Retail Giant A"
"2026-02-19","10147","Professional Fees","Azure Utilities","Direct Consumer"
"2026-02-13","39206","Tax Provision","Azure Utilities","SmallBiz Inc"
"2026-03-01","45595","Inventory","Global Office Ltd","SmallBiz Inc"
"2026-02-09","4450","Tax Provision","TechLogistics Corp","Public Sector Dept"
"2026-02-03","29859","Tax Provision","TechLogistics Corp","Direct Consumer"
"2026-02-05","16124","Sales Revenue","Prime Consulting","Public Sector Dept"
"2026-03-18","41329","Professional Fees","Azure Utilities","Direct Consumer"
"2026-03-28","5826","Sales Revenue","Prime Consulting","Retail Giant A"
"2026-03-25","6529","Rent","Azure Utilities","SmallBiz Inc"
"2026-02-05","20377","Rent","TechLogistics Corp","SmallBiz Inc"
"2026-01-03","23261","Tax Provision","Global Office Ltd","Public Sector Dept"
"2026-01-09","45993","Inventory","Azure Utilities","Direct Consumer"
"2026-02-20","12153","Inventory","Azure Utilities","Retail Giant A"
"2026-02-14","11312","Sales Revenue","Prime Consulting","Retail Giant A"
"2026-02-24","7062","Professional Fees","Azure Utilities","SmallBiz Inc"
"2026-02-21","44296","Inventory","Global Office Ltd","Public Sector Dept"
"2026-01-20","7406","Sales Revenue","Azure Utilities","Direct Consumer"
"2026-01-11","1192","Tax Provision","Azure Utilities","Retail Giant A"
"2026-02-21","39496","Tax Provision","TechLogistics Corp","Direct Consumer"
"2026-01-04","18737","Professional Fees","TechLogistics Corp","Public Sector Dept"
"2026-02-02","40410","Sales Revenue","Azure Utilities","Retail Giant A"
"2026-02-20","39856","Rent","TechLogistics Corp","SmallBiz Inc"
"2026-02-04","33047","Sales Revenue","Global Office Ltd","Retail Giant A"
"2026-02-18","9038","Sales Revenue","Azure Utilities","SmallBiz Inc"
"2026-03-31","46143","Rent","Azure Utilities","Public Sector Dept"
"2026-02-24","8188","Tax Provision","Prime Consulting","Public Sector Dept"
"2026-02-06","19310","Professional Fees","TechLogistics Corp","Retail Giant A"
"2026-02-11","14732","Professional Fees","TechLogistics Corp","SmallBiz Inc"
"2026-03-15","14917","Inventory","Global Office Ltd","Public Sector Dept"
"2026-01-31","10511","Inventory","Prime Consulting","SmallBiz Inc"
"2026-03-09","44457","Professional Fees","Prime Consulting","Retail Giant A"
"2026-01-02","12839","Inventory","TechLogistics Corp","Public Sector Dept"
"2026-01-07","5792","Inventory","Azure Utilities","Direct Consumer"
"2026-03-18","6405","Inventory","Global Office Ltd","Direct Consumer"
"2026-03-04","29631","Rent","Global Office Ltd","Retail Giant A"
"2026-03-23","47419","Sales Revenue","Global Office Ltd","Public Sector Dept"
"2026-02-09","36168","Sales Revenue","Azure Utilities","Retail Giant A"
"2026-03-17","18380","Professional Fees","Global Office Ltd","Direct Consumer"
"2026-01-11","45842","Inventory","TechLogistics Corp","Public Sector Dept"
"2026-03-06","20385","Professional Fees","TechLogistics Corp","Public Sector Dept"
"2026-03-06","2276","Professional Fees","Prime Consulting","Retail Giant A"
"2026-01-22","16327","Tax Provision","Azure Utilities","SmallBiz Inc"
"2026-02-18","6578","Sales Revenue","TechLogistics Corp","Retail Giant A"
"2026-03-17","16169","Inventory","Global Office Ltd","Public Sector Dept"
"2026-01-19","25167","Rent","Prime Consulting","Direct Consumer"
"2026-01-15","17328","Professional Fees","Global Office Ltd","Direct Consumer"
"2026-01-21","9799","Sales Revenue","Azure Utilities","Retail Giant A"
"2026-01-19","46906","Professional Fees","Azure Utilities","SmallBiz Inc"
"2026-02-17","24020","Tax Provision","Prime Consulting","Direct Consumer"
"2026-02-06","2291","Professional Fees","Azure Utilities","Public Sector Dept"
"2026-02-23","31806","Professional Fees","Azure Utilities","Public Sector Dept"
"2026-03-19","27220","Sales Revenue","TechLogistics Corp","SmallBiz Inc"
"2026-02-28","33034","Tax Provision","Azure Utilities","SmallBiz Inc"
"2026-03-07","27155","Rent","Global Office Ltd","Public Sector Dept"
"2026-01-03","26237","Inventory","Global Office Ltd","SmallBiz Inc"
"2026-01-13","27092","Inventory","Prime Consulting","Public Sector Dept"
"2026-01-30","5151","Inventory","Azure Utilities","Retail Giant A"
"2026-02-07","9228","Rent","Azure Utilities","Direct Consumer"
"2026-03-28","38884","Professional Fees","Global Office Ltd","Retail Giant A"
"2026-02-17","45086","Tax Provision","Global Office Ltd","SmallBiz Inc"
"2026-02-19","11065","Tax Provision","Prime Consulting","SmallBiz Inc"
"2026-01-27","47036","Professional Fees","Prime Consulting","SmallBiz Inc"
"2026-03-10","40912","Professional Fees","TechLogistics Corp","Retail Giant A"
"2026-02-03","3325","Professional Fees","Prime Consulting","Public Sector Dept"
"2026-01-27","26631","Sales Revenue","TechLogistics Corp","Direct Consumer"
"2026-03-21","43507","Sales Revenue","Global Office Ltd","Retail Giant A"
"2026-03-26","36355","Sales Revenue","Global Office Ltd","Public Sector Dept"
"2026-02-09","41005","Sales Revenue","Global Office Ltd","SmallBiz Inc"
"2026-02-03","3586","Tax Provision","TechLogistics Corp","Retail Giant A"
"2026-01-15","28157","Sales Revenue","Prime Consulting","Retail Giant A"
"2026-02-19","24371","Professional Fees","Azure Utilities","Direct Consumer"
"2026-01-17","27122","Tax Provision","Prime Consulting","Public Sector Dept"
"2026-01-14","48494","Professional Fees","Azure Utilities","Public Sector Dept"
"2026-01-23","12249","Rent","Azure Utilities","Direct Consumer"
"2026-03-13","30267","Rent","Prime Consulting","Direct Consumer"
"2026-02-20","5138","Inventory","Global Office Ltd","Retail Giant A"
"2026-03-23","32999","Professional Fees","TechLogistics Corp","Retail Giant A"
"2026-01-13","6114","Rent","TechLogistics Corp","Direct Consumer"
"2026-01-11","2960","Sales Revenue","Azure Utilities","SmallBiz Inc"
"2026-02-22","29184","Tax Provision","Global Office Ltd","Public Sector Dept"
"2026-03-14","23963","Rent","Azure Utilities","Retail Giant A"
"2026-01-23","10127","Tax Provision","TechLogistics Corp","Public Sector Dept"
"2026-02-13","13845","Sales Revenue","Global Office Ltd","SmallBiz Inc"
"2026-03-31","41218","Professional Fees","Global Office Ltd","Public Sector Dept"
"2026-02-03","12212","Professional Fees","TechLogistics Corp","SmallBiz Inc"
"2026-02-17","21827","Inventory","Prime Consulting","Direct Consumer"
"2026-01-20","7288","Tax Provision","Prime Consulting","SmallBiz Inc"
"2026-03-13","45577","Professional Fees","Global Office Ltd","SmallBiz Inc"
"2026-01-31","35516","Sales Revenue","Azure Utilities","Public Sector Dept"
"2026-02-25","9054","Inventory","Global Office Ltd","Public Sector Dept"
"2026-02-10","1730","Tax Provision","Prime Consulting","Direct Consumer"
"2026-01-10","48785","Tax Provision","Prime Consulting","Direct Consumer"
"2026-01-23","25843","Tax Provision","Global Office Ltd","Direct Consumer"
"2026-02-20","7418","Rent","Azure Utilities","SmallBiz Inc"
"2026-01-08","34320","Inventory","Global Office Ltd","Direct Consumer"
"2026-03-07","17147","Sales Revenue","Prime Consulting","Direct Consumer"
"2026-02-04","30671","Rent","TechLogistics Corp","SmallBiz Inc"
"2026-03-15","39021","Sales Revenue","Azure Utilities","Retail Giant A"
"2026-01-17","44925","Rent","Prime Consulting","Direct Consumer"
"2026-01-07","2147","Rent","Prime Consulting","SmallBiz Inc"
"2026-03-20","16395","Professional Fees","Global Office Ltd","Public Sector Dept"
"2026-02-12","35806","Professional Fees","Global Office Ltd","Retail Giant A"
"2026-01-01","45988","Tax Provision","Global Office Ltd","Public Sector Dept"
"2026-02-11","34630","Tax Provision","TechLogistics Corp","Direct Consumer"
"2026-01-28","29037","Inventory","TechLogistics Corp","SmallBiz Inc"
"2026-01-08","41238","Professional Fees","Azure Utilities","Public Sector Dept"
"2026-03-03","8120","Tax Provision","Azure Utilities","Retail Giant A"
"2026-02-27","43114","Tax Provision","TechLogistics Corp","Direct Consumer"
"2026-02-01","37611","Sales Revenue","Global Office Ltd","Direct Consumer"
"2026-03-14","19944","Professional Fees","Prime Consulting","SmallBiz Inc"
"2026-02-27","24193","Sales Revenue","Global Office Ltd","Retail Giant A"
"2026-01-07","18570","Rent","Prime Consulting","SmallBiz Inc"
"2026-02-13","9241","Sales Revenue","Azure Utilities","SmallBiz Inc"
"2026-02-25","43422","Inventory","TechLogistics Corp","SmallBiz Inc"
"2026-01-04","24387","Sales Revenue","Azure Utilities","Public Sector Dept"
"2026-03-16","49774","Rent","Prime Consulting","Retail Giant A"
"2026-01-13","7900","Rent","Azure Utilities","Public Sector Dept"
"2026-02-16","17838","Rent","TechLogistics Corp","Public Sector Dept"
"2026-01-22","5171","Professional Fees","Prime Consulting","SmallBiz Inc"
"2026-03-28","24242","Rent","Global Office Ltd","Direct Consumer"
"2026-01-08","17386","Tax Provision","Azure Utilities","SmallBiz Inc"
"2026-03-15","7673","Sales Revenue","TechLogistics Corp","Public Sector Dept"
"2026-03-04","12882","Professional Fees","TechLogistics Corp","SmallBiz Inc"
"2026-02-13","10384","Tax Provision","TechLogistics Corp","Direct Consumer"
"2026-02-01","26185","Rent","Azure Utilities","Retail Giant A"
"2026-02-07","47656","Professional Fees","Prime Consulting","Direct Consumer"
"2026-02-09","39555","Rent","Prime Consulting","Public Sector Dept"
"2026-03-04","39412","Tax Provision","TechLogistics Corp","Public Sector Dept"
"2026-02-28","32472","Rent","TechLogistics Corp","SmallBiz Inc"
"2026-02-19","26938","Professional Fees","Prime Consulting","Retail Giant A"
"2026-02-05","18833","Rent","TechLogistics Corp","Direct Consumer"
"2026-03-04","39673","Rent","TechLogistics Corp","Direct Consumer"
"2026-01-01","10130","Sales Revenue","TechLogistics Corp","Public Sector Dept"
"2026-03-25","19799","Professional Fees","Prime Consulting","Retail Giant A"
"2026-03-28","47534","Rent","Azure Utilities","Public Sector Dept"
"2026-01-10","3799","Sales Revenue","Azure Utilities","Direct Consumer"
"2026-02-07","28164","Inventory","Prime Consulting","Direct Consumer"
"2026-03-21","42582","Professional Fees","TechLogistics Corp","Public Sector Dept"
"2026-01-17","35044","Inventory","TechLogistics Corp","Direct Consumer"
"2026-01-06","43941","Professional Fees","Prime Consulting","Retail Giant A"
"2026-01-07","11128","Inventory","Prime Consulting","Retail Giant A"
"2026-03-17","19680","Rent","Global Office Ltd","Direct Consumer"
"2026-02-07","39214","Rent","TechLogistics Corp","SmallBiz Inc"
"2026-02-16","25324","Inventory","TechLogistics Corp","Public Sector Dept"
"2026-03-13","20187","Sales Revenue","Prime Consulting","Direct Consumer"
"2026-02-25","24204","Inventory","Prime Consulting","SmallBiz Inc"
"2026-03-10","27210","Tax Provision","Global Office Ltd","SmallBiz Inc"
"2026-03-31","40709","Rent","TechLogistics Corp","Retail Giant A"
"2026-02-02","46880","Sales Revenue","Global Office Ltd","SmallBiz Inc"
"2026-01-07","43173","Professional Fees","TechLogistics Corp","Public Sector Dept"
"2026-02-15","25073","Professional Fees","TechLogistics Corp","Direct Consumer"
"2026-02-11","34643","Tax Provision","Global Office Ltd","Direct Consumer"
"2026-03-14","34986","Inventory","TechLogistics Corp","Public Sector Dept"
"2026-02-02","37551","Inventory","Global Office Ltd","Public Sector Dept"
"2026-01-10","46327","Sales Revenue","Azure Utilities","Public Sector Dept"
"2026-01-07","27251","Inventory","TechLogistics Corp","Public Sector Dept"
"2026-03-29","27279","Sales Revenue","TechLogistics Corp","Direct Consumer"
"2026-03-04","36855","Sales Revenue","TechLogistics Corp","SmallBiz Inc"
"2026-03-12","24673","Sales Revenue","Prime Consulting","Retail Giant A"
"2026-01-31","44949","Inventory","TechLogistics Corp","SmallBiz Inc"
"2026-03-31","30446","Inventory","Prime Consulting","Retail Giant A"
"2026-03-28","10994","Sales Revenue","Prime Consulting","Retail Giant A"
"2026-03-25","28395","Sales Revenue","Azure Utilities","Retail Giant A"
"2026-01-07","27722","Rent","TechLogistics Corp","SmallBiz Inc"
"2026-01-20","28581","Professional Fees","Global Office Ltd","SmallBiz Inc"
"2026-02-15","31801","Tax Provision","Azure Utilities","SmallBiz Inc"
"2026-02-13","46197","Sales Revenue","Azure Utilities","Public Sector Dept"
"2026-03-11","27140","Sales Revenue","Global Office Ltd","Retail Giant A"
"2026-02-26","44253","Professional Fees","Prime Consulting","Direct Consumer"
"2026-01-12","17630","Professional Fees","Prime Consulting","Direct Consumer"
"2026-03-03","10493","Rent","Azure Utilities","Retail Giant A"
"2026-01-30","21301","Professional Fees","TechLogistics Corp","SmallBiz Inc"
"2026-03-13","44090","Inventory","Global Office Ltd","Retail Giant A"
"2026-03-29","24473","Tax Provision","Azure Utilities","Direct Consumer"
"2026-03-19","13604","Tax Provision","Global Office Ltd","SmallBiz Inc"
"2026-02-03","20421","Sales Revenue","TechLogistics Corp","Direct Consumer"
"2026-01-23","11437","Inventory","Azure Utilities","SmallBiz Inc"
"2026-03-03","22793","Inventory","TechLogistics Corp","Public Sector Dept"
"2026-03-09","5554","Inventory","TechLogistics Corp","Retail Giant A"
"2026-02-19","31217","Sales Revenue","Prime Consulting","Direct Consumer"
"2026-01-18","23115","Inventory","TechLogistics Corp","Direct Consumer"
"2026-01-26","10860","Professional Fees","TechLogistics Corp","Retail Giant A"
"2026-02-11","21652","Professional Fees","Prime Consulting","Direct Consumer"
"2026-01-17","8651","Inventory","Azure Utilities","Public Sector Dept"
"2026-03-28","32245","Tax Provision","Global Office Ltd","Public Sector Dept"
"2026-01-29","22854","Tax Provision","Azure Utilities","Public Sector Dept"
"2026-02-22","48400","Tax Provision","TechLogistics Corp","Public Sector Dept"
"2026-02-28","10156","Tax Provision","Azure Utilities","Public Sector Dept"
"2026-03-18","29814","Inventory","Prime Consulting","Direct Consumer"
"2026-01-23","6212","Inventory","Azure Utilities","Retail Giant A"
"2026-02-20","47510","Sales Revenue","Prime Consulting","Direct Consumer"
"2026-02-24","25923","Rent","TechLogistics Corp","Public Sector Dept"
"2026-03-06","31742","Sales Revenue","Prime Consulting","Public Sector Dept"
"2026-03-21","10500","Sales Revenue","Prime Consulting","Direct Consumer"
"2026-03-16","42845","Tax Provision","Global Office Ltd","Direct Consumer"
"2026-01-05","8766","Professional Fees","Azure Utilities","Direct Consumer"
"2026-02-02","25867","Inventory","Prime Consulting","Direct Consumer"
"2026-03-13","22694","Tax Provision","TechLogistics Corp","SmallBiz Inc"
"2026-02-12","20577","Tax Provision","TechLogistics Corp","Retail Giant A"
"2026-01-27","27860","Rent","TechLogistics Corp","Public Sector Dept"
"2026-01-04","41444","Professional Fees","Prime Consulting","Public Sector Dept"
"2026-02-11","17393","Professional Fees","Azure Utilities","Public Sector Dept"
"2026-01-28","5080","Sales Revenue","Global Office Ltd","Direct Consumer"
"2026-02-22","29358","Rent","Azure Utilities","Retail Giant A"
"2026-03-10","30315","Rent","Azure Utilities","Retail Giant A"
"2026-03-03","46313","Professional Fees","Global Office Ltd","Public Sector Dept"
"2026-02-21","49698","Sales Revenue","TechLogistics Corp","Direct Consumer"
"2026-02-01","33942","Professional Fees","Prime Consulting","Public Sector Dept"
"2026-02-24","30879","Tax Provision","Azure Utilities","Public Sector Dept"
"2026-01-05","38869","Professional Fees","Prime Consulting","Direct Consumer"
"2026-02-25","41403","Professional Fees","Azure Utilities","Public Sector Dept"
"2026-01-29","35720","Sales Revenue","Azure Utilities","Retail Giant A"
"2026-02-13","26757","Professional Fees","TechLogistics Corp","SmallBiz Inc"
"2026-03-26","1315","Inventory","Prime Consulting","Retail Giant A"
"2026-01-14","32465","Sales Revenue","TechLogistics Corp","Public Sector Dept"
"2026-01-03","41111","Sales Revenue","Prime Consulting","SmallBiz Inc"
"2026-01-04","31942","Professional Fees","Prime Consulting","Public Sector Dept"
"2026-03-10","31893","Tax Provision","Prime Consulting","SmallBiz Inc"
"2026-03-09","18211","Rent","TechLogistics Corp","SmallBiz Inc"
"2026-03-01","40984","Sales Revenue","Global Office Ltd","Public Sector Dept"
"2026-03-20","43630","Sales Revenue","TechLogistics Corp","SmallBiz Inc"
"2026-01-19","6111","Tax Provision","TechLogistics Corp","Direct Consumer"
"2026-01-28","32474","Inventory","TechLogistics Corp","Direct Consumer"
"2026-01-16","33563","Sales Revenue","Azure Utilities","SmallBiz Inc"
"2026-01-16","20036","Professional Fees","Azure Utilities","Direct Consumer"
"2026-01-02","21052","Rent","Global Office Ltd","Retail Giant A"
"2026-01-29","6855","Professional Fees","Prime Consulting","Retail Giant A"
"2026-01-06","39988","Tax Provision","Prime Consulting","Retail Giant A"
"2026-03-25","18278","Sales Revenue","Azure Utilities","Public Sector Dept"
"2026-01-26","34865","Rent","Prime Consulting","Retail Giant A"
"2026-02-20","11584","Sales Revenue","TechLogistics Corp","SmallBiz Inc"
"2026-02-12","44142","Rent","Azure Utilities","Direct Consumer"
"2026-01-17","25626","Rent","TechLogistics Corp","Retail Giant A"
"2026-01-27","10204","Tax Provision","Prime Consulting","Retail Giant A"
"2026-01-15","1626","Professional Fees","Azure Utilities","Retail Giant A"
"2026-03-30","48218","Rent","TechLogistics Corp","Public Sector Dept"
"2026-03-04","46384","Professional Fees","Prime Consulting","Direct Consumer"
"2026-01-04","38523","Sales Revenue","Azure Utilities","SmallBiz Inc"
"2026-03-19","16306","Tax Provision","Azure Utilities","Public Sector Dept"
"2026-03-10","34829","Inventory","TechLogistics Corp","SmallBiz Inc"
"2026-03-17","46834","Tax Provision","Global Office Ltd","SmallBiz Inc"
"2026-03-13","10744","Sales Revenue","Global Office Ltd","Direct Consumer"
"2026-02-07","46040","Inventory","Global Office Ltd","Retail Giant A"
"2026-02-07","10807","Professional Fees","Global Office Ltd","Direct Consumer"
"2026-01-23","43249","Sales Revenue","TechLogistics Corp","Retail Giant A"
"2026-01-20","28223","Rent","Prime Consulting","Retail Giant A"
"2026-01-26","34669","Rent","Azure Utilities","Retail Giant A"
"2026-02-13","7842","Inventory","Global Office Ltd","SmallBiz Inc"
"2026-02-28","41980","Professional Fees","Prime Consulting","SmallBiz Inc"
"2026-01-20","42638","Sales Revenue","Azure Utilities","Retail Giant A"
"2026-03-02","23146","Tax Provision","Prime Consulting","Public Sector Dept"
"2026-02-22","11000","Tax Provision","Azure Utilities","Retail Giant A"
"2026-02-25","40466","Sales Revenue","TechLogistics Corp","Public Sector Dept"
"2026-01-06","13418","Tax Provision","Prime Consulting","Direct Consumer"
"2026-03-11","31085","Inventory","Global Office Ltd","Direct Consumer"
"2026-01-02","49908","Tax Provision","Azure Utilities","SmallBiz Inc"
"2026-01-28","43258","Rent","TechLogistics Corp","SmallBiz Inc"
"2026-02-08","22164","Professional Fees","TechLogistics Corp","Public Sector Dept"
"2026-01-12","19468","Tax Provision","Prime Consulting","Public Sector Dept"
"2026-01-04","35622","Tax Provision","Prime Consulting","Public Sector Dept"
"2026-01-11","9235","Tax Provision","Prime Consulting","Direct Consumer"
"2026-03-21","16815","Sales Revenue","Prime Consulting","Direct Consumer"
"2026-02-11","30605","Professional Fees","Global Office Ltd","Public Sector Dept"
"2026-01-17","5221","Rent","Global Office Ltd","Direct Consumer"
"2026-02-24","30642","Inventory","TechLogistics Corp","Retail Giant A"
"2026-02-26","7486","Inventory","Azure Utilities","SmallBiz Inc"
"2026-02-07","41590","Sales Revenue","Global Office Ltd","Retail Giant A"
"2026-01-24","38131","Professional Fees","Azure Utilities","Retail Giant A"
"2026-01-20","23844","Professional Fees","Azure Utilities","Retail Giant A"
"2026-02-25","40418","Professional Fees","TechLogistics Corp","SmallBiz Inc"
"2026-03-06","46989","Rent","Global Office Ltd","Public Sector Dept"
"2026-03-11","31921","Rent","TechLogistics Corp","Retail Giant A"
"2026-03-29","33610","Sales Revenue","Global Office Ltd","SmallBiz Inc"
"2026-01-24","17293","Inventory","Global Office Ltd","Direct Consumer"
"2026-03-12","19267","Sales Revenue","TechLogistics Corp","SmallBiz Inc"
"2026-01-26","16616","Inventory","Prime Consulting","Retail Giant A"
"2026-02-07","13115","Rent","Azure Utilities","Public Sector Dept"
"2026-03-13","14766","Sales Revenue","TechLogistics Corp","SmallBiz Inc"
"2026-01-03","49589","Professional Fees","Prime Consulting","Retail Giant A"
"2026-03-28","36878","Professional Fees","Prime Consulting","SmallBiz Inc"
"2026-01-16","33823","Inventory","Azure Utilities","Direct Consumer"
"2026-03-05","18589","Inventory","Azure Utilities","Public Sector Dept"
"2026-01-28","6530","Tax Provision","TechLogistics Corp","Retail Giant A"
"2026-02-11","3837","Sales Revenue","Azure Utilities","Direct Consumer"
"2026-02-23","38685","Professional Fees","Prime Consulting","SmallBiz Inc"
"2026-01-12","24455","Sales Revenue","Global Office Ltd","SmallBiz Inc"
"2026-02-14","31340","Rent","TechLogistics Corp","Direct Consumer"
"2026-02-16","10583","Tax Provision","Prime Consulting","Direct Consumer"
"2026-02-18","2938","Tax Provision","Prime Consulting","Direct Consumer"
"2026-02-08","40648","Tax Provision","Azure Utilities","Retail Giant A"
"2026-02-27","21488","Rent","Azure Utilities","Public Sector Dept"
"2026-03-21","37438","Professional Fees","Global Office Ltd","Public Sector Dept"
"2026-01-22","21897","Rent","TechLogistics Corp","Retail Giant A"
"2026-01-15","9452","Sales Revenue","Azure Utilities","Public Sector Dept"
"2026-01-29","9487","Inventory","Global Office Ltd","Direct Consumer"
"2026-01-27","1783","Rent","Prime Consulting","Retail Giant A"
"2026-03-19","36507","Inventory","TechLogistics Corp","SmallBiz Inc"
"2026-01-07","38905","Sales Revenue","TechLogistics Corp","SmallBiz Inc"
"2026-01-08","31086","Sales Revenue","Azure Utilities","Retail Giant A"
"2026-01-23","33655","Tax Provision","Prime Consulting","SmallBiz Inc"
"2026-03-21","43007","Sales Revenue","Global Office Ltd","Public Sector Dept"
"2026-02-27","2772","Sales Revenue","Prime Consulting","Direct Consumer"
"2026-03-21","8063","Inventory","Azure Utilities","SmallBiz Inc"
"2026-03-14","27811","Professional Fees","Global Office Ltd","Direct Consumer"
"2026-02-01","28482","Inventory","Global Office Ltd","SmallBiz Inc"
"2026-02-11","30508","Rent","TechLogistics Corp","SmallBiz Inc"
"2026-03-01","14322","Inventory","Global Office Ltd","Direct Consumer"
"2026-01-13","12391","Rent","Azure Utilities","SmallBiz Inc"
"2026-02-03","35776","Sales Revenue","Prime Consulting","SmallBiz Inc"
"2026-03-29","43423","Rent","Prime Consulting","Public Sector Dept"
"2026-02-16","39859","Inventory","Azure Utilities","Public Sector Dept"
"2026-03-01","20953","Tax Provision","TechLogistics Corp","SmallBiz Inc"
"2026-01-12","33744","Professional Fees","Prime Consulting","Retail Giant A"
"2026-03-25","3411","Professional Fees","Azure Utilities","Retail Giant A"
"2026-03-18","23094","Professional Fees","Prime Consulting","SmallBiz Inc"
"2026-03-30","13520","Rent","Global Office Ltd","Direct Consumer"
"2026-01-04","3057","Rent","Global Office Ltd","Retail Giant A"
"2026-01-25","12356","Sales Revenue","Prime Consulting","SmallBiz Inc"
"2026-02-12","18228","Professional Fees","Global Office Ltd","Direct Consumer"
"2026-01-26","25547","Rent","TechLogistics Corp","Retail Giant A"
"2026-01-14","10585","Tax Provision","Prime Consulting","Public Sector Dept"
"2026-02-02","32132","Inventory","Prime Consulting","Retail Giant A"
"2026-03-21","5242","Tax Provision","Prime Consulting","Direct Consumer"
"2026-03-11","18302","Tax Provision","Global Office Ltd","SmallBiz Inc"
"2026-03-23","38070","Sales Revenue","Prime Consulting","Direct Consumer"
"2026-02-11","34753","Rent","Prime Consulting","Public Sector Dept"
"2026-03-29","30272","Sales Revenue","Prime Consulting","SmallBiz Inc"
"2026-01-29","30414","Inventory","Global Office Ltd","SmallBiz Inc"
"2026-01-02","32862","Tax Provision","Global Office Ltd","SmallBiz Inc"
"2026-02-11","33684","Inventory","Global Office Ltd","SmallBiz Inc"
"2026-02-24","42845","Professional Fees","TechLogistics Corp","Direct Consumer"
"2026-03-10","26693","Professional Fees","Azure Utilities","Public Sector Dept"
"2026-03-20","9363","Inventory","Azure Utilities","Public Sector Dept"
"2026-02-21","1245","Sales Revenue","TechLogistics Corp","Direct Consumer"
"2026-02-18","35654","Inventory","Global Office Ltd","Public Sector Dept"
"2026-01-14","33875","Inventory","Prime Consulting","Public Sector Dept"
"2026-03-16","47946","Inventory","Global Office Ltd","Direct Consumer"
"2026-03-08","36000","Tax Provision","TechLogistics Corp","Public Sector Dept"
"2026-02-08","9924","Rent","Prime Consulting","Retail Giant A"
"2026-01-14","32520","Tax Provision","Prime Consulting","Public Sector Dept"
"2026-03-16","8389","Rent","Prime Consulting","Public Sector Dept"
"2026-01-21","49953","Tax Provision","TechLogistics Corp","SmallBiz Inc"
"2026-01-16","34312","Tax Provision","Prime Consulting","Retail Giant A"
"2026-02-26","38532","Rent","Global Office Ltd","Public Sector Dept"
"2026-02-10","13277","Professional Fees","Azure Utilities","SmallBiz Inc"
"2026-01-02","15622","Rent","Prime Consulting","SmallBiz Inc"
"2026-03-05","36733","Professional Fees","TechLogistics Corp","SmallBiz Inc"
"2026-03-16","19708","Tax Provision","Global Office Ltd","Direct Consumer"
"2026-03-10","25760","Inventory","Azure Utilities","Retail Giant A"
"2026-03-19","43030","Sales Revenue","TechLogistics Corp","Public Sector Dept"
"2026-03-08","34080","Inventory","Prime Consulting","Public Sector Dept"
"2026-03-02","13351","Tax Provision","Prime Consulting","Public Sector Dept"
"2026-02-09","40931","Professional Fees","Global Office Ltd","Public Sector Dept"
"2026-02-14","8600","Rent","TechLogistics Corp","Public Sector Dept"
"2026-02-04","41957","Rent","Prime Consulting","Retail Giant A"
"2026-01-12","14211","Professional Fees","TechLogistics Corp","Public Sector Dept"
"2026-02-10","36551","Sales Revenue","Prime Consulting","Direct Consumer"
"2026-02-25","35965","Professional Fees","TechLogistics Corp","Direct Consumer"
"2026-02-27","20401","Inventory","Azure Utilities","SmallBiz Inc"
"2026-02-26","36888","Professional Fees","Prime Consulting","Retail Giant A"
"2026-02-15","35133","Sales Revenue","Prime Consulting","SmallBiz Inc"
"2026-02-25","22427","Rent","Azure Utilities","Direct Consumer"
"2026-02-06","6654","Rent","Azure Utilities","Direct Consumer"
"2026-02-02","33403","Sales Revenue","Azure Utilities","Direct Consumer"
"2026-01-15","38625","Inventory","Prime Consulting","Direct Consumer"
"2026-03-06","1895","Tax Provision","Global Office Ltd","SmallBiz Inc"
"2026-01-05","14235","Tax Provision","Global Office Ltd","Direct Consumer"
"2026-01-29","30870","Professional Fees","TechLogistics Corp","SmallBiz Inc"
"2026-01-05","2811","Rent","Azure Utilities","Retail Giant A"
"2026-03-26","12101","Rent","Global Office Ltd","Public Sector Dept"
"2026-01-22","8669","Inventory","Global Office Ltd","SmallBiz Inc"
"2026-03-11","6330","Sales Revenue","Azure Utilities","Public Sector Dept"
"2026-02-21","25257","Tax Provision","Global Office Ltd","Retail Giant A"
"2026-01-31","25448","Sales Revenue","Prime Consulting","Retail Giant A"
"2026-03-23","18900","Rent","Azure Utilities","Direct Consumer"
"2026-03-20","23174","Tax Provision","Azure Utilities","Retail Giant A"
"2026-02-07","24627","Tax Provision","Prime Consulting","Retail Giant A"
"2026-01-21","27609","Tax Provision","TechLogistics Corp","Retail Giant A"
"2026-01-26","12638","Sales Revenue","Prime Consulting","Direct Consumer"
"2026-02-20","44924","Tax Provision","Prime Consulting","Direct Consumer"
"2026-03-18","28453","Sales Revenue","Prime Consulting","Retail Giant A"
"2026-01-12","4579","Rent","Global Office Ltd","SmallBiz Inc"
"2026-03-04","22769","Inventory","Azure Utilities","Public Sector Dept"
"2026-01-28","18293","Sales Revenue","Prime Consulting","Public Sector Dept"
"2026-02-27","38261","Rent","Prime Consulting","Public Sector Dept"
"2026-02-11","16624","Sales Revenue","TechLogistics Corp","Retail Giant A"
"2026-01-11","17590","Professional Fees","Azure Utilities","SmallBiz Inc"
"2026-01-08","25580","Sales Revenue","TechLogistics Corp","Direct Consumer"
"2026-01-16","25229","Tax Provision","Azure Utilities","Retail Giant A"
"2026-03-13","18300","Sales Revenue","Global Office Ltd","SmallBiz Inc"
"2026-01-10","23636","Professional Fees","Prime Consulting","SmallBiz Inc"
"2026-02-15","42739","Professional Fees","Azure Utilities","Public Sector Dept"
"2026-02-06","8679","Tax Provision","Global Office Ltd","SmallBiz Inc"
"2026-02-24","8141","Professional Fees","Global Office Ltd","Public Sector Dept"
"2026-02-22","45439","Professional Fees","Global Office Ltd","Retail Giant A"
"2026-01-19","28989","Inventory","Prime Consulting","SmallBiz Inc"
"2026-02-12","4790","Professional Fees","TechLogistics Corp","Public Sector Dept"
"2026-02-25","7263","Tax Provision","TechLogistics Corp","SmallBiz Inc"
"2026-02-04","23989","Sales Revenue","Azure Utilities","SmallBiz Inc"
"2026-03-01","40538","Sales Revenue","Global Office Ltd","Public Sector Dept"
"2026-03-06","8270","Professional Fees","Prime Consulting","Public Sector Dept"
"2026-03-22","29594","Tax Provision","Global Office Ltd","Public Sector Dept"
"2026-01-11","3798","Tax Provision","Global Office Ltd","Direct Consumer"
"2026-03-19","25537","Rent","TechLogistics Corp","SmallBiz Inc"
"2026-03-11","33949","Inventory","Azure Utilities","Retail Giant A"
"2026-03-09","38291","Sales Revenue","Azure Utilities","SmallBiz Inc"
"2026-03-24","36387","Professional Fees","Azure Utilities","Retail Giant A"
"2026-02-24","3291","Tax Provision","Global Office Ltd","Direct Consumer"
"2026-01-30","4397","Rent","TechLogistics Corp","Retail Giant A"
"2026-03-15","11953","Professional Fees","TechLogistics Corp","SmallBiz Inc"
"2026-02-20","18023","Rent","Prime Consulting","Retail Giant A"
"2026-01-31","25567","Inventory","TechLogistics Corp","Direct Consumer"
"2026-01-08","27771","Tax Provision","Global Office Ltd","Public Sector Dept"
"2026-02-12","2760","Tax Provision","TechLogistics Corp","SmallBiz Inc"
"2026-02-22","1413","Tax Provision","Global Office Ltd","Public Sector Dept"
"2026-03-03","45949","Rent","TechLogistics Corp","Public Sector Dept"
"2026-01-05","17642","Sales Revenue","Azure Utilities","Retail Giant A"
"2026-03-01","23025","Tax Provision","Global Office Ltd","Retail Giant A"
"2026-01-26","5713","Inventory","Prime Consulting","SmallBiz Inc"
"2026-03-06","15392","Professional Fees","Azure Utilities","Public Sector Dept"
"2026-02-16","14864","Sales Revenue","Global Office Ltd","Direct Consumer"
"2026-01-10","31898","Tax Provision","Global Office Ltd","SmallBiz Inc"
"2026-03-22","27009","Rent","Azure Utilities","SmallBiz Inc"
"2026-01-04","22115","Professional Fees","TechLogistics Corp","Retail Giant A"
"2026-02-10","45817","Tax Provision","Global Office Ltd","Direct Consumer"
"2026-03-10","44374","Rent","Azure Utilities","Direct Consumer"
"2026-01-15","31781","Rent","TechLogistics Corp","Retail Giant A"
"2026-03-28","14600","Professional Fees","Prime Consulting","Public Sector Dept"
"2026-03-04","28514","Rent","Global Office Ltd","Public Sector Dept"
"2026-02-07","38650","Inventory","TechLogistics Corp","Direct Consumer"
"2026-03-25","21148","Inventory","Global Office Ltd","SmallBiz Inc"
"2026-02-02","45087","Sales Revenue","TechLogistics Corp","Retail Giant A"
"2026-03-29","4654","Rent","TechLogistics Corp","SmallBiz Inc"
"2026-01-05","29959","Professional Fees","Global Office Ltd","SmallBiz Inc"
"2026-01-04","7323","Tax Provision","Global Office Ltd","Direct Consumer"
"2026-03-20","8701","Sales Revenue","Global Office Ltd","SmallBiz Inc"
"2026-02-13","48067","Tax Provision","Azure Utilities","SmallBiz Inc"
"2026-01-20","6138","Rent","Global Office Ltd","Public Sector Dept"
"2026-03-02","45883","Rent","Global Office Ltd","SmallBiz Inc"
"2026-03-21","22992","Sales Revenue","Prime Consulting","SmallBiz Inc"
"2026-03-04","12904","Rent","Azure Utilities","Public Sector Dept"
"2026-02-04","33313","Professional Fees","Global Office Ltd","Direct Consumer"
"2026-03-18","31909","Rent","Global Office Ltd","Retail Giant A"
"2026-01-26","39403","Sales Revenue","TechLogistics Corp","Retail Giant A"
"2026-03-22","29607","Inventory","Prime Consulting","SmallBiz Inc"
"2026-03-05","37907","Sales Revenue","Global Office Ltd","Direct Consumer"
"2026-02-09","12631","Professional Fees","Azure Utilities","SmallBiz Inc"
"2026-02-25","3846","Sales Revenue","TechLogistics Corp","Public Sector Dept"
"2026-01-24","36398","Rent","Global Office Ltd","Retail Giant A"
"2026-02-28","8315","Sales Revenue","Global Office Ltd","Public Sector Dept"
"2026-02-04","39200","Inventory","Prime Consulting","Retail Giant A"
"2026-01-12","43248","Rent","Global Office Ltd","Public Sector Dept"
"2026-03-12","44384","Inventory","TechLogistics Corp","Direct Consumer"
"2026-01-02","44762","Inventory","Global Office Ltd","SmallBiz Inc"
"2026-02-01","6257","Tax Provision","TechLogistics Corp","Public Sector Dept"
"2026-01-26","4312","Professional Fees","TechLogistics Corp","SmallBiz Inc"
"2026-02-06","4773","Tax Provision","TechLogistics Corp","Public Sector Dept"
"2026-02-28","24666","Professional Fees","Azure Utilities","Public Sector Dept"
"2026-03-31","35126","Sales Revenue","TechLogistics Corp","Direct Consumer"
"2026-02-13","7278","Tax Provision","Azure Utilities","SmallBiz Inc"
"2026-01-23","12556","Sales Revenue","TechLogistics Corp","Public Sector Dept"
"2026-01-03","1020","Tax Provision","TechLogistics Corp","Retail Giant A"
"2026-02-20","48081","Professional Fees","Azure Utilities","SmallBiz Inc"
"2026-02-27","14369","Rent","Prime Consulting","Direct Consumer"
"2026-01-03","17492","Sales Revenue","Prime Consulting","Retail Giant A"
"2026-02-15","39708","Professional Fees","Prime Consulting","Public Sector Dept"
"2026-03-09","46596","Professional Fees","Azure Utilities","Public Sector Dept"
"2026-01-25","18464","Professional Fees","Azure Utilities","Retail Giant A"
"2026-03-16","41250","Rent","Global Office Ltd","Public Sector Dept"
"2026-03-23","9061","Inventory","Azure Utilities","Public Sector Dept"
"2026-01-23","20936","Inventory","Azure Utilities","Public Sector Dept"
"2026-03-07","24737","Inventory","Azure Utilities","Retail Giant A"
"2026-02-09","47043","Tax Provision","Prime Consulting","Direct Consumer"
"2026-02-06","6260","Professional Fees","Global Office Ltd","SmallBiz Inc"
"2026-03-14","42322","Inventory","Prime Consulting","Public Sector Dept"
"2026-01-09","13503","Professional Fees","Prime Consulting","Direct Consumer"
"2026-02-03","6301","Professional Fees","TechLogistics Corp","Public Sector Dept"
"2026-02-01","3597","Inventory","TechLogistics Corp","Public Sector Dept"
"2026-03-23","9086","Inventory","Prime Consulting","Direct Consumer"
"2026-03-28","11702","Professional Fees","Azure Utilities","Retail Giant A"
"2026-01-01","14787","Tax Provision","Global Office Ltd","Direct Consumer"
"2026-03-23","35087","Professional Fees","TechLogistics Corp","SmallBiz Inc"
"2026-03-15","20523","Inventory","Global Office Ltd","Retail Giant A"
"2026-02-12","6222","Rent","Global Office Ltd","SmallBiz Inc"
"2026-02-05","45696","Rent","TechLogistics Corp","SmallBiz Inc"
"2026-01-14","37316","Professional Fees","Azure Utilities","SmallBiz Inc"
"2026-01-31","43140","Inventory","Prime Consulting","SmallBiz Inc"
"2026-02-13","42371","Rent","TechLogistics Corp","Direct Consumer"
"2026-02-26","29658","Tax Provision","Azure Utilities","SmallBiz Inc"
"2026-02-26","1193","Tax Provision","Global Office Ltd","Public Sector Dept"
"2026-03-16","2079","Inventory","Prime Consulting","Public Sector Dept"
"2026-03-10","13557","Rent","Global Office Ltd","SmallBiz Inc"
"2026-01-16","24643","Sales Revenue","Global Office Ltd","SmallBiz Inc"
"2026-03-24","45182","Tax Provision","Prime Consulting","SmallBiz Inc"
"2026-02-09","41738","Professional Fees","Prime Consulting","Retail Giant A"
"2026-03-14","15052","Tax Provision","Global Office Ltd","Direct Consumer"
"2026-03-27","4559","Rent","Global Office Ltd","Public Sector Dept"
"2026-02-02","6524","Tax Provision","Prime Consulting","Direct Consumer"
"2026-03-19","38796","Professional Fees","Global Office Ltd","Public Sector Dept"
"2026-03-20","1745","Rent","TechLogistics Corp","Direct Consumer"
"2026-01-01","10132","Rent","Prime Consulting","Direct Consumer"
"2026-01-30","49522","Rent","TechLogistics Corp","Direct Consumer"
"2026-01-13","22907","Inventory","TechLogistics Corp","Direct Consumer"
"2026-01-31","27735","Rent","Azure Utilities","SmallBiz Inc"
"2026-02-03","44699","Professional Fees","Azure Utilities","Direct Consumer"
"2026-02-24","31231","Professional Fees","Prime Consulting","Public Sector Dept"
"2026-03-25","33723","Sales Revenue","Global Office Ltd","SmallBiz Inc"
"2026-03-22","27985","Rent","Global Office Ltd","SmallBiz Inc"
"2026-01-12","42423","Tax Provision","Azure Utilities","Retail Giant A"
"2026-02-26","4109","Sales Revenue","Prime Consulting","Public Sector Dept"
"2026-03-18","45024","Rent","Prime Consulting","Direct Consumer"
"2026-02-27","14659","Tax Provision","Azure Utilities","Direct Consumer"
"2026-03-04","8090","Rent","Prime Consulting","Public Sector Dept"
"2026-01-14","41158","Sales Revenue","Prime Consulting","Public Sector Dept"
"2026-03-30","26346","Sales Revenue","Global Office Ltd","Public Sector Dept"
"2026-01-19","24768","Rent","TechLogistics Corp","SmallBiz Inc"
"2026-02-21","15233","Professional Fees","Global Office Ltd","Public Sector Dept"
"2026-01-04","23082","Tax Provision","Global Office Ltd","Retail Giant A"
"2026-02-01","3054","Tax Provision","Global Office Ltd","Retail Giant A"
"2026-03-16","15784","Professional Fees","Global Office Ltd","SmallBiz Inc"
"2026-03-01","20844","Sales Revenue","Global Office Ltd","SmallBiz Inc"
"2026-01-25","38573","Rent","Azure Utilities","Direct Consumer"
"2026-01-28","39895","Rent","Prime Consulting","Public Sector Dept"
"2026-01-16","48971","Sales Revenue","Prime Consulting","Direct Consumer"
"2026-02-27","47438","Professional Fees","Prime Consulting","Public Sector Dept"
"2026-03-18","17447","Inventory","Azure Utilities","Direct Consumer"
"2026-03-04","11450","Tax Provision","Azure Utilities","Public Sector Dept"
"2026-01-05","34837","Rent","Global Office Ltd","Public Sector Dept"
"2026-03-18","9518","Tax Provision","Global Office Ltd","Retail Giant A"
"2026-03-08","43698","Professional Fees","TechLogistics Corp","Retail Giant A"
"2026-03-27","25811","Rent","Prime Consulting","Direct Consumer"
"2026-03-24","7356","Tax Provision","Global Office Ltd","Public Sector Dept"
"2026-02-16","37289","Professional Fees","Global Office Ltd","SmallBiz Inc"
"2026-01-10","18713","Tax Provision","TechLogistics Corp","Direct Consumer"
"2026-01-23","28228","Tax Provision","Prime Consulting","Retail Giant A"
"2026-02-21","39852","Rent","Azure Utilities","Retail Giant A"
"2026-03-23","19232","Professional Fees","Azure Utilities","Public Sector Dept"
"2026-01-26","44766","Sales Revenue","Azure Utilities","Retail Giant A"
"2026-02-04","18932","Sales Revenue","Azure Utilities","Public Sector Dept"
"2026-01-02","28753","Inventory","TechLogistics Corp","SmallBiz Inc"
"2026-01-19","22719","Sales Revenue","Azure Utilities","Public Sector Dept"
"2026-01-21","43534","Inventory","TechLogistics Corp","Retail Giant A"
"2026-02-07","21259","Professional Fees","TechLogistics Corp","Direct Consumer"
"2026-02-03","36494","Professional Fees","Prime Consulting","Direct Consumer"
"2026-01-13","41986","Sales Revenue","Global Office Ltd","Direct Consumer"
"2026-03-17","47854","Tax Provision","Global Office Ltd","Retail Giant A"
"2026-01-27","7485","Inventory","TechLogistics Corp","Retail Giant A"
"2026-01-15","32002","Rent","Prime Consulting","Direct Consumer"
"2026-02-14","16426","Inventory","Prime Consulting","Public Sector Dept"
"2026-01-19","46685","Tax Provision","Azure Utilities","Public Sector Dept"
"2026-02-08","4251","Rent","Azure Utilities","Public Sector Dept"
"2026-01-18","38539","Inventory","Global Office Ltd","Direct Consumer"
"2026-01-19","22511","Rent","Azure Utilities","Retail Giant A"
"2026-01-06","15953","Inventory","Prime Consulting","Public Sector Dept"
"2026-03-19","19254","Inventory","Azure Utilities","SmallBiz Inc"
"2026-01-08","43973","Rent","Prime Consulting","Direct Consumer"
"2026-02-06","45526","Tax Provision","TechLogistics Corp","Direct Consumer"
"2026-01-04","16209","Inventory","Azure Utilities","SmallBiz Inc"
"2026-02-24","28369","Sales Revenue","TechLogistics Corp","Direct Consumer"
"2026-03-28","38299","Sales Revenue","Global Office Ltd","SmallBiz Inc"
"2026-02-19","41419","Inventory","Prime Consulting","SmallBiz Inc"
"2026-02-21","30421","Tax Provision","Azure Utilities","SmallBiz Inc"
"2026-02-02","24591","Professional Fees","Prime Consulting","Retail Giant A"
"2026-02-08","6434","Professional Fees","Global Office Ltd","SmallBiz Inc"
"2026-01-27","36932","Inventory","Azure Utilities","SmallBiz Inc"
"2026-01-31","1916","Tax Provision","Global Office Ltd","SmallBiz Inc"
"2026-02-14","5067","Rent","Azure Utilities","Public Sector Dept"
"2026-01-07","8061","Inventory","Azure Utilities","Retail Giant A"
"2026-02-11","10503","Inventory","TechLogistics Corp","Retail Giant A"
"2026-01-23","34330","Sales Revenue","TechLogistics Corp","Public Sector Dept"
"2026-01-08","22057","Tax Provision","Prime Consulting","SmallBiz Inc"
"2026-01-14","39817","Tax Provision","TechLogistics Corp","Public Sector Dept"
"2026-03-25","28424","Rent","TechLogistics Corp","Public Sector Dept"
"2026-02-28","24370","Rent","Prime Consulting","SmallBiz Inc"
"2026-01-19","16542","Tax Provision","TechLogistics Corp","Direct Consumer"
"2026-03-15","8795","Rent","Prime Consulting","SmallBiz Inc"
"2026-01-05","9607","Rent","Azure Utilities","Direct Consumer"
"2026-02-28","12374","Inventory","Prime Consulting","Retail Giant A"
"2026-01-25","7544","Professional Fees","TechLogistics Corp","Retail Giant A"
"2026-01-14","30939","Rent","TechLogistics Corp","Direct Consumer"
"2026-01-18","15928","Tax Provision","TechLogistics Corp","Retail Giant A"
"2026-03-15","6730","Sales Revenue","Global Office Ltd","Retail Giant A"
"2026-02-01","49443","Sales Revenue","Azure Utilities","Retail Giant A"
"2026-01-06","48860","Sales Revenue","Global Office Ltd","Public Sector Dept"
"2026-03-31","41686","Professional Fees","Azure Utilities","SmallBiz Inc"
"2026-01-19","28540","Professional Fees","Global Office Ltd","Retail Giant A"
"2026-03-16","38175","Rent","Prime Consulting","Public Sector Dept"
"2026-01-08","18427","Tax Provision","Global Office Ltd","Public Sector Dept"
"2026-03-21","33025","Rent","Global Office Ltd","Retail Giant A"
"2026-02-02","48777","Sales Revenue","Global Office Ltd","Direct Consumer"
"2026-02-08","2092","Professional Fees","Global Office Ltd","Retail Giant A"
"2026-03-11","37333","Rent","Global Office Ltd","SmallBiz Inc"
"2026-03-11","48660","Inventory","Azure Utilities","Direct Consumer"
"2026-02-11","15259","Professional Fees","Azure Utilities","Public Sector Dept"
"2026-02-07","26942","Sales Revenue","TechLogistics Corp","SmallBiz Inc"
"2026-01-28","38941","Rent","Global Office Ltd","Direct Consumer"
"2026-02-22","15222","Inventory","Global Office Ltd","SmallBiz Inc"
"2026-02-20","20684","Professional Fees","Global Office Ltd","SmallBiz Inc"
"2026-02-23","33451","Professional Fees","Prime Consulting","Retail Giant A"
"2026-02-19","32544","Sales Revenue","Azure Utilities","Direct Consumer"
"2026-01-20","22287","Inventory","Prime Consulting","Retail Giant A"
"2026-03-30","42547","Inventory","Prime Consulting","Retail Giant A"
"2026-01-17","21880","Rent","Global Office Ltd","Public Sector Dept"
"2026-03-10","16769","Rent","Global Office Ltd","Direct Consumer"
"2026-02-27","30356","Professional Fees","Prime Consulting","SmallBiz Inc"
"2026-03-30","14919","Professional Fees","Prime Consulting","Retail Giant A"
"2026-02-02","47102","Tax Provision","Global Office Ltd","Direct Consumer"
"2026-02-17","17041","Tax Provision","TechLogistics Corp","Public Sector Dept"
"2026-03-19","21922","Professional Fees","Azure Utilities","Public Sector Dept"
"2026-03-29","19648","Sales Revenue","Azure Utilities","Direct Consumer"
"2026-02-03","30322","Professional Fees","Global Office Ltd","Direct Consumer"
"2026-02-20","33319","Professional Fees","Global Office Ltd","Retail Giant A"
"2026-03-21","45349","Tax Provision","Azure Utilities","Direct Consumer"
"2026-02-08","28632","Inventory","Azure Utilities","SmallBiz Inc"
"2026-02-08","11359","Professional Fees","Global Office Ltd","Direct Consumer"
"2026-02-26","9715","Sales Revenue","Prime Consulting","Public Sector Dept"
"2026-02-16","34540","Inventory","Prime Consulting","Direct Consumer"
"2026-02-15","2623","Inventory","Prime Consulting","SmallBiz Inc"
"2026-01-09","5216","Rent","TechLogistics Corp","Public Sector Dept"
"2026-03-02","23464","Sales Revenue","Azure Utilities","Retail Giant A"
"2026-03-30","8189","Tax Provision","Prime Consulting","SmallBiz Inc"
"2026-03-09","37898","Sales Revenue","Azure Utilities","Direct Consumer"
"2026-01-29","11904","Professional Fees","TechLogistics Corp","Retail Giant A"
"2026-02-16","7374","Inventory","TechLogistics Corp","Public Sector Dept"
"2026-01-02","7243","Professional Fees","Global Office Ltd","Retail Giant A"
"2026-03-04","47830","Inventory","Global Office Ltd","Public Sector Dept"
"2026-01-23","23012","Tax Provision","Global Office Ltd","SmallBiz Inc"
"2026-01-12","25049","Professional Fees","Global Office Ltd","Retail Giant A"
"2026-03-23","38913","Sales Revenue","TechLogistics Corp","Retail Giant A"
"2026-02-19","2891","Professional Fees","Azure Utilities","SmallBiz Inc"
"2026-03-02","22547","Professional Fees","TechLogistics Corp","Direct Consumer"
"2026-02-14","17607","Sales Revenue","Global Office Ltd","Direct Consumer"
"2026-03-23","10465","Rent","Prime Consulting","SmallBiz Inc"
"2026-01-21","30826","Rent","Global Office Ltd","Retail Giant A"
"2026-03-25","3121","Sales Revenue","Global Office Ltd","Direct Consumer"
"2026-03-22","39258","Inventory","Azure Utilities","Direct Consumer"
"2026-03-02","46878","Rent","Global Office Ltd","Direct Consumer"
"2026-02-01","19057","Tax Provision","Global Office Ltd","Retail Giant A"
"2026-02-25","17039","Rent","Global Office Ltd","Public Sector Dept"
"2026-03-12","18958","Rent","Prime Consulting","Retail Giant A"
"2026-02-23","11667","Inventory","Prime Consulting","Direct Consumer"
"2026-03-06","22240","Professional Fees","TechLogistics Corp","SmallBiz Inc"
"2026-03-21","45087","Inventory","Global Office Ltd","Direct Consumer"
"2026-01-21","47799","Sales Revenue","Global Office Ltd","Public Sector Dept"
"2026-03-17","24692","Rent","TechLogistics Corp","Retail Giant A"
"2026-03-21","16311","Professional Fees","Prime Consulting","Public Sector Dept"
"2026-02-17","27884","Professional Fees","Prime Consulting","SmallBiz Inc"
"2026-02-09","38754","Inventory","Global Office Ltd","Direct Consumer"
"2026-02-19","40545","Rent","Global Office Ltd","Direct Consumer"
"2026-03-06","2769","Inventory","TechLogistics Corp","Direct Consumer"
"2026-02-07","30823","Professional Fees","Prime Consulting","Public Sector Dept"
"2026-03-31","9370","Rent","Global Office Ltd","Direct Consumer"
"2026-01-02","9901","Inventory","TechLogistics Corp","Direct Consumer"
"2026-03-13","40423","Inventory","TechLogistics Corp","SmallBiz Inc"
"2026-01-02","10063","Professional Fees","Global Office Ltd","SmallBiz Inc"
"2026-01-20","47736","Inventory","Azure Utilities","SmallBiz Inc"
"2026-01-23","48381","Professional Fees","Prime Consulting","Retail Giant A"
"2026-03-19","27706","Sales Revenue","TechLogistics Corp","Retail Giant A"
"2026-03-22","18793","Inventory","Prime Consulting","Direct Consumer"
"2026-01-28","33548","Inventory","TechLogistics Corp","Direct Consumer"
"2026-02-18","19667","Inventory","Azure Utilities","Public Sector Dept"
"2026-01-12","37165","Inventory","Global Office Ltd","Retail Giant A"
"2026-02-21","24357","Tax Provision","Azure Utilities","Retail Giant A"
"2026-01-03","30596","Sales Revenue","Global Office Ltd","SmallBiz Inc"
"2026-02-16","37880","Sales Revenue","TechLogistics Corp","Direct Consumer"
"2026-01-22","16162","Sales Revenue","Azure Utilities","Retail Giant A"
"2026-01-27","3446","Tax Provision","TechLogistics Corp","Public Sector Dept"
"2026-02-18","14800","Rent","Prime Consulting","Retail Giant A"
"2026-03-25","29392","Rent","Prime Consulting","Public Sector Dept"
"2026-02-22","30612","Tax Provision","TechLogistics Corp","Direct Consumer"
"2026-03-04","25440","Tax Provision","Prime Consulting","SmallBiz Inc"
"2026-01-06","25595","Tax Provision","Global Office Ltd","Retail Giant A"
"2026-03-31","35571","Sales Revenue","Global Office Ltd","Retail Giant A"
"2026-03-20","24810","Inventory","TechLogistics Corp","SmallBiz Inc"
"2026-03-21","36169","Inventory","Global Office Ltd","Public Sector Dept"
"2026-03-15","48817","Sales Revenue","TechLogistics Corp","SmallBiz Inc"
"2026-01-27","18641","Sales Revenue","Prime Consulting","Direct Consumer"
"2026-01-11","34899","Rent","Global Office Ltd","Direct Consumer"
"2026-02-26","23240","Professional Fees","TechLogistics Corp","Direct Consumer"
"2026-01-14","6967","Tax Provision","Azure Utilities","Retail Giant A"
"2026-03-27","13351","Rent","TechLogistics Corp","SmallBiz Inc"
"2026-02-23","9742","Professional Fees","Global Office Ltd","Public Sector Dept"
"2026-02-11","30455","Sales Revenue","Global Office Ltd","Retail Giant A"
"2026-02-11","15920","Professional Fees","TechLogistics Corp","Direct Consumer"
"2026-03-05","10125","Inventory","Azure Utilities","Retail Giant A"
"2026-02-14","34332","Tax Provision","Prime Consulting","Direct Consumer"
"2026-03-25","16293","Sales Revenue","Prime Consulting","Direct Consumer"
"2026-03-17","21607","Sales Revenue","TechLogistics Corp","Direct Consumer"
"2026-01-15","41508","Inventory","Azure Utilities","Direct Consumer"
"2026-03-07","8880","Sales Revenue","Prime Consulting","Direct Consumer"
"2026-01-29","8893","Professional Fees","TechLogistics Corp","Direct Consumer"
"2026-03-05","31718","Sales Revenue","Prime Consulting","SmallBiz Inc"
"2026-02-27","47702","Sales Revenue","TechLogistics Corp","Direct Consumer"
"2026-01-28","23377","Professional Fees","Global Office Ltd","Public Sector Dept"
"2026-01-04","9559","Tax Provision","Azure Utilities","Retail Giant A"
"2026-03-30","2783","Sales Revenue","Global Office Ltd","Public Sector Dept"
"2026-03-08","36604","Tax Provision","Global Office Ltd","Direct Consumer"
"2026-03-10","47148","Professional Fees","TechLogistics Corp","SmallBiz Inc"
"2026-01-11","48850","Rent","Global Office Ltd","Direct Consumer"
"2026-01-22","38001","Professional Fees","Global Office Ltd","Retail Giant A"
"2026-01-26","14920","Rent","Azure Utilities","Public Sector Dept"
"2026-01-23","25600","Professional Fees","Prime Consulting","Direct Consumer"
"2026-03-15","42981","Tax Provision","TechLogistics Corp","SmallBiz Inc"
"2026-03-31","2597","Inventory","Azure Utilities","Retail Giant A"
"2026-01-28","9771","Rent","Global Office Ltd","Direct Consumer"
"2026-02-11","27055","Inventory","Prime Consulting","Direct Consumer"
"2026-02-08","19630","Sales Revenue","TechLogistics Corp","Retail Giant A"
"2026-01-25","1263","Rent","Global Office Ltd","Retail Giant A"
"2026-03-23","10098","Tax Provision","Azure Utilities","Direct Consumer"
"2026-03-28","23382","Tax Provision","Azure Utilities","SmallBiz Inc"
"2026-03-05","42742","Professional Fees","Prime Consulting","Retail Giant A"
"2026-03-25","18989","Professional Fees","TechLogistics Corp","Direct Consumer"
"2026-01-28","9283","Inventory","Global Office Ltd","SmallBiz Inc"
"2026-02-22","40392","Sales Revenue","TechLogistics Corp","Direct Consumer"
"2026-01-23","34370","Tax Provision","Global Office Ltd","SmallBiz Inc"
"2026-03-14","33872","Sales Revenue","Azure Utilities","Direct Consumer"
"2026-03-18","37907","Inventory","Global Office Ltd","Retail Giant A"
"2026-02-01","14373","Sales Revenue","TechLogistics Corp","Public Sector Dept"
"2026-03-29","28162","Rent","Azure Utilities","Retail Giant A"
"2026-03-30","20069","Tax Provision","Azure Utilities","Public Sector Dept"
"2026-03-30","13979","Inventory","TechLogistics Corp","Direct Consumer"
"2026-03-22","5757","Rent","TechLogistics Corp","Public Sector Dept"
"2026-03-29","21031","Rent","Global Office Ltd","SmallBiz Inc"
"2026-02-12","24446","Tax Provision","Global Office Ltd","Public Sector Dept"
"2026-02-15","10604","Inventory","Global Office Ltd","Direct Consumer"
"2026-02-08","30002","Sales Revenue","Azure Utilities","Public Sector Dept"
"2026-02-03","15267","Inventory","Prime Consulting","Retail Giant A"
"2026-02-28","17496","Professional Fees","Azure Utilities","Retail Giant A"
"2026-01-01","49178","Tax Provision","Azure Utilities","Retail Giant A"
"2026-01-16","36901","Tax Provision","Azure Utilities","Public Sector Dept"
"2026-03-08","13512","Sales Revenue","Global Office Ltd","Direct Consumer"
"2026-03-06","45616","Inventory","Global Office Ltd","Public Sector Dept"
"2026-03-30","4953","Tax Provision","Azure Utilities","Public Sector Dept"
"2026-02-19","43217","Inventory","Prime Consulting","Direct Consumer"
"2026-03-25","8225","Tax Provision","Prime Consulting","Direct Consumer"
"2026-02-04","13731","Tax Provision","Prime Consulting","SmallBiz Inc"
"2026-02-25","6411","Inventory","Global Office Ltd","Retail Giant A"
"2026-01-30","20490","Inventory","Prime Consulting","Direct Consumer"
"2026-03-29","31004","Tax Provision","Prime Consulting","Retail Giant A"
"2026-01-09","28321","Sales Revenue","Azure Utilities","Direct Consumer"
"2026-01-25","12033","Professional Fees","TechLogistics Corp","Direct Consumer"
"2026-01-04","30817","Sales Revenue","Prime Consulting","Retail Giant A"
"2026-02-22","38638","Rent","Global Office Ltd","Retail Giant A"
"2026-01-08","8485","Tax Provision","TechLogistics Corp","Direct Consumer"
"2026-02-28","5965","Rent","Prime Consulting","Public Sector Dept"
"2026-01-20","20502","Tax Provision","Azure Utilities","Direct Consumer"
"2026-03-01","27526","Rent","TechLogistics Corp","SmallBiz Inc"
"2026-03-07","27683","Tax Provision","TechLogistics Corp","Retail Giant A"
"2026-03-04","8558","Professional Fees","TechLogistics Corp","Public Sector Dept"
"2026-02-19","48682","Inventory","Azure Utilities","SmallBiz Inc"
"2026-02-01","30174","Tax Provision","Global Office Ltd","SmallBiz Inc"
"2026-01-15","17075","Inventory","Azure Utilities","Retail Giant A"
"2026-02-25","3853","Tax Provision","TechLogistics Corp","SmallBiz Inc"
"2026-01-31","10331","Professional Fees","Global Office Ltd","Public Sector Dept"
"2026-01-04","18481","Professional Fees","Prime Consulting","Direct Consumer"
"2026-03-03","28428","Inventory","Prime Consulting","Public Sector Dept"
"2026-03-10","28945","Rent","Global Office Ltd","Public Sector Dept"
"2026-03-27","46917","Inventory","Prime Consulting","Public Sector Dept"
"2026-01-08","33943","Inventory","Prime Consulting","SmallBiz Inc"
"2026-01-20","32050","Tax Provision","Prime Consulting","Direct Consumer"
"2026-01-31","19176","Sales Revenue","TechLogistics Corp","SmallBiz Inc"
"2026-01-14","38894","Rent","TechLogistics Corp","Retail Giant A"
"2026-01-08","25818","Inventory","TechLogistics Corp","Direct Consumer"
"2026-01-01","25851","Rent","TechLogistics Corp","Public Sector Dept"
"2026-03-08","48119","Tax Provision","Global Office Ltd","Public Sector Dept"
"2026-01-30","34815","Sales Revenue","Azure Utilities","Public Sector Dept"
"2026-01-03","40079","Professional Fees","Prime Consulting","SmallBiz Inc"
"2026-02-18","9137","Rent","Global Office Ltd","Retail Giant A"
"2026-03-25","30429","Rent","TechLogistics Corp","SmallBiz Inc"
"2026-02-09","4921","Rent","Prime Consulting","Public Sector Dept"
"2026-02-16","32456","Sales Revenue","Prime Consulting","SmallBiz Inc"
"2026-01-02","43334","Inventory","Azure Utilities","Public Sector Dept"
"2026-01-13","17444","Inventory","Prime Consulting","Retail Giant A"
"2026-01-01","28596","Professional Fees","Global Office Ltd","Direct Consumer"
"2026-01-14","20312","Tax Provision","Prime Consulting","SmallBiz Inc"
"2026-02-06","9001","Tax Provision","Global Office Ltd","Retail Giant A"
"2026-03-17","46439","Sales Revenue","Azure Utilities","Retail Giant A"
"2026-03-12","7365","Sales Revenue","Global Office Ltd","Direct Consumer"
"2026-01-19","14636","Professional Fees","Global Office Ltd","SmallBiz Inc"
"2026-01-25","3935","Sales Revenue","TechLogistics Corp","Retail Giant A"
"2026-02-02","44237","Professional Fees","TechLogistics Corp","Direct Consumer"
"2026-02-27","48321","Tax Provision","TechLogistics Corp","Direct Consumer"
"2026-02-05","10019","Professional Fees","TechLogistics Corp","Public Sector Dept"
"2026-01-16","27172","Rent","Global Office Ltd","Public Sector Dept"
"2026-01-16","8262","Professional Fees","TechLogistics Corp","Retail Giant A"
"2026-01-16","36127","Rent","TechLogistics Corp","Retail Giant A"
"2026-01-22","31292","Tax Provision","Prime Consulting","SmallBiz Inc"
"2026-02-12","47201","Sales Revenue","Global Office Ltd","Retail Giant A"
"2026-01-11","22995","Professional Fees","Azure Utilities","SmallBiz Inc"
"2026-02-18","17770","Sales Revenue","Azure Utilities","Retail Giant A"
"2026-03-08","28088","Professional Fees","TechLogistics Corp","Retail Giant A"
"2026-03-24","44330","Tax Provision","Prime Consulting","Direct Consumer"
"2026-02-13","16197","Tax Provision","Azure Utilities","Direct Consumer"
"2026-01-19","10819","Sales Revenue","TechLogistics Corp","Public Sector Dept"
"2026-03-12","29971","Tax Provision","Azure Utilities","SmallBiz Inc"
"2026-01-06","3829","Professional Fees","Prime Consulting","Retail Giant A"
"2026-01-08","23185","Tax Provision","Prime Consulting","Direct Consumer"
"2026-01-28","42109","Sales Revenue","TechLogistics Corp","Retail Giant A"
"2026-03-30","49708","Rent","Global Office Ltd","SmallBiz Inc"
"2026-03-06","42212","Sales Revenue","Global Office Ltd","SmallBiz Inc"
"2026-01-26","35323","Tax Provision","Global Office Ltd","Direct Consumer"
"2026-02-10","24378","Sales Revenue","Prime Consulting","Public Sector Dept"
"2026-01-11","45315","Sales Revenue","TechLogistics Corp","Direct Consumer"
"2026-01-27","5232","Tax Provision","TechLogistics Corp","SmallBiz Inc"
"2026-03-01","49692","Tax Provision","Global Office Ltd","Public Sector Dept"
"2026-03-23","2449","Sales Revenue","Azure Utilities","Public Sector Dept"
"2026-01-20","13731","Inventory","Global Office Ltd","Public Sector Dept"
"2026-03-05","39433","Rent","TechLogistics Corp","Direct Consumer"
"2026-03-16","37342","Professional Fees","Azure Utilities","Direct Consumer"
"2026-02-06","15071","Inventory","Global Office Ltd","Retail Giant A"
"2026-01-20","41218","Sales Revenue","TechLogistics Corp","Retail Giant A"
"2026-02-20","30869","Professional Fees","Prime Consulting","Retail Giant A"
"2026-03-24","11584","Rent","Prime Consulting","Public Sector Dept"
"2026-03-18","21959","Professional Fees","Azure Utilities","SmallBiz Inc"
"2026-03-17","46749","Inventory","Prime Consulting","SmallBiz Inc"
"2026-01-14","24686","Professional Fees","Global Office Ltd","Retail Giant A"
"2026-02-13","3562","Rent","Azure Utilities","Retail Giant A"
"2026-03-15","15845","Tax Provision","Prime Consulting","Direct Consumer"
"2026-01-30","4606","Sales Revenue","Azure Utilities","SmallBiz Inc"
"2026-03-21","22850","Inventory","Global Office Ltd","Retail Giant A"
"2026-02-13","8123","Professional Fees","Global Office Ltd","Retail Giant A"
"2026-03-24","5576","Sales Revenue","TechLogistics Corp","Public Sector Dept"
"2026-02-17","35893","Tax Provision","TechLogistics Corp","Public Sector Dept"
"2026-02-10","48164","Rent","TechLogistics Corp","SmallBiz Inc"
"2026-02-12","5909","Inventory","Azure Utilities","SmallBiz Inc"
"2026-02-13","3234","Sales Revenue","TechLogistics Corp","Direct Consumer"
"2026-02-12","34688","Tax Provision","Azure Utilities","Direct Consumer"
"2026-02-06","11469","Rent","Global Office Ltd","Direct Consumer"
"2026-01-06","20088","Rent","Global Office Ltd","Direct Consumer"
"2026-01-28","40941","Inventory","TechLogistics Corp","Retail Giant A"
"2026-03-25","30872","Inventory","TechLogistics Corp","Direct Consumer"
"2026-03-18","40157","Tax Provision","Azure Utilities","Retail Giant A"
"2026-01-14","33927","Tax Provision","Prime Consulting","Public Sector Dept"
"2026-01-20","13423","Tax Provision","Azure Utilities","SmallBiz Inc"
"2026-03-25","27014","Inventory","Azure Utilities","Public Sector Dept"
"2026-01-25","22451","Sales Revenue","Azure Utilities","Retail Giant A"
"2026-03-30","19681","Sales Revenue","Prime Consulting","SmallBiz Inc"
"2026-02-28","32539","Rent","TechLogistics Corp","Direct Consumer"
"2026-03-20","33693","Professional Fees","Global Office Ltd","SmallBiz Inc"
"2026-02-28","13144","Sales Revenue","TechLogistics Corp","Direct Consumer"
"2026-01-26","40771","Tax Provision","Prime Consulting","SmallBiz Inc"
"2026-02-11","35025","Sales Revenue","Prime Consulting","SmallBiz Inc"
"2026-02-12","10307","Sales Revenue","Azure Utilities","Public Sector Dept"
"2026-03-14","15798","Professional Fees","TechLogistics Corp","Public Sector Dept"
"2026-01-03","6019","Professional Fees","Azure Utilities","SmallBiz Inc"
"2026-03-31","6463","Tax Provision","Global Office Ltd","Retail Giant A"
"2026-02-26","28640","Tax Provision","Global Office Ltd","Public Sector Dept"
"2026-03-27","17331","Tax Provision","Azure Utilities","SmallBiz Inc"
"2026-03-31","27988","Rent","TechLogistics Corp","Public Sector Dept"
"2026-02-12","44017","Sales Revenue","Prime Consulting","Direct Consumer"
"2026-03-01","38392","Rent","Prime Consulting","SmallBiz Inc"
"2026-01-16","8720","Tax Provision","TechLogistics Corp","Direct Consumer"
"2026-02-25","27631","Rent","Global Office Ltd","SmallBiz Inc"
"2026-02-01","21011","Tax Provision","Global Office Ltd","Retail Giant A"
"2026-02-23","27593","Tax Provision","TechLogistics Corp","Public Sector Dept"
"2026-01-22","14549","Sales Revenue","Prime Consulting","Direct Consumer"
"2026-01-17","24369","Tax Provision","TechLogistics Corp","Public Sector Dept"
"2026-02-12","37343","Tax Provision","TechLogistics Corp","Retail Giant A"
"2026-01-12","14888","Sales Revenue","Prime Consulting","Direct Consumer"
"2026-03-17","10401","Inventory","Prime Consulting","Direct Consumer"
"2026-01-27","4190","Tax Provision","TechLogistics Corp","Public Sector Dept"
"2026-01-02","38457","Sales Revenue","Global Office Ltd","Public Sector Dept"
"2026-03-04","47501","Tax Provision","Global Office Ltd","Direct Consumer"
"2026-02-28","6043","Rent","Azure Utilities","Retail Giant A"
"2026-03-11","44082","Tax Provision","Prime Consulting","Retail Giant A"
"2026-03-11","35299","Professional Fees","Global Office Ltd","Public Sector Dept"
"2026-01-09","4532","Professional Fees","Prime Consulting","Public Sector Dept"
"2026-01-26","20364","Sales Revenue","Azure Utilities","Retail Giant A"
"2026-02-15","46978","Tax Provision","Azure Utilities","Public Sector Dept"
"2026-03-03","21924","Inventory","TechLogistics Corp","Retail Giant A"
"2026-03-19","13447","Professional Fees","Prime Consulting","Retail Giant A"
"2026-01-22","23961","Inventory","TechLogistics Corp","SmallBiz Inc"
"2026-01-29","49003","Tax Provision","TechLogistics Corp","SmallBiz Inc"
"2026-01-19","35108","Inventory","Azure Utilities","SmallBiz Inc"
"2026-03-29","2552","Sales Revenue","Azure Utilities","Public Sector Dept"
"2026-03-14","23542","Inventory","TechLogistics Corp","SmallBiz Inc"
"2026-02-20","6509","Inventory","TechLogistics Corp","Direct Consumer"
"2026-03-15","45796","Inventory","Prime Consulting","Public Sector Dept"
"2026-03-05","17469","Professional Fees","Prime Consulting","Direct Consumer"
"2026-01-08","9749","Sales Revenue","TechLogistics Corp","Public Sector Dept"
"2026-03-12","6885","Sales Revenue","Prime Consulting","Direct Consumer"
"2026-02-18","32852","Sales Revenue","Prime Consulting","Retail Giant A"
"2026-01-02","45982","Sales Revenue","Global Office Ltd","Public Sector Dept"
"2026-01-19","33493","Tax Provision","Global Office Ltd","SmallBiz Inc"
"2026-02-15","28300","Sales Revenue","Global Office Ltd","Public Sector Dept"
"2026-02-07","20653","Professional Fees","Azure Utilities","SmallBiz Inc"
"2026-02-19","16844","Rent","Prime Consulting","Public Sector Dept"
"2026-02-07","36691","Sales Revenue","Prime Consulting","Direct Consumer"
"2026-03-04","18619","Inventory","Azure Utilities","SmallBiz Inc"
"2026-03-18","3004","Professional Fees","Prime Consulting","Public Sector Dept"
"2026-01-30","41691","Sales Revenue","Global Office Ltd","SmallBiz Inc"
"2026-03-05","15598","Professional Fees","Prime Consulting","Public Sector Dept"
"2026-03-12","10586","Rent","Azure Utilities","Retail Giant A"
"2026-02-05","28271","Rent","Global Office Ltd","Direct Consumer"
"2026-01-24","38345","Inventory","Azure Utilities","SmallBiz Inc"
"2026-03-10","37851","Sales Revenue","Prime Consulting","Direct Consumer"
"2026-03-25","41243","Inventory","Prime Consulting","Retail Giant A"
"2026-01-13","17481","Professional Fees","Global Office Ltd","Public Sector Dept"
"2026-02-28","14552","Rent","TechLogistics Corp","Public Sector Dept"
"2026-03-14","49475","Rent","Prime Consulting","Direct Consumer"
"2026-01-18","48758","Sales Revenue","TechLogistics Corp","Retail Giant A"
"2026-03-06","13793","Tax Provision","Azure Utilities","Retail Giant A"
"2026-01-09","1043","Sales Revenue","Azure Utilities","Retail Giant A"
"2026-01-03","23191","Sales Revenue","TechLogistics Corp","SmallBiz Inc"
"2026-02-26","29487","Professional Fees","Prime Consulting","Public Sector Dept"
"2026-01-25","29422","Inventory","Global Office Ltd","Public Sector Dept"
"2026-03-03","40769","Tax Provision","Prime Consulting","Retail Giant A"
"2026-02-24","8903","Professional Fees","TechLogistics Corp","Retail Giant A"
"2026-02-12","29970","Rent","Azure Utilities","Retail Giant A"
"2026-03-27","17306","Sales Revenue","Azure Utilities","SmallBiz Inc"
"2026-01-12","16780","Rent","TechLogistics Corp","Retail Giant A"
"2026-01-26","21283","Inventory","Azure Utilities","Direct Consumer"
"2026-01-21","25993","Inventory","Global Office Ltd","SmallBiz Inc"
"2026-03-15","34941","Rent","TechLogistics Corp","SmallBiz Inc"
"2026-02-10","30597","Rent","Global Office Ltd","Public Sector Dept"
"2026-03-08","2208","Rent","Global Office Ltd","Public Sector Dept"
"2026-01-13","44799","Inventory","Global Office Ltd","Direct Consumer"
"2026-03-16","32231","Sales Revenue","TechLogistics Corp","Public Sector Dept"
"2026-01-24","37222","Rent","Global Office Ltd","Direct Consumer"
"2026-01-02","6039","Tax Provision","TechLogistics Corp","Direct Consumer"
"2026-02-10","29846","Sales Revenue","TechLogistics Corp","Retail Giant A"
"2026-03-02","32251","Sales Revenue","TechLogistics Corp","Retail Giant A"
"2026-02-11","18193","Rent","TechLogistics Corp","SmallBiz Inc"
"2026-03-10","20434","Sales Revenue","Azure Utilities","SmallBiz Inc"
"2026-03-24","21547","Professional Fees","Global Office Ltd","Retail Giant A"
"2026-03-19","48553","Sales Revenue","Prime Consulting","Direct Consumer"
"2026-02-15","14928","Rent","TechLogistics Corp","SmallBiz Inc"
"2026-02-17","22448","Professional Fees","TechLogistics Corp","SmallBiz Inc"
"2026-02-17","29909","Sales Revenue","TechLogistics Corp","Direct Consumer"
"2026-02-20","25038","Tax Provision","Global Office Ltd","Public Sector Dept"
"2026-03-22","12336","Tax Provision","Azure Utilities","SmallBiz Inc"
"2026-03-16","18503","Inventory","Global Office Ltd","Retail Giant A"
"2026-02-14","47317","Tax Provision","Global Office Ltd","Public Sector Dept"
"2026-02-04","42355","Rent","Global Office Ltd","Public Sector Dept"
"2026-03-20","15860","Tax Provision","TechLogistics Corp","Public Sector Dept"
"2026-03-07","27744","Inventory","Prime Consulting","Public Sector Dept"
"2026-02-17","9997","Sales Revenue","Azure Utilities","Direct Consumer"
"2026-03-15","24993","Sales Revenue","TechLogistics Corp","Direct Consumer"
"2026-02-15","39714","Sales Revenue","Azure Utilities","Public Sector Dept"
"2026-03-03","42458","Inventory","Prime Consulting","Direct Consumer"
"2026-03-27","30865","Sales Revenue","Global Office Ltd","SmallBiz Inc"
"2026-01-26","15844","Inventory","TechLogistics Corp","Retail Giant A"
"2026-03-14","45016","Rent","Global Office Ltd","Public Sector Dept"
"2026-01-26","21434","Inventory","TechLogistics Corp","Retail Giant A"
"2026-01-02","33616","Professional Fees","Azure Utilities","SmallBiz Inc"
"2026-02-14","5035","Tax Provision","Global Office Ltd","Public Sector Dept"
"2026-02-14","10695","Inventory","TechLogistics Corp","Retail Giant A"
"2026-01-15","24488","Professional Fees","Prime Consulting","Direct Consumer"
"2026-01-03","38856","Professional Fees","Global Office Ltd","Direct Consumer"
"2026-02-10","23828","Tax Provision","Prime Consulting","Direct Consumer"
"2026-03-02","49025","Professional Fees","Prime Consulting","SmallBiz Inc"
"2026-02-12","45737","Tax Provision","Prime Consulting","Retail Giant A"
"2026-02-14","25391","Sales Revenue","Global Office Ltd","Direct Consumer"
"2026-02-18","43743","Tax Provision","TechLogistics Corp","Public Sector Dept"
"2026-03-26","2187","Tax Provision","Global Office Ltd","Public Sector Dept"
"2026-03-30","35872","Professional Fees","TechLogistics Corp","Public Sector Dept"
"2026-01-19","17116","Professional Fees","TechLogistics Corp","Direct Consumer"
"2026-01-19","24497","Tax Provision","Global Office Ltd","Retail Giant A"
"2026-03-06","22398","Sales Revenue","Prime Consulting","SmallBiz Inc"
"2026-02-15","38715","Sales Revenue","Azure Utilities","Retail Giant A"
"2026-01-09","1809","Inventory","TechLogistics Corp","Direct Consumer"
"2026-03-30","27618","Rent","TechLogistics Corp","Direct Consumer"
"2026-01-11","34700","Sales Revenue","TechLogistics Corp","SmallBiz Inc"
"2026-03-27","47018","Sales Revenue","Global Office Ltd","Direct Consumer"
"2026-01-28","42290","Professional Fees","Global Office Ltd","Retail Giant A"
"2026-03-29","10825","Sales Revenue","Prime Consulting","Retail Giant A"
"2026-01-24","48332","Professional Fees","TechLogistics Corp","Retail Giant A"
"2026-01-04","40304","Rent","Prime Consulting","Public Sector Dept"
"2026-01-20","14687","Inventory","TechLogistics Corp","Retail Giant A"
"2026-02-09","26027","Rent","TechLogistics Corp","SmallBiz Inc"
"2026-01-28","8694","Tax Provision","TechLogistics Corp","Public Sector Dept"
"2026-01-16","13182","Tax Provision","TechLogistics Corp","SmallBiz Inc"
"2026-01-22","7006","Professional Fees","TechLogistics Corp","Direct Consumer"
"2026-01-07","36725","Professional Fees","Azure Utilities","Retail Giant A"
"2026-02-15","46486","Tax Provision","Global Office Ltd","Retail Giant A"
"2026-01-31","28307","Tax Provision","Prime Consulting","Public Sector Dept"
"2026-02-01","49225","Inventory","Prime Consulting","Retail Giant A"
"2026-03-30","5065","Professional Fees","Prime Consulting","Public Sector Dept"
"2026-01-13","46475","Rent","Azure Utilities","Direct Consumer"
"2026-02-10","42756","Professional Fees","Global Office Ltd","Retail Giant A"
"2026-03-19","16013","Inventory","Global Office Ltd","SmallBiz Inc"
"2026-03-16","19577","Inventory","TechLogistics Corp","Direct Consumer"
"2026-01-04","36228","Rent","Global Office Ltd","Retail Giant A"
"2026-02-24","42287","Professional Fees","Global Office Ltd","Direct Consumer"
"2026-01-10","10830","Rent","Prime Consulting","Retail Giant A"
"2026-01-22","48276","Professional Fees","Prime Consulting","Retail Giant A"
"2026-01-10","34308","Professional Fees","Azure Utilities","SmallBiz Inc"
"2026-03-27","16404","Inventory","TechLogistics Corp","Public Sector Dept"
"2026-01-01","22046","Sales Revenue","TechLogistics Corp","Retail Giant A"
"2026-03-08","9861","Rent","Prime Consulting","Direct Consumer"
"2026-01-17","2507","Rent","Azure Utilities","Direct Consumer"
"2026-01-27","38522","Rent","Prime Consulting","SmallBiz Inc"
"2026-03-14","30504","Tax Provision","Azure Utilities","Direct Consumer"
"2026-01-24","1793","Rent","Global Office Ltd","Retail Giant A"
"2026-01-15","16148","Inventory","TechLogistics Corp","Public Sector Dept"
"2026-01-14","3127","Tax Provision","Prime Consulting","Direct Consumer"
"2026-01-29","42050","Rent","TechLogistics Corp","SmallBiz Inc"
"2026-03-28","19799","Inventory","Azure Utilities","Public Sector Dept"
"2026-01-03","15193","Inventory","Global Office Ltd","Public Sector Dept"
"2026-01-15","26325","Professional Fees","Prime Consulting","Public Sector Dept"
"2026-03-18","2109","Sales Revenue","Global Office Ltd","Public Sector Dept"
"2026-01-27","44355","Sales Revenue","Azure Utilities","Public Sector Dept"
"2026-01-26","29384","Sales Revenue","Global Office Ltd","SmallBiz Inc"
"2026-03-28","41276","Inventory","Global Office Ltd","Direct Consumer"
"2026-01-01","5402","Inventory","Global Office Ltd","SmallBiz Inc"
"2026-01-19","10035","Rent","TechLogistics Corp","SmallBiz Inc"
"2026-02-04","39156","Sales Revenue","TechLogistics Corp","Retail Giant A"
"2026-02-27","5117","Professional Fees","Azure Utilities","Public Sector Dept"
"2026-02-05","30416","Tax Provision","Prime Consulting","SmallBiz Inc"
"2026-03-13","23390","Tax Provision","Prime Consulting","Direct Consumer"
"2026-03-01","42522","Rent","Global Office Ltd","Public Sector Dept"
"2026-01-31","8774","Sales Revenue","Azure Utilities","Retail Giant A"
"2026-03-25","29513","Tax Provision","TechLogistics Corp","Direct Consumer"
"2026-03-05","14248","Sales Revenue","Prime Consulting","Public Sector Dept"
"2026-02-21","14723","Professional Fees","Azure Utilities","SmallBiz Inc"
"2026-02-04","20895","Inventory","Prime Consulting","Retail Giant A"
"2026-03-08","6578","Inventory","Prime Consulting","Public Sector Dept"
"2026-02-22","21629","Tax Provision","Prime Consulting","Public Sector Dept"
"2026-02-02","7430","Sales Revenue","TechLogistics Corp","SmallBiz Inc"
"2026-03-23","5350","Professional Fees","Global Office Ltd","Retail Giant A"
"2026-02-17","35233","Sales Revenue","Prime Consulting","Retail Giant A"
"2026-03-17","16341","Tax Provision","Prime Consulting","Direct Consumer"
"2026-02-06","10708","Sales Revenue","TechLogistics Corp","SmallBiz Inc"
"2026-02-06","29870","Tax Provision","Prime Consulting","Retail Giant A"
"2026-02-02","33681","Professional Fees","TechLogistics Corp","Public Sector Dept"
"2026-02-04","27883","Inventory","TechLogistics Corp","Public Sector Dept"
"2026-03-22","48622","Professional Fees","Global Office Ltd","SmallBiz Inc"
"2026-02-16","30486","Sales Revenue","TechLogistics Corp","SmallBiz Inc"
"2026-02-25","40051","Professional Fees","Global Office Ltd","Public Sector Dept"
"2026-02-25","17913","Sales Revenue","Azure Utilities","Public Sector Dept"
"2026-02-27","9841","Professional Fees","TechLogistics Corp","Direct Consumer"
"2026-03-27","21454","Rent","Azure Utilities","Public Sector Dept"
"2026-03-03","8158","Tax Provision","TechLogistics Corp","Public Sector Dept"
"2026-02-04","23351","Tax Provision","Prime Consulting","Direct Consumer"
"2026-01-17","20310","Rent","Azure Utilities","Direct Consumer"
"2026-03-15","24369","Tax Provision","TechLogistics Corp","Direct Consumer"
"2026-01-13","2244","Tax Provision","Prime Consulting","Retail Giant A"
"2026-01-23","21425","Sales Revenue","Global Office Ltd","Direct Consumer"
"2026-01-16","34400","Professional Fees","TechLogistics Corp","Direct Consumer"
"2026-02-08","10339","Rent","Azure Utilities","Public Sector Dept"
"2026-01-12","27663","Tax Provision","Prime Consulting","SmallBiz Inc"
"2026-02-26","45973","Tax Provision","TechLogistics Corp","Retail Giant A"
"2026-03-13","36396","Sales Revenue","Prime Consulting","Retail Giant A"
"2026-03-12","5893","Sales Revenue","TechLogistics Corp","Retail Giant A"
"2026-02-24","20354","Inventory","TechLogistics Corp","Direct Consumer"
"2026-03-10","10625","Rent","Global Office Ltd","Retail Giant A"
"2026-02-05","9835","Professional Fees","TechLogistics Corp","Public Sector Dept"
"2026-01-12","27736","Tax Provision","Global Office Ltd","SmallBiz Inc"
"2026-02-03","29585","Professional Fees","Azure Utilities","Public Sector Dept"
"2026-01-28","45862","Sales Revenue","Prime Consulting","Public Sector Dept"
"2026-01-05","15241","Professional Fees","TechLogistics Corp","SmallBiz Inc"
"2026-03-23","33940","Rent","Azure Utilities","Retail Giant A"
"2026-03-15","16343","Inventory","Azure Utilities","Retail Giant A"
"2026-02-06","28621","Inventory","Prime Consulting","SmallBiz Inc"
"2026-02-15","35463","Sales Revenue","Azure Utilities","Direct Consumer"
"2026-02-07","32789","Rent","Prime Consulting","Public Sector Dept"
"2026-01-27","48538","Sales Revenue","Global Office Ltd","Direct Consumer"
"2026-03-18","3873","Tax Provision","Azure Utilities","SmallBiz Inc"
"2026-02-24","10045","Sales Revenue","Azure Utilities","Public Sector Dept"
"2026-01-20","7338","Professional Fees","Prime Consulting","Direct Consumer"
"2026-01-18","47253","Rent","TechLogistics Corp","Public Sector Dept"
"2026-03-13","14066","Rent","Prime Consulting","SmallBiz Inc"
"2026-01-20","32233","Rent","Global Office Ltd","Direct Consumer"
"2026-01-03","19514","Sales Revenue","Prime Consulting","Public Sector Dept"
"2026-01-07","43805","Rent","Prime Consulting","SmallBiz Inc"
"2026-01-25","25036","Professional Fees","Azure Utilities","SmallBiz Inc"
"2026-03-02","32400","Professional Fees","Global Office Ltd","Retail Giant A"
"2026-02-25","40593","Tax Provision","Global Office Ltd","SmallBiz Inc"
"2026-02-16","15818","Inventory","Azure Utilities","SmallBiz Inc"
"2026-02-15","2340","Sales Revenue","Global Office Ltd","Retail Giant A"
"2026-01-15","6494","Professional Fees","Global Office Ltd","Direct Consumer"
"2026-01-24","44328","Inventory","Global Office Ltd","Direct Consumer"
"2026-01-22","23699","Rent","Global Office Ltd","SmallBiz Inc"
"2026-01-01","17416","Rent","Global Office Ltd","Direct Consumer"
"2026-02-07","48229","Sales Revenue","Azure Utilities","Retail Giant A"
"2026-02-26","13935","Inventory","TechLogistics Corp","Retail Giant A"
"2026-02-18","9190","Inventory","TechLogistics Corp","Direct Consumer"
"2026-02-23","39311","Tax Provision","Azure Utilities","SmallBiz Inc"
"2026-03-12","8751","Rent","Global Office Ltd","SmallBiz Inc"
"2026-03-31","6281","Professional Fees","Global Office Ltd","SmallBiz Inc"
"2026-01-22","31596","Professional Fees","Global Office Ltd","Direct Consumer"
"2026-02-15","31121","Sales Revenue","Azure Utilities","Public Sector Dept"
"2026-03-30","34280","Sales Revenue","Global Office Ltd","Retail Giant A"
"2026-02-03","23998","Professional Fees","Azure Utilities","SmallBiz Inc"
"2026-02-04","5862","Rent","Prime Consulting","Retail Giant A"
"2026-02-21","7422","Sales Revenue","Prime Consulting","Retail Giant A"
"2026-01-18","4482","Professional Fees","TechLogistics Corp","Direct Consumer"
"2026-03-25","17207","Rent","Prime Consulting","SmallBiz Inc"
"2026-03-04","38756","Professional Fees","Azure Utilities","Public Sector Dept"
"2026-03-13","40925","Inventory","TechLogistics Corp","Direct Consumer"
"2026-01-30","7243","Tax Provision","Prime Consulting","Public Sector Dept"
"2026-03-31","37990","Tax Provision","TechLogistics Corp","Public Sector Dept"
"2026-02-16","21073","Tax Provision","Prime Consulting","SmallBiz Inc"
"2026-01-23","37051","Tax Provision","Global Office Ltd","Direct Consumer"
"2026-02-10","12666","Tax Provision","Global Office Ltd","Public Sector Dept"
"2026-01-22","38057","Inventory","Prime Consulting","SmallBiz Inc"
"2026-01-16","27365","Professional Fees","TechLogistics Corp","Retail Giant A"
"2026-01-17","26532","Professional Fees","Prime Consulting","Retail Giant A"
"2026-02-14","33594","Professional Fees","Prime Consulting","Public Sector Dept"
"2026-01-01","17152","Professional Fees","TechLogistics Corp","Retail Giant A"
"2026-01-02","46052","Tax Provision","TechLogistics Corp","SmallBiz Inc"
"2026-01-17","9409","Rent","TechLogistics Corp","Direct Consumer"
"2026-02-18","5143","Professional Fees","TechLogistics Corp","Direct Consumer"
"2026-01-17","38447","Professional Fees","Global Office Ltd","SmallBiz Inc"
"2026-03-03","45446","Inventory","Prime Consulting","SmallBiz Inc"
"2026-01-14","38952","Rent","Prime Consulting","Direct Consumer"
"2026-03-29","36719","Rent","Prime Consulting","Retail Giant A"
"2026-03-06","1142","Professional Fees","TechLogistics Corp","Public Sector Dept"
"2026-03-28","31665","Inventory","TechLogistics Corp","Public Sector Dept"
"2026-02-13","25348","Rent","Prime Consulting","Public Sector Dept"
"2026-02-21","36534","Rent","Global Office Ltd","Public Sector Dept"
"2026-01-29","16479","Sales Revenue","Global Office Ltd","Direct Consumer"
"2026-01-23","41988","Rent","Azure Utilities","Public Sector Dept"
"2026-03-23","22632","Professional Fees","Azure Utilities","Retail Giant A"
"2026-01-01","13583","Inventory","Global Office Ltd","Retail Giant A"
"2026-02-06","23089","Sales Revenue","Prime Consulting","Public Sector Dept"
"2026-02-18","44172","Sales Revenue","Azure Utilities","Direct Consumer"
"2026-01-16","32549","Inventory","TechLogistics Corp","Retail Giant A"
"2026-02-23","4099","Professional Fees","Azure Utilities","Direct Consumer"
"2026-01-05","3391","Sales Revenue","Azure Utilities","Retail Giant A"
"2026-01-29","34579","Rent","TechLogistics Corp","Public Sector Dept"
"2026-01-28","26590","Sales Revenue","Prime Consulting","Public Sector Dept"
"2026-02-01","21290","Rent","Azure Utilities","Direct Consumer"
"2026-01-15","33502","Sales Revenue","Azure Utilities","Retail Giant A"
"2026-03-10","20887","Rent","Azure Utilities","Retail Giant A"
"2026-01-26","22986","Sales Revenue","Azure Utilities","Retail Giant A"
"2026-01-19","17292","Sales Revenue","Azure Utilities","SmallBiz Inc"
"2026-03-03","49527","Rent","Azure Utilities","SmallBiz Inc"
"2026-03-10","34786","Inventory","Azure Utilities","SmallBiz Inc"
"2026-01-08","13844","Professional Fees","Global Office Ltd","SmallBiz Inc"
"2026-03-31","19899","Tax Provision","Prime Consulting","Public Sector Dept"
"2026-01-04","7752","Tax Provision","Prime Consulting","Public Sector Dept"
"2026-01-05","42268","Sales Revenue","Azure Utilities","Retail Giant A"
"2026-01-10","18678","Sales Revenue","Prime Consulting","Retail Giant A"
"2026-02-25","36559","Inventory","Prime Consulting","Direct Consumer"
"2026-02-19","23361","Tax Provision","Global Office Ltd","SmallBiz Inc"
"2026-02-15","8224","Tax Provision","Global Office Ltd","SmallBiz Inc"
"2026-02-01","14537","Tax Provision","Prime Consulting","Public Sector Dept"
"2026-03-19","30568","Rent","Global Office Ltd","Direct Consumer"
"2026-02-11","37823","Inventory","Azure Utilities","Direct Consumer"
"2026-02-04","35854","Professional Fees","TechLogistics Corp","Retail Giant A"
"2026-02-08","41330","Tax Provision","Prime Consulting","Public Sector Dept"
"2026-03-02","16668","Tax Provision","Azure Utilities","Public Sector Dept"
"2026-03-19","9885","Sales Revenue","Global Office Ltd","Public Sector Dept"
"2026-03-31","4214","Professional Fees","TechLogistics Corp","SmallBiz Inc"
"2026-03-21","27978","Rent","Global Office Ltd","Direct Consumer"
"2026-01-23","13539","Professional Fees","Global Office Ltd","Retail Giant A"
"2026-02-05","37321","Professional Fees","Azure Utilities","SmallBiz Inc"
"2026-01-30","41606","Professional Fees","Azure Utilities","Direct Consumer"
"2026-02-14","44763","Inventory","TechLogistics Corp","SmallBiz Inc"
"2026-01-16","46008","Inventory","Prime Consulting","Public Sector Dept"
"2026-01-18","20988","Professional Fees","Prime Consulting","Public Sector Dept"
"2026-01-28","14800","Professional Fees","Azure Utilities","Retail Giant A"
"2026-01-18","21373","Rent","Global Office Ltd","Direct Consumer"
"2026-01-15","21578","Sales Revenue","Global Office Ltd","Public Sector Dept"
"2026-01-04","23292","Inventory","Prime Consulting","Retail Giant A"
"2026-03-26","43044","Sales Revenue","Azure Utilities","Public Sector Dept"
"2026-02-23","32456","Sales Revenue","TechLogistics Corp","Retail Giant A"
"2026-02-09","11643","Inventory","TechLogistics Corp","SmallBiz Inc"
"2026-02-19","42260","Tax Provision","Azure Utilities","SmallBiz Inc"
"2026-03-18","41310","Sales Revenue","Prime Consulting","Public Sector Dept"
"2026-01-14","47087","Inventory","Prime Consulting","Retail Giant A"
"2026-02-03","45618","Sales Revenue","Prime Consulting","Direct Consumer"
"2026-02-12","46931","Sales Revenue","Global Office Ltd","Public Sector Dept"
"2026-01-16","13155","Sales Revenue","Prime Consulting","Retail Giant A"
"2026-02-15","44596","Tax Provision","Prime Consulting","Direct Consumer"
"2026-03-27","21868","Sales Revenue","TechLogistics Corp","Public Sector Dept"
"2026-02-18","48092","Tax Provision","Azure Utilities","SmallBiz Inc"
"2026-03-25","42590","Sales Revenue","Azure Utilities","Retail Giant A"
"2026-01-19","39888","Professional Fees","Global Office Ltd","Retail Giant A"
"2026-01-25","29567","Sales Revenue","Global Office Ltd","Retail Giant A"
"2026-02-19","12072","Sales Revenue","Azure Utilities","Public Sector Dept"
"2026-03-17","46750","Tax Provision","Azure Utilities","SmallBiz Inc"
"2026-02-18","12650","Inventory","Azure Utilities","Direct Consumer"
"2026-03-19","38692","Tax Provision","TechLogistics Corp","Public Sector Dept"
"2026-03-20","17600","Professional Fees","TechLogistics Corp","SmallBiz Inc"
"2026-02-09","17107","Inventory","Global Office Ltd","Retail Giant A"
"2026-03-10","8605","Tax Provision","Azure Utilities","Retail Giant A"
"2026-01-15","31887","Professional Fees","Prime Consulting","Retail Giant A"
"2026-01-20","13082","Rent","TechLogistics Corp","SmallBiz Inc"
"2026-02-11","22975","Rent","TechLogistics Corp","Retail Giant A"
"2026-02-16","17273","Rent","Prime Consulting","SmallBiz Inc"
"2026-01-24","38774","Inventory","Prime Consulting","Direct Consumer"
"2026-02-04","48327","Professional Fees","Global Office Ltd","SmallBiz Inc"
"2026-01-18","34577","Inventory","Azure Utilities","Public Sector Dept"
"2026-03-09","17929","Tax Provision","TechLogistics Corp","Direct Consumer"
"2026-01-16","44390","Tax Provision","Prime Consulting","Direct Consumer"
"2026-02-01","6269","Tax Provision","TechLogistics Corp","Public Sector Dept"
"2026-01-19","24306","Sales Revenue","Prime Consulting","SmallBiz Inc"
"2026-01-25","9990","Tax Provision","Prime Consulting","SmallBiz Inc"
"2026-01-13","25322","Inventory","Global Office Ltd","Direct Consumer"
"2026-01-30","1722","Sales Revenue","Azure Utilities","Direct Consumer"
"2026-03-20","23668","Rent","Azure Utilities","Retail Giant A"
"2026-03-12","14165","Tax Provision","Global Office Ltd","SmallBiz Inc"
"2026-01-07","43040","Inventory","Global Office Ltd","Direct Consumer"
"2026-03-09","11516","Sales Revenue","Prime Consulting","Retail Giant A"
"2026-02-26","47004","Rent","Prime Consulting","Retail Giant A"
"2026-01-17","22522","Sales Revenue","Prime Consulting","SmallBiz Inc"
"2026-02-15","23314","Tax Provision","TechLogistics Corp","Public Sector Dept"
"2026-02-13","36333","Sales Revenue","TechLogistics Corp","SmallBiz Inc"
"2026-01-26","1923","Rent","Global Office Ltd","Retail Giant A"
"2026-01-10","4046","Tax Provision","Azure Utilities","Retail Giant A"
"2026-01-18","44882","Tax Provision","Prime Consulting","Retail Giant A"
"2026-01-09","15473","Tax Provision","Azure Utilities","SmallBiz Inc"
"2026-02-15","12899","Tax Provision","Azure Utilities","Public Sector Dept"
"2026-02-02","19724","Inventory","Prime Consulting","Public Sector Dept"
"2026-03-08","8950","Inventory","Prime Consulting","SmallBiz Inc"
"2026-03-23","30229","Inventory","Prime Consulting","Direct Consumer"
"2026-03-03","4560","Sales Revenue","Azure Utilities","Public Sector Dept"
"2026-02-05","46227","Professional Fees","TechLogistics Corp","SmallBiz Inc"
"2026-03-04","45494","Professional Fees","Global Office Ltd","Direct Consumer"
"2026-01-28","44107","Sales Revenue","Global Office Ltd","Retail Giant A"
"2026-01-02","23434","Rent","Azure Utilities","SmallBiz Inc"
"2026-01-04","49509","Tax Provision","Prime Consulting","Direct Consumer"
"2026-03-09","5925","Inventory","Azure Utilities","SmallBiz Inc"
"2026-01-05","15342","Rent","TechLogistics Corp","SmallBiz Inc"
"2026-02-19","13129","Sales Revenue","Prime Consulting","SmallBiz Inc"
"2026-03-02","1837","Rent","TechLogistics Corp","Direct Consumer"
"2026-02-13","6693","Tax Provision","TechLogistics Corp","Retail Giant A"
"2026-03-14","15578","Tax Provision","Azure Utilities","Public Sector Dept"
"2026-02-21","29159","Professional Fees","Azure Utilities","Direct Consumer"
"2026-03-31","1406","Rent","Azure Utilities","Direct Consumer"
"2026-03-24","22634","Sales Revenue","Prime Consulting","Direct Consumer"
"2026-01-29","37685","Professional Fees","Azure Utilities","Direct Consumer"
"2026-01-27","49228","Inventory","Azure Utilities","Direct Consumer"
"2026-01-08","31059","Inventory","Prime Consulting","Public Sector Dept"
"2026-03-24","7964","Inventory","Azure Utilities","SmallBiz Inc"
"2026-03-14","9386","Professional Fees","Prime Consulting","Public Sector Dept"
"2026-01-31","43677","Inventory","Azure Utilities","SmallBiz Inc"
"2026-03-23","7689","Inventory","TechLogistics Corp","Public Sector Dept"
"2026-03-20","31615","Professional Fees","Prime Consulting","Public Sector Dept"
"2026-03-27","35170","Rent","Azure Utilities","Public Sector Dept"
"2026-01-04","7222","Inventory","TechLogistics Corp","Direct Consumer"
"2026-01-09","38780","Rent","Global Office Ltd","SmallBiz Inc"
"2026-02-08","22313","Sales Revenue","Global Office Ltd","Direct Consumer"
"2026-03-05","20904","Inventory","Global Office Ltd","Retail Giant A"
"2026-02-24","45782","Sales Revenue","Global Office Ltd","SmallBiz Inc"
"2026-01-16","8575","Inventory","TechLogistics Corp","Public Sector Dept"
"2026-03-29","49077","Professional Fees","Global Office Ltd","SmallBiz Inc"
"2026-02-26","24413","Rent","Azure Utilities","Public Sector Dept"
"2026-01-02","4877","Sales Revenue","Global Office Ltd","Direct Consumer"
"2026-03-23","15527","Sales Revenue","TechLogistics Corp","Direct Consumer"
"2026-03-30","37909","Inventory","Azure Utilities","SmallBiz Inc"
"2026-02-26","25040","Rent","Global Office Ltd","Public Sector Dept"
"2026-01-18","17688","Inventory","Azure Utilities","Direct Consumer"
"2026-02-23","19529","Professional Fees","TechLogistics Corp","Direct Consumer"
"2026-01-26","28073","Tax Provision","Global Office Ltd","Retail Giant A"
"2026-02-17","36711","Professional Fees","Prime Consulting","Direct Consumer"
"2026-02-16","36597","Professional Fees","Global Office Ltd","Public Sector Dept"
"2026-01-30","34317","Inventory","Global Office Ltd","Direct Consumer"
"2026-03-03","24942","Sales Revenue","TechLogistics Corp","Direct Consumer"
"2026-03-06","22767","Sales Revenue","Azure Utilities","Direct Consumer"
"2026-02-06","30513","Professional Fees","Prime Consulting","Retail Giant A"
"2026-01-02","20290","Tax Provision","Global Office Ltd","Direct Consumer"
"2026-03-01","14970","Tax Provision","Prime Consulting","Public Sector Dept"
"2026-03-08","9149","Rent","TechLogistics Corp","Retail Giant A"
"2026-03-27","32298","Professional Fees","Azure Utilities","Retail Giant A"
"2026-03-21","39534","Rent","Azure Utilities","Public Sector Dept"
"2026-02-13","40783","Tax Provision","Prime Consulting","Direct Consumer"
"2026-02-26","33217","Rent","Global Office Ltd","Retail Giant A"
"2026-02-11","29788","Tax Provision","Prime Consulting","Public Sector Dept"
"2026-01-05","48555","Inventory","Global Office Ltd","Public Sector Dept"
"2026-02-20","44891","Rent","TechLogistics Corp","Public Sector Dept"
"2026-02-09","15021","Tax Provision","Azure Utilities","Retail Giant A"
"2026-03-08","21253","Rent","Prime Consulting","Direct Consumer"
"2026-01-22","8212","Tax Provision","TechLogistics Corp","Retail Giant A"
"2026-01-28","18104","Sales Revenue","Prime Consulting","SmallBiz Inc"
"2026-01-06","23648","Rent","Azure Utilities","Retail Giant A"
"2026-02-17","39210","Professional Fees","TechLogistics Corp","Public Sector Dept"
"2026-01-27","35232","Inventory","Prime Consulting","SmallBiz Inc"
"2026-03-11","8860","Tax Provision","TechLogistics Corp","Public Sector Dept"
"2026-01-22","6054","Inventory","Prime Consulting","Direct Consumer"
"2026-03-05","14018","Rent","Global Office Ltd","Retail Giant A"
"2026-01-07","9910","Inventory","TechLogistics Corp","Direct Consumer"
"2026-03-19","3056","Rent","Prime Consulting","SmallBiz Inc"
"2026-03-31","7505","Inventory","Azure Utilities","Direct Consumer"
"2026-03-28","6365","Professional Fees","Prime Consulting","Public Sector Dept"
"2026-03-09","5074","Rent","Azure Utilities","SmallBiz Inc"
"2026-01-09","43757","Inventory","Prime Consulting","Public Sector Dept"
"2026-02-05","34705","Professional Fees","Prime Consulting","Retail Giant A"
"2026-01-15","16842","Rent","Global Office Ltd","Direct Consumer"
"2026-02-24","41657","Inventory","Azure Utilities","Retail Giant A"
"2026-01-07","37491","Tax Provision","Prime Consulting","Retail Giant A"
"2026-02-14","38778","Inventory","Azure Utilities","Direct Consumer"
"2026-01-18","8105","Tax Provision","Azure Utilities","SmallBiz Inc"
"2026-02-02","44769","Rent","Global Office Ltd","Direct Consumer"
"2026-01-22","28006","Rent","Azure Utilities","Direct Consumer"
"2026-02-20","39364","Professional Fees","TechLogistics Corp","Direct Consumer"
"2026-03-10","6606","Rent","TechLogistics Corp","Direct Consumer"
"2026-03-01","21719","Sales Revenue","Prime Consulting","Public Sector Dept"
"2026-01-04","9577","Inventory","TechLogistics Corp","Retail Giant A"
"2026-02-19","24056","Tax Provision","TechLogistics Corp","Direct Consumer"
"2026-03-05","28149","Sales Revenue","TechLogistics Corp","Retail Giant A"
"2026-03-15","35361","Rent","Azure Utilities","SmallBiz Inc"
"2026-01-25","29699","Professional Fees","Global Office Ltd","Retail Giant A"
"2026-02-22","21537","Rent","Global Office Ltd","Retail Giant A"
"2026-02-12","17810","Inventory","TechLogistics Corp","Public Sector Dept"
"2026-02-01","6019","Rent","TechLogistics Corp","Retail Giant A"
"2026-03-06","29085","Rent","TechLogistics Corp","Retail Giant A"
"2026-02-07","23935","Inventory","Global Office Ltd","Public Sector Dept"
"2026-01-16","31032","Rent","Global Office Ltd","Direct Consumer"
"2026-02-04","39997","Professional Fees","Prime Consulting","Direct Consumer"
"2026-02-20","22638","Rent","Global Office Ltd","Retail Giant A"
"2026-01-21","49234","Tax Provision","Prime Consulting","Retail Giant A"
"2026-02-09","23855","Inventory","Azure Utilities","Retail Giant A"
"2026-03-27","2056","Sales Revenue","Global Office Ltd","Direct Consumer"
"2026-01-25","22087","Inventory","Azure Utilities","Public Sector Dept"
"2026-02-16","24144","Rent","TechLogistics Corp","Public Sector Dept"
"2026-02-08","31010","Professional Fees","Global Office Ltd","Retail Giant A"
"2026-02-08","19149","Professional Fees","Global Office Ltd","SmallBiz Inc"
"2026-01-04","41103","Tax Provision","Prime Consulting","Direct Consumer"
"2026-01-02","34729","Rent","TechLogistics Corp","Public Sector Dept"
"2026-02-11","4393","Rent","Prime Consulting","Public Sector Dept"
"2026-01-15","29274","Professional Fees","Azure Utilities","Direct Consumer"
"2026-03-21","40093","Inventory","Global Office Ltd","Direct Consumer"
"2026-02-21","40644","Professional Fees","Prime Consulting","Retail Giant A"
"2026-03-11","8891","Rent","Azure Utilities","Retail Giant A"
"2026-01-22","32324","Tax Provision","Prime Consulting","Public Sector Dept"
"2026-01-10","28636","Inventory","Prime Consulting","Direct Consumer"
"2026-02-18","43112","Professional Fees","TechLogistics Corp","SmallBiz Inc"
"2026-02-26","36322","Inventory","Prime Consulting","SmallBiz Inc"
"2026-01-20","38002","Sales Revenue","Prime Consulting","SmallBiz Inc"
"2026-01-03","1615","Tax Provision","Prime Consulting","Direct Consumer"
"2026-03-29","49965","Sales Revenue","Prime Consulting","Direct Consumer"
"2026-03-28","23623","Rent","Azure Utilities","Public Sector Dept"
"2026-01-27","40615","Rent","TechLogistics Corp","SmallBiz Inc"
"2026-03-08","49682","Professional Fees","TechLogistics Corp","Public Sector Dept"
"2026-02-11","6137","Inventory","Azure Utilities","Retail Giant A"
"2026-03-26","20253","Tax Provision","Azure Utilities","Public Sector Dept"
"2026-03-13","47417","Sales Revenue","Global Office Ltd","Retail Giant A"
"2026-01-03","44111","Inventory","TechLogistics Corp","Retail Giant A"
"2026-03-25","40996","Professional Fees","Global Office Ltd","SmallBiz Inc"
"2026-02-10","4095","Rent","Prime Consulting","Public Sector Dept"
"2026-02-11","32278","Rent","Global Office Ltd","SmallBiz Inc"
"2026-02-28","31277","Sales Revenue","TechLogistics Corp","Retail Giant A"
"2026-01-05","11805","Rent","Azure Utilities","Direct Consumer"
"2026-01-17","17667","Inventory","Azure Utilities","Public Sector Dept"
"2026-02-19","42360","Sales Revenue","TechLogistics Corp","Retail Giant A"
"2026-03-07","41709","Rent","Global Office Ltd","SmallBiz Inc"
"2026-01-16","26330","Rent","Azure Utilities","Direct Consumer"
"2026-02-12","11798","Inventory","Global Office Ltd","SmallBiz Inc"
"2026-02-16","36413","Professional Fees","TechLogistics Corp","Direct Consumer"
"2026-03-30","31067","Tax Provision","Azure Utilities","SmallBiz Inc"
"2026-01-08","13490","Inventory","Global Office Ltd","Direct Consumer"
"2026-01-25","46943","Professional Fees","Global Office Ltd","Retail Giant A"
"2026-03-17","40717","Tax Provision","Global Office Ltd","Retail Giant A"
"2026-01-27","36403","Sales Revenue","Prime Consulting","SmallBiz Inc"
"2026-02-01","17077","Rent","Azure Utilities","Public Sector Dept"
"2026-02-20","42212","Sales Revenue","Global Office Ltd","SmallBiz Inc"
"2026-01-15","17345","Rent","Global Office Ltd","Direct Consumer"
"2026-02-09","34340","Rent","Global Office Ltd","Retail Giant A"
"2026-01-08","37567","Professional Fees","TechLogistics Corp","Retail Giant A"
"2026-03-20","19495","Professional Fees","TechLogistics Corp","Direct Consumer"
"2026-01-15","44792","Sales Revenue","Global Office Ltd","SmallBiz Inc"
"2026-03-29","15471","Tax Provision","Prime Consulting","Retail Giant A"
"2026-02-04","35251","Tax Provision","Global Office Ltd","Public Sector Dept"
"2026-01-17","10935","Inventory","Global Office Ltd","Public Sector Dept"
"2026-02-17","22905","Inventory","Azure Utilities","Public Sector Dept"
"2026-01-16","10019","Inventory","Global Office Ltd","SmallBiz Inc"
"2026-03-16","26117","Sales Revenue","Global Office Ltd","Direct Consumer"
"2026-01-10","40908","Inventory","Global Office Ltd","Direct Consumer"
"2026-01-03","34458","Professional Fees","Azure Utilities","Retail Giant A"
"2026-03-01","30593","Professional Fees","TechLogistics Corp","Direct Consumer"
"2026-02-12","41822","Professional Fees","Prime Consulting","Public Sector Dept"
"2026-03-21","43594","Inventory","Global Office Ltd","Retail Giant A"
"2026-03-23","18918","Inventory","Global Office Ltd","SmallBiz Inc"
"2026-03-05","40134","Sales Revenue","Prime Consulting","Retail Giant A"
"2026-03-31","12569","Inventory","Azure Utilities","Public Sector Dept"
"2026-03-30","44907","Rent","Global Office Ltd","Retail Giant A"
"2026-01-28","25689","Inventory","Global Office Ltd","SmallBiz Inc"
"2026-03-02","11597","Inventory","Azure Utilities","SmallBiz Inc"
"2026-03-23","45588","Rent","TechLogistics Corp","SmallBiz Inc"
"2026-03-30","26134","Tax Provision","TechLogistics Corp","Direct Consumer"
"2026-01-01","5117","Inventory","TechLogistics Corp","Direct Consumer"
"2026-03-24","3494","Inventory","Azure Utilities","SmallBiz Inc"
"2026-03-08","20447","Rent","Global Office Ltd","SmallBiz Inc"
"2026-01-14","2069","Tax Provision","Azure Utilities","Direct Consumer"
"2026-03-23","6927","Tax Provision","Global Office Ltd","Retail Giant A"
"2026-01-21","24735","Professional Fees","TechLogistics Corp","Retail Giant A"
"2026-03-28","15265","Inventory","Azure Utilities","SmallBiz Inc"
"2026-03-07","25472","Inventory","TechLogistics Corp","Retail Giant A"
"2026-01-22","39185","Tax Provision","Global Office Ltd","SmallBiz Inc"
"2026-01-31","5950","Rent","Global Office Ltd","Direct Consumer"
"2026-02-05","34440","Professional Fees","Prime Consulting","Direct Consumer"
"2026-03-28","22784","Inventory","Azure Utilities","Public Sector Dept"
"2026-01-28","24096","Rent","Azure Utilities","SmallBiz Inc"
"2026-02-14","37905","Professional Fees","Prime Consulting","Direct Consumer"
"2026-01-15","19372","Sales Revenue","Prime Consulting","Retail Giant A"
"2026-01-02","4368","Professional Fees","Azure Utilities","Retail Giant A"
"2026-02-24","32348","Rent","Prime Consulting","SmallBiz Inc"
"2026-02-07","1222","Sales Revenue","TechLogistics Corp","Direct Consumer"
"2026-02-14","47362","Tax Provision","TechLogistics Corp","Direct Consumer"
"2026-01-06","42774","Inventory","TechLogistics Corp","SmallBiz Inc"
"2026-03-25","11901","Inventory","Global Office Ltd","Public Sector Dept"
"2026-02-10","14475","Sales Revenue","Azure Utilities","SmallBiz Inc"
"2026-02-15","21928","Sales Revenue","Azure Utilities","Direct Consumer"
"2026-03-16","14065","Sales Revenue","Azure Utilities","Retail Giant A"
"2026-01-08","6877","Professional Fees","Prime Consulting","SmallBiz Inc"
"2026-03-13","4573","Tax Provision","Prime Consulting","Direct Consumer"
"2026-03-14","39197","Rent","Global Office Ltd","Direct Consumer"
"2026-02-15","30967","Inventory","Prime Consulting","Public Sector Dept"
"2026-02-01","49619","Rent","Global Office Ltd","Direct Consumer"
"2026-03-02","26245","Inventory","Azure Utilities","Retail Giant A"
"2026-03-27","32051","Professional Fees","Azure Utilities","Direct Consumer"
"2026-01-26","20264","Inventory","Global Office Ltd","SmallBiz Inc"
"2026-01-22","33635","Inventory","TechLogistics Corp","Retail Giant A"
"2026-01-05","22913","Rent","TechLogistics Corp","Retail Giant A"
"2026-03-22","7316","Rent","Prime Consulting","Public Sector Dept"
"2026-01-12","8787","Tax Provision","Global Office Ltd","Direct Consumer"
"2026-01-26","6875","Rent","Prime Consulting","Public Sector Dept"
"2026-01-22","20606","Sales Revenue","Prime Consulting","SmallBiz Inc"
"2026-02-13","12695","Sales Revenue","Prime Consulting","Public Sector Dept"
"2026-03-06","9473","Inventory","Prime Consulting","Public Sector Dept"
"2026-03-09","11355","Sales Revenue","Global Office Ltd","SmallBiz Inc"
"2026-03-06","26242","Sales Revenue","Global Office Ltd","Retail Giant A"
"2026-03-16","27664","Professional Fees","Global Office Ltd","Retail Giant A"
"2026-02-18","28475","Inventory","Global Office Ltd","Public Sector Dept"
"2026-01-04","8139","Rent","Prime Consulting","Retail Giant A"
"2026-02-27","21414","Inventory","Global Office Ltd","SmallBiz Inc"
"2026-03-21","9732","Sales Revenue","Global Office Ltd","Public Sector Dept"
"2026-02-02","18288","Sales Revenue","Global Office Ltd","Direct Consumer"
"2026-02-21","23405","Rent","TechLogistics Corp","Direct Consumer"
"2026-01-14","8856","Sales Revenue","Prime Consulting","Direct Consumer"
"2026-02-08","15002","Inventory","Prime Consulting","Public Sector Dept"
"2026-02-17","41209","Sales Revenue","Azure Utilities","Direct Consumer"
"2026-03-29","10620","Rent","Prime Consulting","Public Sector Dept"
"2026-03-24","7609","Tax Provision","Global Office Ltd","Direct Consumer"
"2026-02-18","10842","Professional Fees","Prime Consulting","Retail Giant A"
"2026-02-10","8347","Rent","Azure Utilities","Public Sector Dept"
"2026-01-03","49281","Rent","Azure Utilities","Direct Consumer"
"2026-01-29","48515","Sales Revenue","TechLogistics Corp","SmallBiz Inc"
"2026-01-18","30900","Rent","TechLogistics Corp","Retail Giant A"
"2026-01-21","39032","Inventory","TechLogistics Corp","SmallBiz Inc"
"2026-03-08","46477","Inventory","Azure Utilities","Direct Consumer"
"2026-02-11","28807","Tax Provision","TechLogistics Corp","Retail Giant A"
"2026-02-23","20552","Professional Fees","TechLogistics Corp","Retail Giant A"
"2026-02-23","23930","Tax Provision","TechLogistics Corp","Retail Giant A"
"2026-02-12","11237","Tax Provision","Global Office Ltd","Direct Consumer"
"2026-03-30","36797","Sales Revenue","Global Office Ltd","Public Sector Dept"
"2026-02-02","41799","Professional Fees","TechLogistics Corp","Direct Consumer"
"2026-02-25","43309","Professional Fees","TechLogistics Corp","SmallBiz Inc"
"2026-03-19","3086","Professional Fees","TechLogistics Corp","Retail Giant A"
"2026-02-15","40035","Tax Provision","Azure Utilities","Public Sector Dept"
"2026-02-22","10625","Sales Revenue","TechLogistics Corp","Public Sector Dept"
"2026-01-01","14203","Rent","Azure Utilities","Retail Giant A"
"2026-02-22","42110","Tax Provision","Global Office Ltd","Direct Consumer"
"2026-02-20","43790","Professional Fees","TechLogistics Corp","SmallBiz Inc"
"2026-03-05","12018","Sales Revenue","Azure Utilities","Public Sector Dept"
"2026-03-04","43062","Professional Fees","Global Office Ltd","Public Sector Dept"
"2026-03-29","8638","Inventory","Azure Utilities","SmallBiz Inc"
"2026-02-24","16531","Rent","Global Office Ltd","Public Sector Dept"
"2026-02-04","29270","Inventory","Global Office Ltd","Direct Consumer"
"2026-02-09","43790","Professional Fees","TechLogistics Corp","SmallBiz Inc"
"2026-01-14","44942","Sales Revenue","Azure Utilities","Retail Giant A"
"2026-03-22","23052","Professional Fees","Global Office Ltd","Direct Consumer"
"2026-03-21","13143","Inventory","Prime Consulting","Public Sector Dept"
"2026-02-22","42910","Professional Fees","TechLogistics Corp","SmallBiz Inc"
"2026-03-20","11328","Professional Fees","TechLogistics Corp","Retail Giant A"
"2026-03-04","44496","Rent","Azure Utilities","Public Sector Dept"
"2026-01-07","40879","Inventory","Global Office Ltd","SmallBiz Inc"
"2026-01-28","47391","Professional Fees","Prime Consulting","Direct Consumer"
"2026-01-01","35437","Inventory","Azure Utilities","Retail Giant A"
"2026-03-08","35334","Professional Fees","Azure Utilities","Retail Giant A"
"2026-02-12","9830","Inventory","Azure Utilities","SmallBiz Inc"
"2026-01-27","21070","Inventory","Global Office Ltd","Public Sector Dept"
"2026-01-10","24857","Inventory","Global Office Ltd","SmallBiz Inc"
"2026-02-14","34499","Sales Revenue","Azure Utilities","Retail Giant A"
"2026-03-29","17784","Professional Fees","Prime Consulting","Retail Giant A"
"2026-01-20","39749","Inventory","Global Office Ltd","SmallBiz Inc"
"2026-02-05","31646","Professional Fees","Global Office Ltd","Public Sector Dept"
"2026-01-25","9451","Rent","Azure Utilities","SmallBiz Inc"
"2026-03-30","30409","Tax Provision","Azure Utilities","Direct Consumer"
"2026-01-06","35653","Inventory","Prime Consulting","SmallBiz Inc"
"2026-02-24","4061","Rent","Azure Utilities","Public Sector Dept"
"2026-01-12","3990","Professional Fees","Prime Consulting","Public Sector Dept"
"2026-03-21","29441","Rent","Global Office Ltd","Public Sector Dept"
"2026-03-02","41841","Sales Revenue","Global Office Ltd","Direct Consumer"
"2026-03-07","5862","Tax Provision","Global Office Ltd","Retail Giant A"
"2026-02-12","40603","Rent","Azure Utilities","SmallBiz Inc"
"2026-03-26","43429","Tax Provision","Prime Consulting","SmallBiz Inc"
"2026-01-25","18728","Inventory","Global Office Ltd","Public Sector Dept"
"2026-03-31","9687","Tax Provision","Global Office Ltd","Retail Giant A"
"2026-01-27","17026","Professional Fees","Prime Consulting","Public Sector Dept"
"2026-01-02","17556","Inventory","Prime Consulting","Retail Giant A"
"2026-02-18","36275","Tax Provision","TechLogistics Corp","SmallBiz Inc"
"2026-02-01","31613","Professional Fees","Azure Utilities","SmallBiz Inc"
"2026-01-21","33047","Sales Revenue","Global Office Ltd","Retail Giant A"
"2026-03-28","20211","Inventory","Prime Consulting","Direct Consumer"
"2026-02-03","9969","Professional Fees","TechLogistics Corp","Public Sector Dept"
"2026-01-25","23075","Rent","TechLogistics Corp","Public Sector Dept"
"2026-03-28","9588","Professional Fees","Azure Utilities","Retail Giant A"
"2026-02-11","38552","Professional Fees","TechLogistics Corp","Retail Giant A"
"2026-03-13","2244","Rent","Azure Utilities","SmallBiz Inc"
"2026-01-28","46965","Inventory","Global Office Ltd","Direct Consumer"
"2026-02-11","31709","Professional Fees","Global Office Ltd","Direct Consumer"
"2026-01-20","13151","Professional Fees","Global Office Ltd","Direct Consumer"
"2026-01-26","36039","Rent","Prime Consulting","Retail Giant A"
"2026-01-14","23501","Tax Provision","Prime Consulting","Direct Consumer"
"2026-02-18","16726","Professional Fees","Global Office Ltd","Retail Giant A"
"2026-03-02","14158","Sales Revenue","Azure Utilities","Retail Giant A"
"2026-02-08","31927","Professional Fees","TechLogistics Corp","Direct Consumer"
"2026-02-23","16741","Professional Fees","TechLogistics Corp","Retail Giant A"
"2026-02-09","34377","Tax Provision","TechLogistics Corp","Public Sector Dept"
"2026-03-23","12105","Tax Provision","Prime Consulting","Direct Consumer"
"2026-01-16","1127","Professional Fees","Global Office Ltd","Public Sector Dept"
"2026-02-05","42647","Rent","Azure Utilities","Direct Consumer"
"2026-01-21","2048","Tax Provision","Azure Utilities","SmallBiz Inc"
"2026-01-20","39684","Tax Provision","Global Office Ltd","Direct Consumer"
"2026-01-26","34235","Sales Revenue","Azure Utilities","Direct Consumer"
"2026-01-23","18402","Tax Provision","TechLogistics Corp","Public Sector Dept"
"2026-03-31","5046","Sales Revenue","Azure Utilities","Public Sector Dept"
"2026-01-06","33226","Inventory","Prime Consulting","Retail Giant A"
"2026-03-15","33839","Rent","Prime Consulting","Direct Consumer"
"2026-02-22","5319","Sales Revenue","Prime Consulting","Retail Giant A"
"2026-02-25","8363","Rent","Prime Consulting","Direct Consumer"
"2026-03-16","23292","Inventory","Prime Consulting","SmallBiz Inc"
"2026-01-03","27872","Inventory","Azure Utilities","Retail Giant A"
"2026-01-04","9114","Tax Provision","Azure Utilities","Public Sector Dept"
"2026-03-30","25553","Inventory","Azure Utilities","Retail Giant A"
"2026-03-05","35519","Rent","Prime Consulting","SmallBiz Inc"
"2026-02-22","5141","Inventory","Global Office Ltd","SmallBiz Inc"
"2026-02-23","16668","Sales Revenue","TechLogistics Corp","Public Sector Dept"
"2026-01-19","38907","Inventory","Prime Consulting","SmallBiz Inc"
"2026-01-31","42844","Sales Revenue","Global Office Ltd","Direct Consumer"
"2026-02-27","34440","Tax Provision","Azure Utilities","Public Sector Dept"
"2026-03-19","15845","Inventory","Global Office Ltd","Public Sector Dept"
"2026-01-03","20424","Inventory","TechLogistics Corp","Public Sector Dept"
"2026-01-20","48075","Sales Revenue","Global Office Ltd","Direct Consumer"
"2026-01-07","24195","Sales Revenue","Azure Utilities","Public Sector Dept"
"2026-02-14","38893","Tax Provision","Prime Consulting","SmallBiz Inc"
"2026-02-18","4183","Tax Provision","TechLogistics Corp","SmallBiz Inc"
"2026-02-14","12204","Inventory","Azure Utilities","SmallBiz Inc"
"2026-03-12","24117","Rent","TechLogistics Corp","SmallBiz Inc"
"2026-02-27","17558","Rent","TechLogistics Corp","Retail Giant A"
"2026-03-15","32213","Rent","Prime Consulting","Direct Consumer"
"2026-03-07","16863","Rent","TechLogistics Corp","Direct Consumer"
"2026-01-26","40348","Professional Fees","Global Office Ltd","Retail Giant A"
"2026-03-01","21194","Rent","Global Office Ltd","SmallBiz Inc"
"2026-01-20","49663","Professional Fees","Global Office Ltd","SmallBiz Inc"
"2026-01-19","36914","Rent","Global Office Ltd","Direct Consumer"
"2026-02-22","16299","Inventory","TechLogistics Corp","Direct Consumer"
"2026-03-12","49401","Inventory","Global Office Ltd","Retail Giant A"
"2026-02-19","45669","Inventory","Azure Utilities","SmallBiz Inc"
"2026-03-19","10249","Sales Revenue","TechLogistics Corp","SmallBiz Inc"
"2026-02-16","21459","Sales Revenue","TechLogistics Corp","Direct Consumer"
"2026-01-22","9408","Sales Revenue","TechLogistics Corp","Retail Giant A"
"2026-01-20","23013","Inventory","Global Office Ltd","Retail Giant A"
"2026-03-06","28052","Professional Fees","Prime Consulting","Direct Consumer"
"2026-02-20","22663","Professional Fees","Azure Utilities","Direct Consumer"
"2026-02-23","44155","Rent","Prime Consulting","Public Sector Dept"
"2026-02-03","6523","Professional Fees","TechLogistics Corp","Public Sector Dept"
"2026-01-21","9278","Sales Revenue","Azure Utilities","Public Sector Dept"
"2026-01-01","26035","Tax Provision","TechLogistics Corp","Direct Consumer"
"2026-01-13","35904","Tax Provision","Global Office Ltd","SmallBiz Inc"
"2026-01-17","20090","Inventory","Global Office Ltd","SmallBiz Inc"
"2026-03-06","33809","Professional Fees","Prime Consulting","Retail Giant A"
"2026-02-19","49915","Tax Provision","Global Office Ltd","Direct Consumer"
"2026-01-17","46328","Tax Provision","Global Office Ltd","Direct Consumer"
"2026-02-07","40382","Tax Provision","Global Office Ltd","SmallBiz Inc"
"2026-01-21","11689","Inventory","Azure Utilities","Retail Giant A"
"2026-02-10","25321","Rent","TechLogistics Corp","Public Sector Dept"
"2026-01-16","11915","Tax Provision","Prime Consulting","Retail Giant A"
"2026-03-10","41091","Sales Revenue","TechLogistics Corp","SmallBiz Inc"
"2026-03-16","1411","Rent","TechLogistics Corp","Public Sector Dept"
"2026-02-27","28745","Sales Revenue","Azure Utilities","Retail Giant A"
"2026-02-17","16709","Tax Provision","TechLogistics Corp","Retail Giant A"
"2026-01-24","11859","Rent","Global Office Ltd","Retail Giant A"
"2026-03-09","17515","Professional Fees","Global Office Ltd","Public Sector Dept"
"2026-02-13","6456","Inventory","Azure Utilities","SmallBiz Inc"
"2026-01-25","22839","Sales Revenue","TechLogistics Corp","Direct Consumer"
"2026-01-12","16385","Sales Revenue","Global Office Ltd","Direct Consumer"
"2026-01-19","28424","Rent","Prime Consulting","SmallBiz Inc"
"2026-01-30","32399","Rent","Global Office Ltd","Direct Consumer"
"2026-01-24","32193","Professional Fees","TechLogistics Corp","Public Sector Dept"
"2026-01-19","41285","Rent","TechLogistics Corp","Direct Consumer"
"2026-01-04","1007","Sales Revenue","Azure Utilities","Public Sector Dept"
"2026-03-29","47455","Sales Revenue","Global Office Ltd","Public Sector Dept"
"2026-01-21","43513","Sales Revenue","Prime Consulting","Direct Consumer"
"2026-01-18","34340","Professional Fees","Prime Consulting","Public Sector Dept"
"2026-01-04","8203","Rent","TechLogistics Corp","Public Sector Dept"
"2026-02-26","43179","Tax Provision","Global Office Ltd","Direct Consumer"
"2026-03-22","32434","Tax Provision","TechLogistics Corp","Retail Giant A"
"2026-01-19","15461","Tax Provision","Global Office Ltd","Retail Giant A"
"2026-02-08","13680","Rent","TechLogistics Corp","Public Sector Dept"
"2026-03-27","37870","Inventory","TechLogistics Corp","Direct Consumer"
"2026-02-16","25047","Rent","Prime Consulting","Public Sector Dept"
"2026-02-16","20196","Professional Fees","Global Office Ltd","Retail Giant A"
"2026-01-20","45779","Inventory","TechLogistics Corp","SmallBiz Inc"
"2026-02-25","18116","Tax Provision","Azure Utilities","Public Sector Dept"
"2026-01-29","30026","Professional Fees","Prime Consulting","SmallBiz Inc"
"2026-02-21","17415","Tax Provision","Prime Consulting","SmallBiz Inc"
"2026-02-03","20493","Rent","Azure Utilities","SmallBiz Inc"
"2026-01-12","30513","Professional Fees","Azure Utilities","Public Sector Dept"
"2026-01-17","4989","Tax Provision","Prime Consulting","Public Sector Dept"
"2026-03-13","32652","Sales Revenue","Prime Consulting","Retail Giant A"
"2026-02-16","22055","Inventory","Global Office Ltd","Public Sector Dept"
"2026-02-25","4831","Rent","Azure Utilities","Retail Giant A"
"2026-03-01","12902","Rent","Prime Consulting","Public Sector Dept"
"2026-02-14","25760","Professional Fees","Global Office Ltd","SmallBiz Inc"
"2026-01-27","40296","Sales Revenue","Azure Utilities","Retail Giant A"
"2026-02-16","2860","Tax Provision","Azure Utilities","Direct Consumer"
"2026-01-27","4876","Rent","Prime Consulting","Retail Giant A"
"2026-03-25","33241","Inventory","Azure Utilities","Public Sector Dept"
"2026-02-05","31417","Sales Revenue","Global Office Ltd","SmallBiz Inc"
"2026-02-06","6583","Sales Revenue","Global Office Ltd","Public Sector Dept"
"2026-03-18","7687","Tax Provision","Prime Consulting","Public Sector Dept"
"2026-02-16","6491","Professional Fees","Prime Consulting","Retail Giant A"
"2026-03-30","7524","Tax Provision","TechLogistics Corp","Public Sector Dept"
"2026-01-15","49216","Inventory","Azure Utilities","SmallBiz Inc"
"2026-03-28","10743","Rent","Global Office Ltd","SmallBiz Inc"
"2026-03-19","13822","Professional Fees","Global Office Ltd","Direct Consumer"
"2026-01-26","26402","Rent","Prime Consulting","SmallBiz Inc"
"2026-02-09","37027","Rent","Global Office Ltd","Direct Consumer"
"2026-02-09","45242","Rent","Global Office Ltd","Direct Consumer"
"2026-02-24","5443","Rent","Global Office Ltd","SmallBiz Inc"
"2026-03-08","40739","Tax Provision","Azure Utilities","Retail Giant A"
"2026-02-11","24818","Inventory","Azure Utilities","SmallBiz Inc"
"2026-03-29","12203","Professional Fees","Global Office Ltd","Direct Consumer"
"2026-01-28","6686","Rent","TechLogistics Corp","Direct Consumer"
"2026-03-14","29947","Tax Provision","Global Office Ltd","Public Sector Dept"
"2026-03-11","34190","Tax Provision","TechLogistics Corp","Retail Giant A"
"2026-02-18","23273","Sales Revenue","Azure Utilities","Public Sector Dept"
"2026-01-15","44038","Inventory","TechLogistics Corp","Retail Giant A"
"2026-02-10","2519","Inventory","Prime Consulting","Retail Giant A"
"2026-03-09","1320","Professional Fees","Global Office Ltd","SmallBiz Inc"
"2026-02-10","25533","Rent","Azure Utilities","Direct Consumer"
"2026-02-03","45586","Sales Revenue","Prime Consulting","SmallBiz Inc"
"2026-02-17","19672","Rent","TechLogistics Corp","Direct Consumer"
"2026-01-25","6152","Professional Fees","Azure Utilities","Public Sector Dept"
"2026-02-15","4483","Tax Provision","Azure Utilities","Retail Giant A"
"2026-02-24","15520","Professional Fees","Azure Utilities","Public Sector Dept"
"2026-02-09","9098","Inventory","Azure Utilities","Direct Consumer"
"2026-02-16","43204","Sales Revenue","Global Office Ltd","Direct Consumer"
"2026-01-04","24647","Professional Fees","Prime Consulting","Retail Giant A"
"2026-01-24","35445","Tax Provision","TechLogistics Corp","SmallBiz Inc"
"2026-01-29","18906","Rent","Azure Utilities","Direct Consumer"
"2026-02-26","33420","Inventory","Prime Consulting","Retail Giant A"
"2026-01-21","14598","Tax Provision","Global Office Ltd","Public Sector Dept"
"2026-02-13","44901","Sales Revenue","Azure Utilities","Direct Consumer"
"2026-03-16","46534","Tax Provision","TechLogistics Corp","SmallBiz Inc"
"2026-02-09","1022","Inventory","Prime Consulting","Retail Giant A"
"2026-03-23","6404","Rent","Global Office Ltd","Direct Consumer"
"2026-03-03","9510","Rent","Azure Utilities","Direct Consumer"
"2026-03-07","38941","Tax Provision","TechLogistics Corp","SmallBiz Inc"
"2026-03-01","30943","Rent","Azure Utilities","Retail Giant A"
"2026-03-02","13247","Inventory","Prime Consulting","SmallBiz Inc"
"2026-03-19","15076","Professional Fees","TechLogistics Corp","SmallBiz Inc"
"2026-02-07","13981","Professional Fees","Prime Consulting","Direct Consumer"
"2026-03-01","11977","Tax Provision","Azure Utilities","Direct Consumer"
"2026-01-30","45363","Rent","Azure Utilities","SmallBiz Inc"
"2026-03-10","20884","Inventory","TechLogistics Corp","Retail Giant A"
"2026-03-20","7859","Tax Provision","Prime Consulting","Retail Giant A"
"2026-01-09","7629","Rent","TechLogistics Corp","Retail Giant A"
"2026-01-06","22390","Tax Provision","Prime Consulting","SmallBiz Inc"
"2026-01-15","49918","Inventory","Global Office Ltd","Direct Consumer"
"2026-03-14","6235","Rent","Prime Consulting","SmallBiz Inc"
"2026-01-04","43431","Sales Revenue","Prime Consulting","SmallBiz Inc"
"2026-01-18","31707","Rent","Azure Utilities","SmallBiz Inc"
"2026-02-03","11877","Sales Revenue","TechLogistics Corp","Direct Consumer"
"2026-03-24","40834","Inventory","TechLogistics Corp","Public Sector Dept"
"2026-01-26","21611","Tax Provision","Global Office Ltd","Retail Giant A"
"2026-03-07","36537","Inventory","Prime Consulting","Direct Consumer"
"2026-02-01","40286","Professional Fees","Azure Utilities","Retail Giant A"
"2026-02-13","19408","Tax Provision","Prime Consulting","Public Sector Dept"
"2026-03-12","41625","Tax Provision","TechLogistics Corp","Public Sector Dept"
"2026-03-08","48407","Sales Revenue","TechLogistics Corp","SmallBiz Inc"
"2026-03-12","4602","Inventory","Prime Consulting","Retail Giant A"
"2026-01-02","17614","Professional Fees","TechLogistics Corp","Retail Giant A"
"2026-02-16","45171","Professional Fees","Azure Utilities","Public Sector Dept"
"2026-03-11","26235","Tax Provision","Prime Consulting","Public Sector Dept"
"2026-01-09","6251","Rent","Prime Consulting","SmallBiz Inc"
"2026-02-05","39998","Rent","Azure Utilities","Retail Giant A"
"2026-02-03","15770","Rent","Azure Utilities","SmallBiz Inc"
"2026-01-13","49569","Professional Fees","TechLogistics Corp","Public Sector Dept"
"2026-02-27","48643","Rent","TechLogistics Corp","SmallBiz Inc"
"2026-02-11","1943","Professional Fees","Prime Consulting","Retail Giant A"
"2026-01-16","17324","Tax Provision","Prime Consulting","Direct Consumer"
"2026-03-24","43749","Rent","Prime Consulting","Retail Giant A"
"2026-03-18","3292","Sales Revenue","Prime Consulting","SmallBiz Inc"
"2026-02-23","32018","Inventory","Global Office Ltd","SmallBiz Inc"
"2026-01-24","13734","Professional Fees","Prime Consulting","SmallBiz Inc"
"2026-02-18","30570","Inventory","Azure Utilities","Retail Giant A"
"2026-02-01","11292","Inventory","Global Office Ltd","Public Sector Dept"
"2026-02-18","37017","Professional Fees","Global Office Ltd","Retail Giant A"
"2026-02-07","22838","Professional Fees","Azure Utilities","SmallBiz Inc"
"2026-02-21","46499","Sales Revenue","Azure Utilities","SmallBiz Inc"
"2026-02-22","18250","Inventory","TechLogistics Corp","Direct Consumer"
"2026-02-22","6475","Inventory","Prime Consulting","Direct Consumer"
"2026-01-08","14493","Professional Fees","TechLogistics Corp","SmallBiz Inc"
"2026-03-23","36816","Tax Provision","Prime Consulting","Public Sector Dept"
"2026-02-21","2291","Rent","Azure Utilities","Retail Giant A"
"2026-02-26","49099","Rent","Prime Consulting","Direct Consumer"
"2026-02-03","19410","Inventory","Azure Utilities","Public Sector Dept"
"2026-01-13","12836","Sales Revenue","Azure Utilities","SmallBiz Inc"
"2026-03-23","42128","Tax Provision","Azure Utilities","Public Sector Dept"
"2026-03-11","8472","Inventory","TechLogistics Corp","Direct Consumer"
"2026-01-03","41726","Professional Fees","Prime Consulting","Retail Giant A"
"2026-01-06","27016","Sales Revenue","Prime Consulting","SmallBiz Inc"
"2026-01-16","40065","Rent","Azure Utilities","Retail Giant A"
"2026-03-30","48484","Tax Provision","TechLogistics Corp","Public Sector Dept"
"2026-01-02","15998","Sales Revenue","Azure Utilities","Direct Consumer"
"2026-01-15","41847","Inventory","Prime Consulting","Retail Giant A"
"2026-01-19","21429","Rent","TechLogistics Corp","SmallBiz Inc"
"2026-03-03","24039","Sales Revenue","Azure Utilities","Direct Consumer"
"2026-01-27","36982","Sales Revenue","Prime Consulting","Retail Giant A"
"2026-03-31","27833","Rent","Azure Utilities","Direct Consumer"
"2026-01-09","23912","Professional Fees","Global Office Ltd","SmallBiz Inc"
"2026-03-05","34815","Inventory","Global Office Ltd","SmallBiz Inc"
"2026-03-05","38383","Tax Provision","Global Office Ltd","Public Sector Dept"
"2026-01-04","4153","Sales Revenue","Prime Consulting","Retail Giant A"
"2026-03-27","10821","Sales Revenue","TechLogistics Corp","SmallBiz Inc"
"2026-02-18","24229","Inventory","Prime Consulting","Direct Consumer"
"2026-01-20","4822","Rent","Global Office Ltd","SmallBiz Inc"
"2026-01-01","5453","Sales Revenue","Global Office Ltd","Direct Consumer"
"2026-03-14","13011","Rent","Azure Utilities","Direct Consumer"
"2026-03-06","13466","Inventory","Azure Utilities","Public Sector Dept"
"2026-01-14","47623","Professional Fees","Azure Utilities","Public Sector Dept"
"2026-03-16","20922","Sales Revenue","Prime Consulting","Direct Consumer"
"2026-01-17","40566","Rent","Prime Consulting","SmallBiz Inc"
"2026-02-06","1085","Professional Fees","Global Office Ltd","Retail Giant A"
"2026-03-14","3312","Sales Revenue","TechLogistics Corp","SmallBiz Inc"
"2026-01-16","3074","Sales Revenue","Prime Consulting","SmallBiz Inc"
"2026-02-20","28296","Sales Revenue","Azure Utilities","Direct Consumer"
"2026-01-22","9204","Sales Revenue","Azure Utilities","Direct Consumer"
"2026-01-16","13862","Inventory","Azure Utilities","Retail Giant A"
"2026-01-14","37470","Tax Provision","Prime Consulting","Retail Giant A"
"2026-01-03","32254","Rent","TechLogistics Corp","Direct Consumer"
"2026-03-13","25269","Rent","Global Office Ltd","SmallBiz Inc"
"2026-02-04","42914","Inventory","Prime Consulting","Retail Giant A"
"2026-01-15","29423","Tax Provision","TechLogistics Corp","Direct Consumer"
"2026-03-30","46995","Rent","Prime Consulting","Direct Consumer"
"2026-03-09","45328","Sales Revenue","Global Office Ltd","Public Sector Dept"
"2026-01-08","25835","Inventory","Azure Utilities","Retail Giant A"
"2026-01-13","48614","Professional Fees","TechLogistics Corp","Retail Giant A"
"2026-03-12","28296","Sales Revenue","TechLogistics Corp","Public Sector Dept"
"2026-03-14","38037","Rent","Global Office Ltd","Public Sector Dept"
"2026-02-14","7327","Inventory","Prime Consulting","Public Sector Dept"
"2026-02-18","35820","Tax Provision","Azure Utilities","SmallBiz Inc"
"2026-03-08","44104","Professional Fees","Prime Consulting","Public Sector Dept"
"2026-03-07","25814","Rent","Global Office Ltd","Public Sector Dept"
"2026-02-16","31995","Sales Revenue","Global Office Ltd","Retail Giant A"
"2026-02-02","2824","Inventory","Global Office Ltd","Public Sector Dept"
"2026-01-02","13867","Inventory","Global Office Ltd","Public Sector Dept"
"2026-01-20","46410","Tax Provision","Global Office Ltd","Retail Giant A"
"2026-03-08","6176","Professional Fees","Prime Consulting","SmallBiz Inc"
"2026-01-03","3668","Sales Revenue","Azure Utilities","Retail Giant A"
"2026-01-25","41469","Inventory","Prime Consulting","Retail Giant A"
"2026-03-26","47465","Sales Revenue","Azure Utilities","SmallBiz Inc"
"2026-03-07","34976","Tax Provision","Prime Consulting","Retail Giant A"
"2026-02-28","13154","Inventory","TechLogistics Corp","Public Sector Dept"
"2026-01-23","19292","Tax Provision","Prime Consulting","SmallBiz Inc"
"2026-02-23","33368","Professional Fees","Azure Utilities","Retail Giant A"
"2026-01-17","35567","Rent","Global Office Ltd","Public Sector Dept"
"2026-03-20","10502","Tax Provision","Prime Consulting","Public Sector Dept"
"2026-01-13","22196","Rent","Global Office Ltd","SmallBiz Inc"
"2026-03-09","35424","Inventory","Global Office Ltd","Public Sector Dept"
"2026-03-12","2132","Sales Revenue","TechLogistics Corp","Retail Giant A"
"2026-03-10","45466","Rent","Prime Consulting","Direct Consumer"
"2026-03-14","30212","Professional Fees","TechLogistics Corp","Public Sector Dept"
"2026-01-14","1086","Rent","Global Office Ltd","Direct Consumer"
"2026-01-12","41102","Sales Revenue","Azure Utilities","Direct Consumer"
"2026-02-19","3521","Professional Fees","Azure Utilities","Public Sector Dept"
"2026-02-05","18670","Inventory","TechLogistics Corp","Direct Consumer"
"2026-02-22","4931","Sales Revenue","Global Office Ltd","Public Sector Dept"
"2026-03-03","5743","Professional Fees","Global Office Ltd","Direct Consumer"
"2026-03-18","22211","Sales Revenue","Prime Consulting","Public Sector Dept"
"2026-03-04","23652","Professional Fees","Prime Consulting","Direct Consumer"
"2026-03-15","45598","Tax Provision","Azure Utilities","SmallBiz Inc"
"2026-01-14","49753","Professional Fees","Prime Consulting","SmallBiz Inc"
"2026-03-12","1895","Sales Revenue","TechLogistics Corp","Direct Consumer"
"2026-03-28","25632","Professional Fees","Azure Utilities","Public Sector Dept"
"2026-02-06","49211","Professional Fees","Global Office Ltd","Retail Giant A"
"2026-01-22","25787","Professional Fees","Prime Consulting","Retail Giant A"
"2026-02-25","44006","Rent","Azure Utilities","Retail Giant A"
"2026-01-16","13015","Tax Provision","Prime Consulting","Retail Giant A"
"2026-01-07","9321","Sales Revenue","Prime Consulting","Public Sector Dept"
"2026-03-02","16169","Tax Provision","TechLogistics Corp","Direct Consumer"
"2026-01-21","38100","Sales Revenue","Global Office Ltd","Retail Giant A"
"2026-02-12","44248","Tax Provision","Prime Consulting","Public Sector Dept"
"2026-03-23","28825","Inventory","Global Office Ltd","Public Sector Dept"
"2026-01-14","13474","Inventory","Azure Utilities","Direct Consumer"
"2026-03-19","4133","Inventory","Global Office Ltd","Direct Consumer"
"2026-01-17","12601","Professional Fees","Global Office Ltd","Public Sector Dept"
"2026-02-07","4645","Professional Fees","Prime Consulting","Public Sector Dept"
"2026-03-06","35191","Tax Provision","Global Office Ltd","Public Sector Dept"
"2026-03-16","9770","Tax Provision","TechLogistics Corp","SmallBiz Inc"
"2026-02-17","21889","Tax Provision","Azure Utilities","Direct Consumer"
"2026-01-04","31188","Professional Fees","TechLogistics Corp","Direct Consumer"
"2026-03-08","35743","Sales Revenue","Global Office Ltd","SmallBiz Inc"
"2026-01-24","38633","Professional Fees","Global Office Ltd","Retail Giant A"
"2026-03-17","25269","Tax Provision","Prime Consulting","Direct Consumer"
"2026-03-14","7059","Inventory","Global Office Ltd","Direct Consumer"
"2026-03-06","19192","Tax Provision","TechLogistics Corp","Direct Consumer"
"2026-01-08","36075","Rent","Azure Utilities","Direct Consumer"
"2026-01-27","21475","Tax Provision","Prime Consulting","Direct Consumer"
"2026-03-17","5271","Sales Revenue","TechLogistics Corp","Retail Giant A"
"2026-03-19","5574","Sales Revenue","Prime Consulting","Public Sector Dept"
"2026-01-30","13533","Sales Revenue","Azure Utilities","Retail Giant A"
"2026-01-17","44818","Professional Fees","Prime Consulting","SmallBiz Inc"
"2026-03-18","30027","Inventory","Prime Consulting","Public Sector Dept"
"2026-03-19","29741","Sales Revenue","Azure Utilities","Direct Consumer"
"2026-02-20","18725","Inventory","TechLogistics Corp","SmallBiz Inc"
"2026-03-28","40995","Tax Provision","Azure Utilities","Retail Giant A"
"2026-03-31","45732","Inventory","Azure Utilities","Direct Consumer"
"2026-03-29","39437","Sales Revenue","Prime Consulting","SmallBiz Inc"
"2026-02-21","3844","Professional Fees","TechLogistics Corp","Direct Consumer"
"2026-01-02","18127","Inventory","TechLogistics Corp","Direct Consumer"
"2026-02-01","49754","Tax Provision","TechLogistics Corp","SmallBiz Inc"
"2026-03-15","38542","Rent","TechLogistics Corp","SmallBiz Inc"
"2026-01-18","14364","Professional Fees","Prime Consulting","Retail Giant A"
"2026-03-06","36763","Rent","Azure Utilities","Direct Consumer"
"2026-03-03","14886","Sales Revenue","TechLogistics Corp","Public Sector Dept"
"2026-02-02","29994","Rent","Prime Consulting","Direct Consumer"
"2026-01-02","41573","Sales Revenue","TechLogistics Corp","Direct Consumer"
"2026-02-27","30375","Sales Revenue","Prime Consulting","Retail Giant A"
"2026-03-29","45671","Professional Fees","Azure Utilities","Public Sector Dept"
"2026-01-01","33763","Tax Provision","Azure Utilities","Public Sector Dept"
"2026-03-05","18552","Tax Provision","TechLogistics Corp","Direct Consumer"
"2026-03-05","34981","Professional Fees","Prime Consulting","SmallBiz Inc"
"2026-01-21","35055","Sales Revenue","Prime Consulting","Retail Giant A"
"2026-02-02","10749","Sales Revenue","Azure Utilities","SmallBiz Inc"
"2026-02-05","28216","Inventory","Global Office Ltd","Public Sector Dept"
"2026-03-10","36925","Professional Fees","TechLogistics Corp","Retail Giant A"
"2026-03-01","48784","Sales Revenue","Azure Utilities","Direct Consumer"
"2026-01-12","23998","Sales Revenue","Prime Consulting","Direct Consumer"
"2026-03-02","10918","Sales Revenue","Azure Utilities","Retail Giant A"
"2026-01-14","34028","Professional Fees","TechLogistics Corp","Retail Giant A"
"2026-02-23","23806","Sales Revenue","Global Office Ltd","Direct Consumer"
"2026-01-05","28762","Tax Provision","Prime Consulting","Retail Giant A"
"2026-01-20","39119","Sales Revenue","Global Office Ltd","Retail Giant A"
"2026-02-18","23818","Tax Provision","TechLogistics Corp","Retail Giant A"
"2026-03-27","33757","Professional Fees","TechLogistics Corp","Retail Giant A"
"2026-03-30","18729","Sales Revenue","Prime Consulting","Public Sector Dept"
"2026-01-12","32716","Professional Fees","Azure Utilities","SmallBiz Inc"
"2026-02-03","28528","Tax Provision","Prime Consulting","SmallBiz Inc"
"2026-01-05","12596","Tax Provision","Global Office Ltd","Direct Consumer"
"2026-03-02","7505","Professional Fees","TechLogistics Corp","Public Sector Dept"
"2026-01-17","25341","Rent","TechLogistics Corp","SmallBiz Inc"
"2026-03-07","28354","Rent","Prime Consulting","Retail Giant A"
"2026-02-20","17515","Sales Revenue","Global Office Ltd","Public Sector Dept"
"2026-02-21","39456","Professional Fees","Azure Utilities","Direct Consumer"
"2026-03-30","37195","Rent","Azure Utilities","Public Sector Dept"
"2026-01-16","37775","Rent","Global Office Ltd","Public Sector Dept"
"2026-02-17","19772","Inventory","Global Office Ltd","Retail Giant A"
"2026-03-01","6179","Professional Fees","Azure Utilities","Retail Giant A"
"2026-03-28","4637","Tax Provision","Global Office Ltd","Direct Consumer"
"2026-02-16","37608","Professional Fees","TechLogistics Corp","Public Sector Dept"
"2026-03-13","4430","Inventory","Prime Consulting","Direct Consumer"
"2026-01-23","42315","Professional Fees","Global Office Ltd","SmallBiz Inc"
"2026-03-23","11886","Tax Provision","Azure Utilities","Direct Consumer"
"2026-02-07","14095","Rent","Prime Consulting","Public Sector Dept"
"2026-01-10","1699","Professional Fees","Azure Utilities","Direct Consumer"
"2026-02-26","36280","Professional Fees","TechLogistics Corp","Public Sector Dept"
"2026-02-06","31845","Tax Provision","Global Office Ltd","Retail Giant A"
"2026-03-20","22405","Rent","Azure Utilities","Retail Giant A"
"2026-02-16","30108","Professional Fees","Azure Utilities","Direct Consumer"
"2026-02-16","20527","Sales Revenue","Prime Consulting","Public Sector Dept"
"2026-01-22","22327","Inventory","Azure Utilities","Retail Giant A"
"2026-01-17","17310","Sales Revenue","Prime Consulting","Direct Consumer"
"2026-03-24","7865","Sales Revenue","TechLogistics Corp","Public Sector Dept"
"2026-02-18","35689","Inventory","Prime Consulting","Retail Giant A"
"2026-01-29","44942","Rent","TechLogistics Corp","Retail Giant A"
"2026-01-06","20438","Professional Fees","Azure Utilities","Public Sector Dept"
"2026-02-27","21443","Sales Revenue","Global Office Ltd","Retail Giant A"
"2026-03-25","5158","Tax Provision","TechLogistics Corp","SmallBiz Inc"
"2026-02-08","29047","Professional Fees","Prime Consulting","Direct Consumer"
"2026-03-27","45565","Rent","Prime Consulting","SmallBiz Inc"
"2026-03-02","36074","Professional Fees","Azure Utilities","Public Sector Dept"
"2026-03-18","30255","Tax Provision","Azure Utilities","Public Sector Dept"
"2026-03-12","44617","Sales Revenue","Azure Utilities","SmallBiz Inc"
"2026-03-21","16295","Inventory","Prime Consulting","Direct Consumer"
"2026-02-06","24650","Inventory","Global Office Ltd","Direct Consumer"
"2026-02-06","11989","Sales Revenue","TechLogistics Corp","Public Sector Dept"
"2026-02-05","34773","Tax Provision","TechLogistics Corp","Direct Consumer"
"2026-02-04","29883","Tax Provision","Prime Consulting","SmallBiz Inc"
"2026-02-16","13672","Rent","Global Office Ltd","Direct Consumer"
"2026-01-30","12787","Inventory","Global Office Ltd","Direct Consumer"
"2026-03-01","44876","Tax Provision","Azure Utilities","Public Sector Dept"
"2026-02-22","34059","Rent","Azure Utilities","Retail Giant A"
"2026-02-22","24352","Inventory","Prime Consulting","Retail Giant A"
"2026-01-06","30631","Sales Revenue","TechLogistics Corp","SmallBiz Inc"
"2026-02-01","27783","Sales Revenue","Global Office Ltd","SmallBiz Inc"
"2026-02-22","36163","Sales Revenue","TechLogistics Corp","Public Sector Dept"
"2026-01-21","47150","Tax Provision","Global Office Ltd","Direct Consumer"
"2026-01-09","40412","Sales Revenue","Azure Utilities","Direct Consumer"
"2026-01-28","15421","Rent","Global Office Ltd","SmallBiz Inc"
"2026-02-10","19031","Professional Fees","TechLogistics Corp","Direct Consumer"
"2026-02-21","26154","Professional Fees","Azure Utilities","Direct Consumer"
"2026-03-27","43240","Tax Provision","Azure Utilities","Retail Giant A"
"2026-02-12","26576","Professional Fees","TechLogistics Corp","Public Sector Dept"
"2026-02-15","40941","Tax Provision","TechLogistics Corp","Public Sector Dept"
"2026-03-24","48669","Professional Fees","Prime Consulting","Retail Giant A"
"2026-03-12","28755","Sales Revenue","TechLogistics Corp","Direct Consumer"
"2026-03-03","38599","Professional Fees","Azure Utilities","Public Sector Dept"
"2026-03-15","16005","Rent","Azure Utilities","Retail Giant A"
"2026-01-27","25852","Sales Revenue","Azure Utilities","Public Sector Dept"
"2026-03-03","19760","Tax Provision","TechLogistics Corp","SmallBiz Inc"
"2026-02-13","7940","Inventory","Azure Utilities","SmallBiz Inc"
"2026-01-20","23241","Inventory","Prime Consulting","Retail Giant A"
"2026-03-08","7804","Inventory","Prime Consulting","SmallBiz Inc"
"2026-01-20","41915","Sales Revenue","TechLogistics Corp","Public Sector Dept"
"2026-02-15","8672","Inventory","Azure Utilities","Direct Consumer"
"2026-02-22","30952","Sales Revenue","Azure Utilities","Direct Consumer"
"2026-03-13","42939","Inventory","Prime Consulting","Direct Consumer"
"2026-01-01","31728","Rent","Global Office Ltd","Retail Giant A"
"2026-03-21","7625","Sales Revenue","Global Office Ltd","Public Sector Dept"
"2026-03-21","10832","Inventory","TechLogistics Corp","Retail Giant A"
"2026-01-24","19358","Professional Fees","Azure Utilities","Public Sector Dept"
"2026-02-28","25109","Inventory","Azure Utilities","Public Sector Dept"
"2026-01-14","4351","Rent","TechLogistics Corp","SmallBiz Inc"
"2026-03-28","34941","Sales Revenue","Global Office Ltd","Retail Giant A"
"2026-03-09","27932","Professional Fees","Global Office Ltd","Public Sector Dept"
"2026-03-23","1839","Sales Revenue","TechLogistics Corp","Public Sector Dept"
"2026-03-26","2164","Inventory","Azure Utilities","SmallBiz Inc"
"2026-01-03","8304","Sales Revenue","TechLogistics Corp","SmallBiz Inc"
"2026-01-10","24615","Tax Provision","TechLogistics Corp","Direct Consumer"
"2026-02-28","2465","Professional Fees","Prime Consulting","Direct Consumer"
"2026-01-22","43413","Professional Fees","Azure Utilities","Retail Giant A"
"2026-03-27","49749","Sales Revenue","Prime Consulting","Direct Consumer"
"2026-01-18","49913","Rent","Azure Utilities","Public Sector Dept"
"2026-03-14","32165","Sales Revenue","TechLogistics Corp","Retail Giant A"
"2026-02-20","28473","Sales Revenue","Prime Consulting","Direct Consumer"
"2026-03-05","8565","Rent","TechLogistics Corp","Public Sector Dept"
"2026-01-03","4538","Tax Provision","Global Office Ltd","Public Sector Dept"
"2026-01-25","30407","Sales Revenue","TechLogistics Corp","SmallBiz Inc"
"2026-01-07","15837","Inventory","Azure Utilities","Retail Giant A"
"2026-02-04","27630","Inventory","TechLogistics Corp","SmallBiz Inc"
"2026-02-12","18419","Sales Revenue","Global Office Ltd","Public Sector Dept"
"2026-03-05","45760","Professional Fees","Prime Consulting","SmallBiz Inc"
"2026-01-21","45086","Professional Fees","Global Office Ltd","Direct Consumer"
"2026-03-03","22097","Professional Fees","Prime Consulting","Retail Giant A"
"2026-03-11","43039","Inventory","Global Office Ltd","Public Sector Dept"
"2026-02-21","3910","Professional Fees","Prime Consulting","Public Sector Dept"
"2026-03-26","20602","Rent","Azure Utilities","Public Sector Dept"
"2026-01-19","34396","Sales Revenue","Prime Consulting","SmallBiz Inc"
"2026-01-13","31377","Rent","TechLogistics Corp","SmallBiz Inc"
"2026-01-30","37888","Sales Revenue","Azure Utilities","SmallBiz Inc"
"2026-03-16","4006","Sales Revenue","TechLogistics Corp","Retail Giant A"
"2026-02-28","32000","Professional Fees","Global Office Ltd","Direct Consumer"
"2026-01-29","45141","Inventory","Azure Utilities","Retail Giant A"
"2026-02-19","47367","Inventory","Azure Utilities","Public Sector Dept"
"2026-02-23","18608","Inventory","Global Office Ltd","Public Sector Dept"
"2026-01-27","24908","Professional Fees","Global Office Ltd","Public Sector Dept"
"2026-03-09","24303","Sales Revenue","Azure Utilities","Direct Consumer"
"2026-01-12","39290","Professional Fees","Global Office Ltd","Direct Consumer"
"2026-03-08","14256","Sales Revenue","Prime Consulting","Public Sector Dept"
"2026-03-28","40798","Professional Fees","Azure Utilities","Direct Consumer"
"2026-01-19","3989","Rent","Azure Utilities","Direct Consumer"
"2026-01-14","34546","Professional Fees","Prime Consulting","SmallBiz Inc"
"2026-01-07","6145","Professional Fees","Azure Utilities","Retail Giant A"
"2026-01-15","44469","Inventory","Global Office Ltd","Direct Consumer"
"2026-01-02","5920","Tax Provision","Azure Utilities","Direct Consumer"
"2026-01-23","18572","Professional Fees","Azure Utilities","SmallBiz Inc"
"2026-01-02","5009","Sales Revenue","Prime Consulting","Retail Giant A"
"2026-01-10","17461","Professional Fees","TechLogistics Corp","SmallBiz Inc"
"2026-01-28","49908","Inventory","Prime Consulting","Public Sector Dept"
"2026-02-27","24727","Rent","Global Office Ltd","SmallBiz Inc"
"2026-02-10","47351","Rent","Global Office Ltd","SmallBiz Inc"
"2026-03-06","34882","Rent","Prime Consulting","Direct Consumer"
"2026-02-19","45588","Sales Revenue","Global Office Ltd","SmallBiz Inc"
"2026-03-14","7247","Professional Fees","TechLogistics Corp","SmallBiz Inc"
"2026-03-08","2532","Rent","Prime Consulting","Direct Consumer"
"2026-02-04","21068","Professional Fees","TechLogistics Corp","SmallBiz Inc"
"2026-02-28","5039","Professional Fees","Prime Consulting","Public Sector Dept"
"2026-03-17","28486","Rent","TechLogistics Corp","Direct Consumer"
"2026-03-31","18768","Professional Fees","Prime Consulting","Public Sector Dept"
"2026-02-24","36937","Inventory","Global Office Ltd","Public Sector Dept"
"2026-01-20","35712","Inventory","Prime Consulting","SmallBiz Inc"
"2026-01-09","44164","Professional Fees","Prime Consulting","Direct Consumer"
"2026-01-05","36319","Inventory","Global Office Ltd","Public Sector Dept"
"2026-02-18","1865","Sales Revenue","Azure Utilities","Public Sector Dept"
"2026-03-08","14812","Rent","Global Office Ltd","SmallBiz Inc"
"2026-02-27","40072","Rent","Azure Utilities","Public Sector Dept"
"2026-01-25","23722","Inventory","TechLogistics Corp","Public Sector Dept"
"2026-01-18","20399","Tax Provision","TechLogistics Corp","Public Sector Dept"
"2026-03-15","23552","Tax Provision","Azure Utilities","Retail Giant A"
"2026-02-22","28739","Sales Revenue","Prime Consulting","Public Sector Dept"
"2026-01-01","3385","Tax Provision","Global Office Ltd","Direct Consumer"
"2026-03-12","43553","Sales Revenue","TechLogistics Corp","Public Sector Dept"
"2026-01-23","6960","Tax Provision","TechLogistics Corp","SmallBiz Inc"
"2026-02-28","5115","Inventory","Prime Consulting","Public Sector Dept"
"2026-02-08","12049","Sales Revenue","Azure Utilities","Direct Consumer"
"2026-03-21","8752","Rent","Prime Consulting","Retail Giant A"
"2026-01-29","18340","Inventory","Global Office Ltd","Retail Giant A"
"2026-02-07","35426","Sales Revenue","Prime Consulting","Direct Consumer"
"2026-03-13","49481","Inventory","TechLogistics Corp","Public Sector Dept"
"2026-02-12","15891","Professional Fees","Azure Utilities","Public Sector Dept"
"2026-01-23","11200","Rent","Prime Consulting","Direct Consumer"
"2026-02-04","20568","Tax Provision","Prime Consulting","Public Sector Dept"
"2026-02-05","4655","Sales Revenue","Azure Utilities","Direct Consumer"
"2026-02-09","19981","Professional Fees","Prime Consulting","Direct Consumer"
"2026-02-27","25869","Sales Revenue","Azure Utilities","SmallBiz Inc"
"2026-02-02","40146","Tax Provision","Prime Consulting","SmallBiz Inc"
"2026-03-18","30648","Tax Provision","Azure Utilities","Direct Consumer"
"2026-01-11","26557","Inventory","Azure Utilities","Public Sector Dept"
"2026-03-16","6636","Inventory","Prime Consulting","SmallBiz Inc"
"2026-01-16","47674","Professional Fees","Global Office Ltd","Retail Giant A"
"2026-02-21","49198","Professional Fees","Azure Utilities","Direct Consumer"
"2026-01-15","6358","Sales Revenue","Prime Consulting","Public Sector Dept"
"2026-02-12","30132","Rent","Azure Utilities","Public Sector Dept"
"2026-02-09","46164","Sales Revenue","Azure Utilities","Retail Giant A"
"2026-01-08","18067","Professional Fees","TechLogistics Corp","SmallBiz Inc"
"2026-03-23","17129","Rent","TechLogistics Corp","Public Sector Dept"
"2026-01-06","47458","Sales Revenue","TechLogistics Corp","Direct Consumer"
"2026-03-16","17702","Sales Revenue","TechLogistics Corp","SmallBiz Inc"
"2026-03-08","8606","Rent","Azure Utilities","SmallBiz Inc"
"2026-01-01","25812","Professional Fees","Global Office Ltd","Retail Giant A"
"2026-03-30","49947","Tax Provision","Prime Consulting","SmallBiz Inc"
"2026-03-14","8963","Tax Provision","TechLogistics Corp","Public Sector Dept"
"2026-01-07","19441","Inventory","TechLogistics Corp","SmallBiz Inc"
"2026-02-14","42640","Rent","Azure Utilities","SmallBiz Inc"
"2026-02-04","20382","Rent","Global Office Ltd","Direct Consumer"
"2026-02-14","12426","Tax Provision","Prime Consulting","Retail Giant A"
"2026-02-24","9845","Sales Revenue","TechLogistics Corp","SmallBiz Inc"
"2026-01-13","39914","Professional Fees","Global Office Ltd","SmallBiz Inc"
"2026-03-19","22310","Tax Provision","TechLogistics Corp","Public Sector Dept"
"2026-01-08","11257","Rent","TechLogistics Corp","Retail Giant A"
"2026-01-16","34430","Professional Fees","Azure Utilities","Public Sector Dept"
"2026-02-04","5693","Sales Revenue","Global Office Ltd","SmallBiz Inc"
"2026-02-20","39523","Inventory","Azure Utilities","Public Sector Dept"
"2026-03-24","19059","Professional Fees","Global Office Ltd","Retail Giant A"
"2026-03-28","22865","Rent","TechLogistics Corp","Direct Consumer"
"2026-02-01","49196","Rent","Azure Utilities","Retail Giant A"
"2026-02-01","21986","Inventory","Prime Consulting","Retail Giant A"
"2026-01-16","17062","Inventory","Prime Consulting","Public Sector Dept"
"2026-03-29","37342","Sales Revenue","Azure Utilities","Retail Giant A"
"2026-03-08","31765","Professional Fees","Azure Utilities","Retail Giant A"
"2026-02-23","41511","Inventory","Azure Utilities","Retail Giant A"
"2026-02-12","7185","Inventory","TechLogistics Corp","Public Sector Dept"
"2026-01-17","23107","Tax Provision","Global Office Ltd","SmallBiz Inc"
"2026-03-21","37317","Tax Provision","TechLogistics Corp","Direct Consumer"
"2026-01-17","9355","Professional Fees","Azure Utilities","Retail Giant A"
"2026-03-28","17620","Professional Fees","TechLogistics Corp","Retail Giant A"
"2026-01-06","9563","Tax Provision","Azure Utilities","SmallBiz Inc"
"2026-03-02","10150","Sales Revenue","Global Office Ltd","Direct Consumer"
"2026-03-23","9849","Rent","TechLogistics Corp","Public Sector Dept"
"2026-02-14","7987","Sales Revenue","Global Office Ltd","Retail Giant A"
"2026-03-20","14809","Tax Provision","TechLogistics Corp","Retail Giant A"
"2026-01-04","43988","Inventory","Prime Consulting","Retail Giant A"
"2026-02-10","5941","Professional Fees","Azure Utilities","Retail Giant A"
"2026-02-05","35731","Professional Fees","TechLogistics Corp","Retail Giant A"
"2026-02-01","49677","Professional Fees","Prime Consulting","Retail Giant A"
"2026-01-13","24691","Rent","Prime Consulting","SmallBiz Inc"
"2026-02-14","16819","Inventory","Global Office Ltd","Retail Giant A"
"2026-02-17","8383","Tax Provision","Global Office Ltd","Retail Giant A"
"2026-03-01","13673","Sales Revenue","Global Office Ltd","Retail Giant A"
"2026-01-22","11852","Professional Fees","Prime Consulting","Public Sector Dept"
"2026-01-27","42676","Rent","Prime Consulting","Direct Consumer"
"2026-03-22","47952","Tax Provision","Azure Utilities","Retail Giant A"
"2026-03-23","8226","Rent","Global Office Ltd","Direct Consumer"
"2026-01-05","46933","Professional Fees","Azure Utilities","SmallBiz Inc"
"2026-02-25","12612","Professional Fees","TechLogistics Corp","Retail Giant A"
"2026-01-24","10332","Professional Fees","Prime Consulting","Public Sector Dept"
"2026-02-03","25177","Inventory","Prime Consulting","Direct Consumer"
"2026-02-02","33961","Sales Revenue","Azure Utilities","Direct Consumer"
"2026-03-07","11974","Rent","TechLogistics Corp","Public Sector Dept"
"2026-02-16","10752","Sales Revenue","Prime Consulting","Retail Giant A"
"2026-01-06","17621","Inventory","Azure Utilities","Direct Consumer"
"2026-03-08","24645","Sales Revenue","Azure Utilities","Retail Giant A"
"2026-02-24","24433","Sales Revenue","Azure Utilities","SmallBiz Inc"
"2026-02-08","24421","Rent","Prime Consulting","SmallBiz Inc"
"2026-02-27","8121","Rent","Prime Consulting","SmallBiz Inc"
"2026-03-21","49189","Inventory","Prime Consulting","Retail Giant A"
"2026-02-27","22723","Sales Revenue","Global Office Ltd","Public Sector Dept"
"2026-02-02","40614","Sales Revenue","TechLogistics Corp","SmallBiz Inc"
"2026-02-12","5877","Tax Provision","Prime Consulting","Public Sector Dept"
"2026-03-26","3160","Professional Fees","TechLogistics Corp","Retail Giant A"
"2026-03-21","21345","Rent","Prime Consulting","Public Sector Dept"
"2026-01-29","31832","Rent","Global Office Ltd","Public Sector Dept"
"2026-02-21","22205","Professional Fees","Global Office Ltd","SmallBiz Inc"
"2026-01-27","40759","Professional Fees","TechLogistics Corp","Direct Consumer"
"2026-01-16","49578","Inventory","Azure Utilities","Retail Giant A"
"2026-02-10","20976","Inventory","Prime Consulting","Direct Consumer"
"2026-02-22","7094","Inventory","Azure Utilities","Direct Consumer"
"2026-02-09","35917","Professional Fees","Azure Utilities","Direct Consumer"
"2026-01-02","9276","Professional Fees","Global Office Ltd","SmallBiz Inc"
"2026-03-15","11112","Tax Provision","Prime Consulting","SmallBiz Inc"
"2026-01-28","2353","Professional Fees","Prime Consulting","Direct Consumer"
"2026-01-08","2443","Sales Revenue","Prime Consulting","SmallBiz Inc"
"2026-01-22","44808","Tax Provision","Azure Utilities","Retail Giant A"
"2026-01-13","13054","Inventory","Prime Consulting","Direct Consumer"
"2026-03-13","14575","Rent","Global Office Ltd","Public Sector Dept"
"2026-03-25","32305","Professional Fees","Azure Utilities","Retail Giant A"
"2026-02-16","18299","Tax Provision","Prime Consulting","SmallBiz Inc"
"2026-02-22","3380","Inventory","TechLogistics Corp","Direct Consumer"
"2026-02-20","23531","Rent","Prime Consulting","Retail Giant A"
"2026-02-24","47358","Professional Fees","Prime Consulting","SmallBiz Inc"
"2026-03-09","12703","Professional Fees","TechLogistics Corp","Public Sector Dept"
"2026-02-21","40278","Tax Provision","TechLogistics Corp","Public Sector Dept"
"2026-02-08","20397","Rent","TechLogistics Corp","Retail Giant A"
"2026-03-15","6819","Professional Fees","Global Office Ltd","Direct Consumer"
"2026-03-22","48868","Professional Fees","TechLogistics Corp","Direct Consumer"
"2026-03-27","33945","Inventory","TechLogistics Corp","Public Sector Dept"
"2026-02-10","25444","Professional Fees","Global Office Ltd","Retail Giant A"
"2026-02-12","22817","Professional Fees","Prime Consulting","Public Sector Dept"
"2026-02-26","12971","Inventory","Global Office Ltd","Public Sector Dept"
"2026-02-18","31277","Rent","Prime Consulting","SmallBiz Inc"
"2026-02-05","26351","Rent","TechLogistics Corp","Retail Giant A"
"2026-01-28","8571","Sales Revenue","Global Office Ltd","Direct Consumer"
"2026-01-22","41479","Sales Revenue","TechLogistics Corp","SmallBiz Inc"
"2026-01-13","35010","Professional Fees","Azure Utilities","Public Sector Dept"
"2026-01-27","8889","Tax Provision","Prime Consulting","SmallBiz Inc"
"2026-01-24","42196","Inventory","Global Office Ltd","SmallBiz Inc"
"2026-03-24","13895","Tax Provision","TechLogistics Corp","Retail Giant A"
"2026-02-26","13788","Professional Fees","Prime Consulting","Retail Giant A"
"2026-02-02","24119","Inventory","Global Office Ltd","SmallBiz Inc"
"2026-01-07","41662","Rent","Global Office Ltd","Retail Giant A"
"2026-01-14","8063","Tax Provision","Global Office Ltd","SmallBiz Inc"
"2026-01-07","49965","Tax Provision","Azure Utilities","Direct Consumer"
"2026-03-18","17348","Inventory","TechLogistics Corp","Retail Giant A"
"2026-03-02","3032","Tax Provision","Azure Utilities","Retail Giant A"
"2026-01-18","26969","Inventory","TechLogistics Corp","Public Sector Dept"
"2026-02-01","25140","Rent","TechLogistics Corp","Retail Giant A"
"2026-01-01","36934","Tax Provision","Azure Utilities","Public Sector Dept"
"2026-03-17","6012","Sales Revenue","Global Office Ltd","Direct Consumer"
"2026-01-31","45136","Professional Fees","TechLogistics Corp","Public Sector Dept"
"2026-02-08","4945","Professional Fees","TechLogistics Corp","Public Sector Dept"
"2026-02-04","40529","Inventory","Prime Consulting","Public Sector Dept"
"2026-01-13","1287","Rent","Global Office Ltd","Public Sector Dept"
"2026-03-17","12387","Rent","TechLogistics Corp","Retail Giant A"
"2026-01-04","27420","Inventory","Azure Utilities","Retail Giant A"
"2026-01-08","6805","Tax Provision","Azure Utilities","SmallBiz Inc"
"2026-03-28","28221","Professional Fees","TechLogistics Corp","Public Sector Dept"
"2026-01-07","38302","Tax Provision","Azure Utilities","SmallBiz Inc"
"2026-01-18","33336","Sales Revenue","Azure Utilities","Direct Consumer"
"2026-01-14","33081","Rent","Global Office Ltd","SmallBiz Inc"
"2026-02-16","10277","Tax Provision","Azure Utilities","Public Sector Dept"
"2026-01-20","26200","Rent","Prime Consulting","Public Sector Dept"
"2026-01-07","13327","Inventory","Global Office Ltd","Public Sector Dept"
"2026-01-09","30080","Tax Provision","Global Office Ltd","Direct Consumer"
"2026-02-16","26378","Inventory","Prime Consulting","Direct Consumer"
"2026-02-22","39966","Sales Revenue","Global Office Ltd","Direct Consumer"
"2026-01-04","39247","Rent","Azure Utilities","Direct Consumer"
"2026-01-17","2050","Rent","Prime Consulting","Direct Consumer"
"2026-02-28","30134","Professional Fees","TechLogistics Corp","Retail Giant A"
"2026-01-30","7442","Tax Provision","TechLogistics Corp","Retail Giant A"
"2026-01-11","12925","Tax Provision","Global Office Ltd","Public Sector Dept"
"2026-01-28","17665","Tax Provision","Prime Consulting","Direct Consumer"
"2026-03-05","46241","Sales Revenue","Global Office Ltd","Direct Consumer"
"2026-01-08","49521","Rent","Azure Utilities","Retail Giant A"
"2026-01-18","47276","Rent","Azure Utilities","Public Sector Dept"
"2026-03-04","36435","Sales Revenue","TechLogistics Corp","SmallBiz Inc"
"2026-02-14","30525","Tax Provision","Azure Utilities","Retail Giant A"
"2026-01-28","30918","Tax Provision","Global Office Ltd","Public Sector Dept"
"2026-02-03","33956","Rent","Prime Consulting","SmallBiz Inc"
"2026-01-31","17507","Sales Revenue","TechLogistics Corp","SmallBiz Inc"
"2026-03-14","39765","Rent","Prime Consulting","Public Sector Dept"
"2026-02-20","41234","Inventory","TechLogistics Corp","Direct Consumer"
"2026-02-10","49572","Tax Provision","Azure Utilities","Public Sector Dept"
"2026-01-11","41556","Rent","Azure Utilities","Retail Giant A"
"2026-01-09","17129","Rent","Azure Utilities","Direct Consumer"
"2026-01-24","6439","Professional Fees","Azure Utilities","Retail Giant A"
"2026-01-27","39539","Tax Provision","Prime Consulting","Public Sector Dept"
"2026-01-30","32623","Inventory","Azure Utilities","SmallBiz Inc"
"2026-02-16","5617","Professional Fees","TechLogistics Corp","SmallBiz Inc"
"2026-03-19","25321","Tax Provision","Global Office Ltd","Retail Giant A"
"2026-01-30","4504","Tax Provision","TechLogistics Corp","Public Sector Dept"
"2026-02-06","5962","Inventory","Azure Utilities","SmallBiz Inc"
"2026-01-31","26669","Tax Provision","Azure Utilities","Direct Consumer"
"2026-03-19","45478","Tax Provision","TechLogistics Corp","Retail Giant A"
"2026-02-28","26127","Rent","TechLogistics Corp","Direct Consumer"
"2026-01-12","31461","Professional Fees","TechLogistics Corp","Direct Consumer"
"2026-01-16","43813","Professional Fees","Global Office Ltd","SmallBiz Inc"
"2026-03-29","49896","Inventory","Azure Utilities","Public Sector Dept"
"2026-01-17","29719","Inventory","TechLogistics Corp","Public Sector Dept"
"2026-01-02","32998","Rent","Prime Consulting","Direct Consumer"
"2026-03-24","33889","Tax Provision","Azure Utilities","SmallBiz Inc"
"2026-01-23","48320","Inventory","Global Office Ltd","Direct Consumer"
"2026-03-26","11171","Tax Provision","Azure Utilities","SmallBiz Inc"
"2026-03-13","46792","Inventory","Azure Utilities","Public Sector Dept"
"2026-01-11","15994","Professional Fees","TechLogistics Corp","SmallBiz Inc"
"2026-01-22","47703","Sales Revenue","TechLogistics Corp","SmallBiz Inc"
"2026-01-15","44605","Professional Fees","Azure Utilities","SmallBiz Inc"
"2026-02-22","33970","Rent","Global Office Ltd","Retail Giant A"
"2026-02-27","8985","Tax Provision","Global Office Ltd","Retail Giant A"
"2026-01-08","46636","Inventory","Prime Consulting","Direct Consumer"
"2026-03-31","11846","Tax Provision","Prime Consulting","Retail Giant A"
"2026-02-21","44262","Sales Revenue","TechLogistics Corp","SmallBiz Inc"
"2026-03-26","6458","Sales Revenue","Prime Consulting","SmallBiz Inc"
"2026-01-06","15805","Professional Fees","Global Office Ltd","Public Sector Dept"
"2026-01-12","37742","Sales Revenue","Prime Consulting","SmallBiz Inc"
"2026-01-29","40110","Inventory","Prime Consulting","Retail Giant A"
"2026-01-23","3602","Rent","Prime Consulting","Public Sector Dept"
"2026-02-12","19514","Rent","Prime Consulting","Direct Consumer"
"2026-02-23","23032","Rent","Prime Consulting","SmallBiz Inc"
"2026-03-03","35759","Tax Provision","Global Office Ltd","Public Sector Dept"
"2026-01-06","15422","Rent","Prime Consulting","Direct Consumer"
"2026-01-23","39790","Professional Fees","Prime Consulting","Retail Giant A"
"2026-03-12","49183","Inventory","TechLogistics Corp","Public Sector Dept"
"2026-02-17","34099","Sales Revenue","TechLogistics Corp","Public Sector Dept"
"2026-01-12","43450","Inventory","Prime Consulting","SmallBiz Inc"
"2026-03-26","3906","Tax Provision","Prime Consulting","SmallBiz Inc"
"2026-02-21","21402","Sales Revenue","Global Office Ltd","Public Sector Dept"
"2026-01-08","2169","Rent","TechLogistics Corp","Retail Giant A"
"2026-02-03","39383","Inventory","Prime Consulting","Direct Consumer"
"2026-01-23","3456","Rent","TechLogistics Corp","SmallBiz Inc"
"2026-02-01","21781","Professional Fees","Prime Consulting","Retail Giant A"
"2026-01-04","3468","Professional Fees","Azure Utilities","SmallBiz Inc"
"2026-03-09","22406","Tax Provision","Global Office Ltd","Direct Consumer"
"2026-03-26","17701","Tax Provision","Global Office Ltd","Public Sector Dept"
"2026-03-11","15266","Inventory","Prime Consulting","Direct Consumer"
"2026-03-13","32873","Tax Provision","Prime Consulting","Retail Giant A"
"2026-03-24","49034","Tax Provision","TechLogistics Corp","Public Sector Dept"
"2026-01-28","11177","Rent","Global Office Ltd","Retail Giant A"
"2026-02-07","15902","Sales Revenue","Prime Consulting","Public Sector Dept"
"2026-03-13","8843","Professional Fees","Global Office Ltd","Public Sector Dept"
"2026-02-24","15608","Professional Fees","Azure Utilities","Direct Consumer"
"2026-01-24","30983","Professional Fees","TechLogistics Corp","SmallBiz Inc"
"2026-02-18","5203","Rent","Global Office Ltd","Retail Giant A"
"2026-01-27","37067","Tax Provision","TechLogistics Corp","Public Sector Dept"
"2026-01-13","36648","Tax Provision","Prime Consulting","Public Sector Dept"
"2026-03-13","15312","Sales Revenue","Prime Consulting","Direct Consumer"
"2026-01-16","10949","Rent","Global Office Ltd","Retail Giant A"
"2026-01-05","43330","Tax Provision","TechLogistics Corp","Public Sector Dept"
"2026-02-17","3318","Professional Fees","TechLogistics Corp","SmallBiz Inc"
"2026-01-26","33441","Rent","Prime Consulting","Retail Giant A"
"2026-01-16","18981","Tax Provision","TechLogistics Corp","Public Sector Dept"
"2026-03-10","16025","Professional Fees","TechLogistics Corp","Retail Giant A"
"2026-03-17","28646","Professional Fees","TechLogistics Corp","Retail Giant A"
"2026-02-21","32043","Tax Provision","Prime Consulting","Public Sector Dept"
"2026-01-01","45320","Inventory","Prime Consulting","SmallBiz Inc"
"2026-03-13","9605","Professional Fees","TechLogistics Corp","Public Sector Dept"
"2026-02-20","40178","Professional Fees","Prime Consulting","SmallBiz Inc"
"2026-03-20","22790","Tax Provision","TechLogistics Corp","Public Sector Dept"
"2026-03-13","21262","Tax Provision","Azure Utilities","Direct Consumer"
"2026-01-25","14302","Professional Fees","Global Office Ltd","SmallBiz Inc"
"2026-02-23","19685","Sales Revenue","Global Office Ltd","SmallBiz Inc"
"2026-03-04","41060","Rent","Global Office Ltd","SmallBiz Inc"
"2026-01-17","47069","Tax Provision","TechLogistics Corp","SmallBiz Inc"
"2026-01-11","35498","Inventory","TechLogistics Corp","SmallBiz Inc"
"2026-02-25","12869","Sales Revenue","Prime Consulting","Direct Consumer"
"2026-01-30","36365","Sales Revenue","Azure Utilities","Retail Giant A"
"2026-02-26","37894","Rent","Azure Utilities","Direct Consumer"
"2026-03-20","41905","Rent","TechLogistics Corp","Retail Giant A"
"2026-01-25","21069","Tax Provision","Global Office Ltd","Direct Consumer"
"2026-01-13","11411","Sales Revenue","Prime Consulting","SmallBiz Inc"
"2026-02-17","32791","Rent","Prime Consulting","Public Sector Dept"
"2026-02-11","34780","Rent","Azure Utilities","Retail Giant A"
"2026-01-20","29543","Inventory","Global Office Ltd","Retail Giant A"
"2026-01-06","32216","Inventory","Global Office Ltd","SmallBiz Inc"
"2026-01-22","40306","Sales Revenue","Prime Consulting","Public Sector Dept"
"2026-01-04","40914","Sales Revenue","Prime Consulting","SmallBiz Inc"
"2026-03-26","41678","Tax Provision","TechLogistics Corp","Direct Consumer"
"2026-01-20","39131","Inventory","Global Office Ltd","Retail Giant A"
"2026-02-13","21528","Inventory","TechLogistics Corp","SmallBiz Inc"
"2026-01-01","20355","Professional Fees","Prime Consulting","Retail Giant A"
"2026-01-26","31917","Professional Fees","Prime Consulting","SmallBiz Inc"
"2026-03-31","30661","Rent","Prime Consulting","SmallBiz Inc"
"2026-02-28","2553","Rent","Global Office Ltd","Public Sector Dept"
"2026-01-20","38001","Rent","Prime Consulting","Public Sector Dept"
"2026-03-16","4788","Sales Revenue","TechLogistics Corp","Direct Consumer"
"2026-02-19","11753","Rent","Global Office Ltd","Direct Consumer"
"2026-01-18","31448","Inventory","TechLogistics Corp","SmallBiz Inc"
"2026-02-06","17986","Inventory","TechLogistics Corp","SmallBiz Inc"
"2026-01-12","14456","Rent","Prime Consulting","Public Sector Dept"
"2026-02-16","19453","Sales Revenue","Azure Utilities","Public Sector Dept"
"2026-02-04","37987","Professional Fees","Prime Consulting","Direct Consumer"
"2026-01-12","18547","Sales Revenue","Global Office Ltd","Direct Consumer"
"2026-01-24","5181","Inventory","Global Office Ltd","Retail Giant A"
"2026-02-08","43200","Tax Provision","Azure Utilities","Retail Giant A"
"2026-01-16","5544","Inventory","Prime Consulting","SmallBiz Inc"
"2026-03-12","22141","Sales Revenue","Azure Utilities","Direct Consumer"
"2026-03-09","3639","Rent","TechLogistics Corp","Direct Consumer"
"2026-03-03","18234","Inventory","Global Office Ltd","SmallBiz Inc"
"2026-03-07","24655","Rent","TechLogistics Corp","Public Sector Dept"
"2026-02-26","13803","Tax Provision","Prime Consulting","Direct Consumer"
"2026-01-07","23030","Professional Fees","Azure Utilities","Direct Consumer"
"2026-02-10","34104","Rent","Azure Utilities","Retail Giant A"
"2026-01-13","25845","Tax Provision","Prime Consulting","Public Sector Dept"
"2026-02-23","10651","Inventory","Azure Utilities","Direct Consumer"
"2026-01-01","25772","Professional Fees","TechLogistics Corp","Direct Consumer"
"2026-03-28","12862","Tax Provision","TechLogistics Corp","Retail Giant A"
"2026-03-25","47012","Professional Fees","Global Office Ltd","Public Sector Dept"
"2026-03-02","37764","Sales Revenue","Prime Consulting","Direct Consumer"
"2026-01-02","48803","Professional Fees","TechLogistics Corp","Retail Giant A"
"2026-03-15","27289","Inventory","Azure Utilities","Direct Consumer"
"2026-02-08","46593","Sales Revenue","TechLogistics Corp","Public Sector Dept"
"2026-02-23","38273","Rent","Global Office Ltd","Public Sector Dept"
"2026-03-24","47862","Tax Provision","Prime Consulting","Retail Giant A"
"2026-02-05","10726","Professional Fees","Prime Consulting","Retail Giant A"
"2026-03-11","41447","Tax Provision","Azure Utilities","SmallBiz Inc"
"2026-03-26","27355","Inventory","Azure Utilities","Direct Consumer"
"2026-01-07","24142","Professional Fees","Prime Consulting","Public Sector Dept"
"2026-02-22","7926","Inventory","Prime Consulting","Direct Consumer"
"2026-03-30","36257","Tax Provision","Azure Utilities","Direct Consumer"
"2026-02-26","31999","Inventory","Azure Utilities","Public Sector Dept"
"2026-02-17","35704","Professional Fees","Prime Consulting","Retail Giant A"
"2026-01-14","17244","Inventory","Global Office Ltd","Retail Giant A"
"2026-01-25","9593","Professional Fees","Prime Consulting","SmallBiz Inc"
"2026-01-09","35395","Tax Provision","TechLogistics Corp","SmallBiz Inc"
"2026-01-03","39381","Tax Provision","TechLogistics Corp","Direct Consumer"
"2026-01-07","11687","Inventory","Global Office Ltd","Retail Giant A"
"2026-01-29","36439","Sales Revenue","Global Office Ltd","SmallBiz Inc"
"2026-02-28","2138","Tax Provision","TechLogistics Corp","Direct Consumer"
"2026-03-20","39414","Sales Revenue","TechLogistics Corp","SmallBiz Inc"
"2026-03-26","42312","Professional Fees","TechLogistics Corp","SmallBiz Inc"
"2026-03-10","15050","Inventory","Azure Utilities","Direct Consumer"
"2026-02-22","6940","Professional Fees","Global Office Ltd","Retail Giant A"
"2026-01-30","47837","Professional Fees","Azure Utilities","Public Sector Dept"
"2026-03-24","23581","Rent","Global Office Ltd","Direct Consumer"
"2026-02-08","34882","Professional Fees","TechLogistics Corp","Direct Consumer"
"2026-03-04","41277","Sales Revenue","Prime Consulting","Public Sector Dept"
"2026-03-15","7461","Inventory","Prime Consulting","Retail Giant A"
"2026-02-22","17218","Sales Revenue","TechLogistics Corp","Direct Consumer"
"2026-01-10","22336","Inventory","Global Office Ltd","Direct Consumer"
"2026-03-07","17788","Inventory","TechLogistics Corp","Public Sector Dept"
"2026-01-23","44732","Professional Fees","Prime Consulting","Retail Giant A"
"2026-03-14","40427","Inventory","Global Office Ltd","Retail Giant A"
"2026-01-14","29621","Rent","Prime Consulting","SmallBiz Inc"
"2026-03-10","18698","Professional Fees","Prime Consulting","Direct Consumer"
"2026-02-02","16683","Inventory","Prime Consulting","Public Sector Dept"
"2026-01-15","9477","Professional Fees","Prime Consulting","SmallBiz Inc"
"2026-01-10","17675","Inventory","TechLogistics Corp","SmallBiz Inc"
"2026-01-25","34701","Tax Provision","Azure Utilities","Retail Giant A"
"2026-02-21","34677","Tax Provision","Azure Utilities","Public Sector Dept"
"2026-03-06","25505","Inventory","Azure Utilities","Retail Giant A"
"2026-03-21","39930","Sales Revenue","Global Office Ltd","Public Sector Dept"
"2026-01-01","27642","Professional Fees","Azure Utilities","SmallBiz Inc"
"2026-02-16","41621","Inventory","Prime Consulting","Public Sector Dept"
"2026-02-01","39071","Sales Revenue","Azure Utilities","SmallBiz Inc"
"2026-01-13","49645","Tax Provision","TechLogistics Corp","Public Sector Dept"
"2026-02-18","16083","Sales Revenue","Prime Consulting","Public Sector Dept"
"2026-01-14","8589","Tax Provision","Global Office Ltd","Public Sector Dept"
"2026-02-05","37841","Inventory","Prime Consulting","SmallBiz Inc"
"2026-01-05","16422","Tax Provision","Prime Consulting","Retail Giant A"
"2026-03-15","48824","Tax Provision","TechLogistics Corp","Public Sector Dept"
"2026-02-14","15755","Tax Provision","TechLogistics Corp","Retail Giant A"
"2026-03-18","1043","Inventory","Global Office Ltd","Direct Consumer"
"2026-01-23","2479","Professional Fees","Global Office Ltd","Retail Giant A"
"2026-01-14","11796","Tax Provision","TechLogistics Corp","Direct Consumer"
"2026-01-07","9535","Professional Fees","Prime Consulting","Direct Consumer"
"2026-03-09","5586","Professional Fees","Global Office Ltd","Public Sector Dept"
"2026-02-08","12775","Inventory","Prime Consulting","Direct Consumer"
"2026-01-07","30592","Inventory","Prime Consulting","Direct Consumer"
"2026-03-26","44109","Sales Revenue","Prime Consulting","Direct Consumer"
"2026-01-10","38411","Tax Provision","Azure Utilities","Direct Consumer"
"2026-01-29","36501","Sales Revenue","Azure Utilities","SmallBiz Inc"
"2026-02-06","17267","Professional Fees","Prime Consulting","Public Sector Dept"
"2026-03-21","3175","Inventory","TechLogistics Corp","Retail Giant A"
"2026-03-04","11350","Rent","Azure Utilities","Retail Giant A"
"2026-03-07","33909","Rent","TechLogistics Corp","SmallBiz Inc"
"2026-03-29","28781","Sales Revenue","Azure Utilities","Retail Giant A"
"2026-01-05","37199","Sales Revenue","TechLogistics Corp","Public Sector Dept"
"2026-02-27","25365","Sales Revenue","Global Office Ltd","Public Sector Dept"
"2026-01-14","8207","Professional Fees","Global Office Ltd","Public Sector Dept"
"2026-03-31","48652","Rent","TechLogistics Corp","Public Sector Dept"
"2026-03-03","10431","Tax Provision","Azure Utilities","Public Sector Dept"
"2026-03-02","7524","Professional Fees","TechLogistics Corp","SmallBiz Inc"
"2026-03-17","47119","Sales Revenue","Azure Utilities","Direct Consumer"
"2026-02-24","17760","Sales Revenue","Prime Consulting","Public Sector Dept"
"2026-03-10","35575","Sales Revenue","Azure Utilities","Public Sector Dept"
"2026-03-11","35222","Professional Fees","Global Office Ltd","Public Sector Dept"
"2026-03-08","30005","Professional Fees","Global Office Ltd","Direct Consumer"
"2026-01-10","35261","Professional Fees","Global Office Ltd","Direct Consumer"
"2026-03-04","38797","Tax Provision","Prime Consulting","SmallBiz Inc"
"2026-02-05","5452","Inventory","Global Office Ltd","Public Sector Dept"
"2026-01-02","20635","Rent","Azure Utilities","Public Sector Dept"
"2026-01-23","21291","Rent","Azure Utilities","Public Sector Dept"
"2026-01-01","29525","Professional Fees","Azure Utilities","Direct Consumer"
"2026-03-10","6193","Inventory","Prime Consulting","SmallBiz Inc"
"2026-03-18","25602","Inventory","TechLogistics Corp","Retail Giant A"
"2026-02-14","26920","Professional Fees","Azure Utilities","Retail Giant A"
"2026-03-12","40016","Professional Fees","Azure Utilities","Retail Giant A"
"2026-02-16","13598","Rent","Global Office Ltd","Retail Giant A"
"2026-03-04","23494","Inventory","Azure Utilities","Retail Giant A"
"2026-01-03","21464","Inventory","TechLogistics Corp","Direct Consumer"
"2026-03-08","20427","Inventory","Azure Utilities","Retail Giant A"
"2026-01-30","24298","Tax Provision","Azure Utilities","Public Sector Dept"
"2026-01-21","14737","Professional Fees","Prime Consulting","Retail Giant A"
"2026-03-27","48537","Tax Provision","Global Office Ltd","Public Sector Dept"
"2026-02-24","29409","Professional Fees","Azure Utilities","SmallBiz Inc"
"2026-01-05","42410","Rent","Azure Utilities","SmallBiz Inc"
"2026-03-27","9725","Professional Fees","TechLogistics Corp","Retail Giant A"
"2026-02-07","32276","Professional Fees","Prime Consulting","SmallBiz Inc"
"2026-03-31","18524","Sales Revenue","Global Office Ltd","Retail Giant A"
"2026-02-12","3036","Inventory","Prime Consulting","SmallBiz Inc"
"2026-01-08","20558","Professional Fees","Prime Consulting","Direct Consumer"
"2026-01-31","16131","Tax Provision","TechLogistics Corp","Direct Consumer"
"2026-02-03","28902","Rent","Global Office Ltd","Direct Consumer"
"2026-01-09","5171","Tax Provision","TechLogistics Corp","SmallBiz Inc"
"2026-03-04","45331","Sales Revenue","Azure Utilities","SmallBiz Inc"
"2026-02-06","19423","Tax Provision","TechLogistics Corp","Public Sector Dept"
"2026-03-17","15178","Inventory","Azure Utilities","Public Sector Dept"
"2026-02-03","14411","Inventory","TechLogistics Corp","SmallBiz Inc"
"2026-01-27","49372","Tax Provision","TechLogistics Corp","Direct Consumer"
"2026-01-11","41094","Inventory","TechLogistics Corp","SmallBiz Inc"
"2026-02-09","22359","Inventory","Global Office Ltd","Direct Consumer"
"2026-01-15","2417","Inventory","Azure Utilities","Retail Giant A"
"2026-02-19","5372","Rent","Azure Utilities","SmallBiz Inc"
"2026-03-19","36800","Professional Fees","Prime Consulting","Public Sector Dept"
"2026-03-14","40560","Inventory","Prime Consulting","SmallBiz Inc"
"2026-02-16","44394","Tax Provision","Prime Consulting","Retail Giant A"
"2026-01-19","41190","Rent","TechLogistics Corp","Retail Giant A"
"2026-03-18","1071","Sales Revenue","TechLogistics Corp","Direct Consumer"
"2026-02-20","36063","Sales Revenue","Global Office Ltd","Retail Giant A"
"2026-03-18","1305","Rent","TechLogistics Corp","Direct Consumer"
"2026-02-05","48293","Sales Revenue","Prime Consulting","Public Sector Dept"
"2026-03-31","19864","Professional Fees","Prime Consulting","Public Sector Dept"
"2026-01-31","5961","Inventory","Global Office Ltd","SmallBiz Inc"
"2026-01-22","11810","Professional Fees","Prime Consulting","Retail Giant A"
"2026-03-15","28256","Professional Fees","Prime Consulting","SmallBiz Inc"
"2026-01-07","44321","Rent","Prime Consulting","Public Sector Dept"
"2026-03-02","18622","Tax Provision","Prime Consulting","SmallBiz Inc"
"2026-03-12","25067","Inventory","TechLogistics Corp","Retail Giant A"
"2026-01-16","23614","Professional Fees","Prime Consulting","Direct Consumer"
"2026-02-16","37603","Rent","Azure Utilities","SmallBiz Inc"
"2026-03-27","12806","Sales Revenue","Global Office Ltd","Retail Giant A"
"2026-03-31","36678","Rent","Global Office Ltd","SmallBiz Inc"
"2026-01-22","40256","Tax Provision","Prime Consulting","Direct Consumer"
"2026-02-03","14508","Professional Fees","Azure Utilities","Direct Consumer"
"2026-01-06","40287","Rent","Global Office Ltd","Retail Giant A"
"2026-03-17","39295","Sales Revenue","Prime Consulting","Direct Consumer"
"2026-01-09","35477","Professional Fees","Prime Consulting","SmallBiz Inc"
"2026-01-13","14604","Professional Fees","Azure Utilities","Public Sector Dept"
"2026-03-14","19857","Sales Revenue","Azure Utilities","Public Sector Dept"
"2026-01-02","38396","Rent","Global Office Ltd","Direct Consumer"
"2026-01-29","27491","Sales Revenue","TechLogistics Corp","Retail Giant A"
"2026-03-09","18401","Rent","TechLogistics Corp","Public Sector Dept"
"2026-03-27","6498","Sales Revenue","TechLogistics Corp","Direct Consumer"
"2026-02-11","10835","Inventory","Prime Consulting","Public Sector Dept"
"2026-03-20","23752","Sales Revenue","TechLogistics Corp","Direct Consumer"
"2026-02-02","44681","Sales Revenue","Global Office Ltd","Public Sector Dept"
"2026-02-18","20886","Sales Revenue","Prime Consulting","Retail Giant A"
"2026-01-13","48074","Professional Fees","Prime Consulting","Public Sector Dept"
"2026-02-02","26157","Inventory","Global Office Ltd","Retail Giant A"
"2026-02-25","16140","Rent","TechLogistics Corp","Direct Consumer"
"2026-03-21","43296","Inventory","Global Office Ltd","SmallBiz Inc"
"2026-02-19","27782","Tax Provision","Global Office Ltd","Direct Consumer"
"2026-01-20","19239","Rent","Azure Utilities","Direct Consumer"
"2026-03-21","22136","Sales Revenue","Global Office Ltd","Direct Consumer"
"2026-02-09","49149","Rent","Azure Utilities","Public Sector Dept"
"2026-03-17","7270","Tax Provision","TechLogistics Corp","Retail Giant A"
"2026-02-07","41595","Sales Revenue","Prime Consulting","Public Sector Dept"
"2026-02-14","11456","Professional Fees","Global Office Ltd","Direct Consumer"
"2026-03-07","27623","Rent","Global Office Ltd","Public Sector Dept"
"2026-02-05","38342","Sales Revenue","Global Office Ltd","SmallBiz Inc"
"2026-03-23","12710","Tax Provision","Global Office Ltd","Retail Giant A"
"2026-01-19","9224","Inventory","Global Office Ltd","SmallBiz Inc"
"2026-01-18","5127","Rent","Azure Utilities","Retail Giant A"
"2026-01-31","26360","Rent","Prime Consulting","Public Sector Dept"
"2026-03-02","18223","Professional Fees","Azure Utilities","SmallBiz Inc"
"2026-01-02","46830","Inventory","Azure Utilities","Public Sector Dept"
"2026-01-26","26734","Tax Provision","TechLogistics Corp","Public Sector Dept"
"2026-01-29","28912","Inventory","Prime Consulting","Public Sector Dept"
"2026-03-25","14589","Rent","Prime Consulting","Retail Giant A"
"2026-03-29","11945","Professional Fees","Prime Consulting","Retail Giant A"
"2026-01-03","4867","Sales Revenue","TechLogistics Corp","Direct Consumer"
"2026-01-10","9556","Inventory","Azure Utilities","Retail Giant A"
"2026-02-15","46824","Tax Provision","Azure Utilities","Public Sector Dept"
"2026-01-04","40318","Tax Provision","Prime Consulting","Retail Giant A"
"2026-02-11","43959","Inventory","Global Office Ltd","SmallBiz Inc"
"2026-02-26","27560","Sales Revenue","Azure Utilities","Public Sector Dept"
"2026-03-23","16441","Sales Revenue","Global Office Ltd","Retail Giant A"
"2026-03-30","28454","Rent","TechLogistics Corp","SmallBiz Inc"
"2026-01-22","22129","Professional Fees","Global Office Ltd","Retail Giant A"
"2026-03-20","36917","Inventory","Global Office Ltd","Public Sector Dept"
"2026-03-11","13466","Professional Fees","Global Office Ltd","SmallBiz Inc"
"2026-03-13","16298","Inventory","Azure Utilities","Retail Giant A"
"2026-03-05","39932","Sales Revenue","Prime Consulting","Retail Giant A"
"2026-01-17","17760","Sales Revenue","TechLogistics Corp","Direct Consumer"
"2026-03-12","42985","Tax Provision","Prime Consulting","Direct Consumer"
"2026-01-14","12275","Rent","Prime Consulting","SmallBiz Inc"
"2026-02-22","13326","Inventory","TechLogistics Corp","Retail Giant A"
"2026-02-14","42547","Tax Provision","Prime Consulting","Retail Giant A"
"2026-02-14","41413","Rent","Prime Consulting","Public Sector Dept"
"2026-01-23","17210","Sales Revenue","Azure Utilities","SmallBiz Inc"
"2026-01-04","20882","Inventory","Azure Utilities","Retail Giant A"
"2026-02-04","30802","Sales Revenue","Global Office Ltd","Retail Giant A"
"2026-03-02","31645","Inventory","Azure Utilities","SmallBiz Inc"
"2026-03-26","43674","Tax Provision","Azure Utilities","Retail Giant A"
"2026-02-09","19045","Tax Provision","Azure Utilities","Direct Consumer"
"2026-02-22","23978","Sales Revenue","TechLogistics Corp","SmallBiz Inc"
"2026-02-20","33853","Sales Revenue","Global Office Ltd","Direct Consumer"
"2026-01-09","3870","Sales Revenue","Azure Utilities","Direct Consumer"
"2026-01-18","49864","Tax Provision","TechLogistics Corp","Retail Giant A"
"2026-02-01","3641","Professional Fees","TechLogistics Corp","Public Sector Dept"
"2026-01-13","42779","Tax Provision","TechLogistics Corp","Direct Consumer"
"2026-02-02","10279","Professional Fees","Azure Utilities","Direct Consumer"
"2026-02-25","13840","Tax Provision","Azure Utilities","Retail Giant A"
"2026-01-02","31763","Rent","Azure Utilities","Retail Giant A"
"2026-02-03","11596","Sales Revenue","Azure Utilities","Public Sector Dept"
"2026-02-04","31766","Professional Fees","Global Office Ltd","Retail Giant A"
"2026-03-23","41830","Tax Provision","TechLogistics Corp","Retail Giant A"
"2026-03-08","16196","Sales Revenue","Prime Consulting","SmallBiz Inc"
"2026-01-20","28452","Sales Revenue","TechLogistics Corp","Public Sector Dept"
"2026-02-06","36672","Inventory","Prime Consulting","SmallBiz Inc"
"2026-01-12","15897","Tax Provision","Prime Consulting","SmallBiz Inc"
"2026-03-08","42399","Inventory","Prime Consulting","Retail Giant A"
"2026-03-28","48872","Rent","Prime Consulting","Retail Giant A"
"2026-01-13","45623","Inventory","Prime Consulting","Retail Giant A"
"2026-03-19","9339","Inventory","Prime Consulting","Public Sector Dept"
"2026-03-05","10662","Professional Fees","Prime Consulting","Direct Consumer"
"2026-02-02","25563","Tax Provision","Azure Utilities","Retail Giant A"
"2026-01-20","39913","Tax Provision","Global Office Ltd","Public Sector Dept"
"2026-02-09","3172","Sales Revenue","TechLogistics Corp","Direct Consumer"
"2026-02-13","19677","Rent","Prime Consulting","Direct Consumer"
"2026-01-05","10683","Professional Fees","Azure Utilities","Direct Consumer"
"2026-03-14","14781","Sales Revenue","Global Office Ltd","Public Sector Dept"
"2026-03-22","41276","Sales Revenue","Prime Consulting","Direct Consumer"
"2026-02-08","12273","Rent","Prime Consulting","Public Sector Dept"
"2026-03-26","9983","Tax Provision","Global Office Ltd","SmallBiz Inc"
"2026-03-30","9539","Tax Provision","Prime Consulting","Direct Consumer"
"2026-02-28","48137","Professional Fees","Prime Consulting","Retail Giant A"
"2026-01-03","40231","Tax Provision","Azure Utilities","Direct Consumer"
"2026-03-23","6382","Tax Provision","Azure Utilities","Direct Consumer"
"2026-02-13","19367","Professional Fees","TechLogistics Corp","SmallBiz Inc"
"2026-03-11","19490","Tax Provision","Prime Consulting","SmallBiz Inc"
"2026-03-29","47110","Tax Provision","Prime Consulting","Retail Giant A"
"2026-02-20","21698","Professional Fees","Prime Consulting","SmallBiz Inc"
"2026-01-23","38921","Tax Provision","Global Office Ltd","SmallBiz Inc"
"2026-01-02","42894","Professional Fees","Azure Utilities","Public Sector Dept"
"2026-02-04","29107","Professional Fees","Prime Consulting","Direct Consumer"
"2026-03-11","40377","Inventory","Global Office Ltd","Retail Giant A"
"2026-03-28","2643","Professional Fees","TechLogistics Corp","Retail Giant A"
"2026-02-22","44016","Sales Revenue","Prime Consulting","Retail Giant A"
"2026-02-05","11360","Inventory","TechLogistics Corp","Direct Consumer"
"2026-01-09","28233","Rent","Global Office Ltd","Retail Giant A"
"2026-01-28","27894","Rent","Global Office Ltd","SmallBiz Inc"
"2026-01-28","31625","Professional Fees","Azure Utilities","Retail Giant A"
"2026-03-26","37068","Professional Fees","Global Office Ltd","Direct Consumer"
"2026-03-13","12599","Rent","Prime Consulting","SmallBiz Inc"
"2026-03-14","7662","Inventory","Global Office Ltd","Retail Giant A"
"2026-01-31","41490","Inventory","Azure Utilities","SmallBiz Inc"
"2026-01-28","14705","Sales Revenue","Global Office Ltd","SmallBiz Inc"
"2026-01-05","27761","Tax Provision","Global Office Ltd","Public Sector Dept"
"2026-02-17","19355","Inventory","Global Office Ltd","SmallBiz Inc"
"2026-02-18","19609","Rent","TechLogistics Corp","Direct Consumer"
"2026-01-09","46660","Tax Provision","Azure Utilities","SmallBiz Inc"
"2026-03-16","33708","Rent","Azure Utilities","SmallBiz Inc"
"2026-03-31","14144","Tax Provision","TechLogistics Corp","Direct Consumer"
"2026-03-31","30008","Rent","TechLogistics Corp","Direct Consumer"
"2026-03-29","38423","Professional Fees","Azure Utilities","Public Sector Dept"
"2026-03-02","27940","Rent","Azure Utilities","Public Sector Dept"
"2026-03-24","29274","Inventory","Azure Utilities","SmallBiz Inc"
"2026-03-16","35547","Professional Fees","Global Office Ltd","Public Sector Dept"
"2026-01-05","20582","Tax Provision","TechLogistics Corp","Retail Giant A"
"2026-02-14","21572","Rent","Global Office Ltd","Public Sector Dept"
"2026-03-06","42008","Inventory","Global Office Ltd","Public Sector Dept"
"2026-02-17","31192","Professional Fees","Prime Consulting","Direct Consumer"
"2026-02-14","10656","Inventory","TechLogistics Corp","Retail Giant A"
"2026-03-28","8510","Tax Provision","Azure Utilities","Retail Giant A"
"2026-03-17","8585","Tax Provision","Azure Utilities","Public Sector Dept"
"2026-03-25","6461","Tax Provision","TechLogistics Corp","SmallBiz Inc"
"2026-03-27","30616","Inventory","Azure Utilities","Direct Consumer"
"2026-01-25","35870","Rent","Prime Consulting","Public Sector Dept"
"2026-03-25","24558","Sales Revenue","Prime Consulting","SmallBiz Inc"
"2026-03-22","47213","Tax Provision","Prime Consulting","SmallBiz Inc"
"2026-03-20","32921","Inventory","TechLogistics Corp","Public Sector Dept"
"2026-03-04","38824","Professional Fees","Global Office Ltd","SmallBiz Inc"
"2026-03-09","27067","Inventory","Prime Consulting","SmallBiz Inc"
"2026-01-18","13033","Sales Revenue","Azure Utilities","Public Sector Dept"
"2026-03-15","19318","Sales Revenue","Global Office Ltd","Direct Consumer"
"2026-03-07","43244","Tax Provision","TechLogistics Corp","Retail Giant A"
"2026-03-03","24164","Inventory","Prime Consulting","Retail Giant A"
"2026-02-02","12812","Rent","Azure Utilities","Retail Giant A"
"2026-03-26","16948","Rent","TechLogistics Corp","Public Sector Dept"
"2026-01-20","29328","Rent","Prime Consulting","Public Sector Dept"
"2026-02-05","28584","Sales Revenue","TechLogistics Corp","SmallBiz Inc"
"2026-01-21","29058","Sales Revenue","Prime Consulting","Public Sector Dept"
"2026-02-15","26651","Tax Provision","TechLogistics Corp","Direct Consumer"
"2026-02-24","43302","Professional Fees","Azure Utilities","Public Sector Dept"
"2026-02-01","43703","Rent","Prime Consulting","Retail Giant A"
"2026-01-30","21394","Tax Provision","Global Office Ltd","SmallBiz Inc"
"2026-03-20","14382","Inventory","Global Office Ltd","Retail Giant A"
"2026-03-22","42435","Tax Provision","Azure Utilities","Public Sector Dept"
"2026-01-24","1525","Professional Fees","Azure Utilities","SmallBiz Inc"
"2026-01-03","20326","Inventory","TechLogistics Corp","Public Sector Dept"
"2026-01-24","20008","Professional Fees","Azure Utilities","Direct Consumer"
"2026-01-06","36050","Rent","Prime Consulting","SmallBiz Inc"
"2026-01-16","27838","Professional Fees","TechLogistics Corp","Retail Giant A"
"2026-03-30","9826","Sales Revenue","Global Office Ltd","Public Sector Dept"
"2026-03-28","20611","Tax Provision","Azure Utilities","Direct Consumer"
"2026-01-16","10360","Rent","TechLogistics Corp","Retail Giant A"
"2026-03-14","9286","Professional Fees","Azure Utilities","SmallBiz Inc"
"2026-02-16","15948","Inventory","Azure Utilities","Public Sector Dept"
"2026-03-03","29497","Professional Fees","Azure Utilities","Public Sector Dept"
"2026-03-10","40111","Rent","Global Office Ltd","Retail Giant A"
"2026-02-01","1427","Sales Revenue","TechLogistics Corp","Direct Consumer"
"2026-03-13","42350","Sales Revenue","Azure Utilities","Direct Consumer"
"2026-02-06","20482","Professional Fees","Azure Utilities","Direct Consumer"
"2026-01-11","46084","Professional Fees","Prime Consulting","Public Sector Dept"
"2026-03-19","13993","Rent","TechLogistics Corp","Direct Consumer"
"2026-02-27","31358","Tax Provision","Global Office Ltd","Retail Giant A"
"2026-02-08","27662","Rent","Prime Consulting","SmallBiz Inc"
"2026-03-11","4198","Tax Provision","Global Office Ltd","SmallBiz Inc"
"2026-01-10","19845","Professional Fees","Prime Consulting","Retail Giant A"
"2026-02-03","21195","Tax Provision","Prime Consulting","Direct Consumer"
"2026-01-28","26392","Inventory","Azure Utilities","SmallBiz Inc"
"2026-01-08","33744","Sales Revenue","TechLogistics Corp","Retail Giant A"
"2026-03-15","17740","Inventory","Prime Consulting","Public Sector Dept"
"2026-02-03","39433","Inventory","Global Office Ltd","Direct Consumer"
"2026-02-10","40884","Inventory","TechLogistics Corp","SmallBiz Inc"
"2026-03-16","35563","Rent","Prime Consulting","Public Sector Dept"
"2026-01-29","34133","Professional Fees","TechLogistics Corp","Public Sector Dept"
"2026-01-13","20267","Professional Fees","Prime Consulting","SmallBiz Inc"
"2026-01-25","15995","Inventory","Azure Utilities","Retail Giant A"
"2026-01-17","15616","Tax Provision","Azure Utilities","Direct Consumer"
"2026-01-17","41289","Sales Revenue","Azure Utilities","Public Sector Dept"
"2026-02-01","40771","Tax Provision","Global Office Ltd","Retail Giant A"
"2026-01-20","1775","Rent","Azure Utilities","Public Sector Dept"
"2026-02-08","44545","Tax Provision","Global Office Ltd","Public Sector Dept"
"2026-01-17","11541","Rent","TechLogistics Corp","Direct Consumer"
"2026-03-08","19463","Inventory","Prime Consulting","Public Sector Dept"
"2026-02-22","41964","Inventory","TechLogistics Corp","SmallBiz Inc"
"2026-01-07","38629","Tax Provision","TechLogistics Corp","Retail Giant A"
"2026-01-22","27975","Professional Fees","Global Office Ltd","Public Sector Dept"
"2026-02-27","9025","Rent","Azure Utilities","Direct Consumer"
"2026-03-08","12829","Professional Fees","TechLogistics Corp","Retail Giant A"
"2026-02-22","41733","Professional Fees","TechLogistics Corp","Public Sector Dept"
"2026-03-06","19300","Sales Revenue","Azure Utilities","Public Sector Dept"
"2026-03-12","8058","Inventory","Azure Utilities","Retail Giant A"
"2026-02-18","40418","Rent","Global Office Ltd","Public Sector Dept"
"2026-03-05","30970","Sales Revenue","Prime Consulting","SmallBiz Inc"
"2026-01-12","9877","Rent","Global Office Ltd","Direct Consumer"
"2026-03-07","7477","Professional Fees","Azure Utilities","Public Sector Dept"
"2026-03-20","2661","Tax Provision","TechLogistics Corp","Retail Giant A"
"2026-01-15","1833","Inventory","Prime Consulting","Retail Giant A"
"2026-01-12","10183","Professional Fees","TechLogistics Corp","Retail Giant A"
"2026-03-03","24005","Tax Provision","TechLogistics Corp","Direct Consumer"
"2026-03-30","42341","Inventory","Global Office Ltd","Public Sector Dept"
"2026-03-16","23724","Tax Provision","TechLogistics Corp","Public Sector Dept"
"2026-01-20","4313","Rent","Global Office Ltd","Retail Giant A"
"2026-02-25","4992","Sales Revenue","TechLogistics Corp","SmallBiz Inc"
"2026-01-08","46989","Sales Revenue","Global Office Ltd","Public Sector Dept"
"2026-02-12","15059","Rent","Global Office Ltd","SmallBiz Inc"
"2026-02-07","43652","Professional Fees","TechLogistics Corp","Retail Giant A"
"2026-02-22","13980","Professional Fees","Prime Consulting","Direct Consumer"
"2026-03-19","20340","Sales Revenue","Prime Consulting","Direct Consumer"
"2026-02-06","38704","Rent","Global Office Ltd","Retail Giant A"
"2026-03-20","4604","Inventory","Prime Consulting","Public Sector Dept"
"2026-02-10","15331","Professional Fees","Global Office Ltd","Direct Consumer"
"2026-01-19","38836","Tax Provision","Azure Utilities","Direct Consumer"
"2026-03-19","6038","Professional Fees","Azure Utilities","Retail Giant A"
"2026-01-12","9616","Sales Revenue","Global Office Ltd","Public Sector Dept"
"2026-02-03","9809","Rent","Azure Utilities","Public Sector Dept"
"2026-02-07","21008","Tax Provision","Prime Consulting","Retail Giant A"
"2026-02-09","2854","Professional Fees","Prime Consulting","Public Sector Dept"
"2026-01-26","15930","Tax Provision","TechLogistics Corp","Direct Consumer"
"2026-02-07","41004","Rent","Azure Utilities","Direct Consumer"
"2026-01-30","22253","Inventory","Prime Consulting","Direct Consumer"
"2026-03-31","1541","Sales Revenue","Global Office Ltd","SmallBiz Inc"
"2026-03-01","26835","Professional Fees","TechLogistics Corp","Retail Giant A"
"2026-03-23","46283","Sales Revenue","Prime Consulting","SmallBiz Inc"
"2026-03-27","47153","Inventory","Azure Utilities","Public Sector Dept"
"2026-02-06","26388","Tax Provision","Prime Consulting","Retail Giant A"
"2026-01-14","21410","Sales Revenue","Prime Consulting","SmallBiz Inc"
"2026-01-18","19115","Professional Fees","Prime Consulting","SmallBiz Inc"
"2026-01-15","24915","Sales Revenue","Global Office Ltd","SmallBiz Inc"
"2026-01-10","42426","Tax Provision","Global Office Ltd","SmallBiz Inc"
"2026-01-14","26371","Professional Fees","Global Office Ltd","Retail Giant A"
"2026-02-10","29401","Tax Provision","Azure Utilities","SmallBiz Inc"
"2026-03-20","27881","Sales Revenue","TechLogistics Corp","Retail Giant A"
"2026-01-23","36087","Inventory","Azure Utilities","Direct Consumer"
"2026-01-30","48370","Tax Provision","Prime Consulting","Retail Giant A"
"2026-02-26","31470","Inventory","Azure Utilities","Retail Giant A"
"2026-03-09","26490","Rent","Azure Utilities","Retail Giant A"
"2026-01-12","47030","Tax Provision","Prime Consulting","Public Sector Dept"
"2026-03-07","11176","Tax Provision","Prime Consulting","Public Sector Dept"
"2026-01-30","38578","Sales Revenue","TechLogistics Corp","Direct Consumer"
"2026-03-25","35965","Professional Fees","TechLogistics Corp","Direct Consumer"
"2026-02-04","9636","Tax Provision","Global Office Ltd","Direct Consumer"
"2026-03-13","42811","Rent","TechLogistics Corp","Retail Giant A"
"2026-03-07","24345","Inventory","Global Office Ltd","SmallBiz Inc"
"2026-02-12","18537","Professional Fees","Global Office Ltd","Retail Giant A"
"2026-02-10","34558","Professional Fees","TechLogistics Corp","SmallBiz Inc"
"2026-01-06","46932","Sales Revenue","Prime Consulting","Retail Giant A"
"2026-01-18","47392","Tax Provision","Azure Utilities","Direct Consumer"
"2026-02-25","21255","Professional Fees","Azure Utilities","Retail Giant A"
"2026-01-05","1103","Tax Provision","Prime Consulting","Direct Consumer"
"2026-03-05","33346","Rent","Global Office Ltd","Retail Giant A"
"2026-01-24","4155","Professional Fees","Prime Consulting","Retail Giant A"
"2026-03-13","47723","Sales Revenue","Azure Utilities","Retail Giant A"
"2026-02-11","26835","Tax Provision","Prime Consulting","Retail Giant A"
"2026-01-25","47448","Sales Revenue","Prime Consulting","Public Sector Dept"
"2026-01-10","38377","Sales Revenue","Prime Consulting","Public Sector Dept"
"2026-02-27","37799","Tax Provision","TechLogistics Corp","Public Sector Dept"
"2026-01-18","36385","Professional Fees","Global Office Ltd","Direct Consumer"
"2026-03-14","42153","Rent","TechLogistics Corp","Retail Giant A"
"2026-01-19","29168","Tax Provision","Prime Consulting","SmallBiz Inc"
"2026-02-04","6599","Inventory","Prime Consulting","Public Sector Dept"
"2026-01-26","32745","Tax Provision","Azure Utilities","Retail Giant A"
"2026-01-26","38098","Inventory","Prime Consulting","SmallBiz Inc"
"2026-01-01","5244","Inventory","Global Office Ltd","Retail Giant A"
"2026-02-14","17719","Rent","Prime Consulting","SmallBiz Inc"
"2026-01-02","5834","Professional Fees","Global Office Ltd","Public Sector Dept"
"2026-03-27","30871","Tax Provision","TechLogistics Corp","Retail Giant A"
"2026-03-23","47314","Inventory","Global Office Ltd","SmallBiz Inc"
"2026-03-10","33314","Professional Fees","Global Office Ltd","Retail Giant A"
"2026-03-20","20957","Tax Provision","Global Office Ltd","Public Sector Dept"
"2026-02-11","2026","Professional Fees","TechLogistics Corp","Direct Consumer"
"2026-01-20","22011","Tax Provision","TechLogistics Corp","Direct Consumer"
"2026-02-06","41808","Rent","Global Office Ltd","SmallBiz Inc"
"2026-03-29","46960","Sales Revenue","Azure Utilities","Direct Consumer"
"2026-03-16","38021","Rent","TechLogistics Corp","Public Sector Dept"
"2026-03-16","46736","Professional Fees","TechLogistics Corp","SmallBiz Inc"
"2026-02-22","21152","Sales Revenue","Prime Consulting","Direct Consumer"
"2026-03-31","7650","Sales Revenue","TechLogistics Corp","SmallBiz Inc"
"2026-03-10","8923","Professional Fees","TechLogistics Corp","Direct Consumer"
"2026-02-14","10527","Rent","Global Office Ltd","Retail Giant A"
"2026-02-10","41695","Tax Provision","Azure Utilities","Public Sector Dept"
"2026-02-10","31676","Sales Revenue","Global Office Ltd","Retail Giant A"
"2026-02-17","42661","Inventory","Azure Utilities","Public Sector Dept"
"2026-01-28","39775","Inventory","Global Office Ltd","Direct Consumer"
"2026-03-16","49157","Inventory","Azure Utilities","Direct Consumer"
"2026-03-14","42568","Rent","TechLogistics Corp","Direct Consumer"
"2026-01-17","6745","Professional Fees","TechLogistics Corp","SmallBiz Inc"
"2026-01-04","49938","Sales Revenue","Azure Utilities","SmallBiz Inc"
"2026-03-31","2610","Inventory","TechLogistics Corp","Public Sector Dept"
"2026-03-08","13620","Inventory","TechLogistics Corp","Direct Consumer"
"2026-02-08","31626","Tax Provision","Global Office Ltd","Direct Consumer"
"2026-01-27","11548","Inventory","TechLogistics Corp","SmallBiz Inc"
"2026-03-28","5825","Tax Provision","Azure Utilities","Retail Giant A"
"2026-02-02","8193","Inventory","Global Office Ltd","Direct Consumer"
"2026-01-01","3851","Sales Revenue","Prime Consulting","Public Sector Dept"
"2026-02-27","49480","Inventory","Global Office Ltd","Direct Consumer"
"2026-01-20","17847","Inventory","Azure Utilities","Public Sector Dept"
"2026-02-10","30356","Inventory","Azure Utilities","Public Sector Dept"
"2026-02-19","24406","Rent","TechLogistics Corp","Public Sector Dept"
"2026-03-22","3732","Rent","Prime Consulting","Public Sector Dept"
"2026-03-05","36430","Sales Revenue","Prime Consulting","Retail Giant A"
"2026-02-17","41628","Inventory","TechLogistics Corp","Retail Giant A"
"2026-03-12","30581","Sales Revenue","Prime Consulting","Public Sector Dept"
"2026-01-05","39453","Inventory","TechLogistics Corp","Retail Giant A"
"2026-01-18","35447","Professional Fees","Azure Utilities","SmallBiz Inc"
"2026-03-15","27767","Sales Revenue","TechLogistics Corp","Public Sector Dept"
"2026-03-19","37584","Tax Provision","Global Office Ltd","Public Sector Dept"
"2026-03-15","35310","Tax Provision","Azure Utilities","Public Sector Dept"
"2026-03-25","22681","Inventory","TechLogistics Corp","Public Sector Dept"
"2026-01-26","43341","Professional Fees","Azure Utilities","Direct Consumer"
"2026-03-19","48541","Professional Fees","Azure Utilities","Public Sector Dept"
"2026-02-11","48040","Sales Revenue","Azure Utilities","Public Sector Dept"
"2026-02-09","41085","Professional Fees","Prime Consulting","Retail Giant A"
"2026-03-18","19337","Rent","Global Office Ltd","Direct Consumer"
"2026-02-22","27777","Tax Provision","TechLogistics Corp","Direct Consumer"
"2026-03-26","49921","Tax Provision","Azure Utilities","Direct Consumer"
"2026-01-29","36882","Professional Fees","Prime Consulting","Retail Giant A"
"2026-02-27","49550","Inventory","TechLogistics Corp","Direct Consumer"
"2026-02-27","29595","Professional Fees","Azure Utilities","SmallBiz Inc"
"2026-01-25","45165","Professional Fees","Prime Consulting","SmallBiz Inc"
"2026-01-01","24997","Tax Provision","Global Office Ltd","Retail Giant A"
"2026-03-29","41066","Tax Provision","Prime Consulting","SmallBiz Inc"
"2026-01-19","45673","Inventory","Prime Consulting","Retail Giant A"
"2026-01-15","18193","Rent","Global Office Ltd","Direct Consumer"
"2026-03-10","22681","Professional Fees","TechLogistics Corp","Direct Consumer"
"2026-03-25","8999","Professional Fees","Global Office Ltd","Retail Giant A"
"2026-01-02","36254","Professional Fees","Global Office Ltd","Retail Giant A"
"2026-01-15","38108","Tax Provision","Prime Consulting","Retail Giant A"
"2026-02-16","8408","Inventory","TechLogistics Corp","Public Sector Dept"
"2026-03-14","10692","Sales Revenue","Prime Consulting","Retail Giant A"
"2026-01-22","31450","Tax Provision","Azure Utilities","SmallBiz Inc"
"2026-03-28","34898","Professional Fees","TechLogistics Corp","Public Sector Dept"
"2026-01-02","26019","Tax Provision","Global Office Ltd","Public Sector Dept"
"2026-02-28","49059","Tax Provision","Prime Consulting","Public Sector Dept"
"2026-02-18","44070","Tax Provision","TechLogistics Corp","Direct Consumer"
"2026-01-17","3838","Tax Provision","Global Office Ltd","SmallBiz Inc"
"2026-03-01","33192","Inventory","Azure Utilities","Public Sector Dept"
"2026-02-12","20061","Sales Revenue","Global Office Ltd","Retail Giant A"
"2026-03-02","37540","Inventory","Prime Consulting","Retail Giant A"
"2026-02-19","2915","Tax Provision","Global Office Ltd","Direct Consumer"
"2026-03-22","38247","Tax Provision","Azure Utilities","SmallBiz Inc"
"2026-03-13","47931","Inventory","TechLogistics Corp","Direct Consumer"
"2026-03-26","33218","Sales Revenue","Azure Utilities","Retail Giant A"
"2026-03-19","13783","Inventory","Prime Consulting","SmallBiz Inc"
"2026-03-09","4286","Professional Fees","Global Office Ltd","Direct Consumer"
"2026-01-02","7326","Tax Provision","Prime Consulting","Public Sector Dept"
"2026-03-05","15599","Inventory","Azure Utilities","Public Sector Dept"
"2026-01-14","44868","Rent","Global Office Ltd","Direct Consumer"
"2026-03-26","31268","Inventory","Prime Consulting","Direct Consumer"
"2026-03-06","29555","Rent","Prime Consulting","Public Sector Dept"
"2026-01-25","48906","Sales Revenue","Global Office Ltd","Public Sector Dept"
"2026-03-14","5517","Inventory","Prime Consulting","SmallBiz Inc"
"2026-01-25","26607","Inventory","Azure Utilities","Retail Giant A"
"2026-02-22","38909","Sales Revenue","Global Office Ltd","Retail Giant A"
"2026-01-15","39596","Inventory","TechLogistics Corp","Public Sector Dept"
"2026-03-23","36128","Tax Provision","TechLogistics Corp","SmallBiz Inc"
"2026-02-25","45776","Inventory","TechLogistics Corp","Direct Consumer"
"2026-01-06","7948","Tax Provision","Azure Utilities","Public Sector Dept"
"2026-01-19","28214","Rent","Azure Utilities","Retail Giant A"
"2026-02-15","47094","Inventory","Prime Consulting","Direct Consumer"
"2026-03-18","42484","Inventory","TechLogistics Corp","SmallBiz Inc"
"2026-01-13","40251","Sales Revenue","Global Office Ltd","Public Sector Dept"
"2026-03-10","28007","Professional Fees","Global Office Ltd","Retail Giant A"
"2026-01-14","12805","Sales Revenue","Global Office Ltd","Public Sector Dept"
"2026-01-25","28118","Inventory","Global Office Ltd","Direct Consumer"
"2026-01-02","34887","Tax Provision","Global Office Ltd","SmallBiz Inc"
"2026-03-31","49056","Rent","TechLogistics Corp","Retail Giant A"
"2026-01-16","12594","Rent","Prime Consulting","Public Sector Dept"
"2026-03-08","27819","Professional Fees","Azure Utilities","SmallBiz Inc"
"2026-02-14","4263","Inventory","Azure Utilities","Public Sector Dept"
"2026-03-21","45770","Inventory","TechLogistics Corp","Retail Giant A"
"2026-01-18","7407","Inventory","TechLogistics Corp","Retail Giant A"
"2026-03-12","35451","Inventory","Global Office Ltd","Direct Consumer"
"2026-02-21","41229","Professional Fees","TechLogistics Corp","Public Sector Dept"
"2026-02-18","4636","Rent","Azure Utilities","Direct Consumer"
"2026-03-09","15466","Rent","Global Office Ltd","Direct Consumer"
"2026-03-01","37790","Tax Provision","TechLogistics Corp","SmallBiz Inc"
"2026-02-20","39683","Sales Revenue","TechLogistics Corp","Public Sector Dept"
"2026-01-28","22964","Sales Revenue","Prime Consulting","SmallBiz Inc"
"2026-03-26","46981","Rent","Prime Consulting","Retail Giant A"
"2026-01-19","49862","Tax Provision","Prime Consulting","SmallBiz Inc"
"2026-02-16","16607","Tax Provision","TechLogistics Corp","Retail Giant A"
"2026-02-27","19089","Professional Fees","Global Office Ltd","SmallBiz Inc"
"2026-01-18","19386","Rent","Prime Consulting","Direct Consumer"
"2026-01-20","49770","Rent","Global Office Ltd","Direct Consumer"
"2026-01-29","14486","Inventory","Azure Utilities","Public Sector Dept"
"2026-02-15","21792","Professional Fees","Azure Utilities","Direct Consumer"
"2026-01-24","7265","Professional Fees","TechLogistics Corp","Public Sector Dept"
"2026-02-04","42534","Sales Revenue","Prime Consulting","Direct Consumer"
"2026-02-23","40992","Professional Fees","Prime Consulting","SmallBiz Inc"
"2026-03-28","11393","Tax Provision","TechLogistics Corp","Retail Giant A"
"2026-01-29","6615","Tax Provision","TechLogistics Corp","Retail Giant A"
"2026-02-14","3742","Inventory","Global Office Ltd","SmallBiz Inc"
"2026-01-04","4385","Inventory","Prime Consulting","Retail Giant A"
"2026-02-20","8155","Tax Provision","Prime Consulting","SmallBiz Inc"
"2026-02-16","39103","Sales Revenue","Prime Consulting","Public Sector Dept"
"2026-02-03","2347","Rent","TechLogistics Corp","SmallBiz Inc"
"2026-02-04","17861","Sales Revenue","Prime Consulting","Public Sector Dept"
"2026-03-06","15344","Rent","TechLogistics Corp","Retail Giant A"
"2026-03-17","20157","Inventory","Azure Utilities","SmallBiz Inc"
"2026-01-14","43613","Rent","TechLogistics Corp","SmallBiz Inc"
"2026-03-09","17843","Tax Provision","Prime Consulting","SmallBiz Inc"
"2026-03-06","3012","Rent","TechLogistics Corp","Retail Giant A"
"2026-03-01","35812","Rent","Global Office Ltd","Direct Consumer"
"2026-03-14","16407","Inventory","Global Office Ltd","Retail Giant A"
"2026-02-26","22024","Tax Provision","Prime Consulting","Retail Giant A"
"2026-01-27","30025","Tax Provision","Prime Consulting","Direct Consumer"
"2026-02-22","15162","Inventory","Azure Utilities","Retail Giant A"
"2026-03-30","46585","Tax Provision","TechLogistics Corp","Public Sector Dept"
"2026-01-21","43712","Sales Revenue","Global Office Ltd","Retail Giant A"
"2026-03-04","2510","Sales Revenue","Azure Utilities","Direct Consumer"
"2026-02-18","29088","Rent","Prime Consulting","Retail Giant A"
"2026-01-14","30146","Inventory","Azure Utilities","SmallBiz Inc"
"2026-01-28","31223","Professional Fees","Prime Consulting","SmallBiz Inc"
"2026-02-28","24345","Sales Revenue","TechLogistics Corp","SmallBiz Inc"
"2026-01-06","41850","Professional Fees","Prime Consulting","SmallBiz Inc"
"2026-01-14","27895","Inventory","Prime Consulting","Direct Consumer"
"2026-03-25","8690","Sales Revenue","TechLogistics Corp","Direct Consumer"
"2026-01-17","24596","Inventory","Azure Utilities","Retail Giant A"
"2026-02-13","20761","Professional Fees","Prime Consulting","Retail Giant A"
"2026-01-11","43159","Sales Revenue","Prime Consulting","Retail Giant A"
"2026-03-08","16477","Rent","Prime Consulting","SmallBiz Inc"
"2026-03-20","21289","Rent","TechLogistics Corp","Direct Consumer"
"2026-03-22","48244","Tax Provision","TechLogistics Corp","Direct Consumer"
"2026-01-09","18614","Professional Fees","Azure Utilities","Public Sector Dept"
"2026-01-03","8199","Rent","TechLogistics Corp","Public Sector Dept"
"2026-02-04","16099","Tax Provision","Prime Consulting","Public Sector Dept"
"2026-03-27","41770","Tax Provision","Prime Consulting","SmallBiz Inc"
"2026-03-18","47339","Professional Fees","Prime Consulting","Direct Consumer"
"2026-03-18","46224","Tax Provision","Global Office Ltd","SmallBiz Inc"
"2026-03-21","16384","Rent","Azure Utilities","Direct Consumer"
"2026-02-25","5461","Inventory","Prime Consulting","SmallBiz Inc"
"2026-02-05","8545","Tax Provision","Azure Utilities","SmallBiz Inc"
"2026-02-24","27981","Sales Revenue","Prime Consulting","SmallBiz Inc"
"2026-02-02","32306","Rent","Azure Utilities","SmallBiz Inc"
"2026-01-31","22632","Inventory","Prime Consulting","Public Sector Dept"
"2026-01-15","23229","Sales Revenue","Global Office Ltd","Direct Consumer"
"2026-01-02","40349","Sales Revenue","TechLogistics Corp","Public Sector Dept"
"2026-02-25","5032","Sales Revenue","Global Office Ltd","Direct Consumer"
"2026-01-18","40508","Sales Revenue","TechLogistics Corp","Direct Consumer"
"2026-02-12","45882","Tax Provision","Prime Consulting","Direct Consumer"
"2026-01-23","17176","Tax Provision","Global Office Ltd","SmallBiz Inc"
"2026-03-03","8000","Tax Provision","Prime Consulting","Public Sector Dept"
"2026-03-08","47804","Sales Revenue","Prime Consulting","Direct Consumer"
"2026-01-02","28825","Tax Provision","Azure Utilities","Public Sector Dept"
"2026-01-30","43041","Sales Revenue","Global Office Ltd","SmallBiz Inc"
"2026-02-12","20180","Professional Fees","Azure Utilities","Retail Giant A"
"2026-01-18","14185","Sales Revenue","Prime Consulting","Direct Consumer"
"2026-02-18","7083","Rent","Global Office Ltd","SmallBiz Inc"
"2026-01-09","20883","Inventory","TechLogistics Corp","SmallBiz Inc"
"2026-02-10","20140","Tax Provision","Global Office Ltd","SmallBiz Inc"
"2026-01-06","16021","Sales Revenue","Prime Consulting","SmallBiz Inc"
"2026-03-16","46795","Sales Revenue","TechLogistics Corp","SmallBiz Inc"
"2026-01-28","20307","Sales Revenue","Global Office Ltd","Public Sector Dept"
"2026-02-03","11638","Inventory","Global Office Ltd","Public Sector Dept"
"2026-02-13","26664","Inventory","Prime Consulting","Public Sector Dept"
"2026-03-13","41105","Tax Provision","Azure Utilities","Public Sector Dept"
"2026-02-21","31692","Tax Provision","Global Office Ltd","Retail Giant A"
"2026-02-05","30724","Rent","Azure Utilities","SmallBiz Inc"
"2026-02-15","31469","Rent","Global Office Ltd","Direct Consumer"
"2026-02-18","45227","Sales Revenue","Global Office Ltd","SmallBiz Inc"
"2026-01-30","38360","Professional Fees","Prime Consulting","Direct Consumer"
"2026-01-08","49290","Inventory","Global Office Ltd","Retail Giant A"
"2026-02-03","46561","Inventory","TechLogistics Corp","Retail Giant A"
"2026-01-14","16577","Tax Provision","TechLogistics Corp","Public Sector Dept"
"2026-03-13","5287","Tax Provision","Global Office Ltd","Retail Giant A"
"2026-01-11","13741","Sales Revenue","Global Office Ltd","Public Sector Dept"
"2026-03-01","36050","Sales Revenue","Azure Utilities","Public Sector Dept"
"2026-02-09","33635","Rent","Prime Consulting","SmallBiz Inc"
"2026-01-13","30794","Professional Fees","Global Office Ltd","Public Sector Dept"
"2026-03-29","15675","Professional Fees","Global Office Ltd","SmallBiz Inc"
"2026-01-14","34018","Tax Provision","TechLogistics Corp","Retail Giant A"
"2026-03-18","34140","Rent","Global Office Ltd","Public Sector Dept"
"2026-01-28","19468","Rent","TechLogistics Corp","Direct Consumer"
"2026-02-25","26364","Professional Fees","Prime Consulting","Retail Giant A"
"2026-01-09","48451","Professional Fees","Prime Consulting","Public Sector Dept"
"2026-01-10","38564","Inventory","Prime Consulting","Retail Giant A"
"2026-03-16","44138","Rent","Azure Utilities","Public Sector Dept"
"2026-01-24","38890","Rent","TechLogistics Corp","Direct Consumer"
"2026-02-11","22582","Professional Fees","Prime Consulting","Direct Consumer"
"2026-03-20","26432","Tax Provision","Prime Consulting","SmallBiz Inc"
"2026-03-13","12811","Professional Fees","TechLogistics Corp","Public Sector Dept"
"2026-01-13","20665","Tax Provision","Global Office Ltd","Direct Consumer"
"2026-02-20","46682","Professional Fees","Azure Utilities","Retail Giant A"
"2026-03-22","3238","Professional Fees","Azure Utilities","Retail Giant A"
"2026-03-17","43173","Professional Fees","Prime Consulting","Direct Consumer"
"2026-01-01","4328","Rent","TechLogistics Corp","Direct Consumer"
"2026-03-26","33602","Sales Revenue","TechLogistics Corp","Direct Consumer"
"2026-01-23","1290","Rent","Azure Utilities","SmallBiz Inc"
"2026-03-01","13007","Inventory","Azure Utilities","Direct Consumer"
"2026-02-14","35972","Sales Revenue","Azure Utilities","Public Sector Dept"
"2026-01-23","3380","Inventory","Azure Utilities","Retail Giant A"
"2026-03-28","3836","Rent","Prime Consulting","Public Sector Dept"
"2026-03-18","34907","Rent","Azure Utilities","Retail Giant A"
"2026-01-19","44308","Sales Revenue","Azure Utilities","Retail Giant A"
"2026-02-23","35406","Professional Fees","TechLogistics Corp","Public Sector Dept"
"2026-02-13","4267","Professional Fees","Azure Utilities","Public Sector Dept"
"2026-01-19","27530","Rent","Azure Utilities","Public Sector Dept"
"2026-02-13","9758","Sales Revenue","TechLogistics Corp","SmallBiz Inc"
"2026-03-15","9695","Inventory","Global Office Ltd","SmallBiz Inc"
"2026-01-12","18389","Professional Fees","Prime Consulting","Direct Consumer"
"2026-02-18","18213","Inventory","TechLogistics Corp","Direct Consumer"
"2026-02-08","31641","Professional Fees","Azure Utilities","Public Sector Dept"
"2026-01-28","45075","Sales Revenue","Prime Consulting","Direct Consumer"
"2026-03-04","38788","Inventory","Azure Utilities","SmallBiz Inc"
"2026-02-19","25180","Rent","Global Office Ltd","Retail Giant A"
"2026-02-14","5200","Professional Fees","TechLogistics Corp","Retail Giant A"
"2026-03-27","11842","Sales Revenue","Azure Utilities","SmallBiz Inc"
"2026-03-21","16293","Tax Provision","TechLogistics Corp","Public Sector Dept"
"2026-02-13","13129","Sales Revenue","TechLogistics Corp","Public Sector Dept"
"2026-03-09","41892","Sales Revenue","Global Office Ltd","Public Sector Dept"
"2026-03-02","14773","Professional Fees","TechLogistics Corp","Retail Giant A"
"2026-03-16","26733","Sales Revenue","Prime Consulting","SmallBiz Inc"
"2026-03-03","33871","Tax Provision","Prime Consulting","Public Sector Dept"
"2026-01-05","45893","Professional Fees","TechLogistics Corp","Retail Giant A"
"2026-03-03","44957","Rent","Prime Consulting","Public Sector Dept"
"2026-03-20","20684","Inventory","TechLogistics Corp","SmallBiz Inc"
"2026-01-11","28866","Sales Revenue","Prime Consulting","Direct Consumer"
"2026-03-26","33794","Inventory","Prime Consulting","Direct Consumer"
"2026-02-27","28068","Sales Revenue","TechLogistics Corp","Direct Consumer"
"2026-01-13","48622","Professional Fees","TechLogistics Corp","Direct Consumer"
"2026-02-26","42176","Rent","TechLogistics Corp","SmallBiz Inc"
"2026-03-05","29476","Sales Revenue","TechLogistics Corp","SmallBiz Inc"
"2026-02-07","40663","Professional Fees","Azure Utilities","Public Sector Dept"
"2026-03-24","8672","Rent","Prime Consulting","Retail Giant A"
"2026-01-04","22015","Rent","Azure Utilities","Retail Giant A"
"2026-02-21","16231","Professional Fees","Azure Utilities","SmallBiz Inc"
"2026-01-01","21636","Rent","Global Office Ltd","Direct Consumer"
"2026-01-06","40701","Inventory","Azure Utilities","SmallBiz Inc"
"2026-01-02","35392","Inventory","Prime Consulting","Direct Consumer"
"2026-02-06","3808","Sales Revenue","Global Office Ltd","Direct Consumer"
"2026-02-25","44374","Inventory","TechLogistics Corp","SmallBiz Inc"
"2026-03-23","20911","Inventory","Global Office Ltd","Direct Consumer"
"2026-02-13","45964","Tax Provision","Azure Utilities","Retail Giant A"
"2026-02-13","21288","Sales Revenue","TechLogistics Corp","SmallBiz Inc"
"2026-02-09","37117","Sales Revenue","TechLogistics Corp","Retail Giant A"
"2026-03-24","33521","Tax Provision","Global Office Ltd","Retail Giant A"
"2026-03-04","4140","Sales Revenue","Prime Consulting","Public Sector Dept"
"2026-01-03","39213","Sales Revenue","Prime Consulting","Direct Consumer"
"2026-02-04","18679","Inventory","Global Office Ltd","Direct Consumer"
"2026-01-01","49534","Rent","Prime Consulting","Retail Giant A"
"2026-02-11","38208","Inventory","Prime Consulting","Retail Giant A"
"2026-01-14","40897","Tax Provision","TechLogistics Corp","Retail Giant A"
"2026-03-19","36750","Rent","TechLogistics Corp","Direct Consumer"
"2026-02-28","30606","Inventory","Global Office Ltd","SmallBiz Inc"
"2026-02-14","10026","Sales Revenue","Azure Utilities","Retail Giant A"
"2026-01-25","43101","Sales Revenue","TechLogistics Corp","Public Sector Dept"
"2026-03-12","28028","Professional Fees","TechLogistics Corp","Public Sector Dept"
"2026-01-03","14649","Sales Revenue","Azure Utilities","Retail Giant A"
"2026-02-12","43018","Tax Provision","Global Office Ltd","Retail Giant A"
"2026-02-16","30317","Rent","Azure Utilities","SmallBiz Inc"
"2026-02-07","15001","Sales Revenue","Global Office Ltd","SmallBiz Inc"
"2026-01-27","13862","Professional Fees","Azure Utilities","Public Sector Dept"
"2026-01-18","44667","Inventory","Prime Consulting","Direct Consumer"
"2026-01-30","38602","Tax Provision","Prime Consulting","SmallBiz Inc"
"2026-02-17","49190","Professional Fees","Azure Utilities","SmallBiz Inc"
"2026-01-09","41920","Tax Provision","Global Office Ltd","Public Sector Dept"
"2026-03-24","2615","Inventory","Global Office Ltd","SmallBiz Inc"
"2026-01-27","28393","Tax Provision","TechLogistics Corp","Public Sector Dept"
"2026-02-23","30510","Inventory","Azure Utilities","Retail Giant A"
"2026-01-10","24283","Inventory","TechLogistics Corp","Direct Consumer"
"2026-01-10","39621","Rent","Global Office Ltd","Retail Giant A"
"2026-02-10","2562","Sales Revenue","Prime Consulting","SmallBiz Inc"
"2026-02-07","9730","Tax Provision","TechLogistics Corp","Direct Consumer"
"2026-02-19","6613","Inventory","TechLogistics Corp","Direct Consumer"
"2026-03-01","47314","Sales Revenue","Prime Consulting","Public Sector Dept"
"2026-03-07","40862","Sales Revenue","TechLogistics Corp","Public Sector Dept"
"2026-02-10","37159","Inventory","Prime Consulting","SmallBiz Inc"
"2026-02-11","30239","Inventory","Azure Utilities","SmallBiz Inc"
"2026-01-22","15710","Rent","Global Office Ltd","SmallBiz Inc"
"2026-01-20","18745","Tax Provision","Prime Consulting","Retail Giant A"
"2026-01-04","17684","Tax Provision","Azure Utilities","Public Sector Dept"
"2026-02-03","15333","Inventory","Prime Consulting","Direct Consumer"
"2026-03-24","27583","Sales Revenue","Azure Utilities","Public Sector Dept"
"2026-01-10","47664","Tax Provision","Prime Consulting","Direct Consumer"
"2026-03-18","28929","Sales Revenue","Global Office Ltd","Public Sector Dept"
"2026-01-26","34114","Tax Provision","Global Office Ltd","Direct Consumer"
"2026-01-19","13990","Sales Revenue","Global Office Ltd","Public Sector Dept"
"2026-03-31","30985","Rent","Global Office Ltd","Public Sector Dept"
"2026-02-05","38042","Rent","Global Office Ltd","Public Sector Dept"
"2026-03-18","39049","Inventory","Prime Consulting","SmallBiz Inc"
"2026-02-12","17682","Tax Provision","Global Office Ltd","Retail Giant A"
"2026-03-13","26210","Sales Revenue","Azure Utilities","Direct Consumer"
"2026-02-07","5873","Rent","Azure Utilities","Public Sector Dept"
"2026-03-01","12650","Professional Fees","Azure Utilities","SmallBiz Inc"
"2026-02-09","20775","Inventory","Prime Consulting","Public Sector Dept"
"2026-01-09","23338","Professional Fees","TechLogistics Corp","Direct Consumer"
"2026-03-07","31558","Tax Provision","Global Office Ltd","SmallBiz Inc"
"2026-03-05","10375","Professional Fees","Prime Consulting","Direct Consumer"
"2026-01-17","5270","Rent","Prime Consulting","Public Sector Dept"
"2026-01-12","13159","Rent","Global Office Ltd","Retail Giant A"
"2026-01-06","22750","Tax Provision","TechLogistics Corp","SmallBiz Inc"
"2026-02-20","27231","Inventory","Azure Utilities","Direct Consumer"
"2026-01-31","13856","Tax Provision","Azure Utilities","SmallBiz Inc"
"2026-02-23","43763","Inventory","Global Office Ltd","SmallBiz Inc"
"2026-03-27","5934","Inventory","Azure Utilities","Retail Giant A"
"2026-03-19","8922","Rent","Prime Consulting","Retail Giant A"
"2026-03-19","10790","Sales Revenue","TechLogistics Corp","Public Sector Dept"
"2026-02-15","41405","Rent","Global Office Ltd","Retail Giant A"
"2026-03-19","18147","Rent","Azure Utilities","Direct Consumer"
"2026-02-12","48558","Inventory","TechLogistics Corp","SmallBiz Inc"
"2026-01-05","39728","Inventory","Azure Utilities","SmallBiz Inc"
"2026-01-24","14935","Professional Fees","Prime Consulting","Direct Consumer"
"2026-01-23","27093","Rent","Prime Consulting","Public Sector Dept"
"2026-02-18","34017","Sales Revenue","TechLogistics Corp","Direct Consumer"
"2026-01-20","43398","Professional Fees","TechLogistics Corp","Public Sector Dept"
"2026-03-27","3509","Professional Fees","Global Office Ltd","Retail Giant A"
"2026-01-31","26154","Inventory","TechLogistics Corp","Public Sector Dept"
"2026-01-13","49597","Inventory","TechLogistics Corp","Public Sector Dept"
"2026-01-27","21551","Inventory","Global Office Ltd","Retail Giant A"
"2026-03-27","16550","Inventory","Azure Utilities","Direct Consumer"
"2026-03-29","43401","Tax Provision","TechLogistics Corp","Retail Giant A"
"2026-03-17","33117","Professional Fees","Azure Utilities","Direct Consumer"
"2026-02-12","15632","Inventory","Azure Utilities","Direct Consumer"
"2026-01-31","14600","Rent","Prime Consulting","Public Sector Dept"
"2026-02-13","31710","Tax Provision","Global Office Ltd","Retail Giant A"
"2026-03-22","3128","Tax Provision","TechLogistics Corp","Retail Giant A"
"2026-01-09","6623","Sales Revenue","Prime Consulting","Direct Consumer"
"2026-03-03","46474","Sales Revenue","Prime Consulting","Direct Consumer"
"2026-01-20","41699","Professional Fees","Global Office Ltd","Public Sector Dept"
"2026-02-04","39164","Sales Revenue","Prime Consulting","Retail Giant A"
"2026-01-18","18567","Tax Provision","Azure Utilities","Retail Giant A"
"2026-02-09","40870","Professional Fees","TechLogistics Corp","SmallBiz Inc"
"2026-02-06","29739","Professional Fees","TechLogistics Corp","Public Sector Dept"
"2026-03-03","33948","Inventory","Global Office Ltd","Public Sector Dept"
"2026-02-04","31285","Sales Revenue","Azure Utilities","Retail Giant A"
"2026-01-02","36407","Professional Fees","Prime Consulting","Retail Giant A"
"2026-01-22","8537","Inventory","TechLogistics Corp","Public Sector Dept"
"2026-02-27","36328","Sales Revenue","Prime Consulting","Public Sector Dept"
"2026-02-07","28396","Rent","Prime Consulting","SmallBiz Inc"
"2026-02-28","39338","Sales Revenue","TechLogistics Corp","Retail Giant A"
"2026-02-03","39608","Sales Revenue","Global Office Ltd","Public Sector Dept"
"2026-02-01","15765","Sales Revenue","Azure Utilities","SmallBiz Inc"
"2026-01-11","23559","Tax Provision","Global Office Ltd","Direct Consumer"
"2026-02-16","39643","Tax Provision","TechLogistics Corp","Direct Consumer"
"2026-03-10","5742","Tax Provision","Azure Utilities","Public Sector Dept"
"2026-02-04","2734","Sales Revenue","Global Office Ltd","Retail Giant A"
"2026-02-16","24060","Inventory","Global Office Ltd","SmallBiz Inc"
"2026-01-26","36277","Tax Provision","Prime Consulting","Retail Giant A"
"2026-01-28","36844","Professional Fees","Global Office Ltd","Public Sector Dept"
"2026-01-17","27607","Rent","Azure Utilities","SmallBiz Inc"
"2026-01-06","8474","Professional Fees","Global Office Ltd","SmallBiz Inc"
"2026-01-27","21643","Professional Fees","TechLogistics Corp","SmallBiz Inc"
"2026-03-23","9430","Sales Revenue","TechLogistics Corp","Direct Consumer"
"2026-03-15","42585","Sales Revenue","Prime Consulting","Public Sector Dept"
"2026-02-22","39511","Tax Provision","Global Office Ltd","Retail Giant A"
"2026-03-24","13560","Tax Provision","Prime Consulting","SmallBiz Inc"
"2026-03-15","41779","Tax Provision","Azure Utilities","Public Sector Dept"
"2026-03-21","9053","Inventory","Global Office Ltd","Public Sector Dept"
"2026-02-24","20097","Professional Fees","Prime Consulting","SmallBiz Inc"
"2026-02-28","29043","Tax Provision","Global Office Ltd","Public Sector Dept"
"2026-01-27","3957","Sales Revenue","Global Office Ltd","Public Sector Dept"
"2026-03-22","21635","Rent","TechLogistics Corp","Retail Giant A"
"2026-02-23","1563","Inventory","Prime Consulting","Direct Consumer"
"2026-03-04","35853","Inventory","Azure Utilities","Direct Consumer"
"2026-01-10","37767","Tax Provision","TechLogistics Corp","Direct Consumer"
"2026-02-18","6444","Professional Fees","Global Office Ltd","SmallBiz Inc"
"2026-03-26","36721","Sales Revenue","Prime Consulting","Retail Giant A"
"2026-02-18","33960","Professional Fees","Global Office Ltd","SmallBiz Inc"
"2026-03-02","15712","Professional Fees","TechLogistics Corp","Public Sector Dept"
"2026-01-16","35969","Rent","Azure Utilities","Retail Giant A"
"2026-01-30","13502","Sales Revenue","Global Office Ltd","SmallBiz Inc"
"2026-01-06","47740","Inventory","Azure Utilities","SmallBiz Inc"
"2026-03-03","17217","Professional Fees","TechLogistics Corp","Retail Giant A"
"2026-01-27","20980","Sales Revenue","Global Office Ltd","Retail Giant A"
"2026-03-13","8553","Sales Revenue","Global Office Ltd","Retail Giant A"
"2026-03-10","6701","Tax Provision","Azure Utilities","Public Sector Dept"
"2026-03-20","39626","Tax Provision","Azure Utilities","Retail Giant A"
"2026-03-30","11425","Rent","Azure Utilities","Retail Giant A"
"2026-01-11","8036","Inventory","Prime Consulting","Retail Giant A"
"2026-03-03","39476","Tax Provision","Global Office Ltd","SmallBiz Inc"
"2026-03-17","23862","Rent","Azure Utilities","SmallBiz Inc"
"2026-03-26","47451","Rent","Prime Consulting","SmallBiz Inc"
"2026-03-28","28761","Sales Revenue","Global Office Ltd","SmallBiz Inc"
"2026-01-24","5887","Professional Fees","TechLogistics Corp","Direct Consumer"
"2026-01-09","28624","Tax Provision","TechLogistics Corp","Direct Consumer"
"2026-01-10","4447","Inventory","TechLogistics Corp","Public Sector Dept"
"2026-01-10","13656","Tax Provision","Global Office Ltd","Retail Giant A"
"2026-03-21","48733","Rent","TechLogistics Corp","SmallBiz Inc"
"2026-01-24","29383","Inventory","Prime Consulting","Public Sector Dept"
"2026-02-04","42986","Professional Fees","Prime Consulting","Direct Consumer"
"2026-01-17","45421","Inventory","TechLogistics Corp","Public Sector Dept"
"2026-02-19","6266","Rent","TechLogistics Corp","SmallBiz Inc"
"2026-02-04","45871","Professional Fees","Azure Utilities","Retail Giant A"
"2026-03-13","47409","Sales Revenue","TechLogistics Corp","Direct Consumer"
"2026-01-26","25040","Professional Fees","TechLogistics Corp","Direct Consumer"
"2026-02-28","7248","Tax Provision","Azure Utilities","Direct Consumer"
"2026-03-29","35363","Rent","Azure Utilities","Retail Giant A"
"2026-01-29","32310","Inventory","Global Office Ltd","Retail Giant A"
"2026-03-10","13287","Inventory","Global Office Ltd","Retail Giant A"
"2026-03-22","28341","Professional Fees","Prime Consulting","SmallBiz Inc"
"2026-01-02","27223","Tax Provision","TechLogistics Corp","SmallBiz Inc"
"2026-02-24","44890","Professional Fees","Prime Consulting","Public Sector Dept"
"2026-01-06","34407","Sales Revenue","Prime Consulting","Direct Consumer"
"2026-02-12","2550","Professional Fees","Azure Utilities","Public Sector Dept"
"2026-01-14","20050","Professional Fees","Global Office Ltd","Public Sector Dept"
"2026-01-20","29752","Sales Revenue","Prime Consulting","Direct Consumer"
"2026-01-29","43683","Tax Provision","Global Office Ltd","Public Sector Dept"
"2026-01-27","43373","Inventory","TechLogistics Corp","Retail Giant A"
"2026-03-13","47680","Tax Provision","Global Office Ltd","SmallBiz Inc"
"2026-01-17","42651","Sales Revenue","TechLogistics Corp","Direct Consumer"
"2026-02-15","10162","Inventory","Azure Utilities","Retail Giant A"
"2026-01-15","37430","Professional Fees","Azure Utilities","Direct Consumer"
"2026-01-22","39122","Rent","Azure Utilities","Public Sector Dept"
"2026-02-18","3237","Sales Revenue","Global Office Ltd","Direct Consumer"
"2026-01-08","46851","Tax Provision","TechLogistics Corp","SmallBiz Inc"
"2026-02-06","25871","Rent","Azure Utilities","SmallBiz Inc"
"2026-01-03","14624","Inventory","Global Office Ltd","Retail Giant A"
"2026-02-07","18477","Tax Provision","TechLogistics Corp","Public Sector Dept"
"2026-01-03","31792","Rent","Prime Consulting","Retail Giant A"
"2026-01-28","9840","Professional Fees","Global Office Ltd","Public Sector Dept"
"2026-03-21","10938","Sales Revenue","TechLogistics Corp","Retail Giant A"
"2026-01-11","36971","Inventory","Azure Utilities","Direct Consumer"
"2026-01-04","21828","Tax Provision","Azure Utilities","Public Sector Dept"
"2026-02-23","26170","Professional Fees","Global Office Ltd","Retail Giant A"
"2026-01-14","26682","Professional Fees","TechLogistics Corp","Retail Giant A"
"2026-01-31","48699","Rent","TechLogistics Corp","SmallBiz Inc"
"2026-03-03","45575","Professional Fees","Azure Utilities","Direct Consumer"
"2026-03-14","3963","Sales Revenue","Prime Consulting","Public Sector Dept"
"2026-01-25","44339","Professional Fees","Global Office Ltd","SmallBiz Inc"
"2026-01-04","28331","Rent","Azure Utilities","Direct Consumer"
"2026-02-22","18040","Professional Fees","Prime Consulting","SmallBiz Inc"
"2026-01-07","25332","Inventory","Global Office Ltd","Public Sector Dept"
"2026-03-27","27607","Rent","Prime Consulting","SmallBiz Inc"
"2026-03-31","44732","Professional Fees","Prime Consulting","Direct Consumer"
"2026-03-10","44897","Inventory","Global Office Ltd","Public Sector Dept"
"2026-02-20","29650","Inventory","Global Office Ltd","Public Sector Dept"
"2026-03-15","21574","Professional Fees","TechLogistics Corp","Retail Giant A"
"2026-01-22","2582","Inventory","TechLogistics Corp","Direct Consumer"
"2026-02-02","15341","Sales Revenue","Prime Consulting","Retail Giant A"
"2026-03-26","18414","Inventory","Azure Utilities","Retail Giant A"
"2026-03-21","11762","Rent","Global Office Ltd","SmallBiz Inc"
"2026-02-13","29596","Inventory","TechLogistics Corp","Direct Consumer"
"2026-02-27","14350","Inventory","Azure Utilities","Direct Consumer"
"2026-01-03","17859","Rent","Prime Consulting","Public Sector Dept"
"2026-01-11","22582","Professional Fees","Azure Utilities","SmallBiz Inc"
"2026-01-04","24390","Sales Revenue","TechLogistics Corp","Retail Giant A"
"2026-01-12","22966","Rent","Global Office Ltd","Retail Giant A"
"2026-01-04","7140","Tax Provision","TechLogistics Corp","SmallBiz Inc"
"2026-03-17","7454","Rent","Prime Consulting","SmallBiz Inc"
"2026-02-03","37184","Tax Provision","Global Office Ltd","Direct Consumer"
"2026-02-07","24561","Sales Revenue","TechLogistics Corp","SmallBiz Inc"
"2026-02-11","36942","Sales Revenue","Azure Utilities","Retail Giant A"
"2026-02-16","38639","Rent","Global Office Ltd","Retail Giant A"
"2026-01-01","6690","Professional Fees","TechLogistics Corp","SmallBiz Inc"
"2026-01-26","39833","Professional Fees","Prime Consulting","Retail Giant A"
"2026-03-19","48446","Sales Revenue","Prime Consulting","Public Sector Dept"
"2026-03-06","30515","Inventory","Prime Consulting","Direct Consumer"
"2026-02-01","14885","Tax Provision","Prime Consulting","Public Sector Dept"
"2026-03-19","12851","Professional Fees","Prime Consulting","Retail Giant A"
"2026-03-22","16376","Rent","TechLogistics Corp","Public Sector Dept"
"2026-01-12","31870","Tax Provision","Prime Consulting","Public Sector Dept"
"2026-02-09","34703","Professional Fees","Azure Utilities","Public Sector Dept"
"2026-03-16","5132","Sales Revenue","TechLogistics Corp","Retail Giant A"
"2026-01-13","10520","Professional Fees","Global Office Ltd","Retail Giant A"
"2026-02-28","7461","Sales Revenue","TechLogistics Corp","SmallBiz Inc"
"2026-02-02","48791","Sales Revenue","Azure Utilities","SmallBiz Inc"
"2026-01-14","17054","Sales Revenue","TechLogistics Corp","SmallBiz Inc"
"2026-01-01","45386","Inventory","Global Office Ltd","SmallBiz Inc"
"2026-03-15","13639","Inventory","Prime Consulting","SmallBiz Inc"
"2026-02-15","25035","Tax Provision","Global Office Ltd","Retail Giant A"
"2026-01-09","12239","Professional Fees","Azure Utilities","SmallBiz Inc"
"2026-02-02","34134","Tax Provision","Prime Consulting","Retail Giant A"
"2026-02-06","36401","Professional Fees","Global Office Ltd","Direct Consumer"
"2026-01-16","49515","Inventory","Prime Consulting","Direct Consumer"
"2026-01-14","26101","Professional Fees","Global Office Ltd","Public Sector Dept"
"2026-01-30","47343","Rent","Global Office Ltd","SmallBiz Inc"
"2026-03-14","43022","Tax Provision","Global Office Ltd","Public Sector Dept"
"2026-01-15","13781","Tax Provision","TechLogistics Corp","Retail Giant A"
"2026-03-11","10262","Tax Provision","TechLogistics Corp","SmallBiz Inc"
"2026-01-23","18406","Rent","Prime Consulting","SmallBiz Inc"
"2026-01-04","16016","Professional Fees","Prime Consulting","Public Sector Dept"
"2026-02-06","10483","Sales Revenue","Prime Consulting","Direct Consumer"
"2026-01-22","40560","Professional Fees","Azure Utilities","Public Sector Dept"
"2026-01-15","37899","Rent","TechLogistics Corp","SmallBiz Inc"
"2026-01-13","28832","Professional Fees","Global Office Ltd","SmallBiz Inc"
"2026-01-21","9397","Rent","TechLogistics Corp","Retail Giant A"
"2026-01-20","47010","Tax Provision","TechLogistics Corp","Retail Giant A"
"2026-01-22","6731","Professional Fees","Prime Consulting","Direct Consumer"
"2026-02-28","40681","Professional Fees","Global Office Ltd","SmallBiz Inc"
"2026-02-05","38242","Professional Fees","Azure Utilities","Direct Consumer"
"2026-02-23","4194","Inventory","Azure Utilities","Direct Consumer"
"2026-02-13","1236","Sales Revenue","Azure Utilities","Retail Giant A"
"2026-03-26","25033","Professional Fees","Prime Consulting","SmallBiz Inc"
"2026-03-29","33339","Sales Revenue","Azure Utilities","SmallBiz Inc"
"2026-01-30","31419","Inventory","TechLogistics Corp","Public Sector Dept"
"2026-02-12","31629","Sales Revenue","Prime Consulting","Public Sector Dept"
"2026-02-04","49942","Professional Fees","Azure Utilities","Direct Consumer"
"2026-03-10","16670","Professional Fees","TechLogistics Corp","Retail Giant A"
"2026-02-26","41924","Sales Revenue","Azure Utilities","Public Sector Dept"
"2026-01-08","33218","Rent","Global Office Ltd","Retail Giant A"
"2026-03-24","18956","Rent","Prime Consulting","Direct Consumer"
"2026-03-17","38806","Inventory","Global Office Ltd","Direct Consumer"
"2026-02-10","43273","Professional Fees","Azure Utilities","Retail Giant A"
"2026-01-05","17871","Rent","Prime Consulting","Public Sector Dept"
"2026-01-07","2761","Inventory","Global Office Ltd","Direct Consumer"
"2026-02-19","15194","Inventory","Prime Consulting","Direct Consumer"
"2026-01-23","32732","Sales Revenue","Azure Utilities","SmallBiz Inc"
"2026-02-26","14878","Tax Provision","Global Office Ltd","SmallBiz Inc"
"2026-03-15","9058","Professional Fees","TechLogistics Corp","SmallBiz Inc"
"2026-02-20","35466","Rent","Azure Utilities","Public Sector Dept"
"2026-02-20","6426","Tax Provision","Azure Utilities","Retail Giant A"
"2026-03-13","34749","Tax Provision","Global Office Ltd","Retail Giant A"
"2026-03-06","38892","Sales Revenue","Azure Utilities","Public Sector Dept"
"2026-03-21","48414","Sales Revenue","Global Office Ltd","SmallBiz Inc"
"2026-03-24","28427","Tax Provision","Azure Utilities","Public Sector Dept"
"2026-03-25","20944","Sales Revenue","Prime Consulting","SmallBiz Inc"
"2026-03-10","5016","Inventory","Global Office Ltd","Public Sector Dept"
"2026-01-13","22409","Sales Revenue","Global Office Ltd","Direct Consumer"
"2026-03-17","20330","Sales Revenue","Prime Consulting","Direct Consumer"
"2026-01-17","29589","Inventory","Global Office Ltd","SmallBiz Inc"
"2026-01-08","36864","Tax Provision","Azure Utilities","SmallBiz Inc"
"2026-03-08","22703","Inventory","Azure Utilities","Direct Consumer"
"2026-01-22","23418","Rent","Global Office Ltd","Direct Consumer"
"2026-02-21","47101","Rent","TechLogistics Corp","Retail Giant A"
"2026-03-15","27213","Tax Provision","Global Office Ltd","Direct Consumer"
"2026-02-14","27334","Tax Provision","Azure Utilities","Direct Consumer"
"2026-02-09","1433","Tax Provision","TechLogistics Corp","Retail Giant A"
"2026-02-23","7208","Sales Revenue","TechLogistics Corp","SmallBiz Inc"
"2026-03-07","26832","Tax Provision","Prime Consulting","Public Sector Dept"
"2026-02-23","30053","Professional Fees","Azure Utilities","Public Sector Dept"
"2026-01-11","22525","Inventory","TechLogistics Corp","Direct Consumer"
"2026-03-24","34867","Inventory","TechLogistics Corp","Direct Consumer"
"2026-03-27","46161","Professional Fees","Global Office Ltd","Direct Consumer"
"2026-01-20","41470","Tax Provision","TechLogistics Corp","Retail Giant A"
"2026-01-12","25842","Sales Revenue","Azure Utilities","Direct Consumer"
"2026-03-04","22270","Professional Fees","Global Office Ltd","Public Sector Dept"
"2026-01-26","3862","Inventory","TechLogistics Corp","SmallBiz Inc"
"2026-03-06","18583","Sales Revenue","Prime Consulting","Public Sector Dept"
"2026-01-28","39701","Rent","TechLogistics Corp","SmallBiz Inc"
"2026-02-04","31410","Professional Fees","TechLogistics Corp","Direct Consumer"
"2026-01-08","28524","Rent","TechLogistics Corp","SmallBiz Inc"
"2026-01-10","28252","Inventory","Azure Utilities","Public Sector Dept"
"2026-03-31","16446","Inventory","Global Office Ltd","SmallBiz Inc"
"2026-03-14","47660","Inventory","TechLogistics Corp","Direct Consumer"
"2026-01-16","9746","Rent","TechLogistics Corp","Direct Consumer"
"2026-01-19","20094","Sales Revenue","Azure Utilities","SmallBiz Inc"
"2026-02-18","21810","Tax Provision","Azure Utilities","Public Sector Dept"
"2026-02-09","30977","Inventory","Global Office Ltd","Retail Giant A"
"2026-02-12","3277","Sales Revenue","Prime Consulting","Retail Giant A"
"2026-01-24","8096","Rent","Prime Consulting","SmallBiz Inc"
"2026-02-08","48227","Inventory","Global Office Ltd","Direct Consumer"
"2026-01-14","4571","Tax Provision","Global Office Ltd","Public Sector Dept"
"2026-01-10","23965","Inventory","Prime Consulting","SmallBiz Inc"
"2026-01-19","32291","Professional Fees","Prime Consulting","SmallBiz Inc"
"2026-02-10","16764","Tax Provision","Global Office Ltd","SmallBiz Inc"
"2026-02-06","36848","Professional Fees","TechLogistics Corp","SmallBiz Inc"
"2026-01-13","9436","Sales Revenue","Prime Consulting","SmallBiz Inc"
"2026-02-06","43759","Sales Revenue","Azure Utilities","Retail Giant A"
"2026-03-06","13058","Sales Revenue","Prime Consulting","Public Sector Dept"
"2026-01-03","30654","Sales Revenue","TechLogistics Corp","Public Sector Dept"
"2026-03-23","49807","Sales Revenue","Prime Consulting","Retail Giant A"
"2026-03-20","8556","Inventory","Global Office Ltd","SmallBiz Inc"
"2026-03-16","1153","Inventory","TechLogistics Corp","Retail Giant A"
"2026-03-20","31182","Professional Fees","Prime Consulting","Public Sector Dept"
"2026-02-28","25267","Inventory","TechLogistics Corp","SmallBiz Inc"
"2026-02-16","36622","Tax Provision","TechLogistics Corp","SmallBiz Inc"
"2026-02-08","14621","Professional Fees","Azure Utilities","Public Sector Dept"
"2026-01-29","46447","Rent","Prime Consulting","Public Sector Dept"
"2026-01-24","25824","Sales Revenue","Prime Consulting","Retail Giant A"
"2026-03-28","26871","Professional Fees","TechLogistics Corp","Retail Giant A"
"2026-02-25","49939","Inventory","Prime Consulting","Retail Giant A"
"2026-02-08","27453","Rent","TechLogistics Corp","Direct Consumer"
"2026-03-19","18168","Professional Fees","Azure Utilities","SmallBiz Inc"
"2026-03-27","40602","Inventory","TechLogistics Corp","Public Sector Dept"
"2026-03-19","34951","Inventory","TechLogistics Corp","Direct Consumer"
"2026-01-10","4660","Rent","Global Office Ltd","SmallBiz Inc"
"2026-02-03","47987","Sales Revenue","TechLogistics Corp","Retail Giant A"
"2026-02-27","24482","Inventory","Global Office Ltd","Retail Giant A"
"2026-01-30","49554","Professional Fees","Prime Consulting","SmallBiz Inc"
"2026-02-18","26743","Professional Fees","TechLogistics Corp","Retail Giant A"
"2026-03-26","42990","Professional Fees","Global Office Ltd","Retail Giant A"
"2026-03-04","10083","Tax Provision","Prime Consulting","Public Sector Dept"
"2026-03-21","25588","Professional Fees","Azure Utilities","Public Sector Dept"
"2026-03-01","11039","Sales Revenue","Global Office Ltd","SmallBiz Inc"
"2026-02-13","35178","Sales Revenue","TechLogistics Corp","Retail Giant A"
"2026-03-22","16098","Sales Revenue","Azure Utilities","Retail Giant A"
"2026-01-13","34771","Rent","TechLogistics Corp","SmallBiz Inc"
"2026-03-03","17194","Sales Revenue","Global Office Ltd","Retail Giant A"
"2026-01-13","25646","Inventory","Global Office Ltd","Retail Giant A"
"2026-01-17","35348","Professional Fees","Azure Utilities","Direct Consumer"
"2026-01-28","42989","Inventory","Azure Utilities","Public Sector Dept"
"2026-03-19","3498","Professional Fees","TechLogistics Corp","Retail Giant A"
"2026-01-30","23699","Professional Fees","Global Office Ltd","Retail Giant A"
"2026-01-20","10819","Tax Provision","Global Office Ltd","Retail Giant A"
"2026-01-09","39224","Tax Provision","Global Office Ltd","Public Sector Dept"
"2026-02-06","24549","Tax Provision","TechLogistics Corp","Retail Giant A"
"2026-01-11","2260","Sales Revenue","TechLogistics Corp","Direct Consumer"
"2026-02-28","28206","Inventory","Azure Utilities","Public Sector Dept"
"2026-02-16","17929","Tax Provision","Global Office Ltd","Public Sector Dept"
"2026-03-27","26796","Professional Fees","Global Office Ltd","Public Sector Dept"
"2026-02-01","3079","Inventory","Global Office Ltd","Public Sector Dept"
"2026-03-24","33894","Inventory","TechLogistics Corp","Retail Giant A"
"2026-03-22","43851","Professional Fees","Azure Utilities","Retail Giant A"
"2026-02-21","32840","Sales Revenue","Prime Consulting","Public Sector Dept"
"2026-02-02","25881","Professional Fees","Global Office Ltd","SmallBiz Inc"
"2026-01-27","25981","Inventory","Global Office Ltd","Retail Giant A"
"2026-03-27","46404","Professional Fees","Global Office Ltd","SmallBiz Inc"
"2026-03-25","38233","Tax Provision","TechLogistics Corp","Public Sector Dept"
"2026-03-04","36932","Professional Fees","Global Office Ltd","Retail Giant A"
"2026-01-29","44325","Sales Revenue","Global Office Ltd","Retail Giant A"
"2026-01-21","11100","Rent","Global Office Ltd","Direct Consumer"
"2026-03-29","32157","Rent","Global Office Ltd","Retail Giant A"
"2026-03-24","5718","Sales Revenue","TechLogistics Corp","SmallBiz Inc"
"2026-03-18","21570","Tax Provision","Azure Utilities","SmallBiz Inc"
"2026-01-12","39912","Tax Provision","Global Office Ltd","Retail Giant A"
"2026-02-12","45113","Tax Provision","TechLogistics Corp","Direct Consumer"
"2026-01-16","4686","Professional Fees","TechLogistics Corp","Retail Giant A"
"2026-03-24","17509","Professional Fees","TechLogistics Corp","Public Sector Dept"
"2026-03-31","10921","Professional Fees","Global Office Ltd","Direct Consumer"
"2026-02-15","4962","Inventory","Azure Utilities","Direct Consumer"
"2026-03-31","14589","Rent","Global Office Ltd","Public Sector Dept"
"2026-01-26","41457","Professional Fees","TechLogistics Corp","Retail Giant A"
"2026-02-17","44663","Inventory","Global Office Ltd","Public Sector Dept"
"2026-02-23","47265","Rent","Azure Utilities","Retail Giant A"
"2026-01-05","13290","Rent","Azure Utilities","Retail Giant A"
"2026-03-23","18193","Inventory","TechLogistics Corp","Retail Giant A"
"2026-03-14","40337","Sales Revenue","Azure Utilities","Direct Consumer"
"2026-01-27","8093","Rent","Azure Utilities","SmallBiz Inc"
"2026-01-29","23514","Professional Fees","Global Office Ltd","SmallBiz Inc"
"2026-02-15","41075","Sales Revenue","Prime Consulting","SmallBiz Inc"
"2026-01-29","28114","Rent","Azure Utilities","SmallBiz Inc"
"2026-03-17","20879","Sales Revenue","Prime Consulting","SmallBiz Inc"
"2026-02-15","23525","Tax Provision","Azure Utilities","Retail Giant A"
"2026-02-12","19480","Professional Fees","Global Office Ltd","Direct Consumer"
"2026-01-17","7091","Sales Revenue","Prime Consulting","Retail Giant A"
"2026-02-26","10674","Rent","TechLogistics Corp","Public Sector Dept"
"2026-01-01","33685","Rent","Azure Utilities","Public Sector Dept"
"2026-02-24","9860","Rent","Azure Utilities","Direct Consumer"
"2026-02-05","27762","Sales Revenue","Azure Utilities","SmallBiz Inc"
"2026-01-14","18738","Professional Fees","Global Office Ltd","Direct Consumer"
"2026-03-12","16185","Rent","Azure Utilities","Public Sector Dept"
"2026-03-03","44380","Sales Revenue","Azure Utilities","Direct Consumer"
"2026-01-12","10423","Rent","Prime Consulting","SmallBiz Inc"
"2026-03-27","42111","Sales Revenue","Azure Utilities","Direct Consumer"
"2026-02-27","2853","Rent","Global Office Ltd","Direct Consumer"
"2026-01-23","6793","Rent","Azure Utilities","Retail Giant A"
"2026-01-31","17615","Professional Fees","Azure Utilities","SmallBiz Inc"
"2026-01-24","38659","Inventory","TechLogistics Corp","Public Sector Dept"
"2026-03-23","12177","Rent","Azure Utilities","Retail Giant A"
"2026-02-01","37058","Inventory","TechLogistics Corp","SmallBiz Inc"
"2026-02-14","23559","Tax Provision","TechLogistics Corp","SmallBiz Inc"
"2026-03-15","4637","Inventory","Azure Utilities","Retail Giant A"
"2026-01-22","13226","Professional Fees","Prime Consulting","SmallBiz Inc"
"2026-03-12","13067","Tax Provision","TechLogistics Corp","Retail Giant A"
"2026-01-23","40762","Rent","Prime Consulting","Public Sector Dept"
"2026-03-01","42456","Professional Fees","Global Office Ltd","SmallBiz Inc"
"2026-01-08","16030","Professional Fees","Prime Consulting","Retail Giant A"
"2026-01-24","19604","Tax Provision","Prime Consulting","Public Sector Dept"
"2026-03-04","27771","Tax Provision","Azure Utilities","Retail Giant A"
"2026-01-18","47589","Professional Fees","Global Office Ltd","Public Sector Dept"
"2026-01-13","13754","Tax Provision","TechLogistics Corp","Retail Giant A"
"2026-02-12","37476","Tax Provision","Azure Utilities","Direct Consumer"
"2026-03-24","11281","Sales Revenue","Global Office Ltd","Public Sector Dept"
"2026-02-04","24148","Rent","Azure Utilities","Public Sector Dept"
"2026-01-31","27052","Rent","Prime Consulting","Public Sector Dept"
"2026-03-24","20760","Professional Fees","Prime Consulting","SmallBiz Inc"
"2026-01-16","29806","Sales Revenue","Prime Consulting","SmallBiz Inc"
"2026-01-19","48788","Professional Fees","Azure Utilities","Public Sector Dept"
"2026-02-02","5061","Inventory","Prime Consulting","Public Sector Dept"
"2026-01-26","37931","Tax Provision","Azure Utilities","Public Sector Dept"
"2026-02-14","26690","Inventory","TechLogistics Corp","Public Sector Dept"
"2026-03-10","38933","Tax Provision","Global Office Ltd","Retail Giant A"
"2026-02-11","17069","Professional Fees","TechLogistics Corp","Public Sector Dept"
"2026-02-22","47004","Inventory","Global Office Ltd","Retail Giant A"
"2026-01-28","7586","Professional Fees","TechLogistics Corp","SmallBiz Inc"
"2026-03-15","26701","Tax Provision","Azure Utilities","SmallBiz Inc"
"2026-01-23","3637","Sales Revenue","TechLogistics Corp","Direct Consumer"
"2026-02-15","40672","Inventory","Global Office Ltd","SmallBiz Inc"
"2026-02-24","39431","Rent","Global Office Ltd","Direct Consumer"
"2026-03-17","12333","Sales Revenue","TechLogistics Corp","Retail Giant A"
"2026-01-09","36460","Sales Revenue","Azure Utilities","Direct Consumer"
"2026-02-28","35776","Rent","TechLogistics Corp","SmallBiz Inc"
"2026-02-02","18544","Rent","Global Office Ltd","SmallBiz Inc"
"2026-03-09","15242","Professional Fees","TechLogistics Corp","Direct Consumer"
"2026-03-19","22343","Tax Provision","Prime Consulting","SmallBiz Inc"
"2026-02-27","15755","Tax Provision","Azure Utilities","Retail Giant A"
"2026-03-27","38579","Tax Provision","Prime Consulting","Retail Giant A"
"2026-02-11","6144","Sales Revenue","Azure Utilities","Public Sector Dept"
"2026-01-10","23623","Sales Revenue","Azure Utilities","Direct Consumer"
"2026-01-12","37411","Professional Fees","Global Office Ltd","Retail Giant A"
"2026-02-18","3072","Tax Provision","Prime Consulting","Retail Giant A"
"2026-03-07","41834","Inventory","Global Office Ltd","Retail Giant A"
"2026-03-12","47184","Inventory","Azure Utilities","Direct Consumer"
"2026-01-07","49026","Tax Provision","Azure Utilities","Direct Consumer"
"2026-02-11","22987","Rent","Azure Utilities","Public Sector Dept"
"2026-03-03","35689","Rent","Azure Utilities","Retail Giant A"
"2026-02-06","40588","Rent","TechLogistics Corp","SmallBiz Inc"
"2026-02-03","48905","Inventory","TechLogistics Corp","Retail Giant A"
"2026-01-31","42249","Tax Provision","Azure Utilities","Direct Consumer"
"2026-01-27","43726","Inventory","Global Office Ltd","Direct Consumer"
"2026-02-12","46010","Professional Fees","Azure Utilities","Retail Giant A"
"2026-01-19","49866","Rent","TechLogistics Corp","Public Sector Dept"
"2026-03-06","23903","Inventory","Azure Utilities","Retail Giant A"
"2026-02-20","16474","Sales Revenue","Global Office Ltd","Retail Giant A"
"2026-02-16","28238","Tax Provision","TechLogistics Corp","SmallBiz Inc"
"2026-03-07","34182","Professional Fees","TechLogistics Corp","Direct Consumer"
"2026-02-17","48765","Professional Fees","Prime Consulting","SmallBiz Inc"
"2026-02-18","17506","Rent","Azure Utilities","Direct Consumer"
"2026-01-11","10778","Sales Revenue","Azure Utilities","Direct Consumer"
"2026-01-15","19513","Sales Revenue","Global Office Ltd","Public Sector Dept"
"2026-02-24","30225","Sales Revenue","TechLogistics Corp","SmallBiz Inc"
"2026-01-26","38838","Inventory","Azure Utilities","Direct Consumer"
"2026-02-17","48355","Professional Fees","Prime Consulting","Retail Giant A"
"2026-01-24","42677","Inventory","Global Office Ltd","Public Sector Dept"
"2026-02-12","13428","Rent","Global Office Ltd","Retail Giant A"
"2026-02-27","46538","Professional Fees","Prime Consulting","SmallBiz Inc"
"2026-01-16","20867","Sales Revenue","Prime Consulting","Direct Consumer"
"2026-01-15","26672","Tax Provision","Prime Consulting","Direct Consumer"
"2026-01-31","42893","Rent","TechLogistics Corp","Direct Consumer"
"2026-03-11","14628","Tax Provision","Prime Consulting","SmallBiz Inc"
"2026-03-23","7817","Sales Revenue","Global Office Ltd","Direct Consumer"
"2026-01-20","41527","Rent","Prime Consulting","Direct Consumer"
"2026-02-28","1156","Sales Revenue","Global Office Ltd","SmallBiz Inc"
"2026-01-08","4765","Sales Revenue","Prime Consulting","Public Sector Dept"
"2026-01-14","37173","Professional Fees","TechLogistics Corp","Direct Consumer"
"2026-03-28","45051","Inventory","Global Office Ltd","Retail Giant A"
"2026-02-05","30272","Sales Revenue","Prime Consulting","Retail Giant A"
"2026-01-28","27621","Professional Fees","TechLogistics Corp","Direct Consumer"
"2026-03-07","11975","Sales Revenue","Prime Consulting","Public Sector Dept"
"2026-01-17","33977","Inventory","TechLogistics Corp","Public Sector Dept"
"2026-02-08","24304","Rent","Global Office Ltd","Direct Consumer"
"2026-03-21","37496","Professional Fees","TechLogistics Corp","Retail Giant A"
"2026-01-28","25888","Inventory","TechLogistics Corp","SmallBiz Inc"
"2026-03-27","23129","Sales Revenue","Azure Utilities","Public Sector Dept"
"2026-01-02","10209","Inventory","Azure Utilities","Direct Consumer"
"2026-01-31","24776","Professional Fees","Prime Consulting","Retail Giant A"
"2026-03-26","46173","Sales Revenue","Azure Utilities","SmallBiz Inc"
"2026-03-03","21841","Rent","Azure Utilities","Public Sector Dept"
"2026-03-07","12942","Inventory","Prime Consulting","Retail Giant A"
"2026-02-28","43777","Inventory","Azure Utilities","Public Sector Dept"
"2026-02-28","31161","Rent","Global Office Ltd","Public Sector Dept"
"2026-03-08","8677","Inventory","TechLogistics Corp","Public Sector Dept"
"2026-02-02","40736","Inventory","Azure Utilities","Direct Consumer"
"2026-03-26","44752","Sales Revenue","TechLogistics Corp","SmallBiz Inc"
"2026-01-09","14656","Inventory","Azure Utilities","Direct Consumer"
"2026-03-28","12757","Professional Fees","TechLogistics Corp","SmallBiz Inc"
"2026-02-01","11181","Sales Revenue","TechLogistics Corp","Retail Giant A"
"2026-03-14","5517","Professional Fees","TechLogistics Corp","SmallBiz Inc"
"2026-01-18","32618","Inventory","Global Office Ltd","SmallBiz Inc"
"2026-03-20","22487","Sales Revenue","TechLogistics Corp","Direct Consumer"
"2026-01-22","2862","Tax Provision","TechLogistics Corp","Retail Giant A"
"2026-02-09","23955","Professional Fees","Prime Consulting","Public Sector Dept"
"2026-02-22","2754","Professional Fees","Prime Consulting","Direct Consumer"
"2026-03-23","12812","Rent","Global Office Ltd","Retail Giant A"
"2026-03-12","43963","Tax Provision","TechLogistics Corp","Direct Consumer"
"2026-01-29","19700","Professional Fees","Global Office Ltd","Public Sector Dept"
"2026-01-04","12763","Tax Provision","TechLogistics Corp","SmallBiz Inc"
"2026-01-27","36488","Professional Fees","TechLogistics Corp","Direct Consumer"
"2026-02-22","21389","Sales Revenue","TechLogistics Corp","Direct Consumer"
"2026-01-21","47542","Rent","Global Office Ltd","SmallBiz Inc"
"2026-01-14","34360","Rent","Prime Consulting","Retail Giant A"
"2026-01-05","9188","Rent","Azure Utilities","SmallBiz Inc"
"2026-03-27","3525","Professional Fees","Azure Utilities","Direct Consumer"
"2026-03-12","4363","Tax Provision","Global Office Ltd","Direct Consumer"
"2026-01-19","6763","Tax Provision","Azure Utilities","Retail Giant A"
"2026-01-21","44395","Professional Fees","TechLogistics Corp","Direct Consumer"
"2026-01-17","10291","Rent","Azure Utilities","Retail Giant A"
"2026-03-25","4759","Rent","Prime Consulting","Public Sector Dept"
"2026-01-17","22689","Professional Fees","Azure Utilities","SmallBiz Inc"
"2026-02-14","29690","Rent","Prime Consulting","Direct Consumer"
"2026-02-16","17426","Rent","Azure Utilities","SmallBiz Inc"
"2026-02-26","44163","Inventory","Azure Utilities","Direct Consumer"
"2026-02-18","27359","Rent","Prime Consulting","SmallBiz Inc"
"2026-01-14","1221","Tax Provision","TechLogistics Corp","Public Sector Dept"
"2026-02-10","31196","Professional Fees","Global Office Ltd","Retail Giant A"
"2026-01-11","8306","Professional Fees","Global Office Ltd","Direct Consumer"
"2026-02-04","47827","Rent","Global Office Ltd","Public Sector Dept"
"2026-03-26","28549","Tax Provision","Azure Utilities","SmallBiz Inc"
"2026-03-20","7436","Sales Revenue","Prime Consulting","Retail Giant A"
"2026-02-04","23816","Sales Revenue","Azure Utilities","Direct Consumer"
"2026-02-18","33131","Inventory","Global Office Ltd","Public Sector Dept"
"2026-03-27","22438","Sales Revenue","Prime Consulting","SmallBiz Inc"
"2026-03-06","30640","Professional Fees","Azure Utilities","Retail Giant A"
"2026-02-18","6322","Tax Provision","Azure Utilities","Retail Giant A"
"2026-02-06","23458","Tax Provision","TechLogistics Corp","Public Sector Dept"
"2026-01-01","38944","Tax Provision","Prime Consulting","Direct Consumer"
"2026-01-19","11387","Rent","Prime Consulting","Direct Consumer"
"2026-01-21","4789","Sales Revenue","Global Office Ltd","Public Sector Dept"
"2026-01-16","48172","Rent","TechLogistics Corp","SmallBiz Inc"
"2026-01-05","32651","Sales Revenue","TechLogistics Corp","Retail Giant A"
"2026-01-25","10074","Professional Fees","Azure Utilities","Direct Consumer"
"2026-01-06","42249","Professional Fees","Azure Utilities","Public Sector Dept"
"2026-02-03","49052","Professional Fees","Azure Utilities","Public Sector Dept"
"2026-03-24","22513","Sales Revenue","TechLogistics Corp","Direct Consumer"
"2026-02-15","48796","Professional Fees","TechLogistics Corp","Public Sector Dept"
"2026-01-12","32907","Inventory","Azure Utilities","SmallBiz Inc"
"2026-02-07","32831","Inventory","Azure Utilities","Retail Giant A"
"2026-02-28","47130","Professional Fees","Global Office Ltd","Public Sector Dept"
"2026-02-04","29527","Sales Revenue","Azure Utilities","SmallBiz Inc"
"2026-02-23","15338","Inventory","Prime Consulting","Public Sector Dept"
"2026-03-22","22505","Rent","TechLogistics Corp","Retail Giant A"
"2026-02-01","15978","Tax Provision","Prime Consulting","Direct Consumer"
"2026-02-16","6635","Professional Fees","Global Office Ltd","Retail Giant A"
"2026-02-27","20415","Professional Fees","Global Office Ltd","Public Sector Dept"
"2026-03-11","37336","Rent","Global Office Ltd","Public Sector Dept"
"2026-01-16","10857","Tax Provision","TechLogistics Corp","Retail Giant A"
"2026-02-10","26721","Inventory","Azure Utilities","Retail Giant A"
"2026-03-22","38274","Inventory","Global Office Ltd","Public Sector Dept"
"2026-02-11","5330","Rent","Prime Consulting","Direct Consumer"
"2026-03-18","33153","Tax Provision","Global Office Ltd","Direct Consumer"
"2026-03-21","21290","Professional Fees","Global Office Ltd","Public Sector Dept"
"2026-01-25","15560","Rent","Azure Utilities","Direct Consumer"
"2026-01-31","30503","Professional Fees","Prime Consulting","Direct Consumer"
"2026-02-12","36847","Rent","Global Office Ltd","Retail Giant A"
"2026-02-09","33899","Tax Provision","Global Office Ltd","Public Sector Dept"
"2026-01-03","46088","Professional Fees","TechLogistics Corp","Public Sector Dept"
"2026-01-08","2055","Rent","Azure Utilities","SmallBiz Inc"
"2026-01-20","38845","Inventory","Azure Utilities","SmallBiz Inc"
"2026-03-15","31927","Sales Revenue","Global Office Ltd","Direct Consumer"
"2026-03-23","7782","Tax Provision","Prime Consulting","Direct Consumer"
"2026-03-13","40628","Sales Revenue","TechLogistics Corp","Retail Giant A"
"2026-02-05","8262","Tax Provision","TechLogistics Corp","Public Sector Dept"
"2026-03-07","1726","Tax Provision","Azure Utilities","Retail Giant A"
"2026-03-07","4810","Inventory","TechLogistics Corp","Public Sector Dept"
"2026-02-18","26747","Inventory","TechLogistics Corp","Public Sector Dept"
"2026-02-20","45286","Professional Fees","Azure Utilities","SmallBiz Inc"
"2026-01-03","17457","Inventory","Prime Consulting","Public Sector Dept"
"2026-03-29","2373","Professional Fees","Prime Consulting","Public Sector Dept"
"2026-03-01","37060","Rent","Azure Utilities","SmallBiz Inc"
"2026-01-13","1185","Professional Fees","TechLogistics Corp","SmallBiz Inc"
"2026-02-26","39594","Tax Provision","Azure Utilities","SmallBiz Inc"
"2026-01-16","9025","Rent","Global Office Ltd","Direct Consumer"
"2026-02-22","20808","Sales Revenue","Prime Consulting","SmallBiz Inc"
"2026-03-04","9768","Sales Revenue","Global Office Ltd","Public Sector Dept"
"2026-02-27","22433","Inventory","Prime Consulting","Retail Giant A"
"2026-01-05","24051","Rent","Prime Consulting","Retail Giant A"
"2026-01-15","36056","Tax Provision","TechLogistics Corp","SmallBiz Inc"
"2026-03-26","2298","Rent","Azure Utilities","Retail Giant A"
"2026-03-11","11612","Tax Provision","Azure Utilities","SmallBiz Inc"
"2026-02-10","21534","Sales Revenue","Global Office Ltd","Retail Giant A"
"2026-01-15","18415","Sales Revenue","Prime Consulting","Direct Consumer"
"2026-02-19","20644","Rent","Prime Consulting","Public Sector Dept"
"2026-02-18","14272","Sales Revenue","Azure Utilities","Retail Giant A"
"2026-01-03","17867","Rent","TechLogistics Corp","Public Sector Dept"
"2026-03-26","16816","Inventory","TechLogistics Corp","Public Sector Dept"
"2026-02-15","11472","Inventory","Global Office Ltd","Public Sector Dept"
"2026-01-17","3793","Sales Revenue","Azure Utilities","SmallBiz Inc"
"2026-01-08","37584","Inventory","TechLogistics Corp","Direct Consumer"
"2026-02-15","3663","Professional Fees","Global Office Ltd","Public Sector Dept"
"2026-02-02","32541","Tax Provision","Azure Utilities","Public Sector Dept"
"2026-03-02","9296","Sales Revenue","Global Office Ltd","Retail Giant A"
"2026-03-14","33669","Sales Revenue","TechLogistics Corp","SmallBiz Inc"
"2026-02-27","14656","Professional Fees","Azure Utilities","SmallBiz Inc"
"2026-01-15","38205","Professional Fees","Prime Consulting","SmallBiz Inc"
"2026-02-21","34541","Inventory","Prime Consulting","Public Sector Dept"
"2026-02-15","28970","Tax Provision","Global Office Ltd","SmallBiz Inc"
"2026-01-15","21774","Sales Revenue","Prime Consulting","Retail Giant A"
"2026-02-19","45085","Inventory","Azure Utilities","Direct Consumer"
"2026-01-30","3090","Professional Fees","Prime Consulting","Direct Consumer"
"2026-02-16","35422","Sales Revenue","Azure Utilities","Retail Giant A"
"2026-03-28","34718","Professional Fees","Azure Utilities","Public Sector Dept"
"2026-01-14","38187","Professional Fees","Global Office Ltd","Direct Consumer"
"2026-01-23","41264","Professional Fees","Global Office Ltd","Direct Consumer"
"2026-01-23","46788","Inventory","TechLogistics Corp","Direct Consumer"
"2026-01-18","36698","Inventory","Azure Utilities","Direct Consumer"
"2026-03-28","32901","Tax Provision","Azure Utilities","Direct Consumer"
"2026-01-16","13656","Inventory","Azure Utilities","Retail Giant A"
"2026-02-08","39018","Tax Provision","Prime Consulting","SmallBiz Inc"
"2026-02-12","33647","Rent","Global Office Ltd","Retail Giant A"
"2026-01-13","25410","Inventory","TechLogistics Corp","Direct Consumer"
"2026-03-15","30825","Professional Fees","TechLogistics Corp","SmallBiz Inc"
"2026-02-02","7318","Professional Fees","TechLogistics Corp","Public Sector Dept"
"2026-02-28","7397","Tax Provision","TechLogistics Corp","SmallBiz Inc"
"2026-03-24","27755","Inventory","Global Office Ltd","SmallBiz Inc"
"2026-02-01","31505","Inventory","Prime Consulting","SmallBiz Inc"
"2026-01-22","47412","Sales Revenue","TechLogistics Corp","Direct Consumer"
"2026-02-05","41902","Inventory","TechLogistics Corp","Retail Giant A"
"2026-02-01","23655","Tax Provision","TechLogistics Corp","Direct Consumer"
"2026-01-25","23793","Professional Fees","Prime Consulting","Retail Giant A"
"2026-01-05","11321","Inventory","TechLogistics Corp","SmallBiz Inc"
"2026-03-20","34393","Inventory","TechLogistics Corp","Public Sector Dept"
"2026-01-26","40764","Rent","Prime Consulting","Direct Consumer"
"2026-01-18","41102","Tax Provision","TechLogistics Corp","SmallBiz Inc"
"2026-01-15","4211","Inventory","Azure Utilities","Retail Giant A"
"2026-03-30","46274","Rent","Prime Consulting","SmallBiz Inc"
"2026-03-05","20418","Rent","Global Office Ltd","SmallBiz Inc"
"2026-02-03","19868","Rent","TechLogistics Corp","Retail Giant A"
"2026-02-11","26321","Sales Revenue","TechLogistics Corp","Public Sector Dept"
"2026-01-10","15117","Professional Fees","Global Office Ltd","SmallBiz Inc"
"2026-03-06","45410","Sales Revenue","TechLogistics Corp","SmallBiz Inc"
"2026-01-19","22559","Professional Fees","TechLogistics Corp","Public Sector Dept"
"2026-02-27","22764","Tax Provision","Global Office Ltd","Direct Consumer"
"2026-03-09","36823","Professional Fees","Prime Consulting","Direct Consumer"
"2026-03-19","6049","Tax Provision","Azure Utilities","Retail Giant A"
"2026-01-24","38873","Rent","Global Office Ltd","Retail Giant A"
"2026-01-16","13641","Rent","Azure Utilities","Public Sector Dept"
"2026-01-02","23508","Tax Provision","Azure Utilities","Public Sector Dept"
"2026-03-02","5715","Rent","Global Office Ltd","SmallBiz Inc"
"2026-03-30","27719","Professional Fees","Global Office Ltd","Direct Consumer"
"2026-02-16","49314","Professional Fees","TechLogistics Corp","Public Sector Dept"
"2026-03-03","24041","Sales Revenue","Prime Consulting","Retail Giant A"
"2026-02-22","45939","Rent","Global Office Ltd","Direct Consumer"
"2026-01-17","6582","Inventory","TechLogistics Corp","Direct Consumer"
"2026-03-17","15831","Tax Provision","Global Office Ltd","Direct Consumer"
"2026-03-18","24478","Professional Fees","Prime Consulting","Public Sector Dept"
"2026-03-15","10165","Inventory","TechLogistics Corp","Retail Giant A"
"2026-01-30","31554","Tax Provision","TechLogistics Corp","Direct Consumer"
"2026-02-11","9528","Inventory","Prime Consulting","Retail Giant A"
"2026-01-16","9143","Inventory","Global Office Ltd","Retail Giant A"
"2026-03-30","32132","Tax Provision","Prime Consulting","SmallBiz Inc"
"2026-02-08","37850","Professional Fees","TechLogistics Corp","Public Sector Dept"
"2026-01-04","13231","Inventory","TechLogistics Corp","SmallBiz Inc"
"2026-02-06","17873","Tax Provision","TechLogistics Corp","Retail Giant A"
"2026-01-21","39025","Rent","Global Office Ltd","Retail Giant A"
"2026-03-18","17563","Sales Revenue","Azure Utilities","Direct Consumer"
"2026-03-15","23534","Sales Revenue","TechLogistics Corp","Public Sector Dept"
"2026-02-04","43313","Sales Revenue","Azure Utilities","Retail Giant A"
"2026-03-01","31194","Inventory","Global Office Ltd","Retail Giant A"
"2026-01-28","43852","Rent","Prime Consulting","Direct Consumer"
"2026-03-22","39386","Sales Revenue","Azure Utilities","SmallBiz Inc"
"2026-03-04","25584","Tax Provision","Prime Consulting","Retail Giant A"
"2026-02-19","4956","Inventory","TechLogistics Corp","Direct Consumer"
"2026-01-27","7931","Sales Revenue","Global Office Ltd","Retail Giant A"
"2026-03-09","44580","Professional Fees","Azure Utilities","SmallBiz Inc"
"2026-02-18","41125","Sales Revenue","Global Office Ltd","Direct Consumer"
"2026-01-02","12184","Professional Fees","Global Office Ltd","Direct Consumer"
"2026-01-02","30242","Rent","TechLogistics Corp","SmallBiz Inc"
"2026-02-27","33737","Inventory","Azure Utilities","Direct Consumer"
"2026-01-05","8015","Inventory","Global Office Ltd","Direct Consumer"
"2026-02-15","8254","Sales Revenue","Azure Utilities","SmallBiz Inc"
"2026-03-04","9055","Rent","Global Office Ltd","SmallBiz Inc"
"2026-03-30","2769","Rent","Global Office Ltd","SmallBiz Inc"
"2026-01-13","47162","Sales Revenue","Azure Utilities","SmallBiz Inc"
"2026-01-15","26370","Sales Revenue","Global Office Ltd","Direct Consumer"
"2026-01-14","41735","Rent","Global Office Ltd","Retail Giant A"
"2026-03-30","42220","Tax Provision","TechLogistics Corp","Direct Consumer"
"2026-03-16","48860","Rent","Prime Consulting","Direct Consumer"
"2026-03-17","14441","Tax Provision","TechLogistics Corp","Retail Giant A"
"2026-03-11","4699","Rent","Azure Utilities","Direct Consumer"
"2026-03-20","32062","Tax Provision","TechLogistics Corp","Direct Consumer"
"2026-03-31","26217","Sales Revenue","Global Office Ltd","Public Sector Dept"
"2026-01-18","12614","Professional Fees","Global Office Ltd","Public Sector Dept"
"2026-03-16","5003","Tax Provision","Global Office Ltd","Public Sector Dept"
"2026-02-24","22710","Inventory","TechLogistics Corp","Public Sector Dept"
"2026-03-04","25582","Inventory","Azure Utilities","Public Sector Dept"
"2026-02-06","43656","Rent","Global Office Ltd","Retail Giant A"
"2026-02-07","35935","Rent","Global Office Ltd","Retail Giant A"
"2026-01-12","44906","Professional Fees","Global Office Ltd","SmallBiz Inc"
"2026-02-26","40068","Inventory","TechLogistics Corp","Direct Consumer"
"2026-02-23","40783","Inventory","TechLogistics Corp","Retail Giant A"
"2026-03-10","28053","Tax Provision","TechLogistics Corp","Direct Consumer"
"2026-02-08","47275","Rent","Azure Utilities","Public Sector Dept"
"2026-01-09","15124","Tax Provision","TechLogistics Corp","SmallBiz Inc"
"2026-01-24","10819","Rent","Prime Consulting","Public Sector Dept"
"2026-01-05","49930","Professional Fees","Prime Consulting","Retail Giant A"
"2026-02-01","7530","Tax Provision","Prime Consulting","Retail Giant A"
"2026-01-18","8555","Professional Fees","Prime Consulting","Direct Consumer"
"2026-03-27","30960","Tax Provision","Global Office Ltd","Retail Giant A"
"2026-01-25","42770","Professional Fees","Prime Consulting","Retail Giant A"
"2026-03-18","6848","Tax Provision","TechLogistics Corp","SmallBiz Inc"
"2026-02-19","42146","Sales Revenue","Global Office Ltd","Direct Consumer"
"2026-03-03","35029","Rent","TechLogistics Corp","Retail Giant A"
"2026-01-15","4230","Inventory","Global Office Ltd","Public Sector Dept"
"2026-01-27","34009","Inventory","Global Office Ltd","Public Sector Dept"
"2026-01-18","3173","Tax Provision","Prime Consulting","Retail Giant A"
"2026-01-15","2344","Tax Provision","TechLogistics Corp","Retail Giant A"
"2026-02-20","32252","Tax Provision","Azure Utilities","Retail Giant A"
"2026-01-05","15722","Tax Provision","Prime Consulting","Public Sector Dept"
"2026-03-14","26504","Tax Provision","TechLogistics Corp","Public Sector Dept"
"2026-01-17","7482","Tax Provision","Azure Utilities","Retail Giant A"
"2026-03-09","33977","Inventory","Global Office Ltd","Public Sector Dept"
"2026-03-08","1386","Tax Provision","Azure Utilities","Public Sector Dept"
"2026-03-03","21233","Inventory","Global Office Ltd","SmallBiz Inc"
"2026-03-22","34267","Professional Fees","Global Office Ltd","SmallBiz Inc"
"2026-03-02","8097","Rent","Prime Consulting","Retail Giant A"
"2026-01-31","8277","Rent","Azure Utilities","Retail Giant A"
"2026-01-29","2011","Tax Provision","Prime Consulting","Retail Giant A"
"2026-02-18","18213","Rent","TechLogistics Corp","Direct Consumer"
"2026-01-05","13735","Inventory","Global Office Ltd","Public Sector Dept"
"2026-01-12","48484","Sales Revenue","Azure Utilities","Public Sector Dept"
"2026-03-21","9888","Professional Fees","Prime Consulting","Public Sector Dept"
"2026-02-24","2988","Rent","Global Office Ltd","Retail Giant A"
"2026-01-25","31075","Tax Provision","Global Office Ltd","SmallBiz Inc"
"2026-02-22","13808","Tax Provision","Global Office Ltd","Direct Consumer"
"2026-03-08","10226","Rent","Prime Consulting","Direct Consumer"
"2026-03-21","44546","Professional Fees","Azure Utilities","SmallBiz Inc"
"2026-01-12","20540","Sales Revenue","Prime Consulting","Direct Consumer"
"2026-01-30","32170","Sales Revenue","Azure Utilities","Direct Consumer"
"2026-01-12","13920","Professional Fees","Prime Consulting","Retail Giant A"
"2026-03-20","3136","Professional Fees","Prime Consulting","SmallBiz Inc"
"2026-03-01","1641","Tax Provision","Global Office Ltd","Public Sector Dept"
"2026-01-12","26762","Professional Fees","Azure Utilities","Retail Giant A"
"2026-03-24","41624","Sales Revenue","Azure Utilities","SmallBiz Inc"
"2026-03-14","32369","Sales Revenue","TechLogistics Corp","Public Sector Dept"
"2026-01-29","30561","Professional Fees","Prime Consulting","Retail Giant A"
"2026-01-25","17359","Rent","Prime Consulting","Direct Consumer"
"2026-01-09","6563","Tax Provision","Azure Utilities","Direct Consumer"
"2026-01-14","24147","Tax Provision","Azure Utilities","Direct Consumer"
"2026-03-22","14434","Rent","TechLogistics Corp","SmallBiz Inc"
"2026-02-20","43199","Rent","Azure Utilities","Retail Giant A"
"2026-03-03","10996","Tax Provision","TechLogistics Corp","SmallBiz Inc"
"2026-02-18","22347","Professional Fees","TechLogistics Corp","Direct Consumer"
"2026-02-05","39005","Sales Revenue","Azure Utilities","Retail Giant A"
"2026-02-23","6752","Inventory","Prime Consulting","SmallBiz Inc"
"2026-03-05","2009","Inventory","Global Office Ltd","Direct Consumer"
"2026-01-10","9016","Sales Revenue","Global Office Ltd","SmallBiz Inc"
"2026-01-22","12714","Sales Revenue","Azure Utilities","Direct Consumer"
"2026-01-02","44042","Tax Provision","Azure Utilities","Direct Consumer"
"2026-03-17","34486","Professional Fees","Prime Consulting","Retail Giant A"
"2026-03-21","12893","Professional Fees","Prime Consulting","Direct Consumer"
"2026-02-05","29793","Inventory","TechLogistics Corp","SmallBiz Inc"
"2026-02-07","46359","Inventory","Prime Consulting","Retail Giant A"
"2026-01-26","26311","Rent","Prime Consulting","Retail Giant A"
"2026-02-09","33978","Sales Revenue","Global Office Ltd","Public Sector Dept"
"2026-03-17","48495","Inventory","Prime Consulting","Direct Consumer"
"2026-03-20","29703","Professional Fees","Prime Consulting","Public Sector Dept"
"2026-01-11","6775","Professional Fees","Prime Consulting","Direct Consumer"
"2026-03-14","9944","Inventory","Prime Consulting","Direct Consumer"
"2026-02-04","15525","Rent","TechLogistics Corp","Retail Giant A"
"2026-02-24","17098","Sales Revenue","Global Office Ltd","SmallBiz Inc"
"2026-01-22","24042","Sales Revenue","Prime Consulting","Direct Consumer"
"2026-01-26","12574","Sales Revenue","Global Office Ltd","Direct Consumer"
"2026-02-04","14031","Rent","Azure Utilities","Direct Consumer"
"2026-03-15","46574","Inventory","Azure Utilities","Public Sector Dept"
"2026-03-26","13081","Sales Revenue","Global Office Ltd","Direct Consumer"
"2026-02-12","26223","Sales Revenue","Prime Consulting","Public Sector Dept"
"2026-02-04","24443","Tax Provision","Global Office Ltd","Direct Consumer"
"2026-03-26","33873","Inventory","Prime Consulting","Retail Giant A"
"2026-03-01","48614","Rent","Prime Consulting","Retail Giant A"
"2026-03-25","5464","Rent","Global Office Ltd","Retail Giant A"
"2026-02-23","32094","Rent","Global Office Ltd","Direct Consumer"
"2026-03-05","6976","Inventory","TechLogistics Corp","SmallBiz Inc"
"2026-03-24","10125","Professional Fees","Global Office Ltd","SmallBiz Inc"
"2026-01-05","41010","Tax Provision","Azure Utilities","Retail Giant A"
"2026-03-11","37767","Professional Fees","TechLogistics Corp","Retail Giant A"
"2026-01-04","31479","Rent","Azure Utilities","Retail Giant A"
"2026-01-08","16194","Tax Provision","Azure Utilities","Direct Consumer"
"2026-02-22","40261","Tax Provision","TechLogistics Corp","SmallBiz Inc"
"2026-01-12","20847","Tax Provision","Azure Utilities","Direct Consumer"
"2026-03-02","49288","Rent","TechLogistics Corp","Retail Giant A"
"2026-02-18","28191","Sales Revenue","Global Office Ltd","Public Sector Dept"
"2026-02-21","13331","Sales Revenue","TechLogistics Corp","Direct Consumer"
"2026-03-23","7058","Professional Fees","Global Office Ltd","Direct Consumer"
"2026-01-16","3067","Tax Provision","Azure Utilities","Retail Giant A"
"2026-02-04","31233","Professional Fees","TechLogistics Corp","Retail Giant A"
"2026-02-28","32098","Rent","Global Office Ltd","Public Sector Dept"
"2026-01-12","18608","Tax Provision","Azure Utilities","Public Sector Dept"
"2026-03-25","33034","Tax Provision","Prime Consulting","Public Sector Dept"
"2026-01-07","42677","Sales Revenue","Azure Utilities","SmallBiz Inc"
"2026-03-01","10609","Rent","Prime Consulting","SmallBiz Inc"
"2026-03-01","46753","Sales Revenue","Global Office Ltd","Direct Consumer"
"2026-01-18","43620","Sales Revenue","Azure Utilities","Public Sector Dept"
"2026-01-06","44151","Professional Fees","Global Office Ltd","Public Sector Dept"
"2026-01-20","30977","Sales Revenue","Prime Consulting","Direct Consumer"
"2026-01-17","43372","Rent","Prime Consulting","Public Sector Dept"
"2026-03-04","16938","Professional Fees","TechLogistics Corp","SmallBiz Inc"
"2026-02-28","12365","Sales Revenue","Prime Consulting","SmallBiz Inc"
"2026-03-23","2089","Sales Revenue","Prime Consulting","SmallBiz Inc"
"2026-01-10","48292","Tax Provision","Azure Utilities","Retail Giant A"
"2026-02-06","21809","Inventory","Global Office Ltd","Direct Consumer"
"2026-01-10","36741","Professional Fees","Prime Consulting","Direct Consumer"
"2026-01-07","37819","Inventory","Azure Utilities","Public Sector Dept"
"2026-02-17","48155","Rent","Global Office Ltd","SmallBiz Inc"
"2026-02-16","37792","Professional Fees","TechLogistics Corp","Retail Giant A"
"2026-03-05","41066","Sales Revenue","Azure Utilities","SmallBiz Inc"
"2026-01-16","31227","Rent","Global Office Ltd","Direct Consumer"
"2026-02-11","8006","Tax Provision","Prime Consulting","SmallBiz Inc"
"2026-03-29","38091","Inventory","Global Office Ltd","Retail Giant A"
"2026-02-16","34310","Professional Fees","TechLogistics Corp","Retail Giant A"
"2026-01-29","25392","Professional Fees","Prime Consulting","Retail Giant A"
"2026-01-01","17215","Sales Revenue","Azure Utilities","Direct Consumer"
"2026-02-18","42761","Professional Fees","Prime Consulting","Retail Giant A"
"2026-02-08","44324","Sales Revenue","Global Office Ltd","Public Sector Dept"
"2026-01-08","30151","Inventory","Azure Utilities","Retail Giant A"
"2026-03-01","25396","Inventory","Global Office Ltd","Retail Giant A"
"2026-02-03","35317","Sales Revenue","Prime Consulting","Public Sector Dept"
"2026-02-09","41470","Sales Revenue","Azure Utilities","Direct Consumer"
"2026-02-12","22814","Tax Provision","Prime Consulting","SmallBiz Inc"
"2026-02-14","7598","Inventory","Azure Utilities","Retail Giant A"
"2026-02-07","14765","Rent","Global Office Ltd","Retail Giant A"
"2026-03-28","18640","Sales Revenue","Global Office Ltd","Retail Giant A"
"2026-02-14","20127","Inventory","TechLogistics Corp","Retail Giant A"
"2026-02-03","3327","Tax Provision","TechLogistics Corp","Public Sector Dept"
"2026-02-09","1694","Professional Fees","Prime Consulting","Public Sector Dept"
"2026-02-24","15197","Inventory","TechLogistics Corp","Direct Consumer"
"2026-01-20","37243","Professional Fees","Global Office Ltd","Retail Giant A"
"2026-01-05","44853","Tax Provision","Prime Consulting","SmallBiz Inc"
"2026-02-04","25755","Inventory","Global Office Ltd","Retail Giant A"
"2026-03-05","5529","Sales Revenue","Prime Consulting","Public Sector Dept"
"2026-03-27","11495","Inventory","Prime Consulting","SmallBiz Inc"
"2026-01-17","47370","Rent","Global Office Ltd","Direct Consumer"
"2026-03-14","46733","Rent","TechLogistics Corp","Public Sector Dept"
"2026-01-28","15027","Professional Fees","Azure Utilities","Direct Consumer"
"2026-01-13","24485","Sales Revenue","Prime Consulting","SmallBiz Inc"
"2026-01-14","46306","Rent","TechLogistics Corp","Public Sector Dept"
"2026-02-04","45453","Rent","Azure Utilities","SmallBiz Inc"
"2026-02-26","1396","Tax Provision","TechLogistics Corp","Public Sector Dept"
"2026-03-22","20864","Sales Revenue","Global Office Ltd","Direct Consumer"
"2026-01-31","30712","Tax Provision","Global Office Ltd","SmallBiz Inc"
"2026-03-15","11954","Inventory","Global Office Ltd","Retail Giant A"
"2026-01-01","14570","Sales Revenue","Prime Consulting","Direct Consumer"
"2026-03-22","48684","Tax Provision","Azure Utilities","Public Sector Dept"
"2026-02-16","4259","Tax Provision","Prime Consulting","SmallBiz Inc"
"2026-01-21","15316","Tax Provision","Azure Utilities","SmallBiz Inc"
"2026-02-04","15462","Professional Fees","Global Office Ltd","Direct Consumer"
"2026-02-24","10548","Tax Provision","Azure Utilities","Direct Consumer"
"2026-03-07","39030","Sales Revenue","Azure Utilities","SmallBiz Inc"
"2026-01-06","17753","Professional Fees","TechLogistics Corp","Direct Consumer"
"2026-01-12","36956","Rent","Azure Utilities","Retail Giant A"
"2026-03-31","47094","Professional Fees","Azure Utilities","Public Sector Dept"
"2026-03-05","45096","Inventory","Azure Utilities","SmallBiz Inc"
"2026-02-21","30851","Sales Revenue","Azure Utilities","Public Sector Dept"
"2026-03-06","8019","Sales Revenue","Azure Utilities","Direct Consumer"
"2026-02-18","39459","Sales Revenue","Prime Consulting","Direct Consumer"
"2026-03-10","36335","Tax Provision","Global Office Ltd","Public Sector Dept"
"2026-02-05","47872","Tax Provision","Global Office Ltd","Direct Consumer"
"2026-03-21","17699","Inventory","Azure Utilities","Public Sector Dept"
"2026-03-25","23553","Rent","Global Office Ltd","Retail Giant A"
"2026-03-06","2437","Inventory","Global Office Ltd","Retail Giant A"
"2026-02-08","48105","Sales Revenue","Global Office Ltd","Public Sector Dept"
"2026-02-23","46545","Professional Fees","Global Office Ltd","Direct Consumer"
"2026-02-02","1701","Professional Fees","Prime Consulting","Retail Giant A"
"2026-02-06","40506","Tax Provision","Prime Consulting","Public Sector Dept"
"2026-01-16","17710","Professional Fees","Global Office Ltd","Direct Consumer"
"2026-03-16","39759","Professional Fees","TechLogistics Corp","SmallBiz Inc"
"2026-02-22","21226","Inventory","TechLogistics Corp","Public Sector Dept"
"2026-02-13","47413","Rent","TechLogistics Corp","SmallBiz Inc"
"2026-02-28","37121","Professional Fees","TechLogistics Corp","SmallBiz Inc"
"2026-01-12","32889","Rent","TechLogistics Corp","Retail Giant A"
"2026-03-10","33540","Tax Provision","Prime Consulting","Retail Giant A"
"2026-03-28","49903","Tax Provision","Azure Utilities","Public Sector Dept"
"2026-03-28","10061","Inventory","Prime Consulting","Retail Giant A"
"2026-03-09","44171","Rent","TechLogistics Corp","SmallBiz Inc"
"2026-02-10","28716","Rent","TechLogistics Corp","SmallBiz Inc"
"2026-01-05","18779","Professional Fees","TechLogistics Corp","Direct Consumer"
"2026-01-07","44019","Tax Provision","Azure Utilities","SmallBiz Inc"
"2026-03-07","22492","Rent","Prime Consulting","Retail Giant A"
"2026-01-27","48974","Inventory","Azure Utilities","SmallBiz Inc"
"2026-03-29","23380","Professional Fees","Global Office Ltd","Retail Giant A"
"2026-02-23","22033","Professional Fees","Global Office Ltd","SmallBiz Inc"
"2026-01-09","36450","Tax Provision","Prime Consulting","SmallBiz Inc"
"2026-03-01","18224","Rent","Global Office Ltd","Direct Consumer"
"2026-03-13","21192","Inventory","Azure Utilities","Retail Giant A"
"2026-01-08","5191","Rent","Prime Consulting","Direct Consumer"
"2026-03-13","18057","Rent","Prime Consulting","SmallBiz Inc"
"2026-02-02","48965","Tax Provision","Azure Utilities","Direct Consumer"
"2026-02-08","28198","Inventory","Azure Utilities","Retail Giant A"
"2026-02-13","28470","Rent","Azure Utilities","Direct Consumer"
"2026-01-27","19090","Sales Revenue","Global Office Ltd","Direct Consumer"
"2026-01-18","46223","Sales Revenue","Prime Consulting","Public Sector Dept"
"2026-01-09","14050","Tax Provision","Prime Consulting","Public Sector Dept"
"2026-03-17","9746","Sales Revenue","Global Office Ltd","Retail Giant A"
"2026-03-24","12825","Sales Revenue","Azure Utilities","Retail Giant A"
"2026-03-14","38803","Sales Revenue","TechLogistics Corp","Retail Giant A"
"2026-02-27","29864","Inventory","Azure Utilities","SmallBiz Inc"
"2026-03-14","5196","Professional Fees","Global Office Ltd","SmallBiz Inc"
"2026-01-14","31234","Sales Revenue","Global Office Ltd","Retail Giant A"
"2026-01-12","8000","Professional Fees","TechLogistics Corp","Direct Consumer"
"2026-02-06","33147","Sales Revenue","Global Office Ltd","SmallBiz Inc"
"2026-02-27","33084","Rent","Prime Consulting","Retail Giant A"
"2026-02-08","29472","Professional Fees","Prime Consulting","Retail Giant A"
"2026-03-29","1239","Professional Fees","Azure Utilities","Retail Giant A"
"2026-02-04","17343","Sales Revenue","TechLogistics Corp","Retail Giant A"
"2026-01-09","11102","Professional Fees","Global Office Ltd","Retail Giant A"
"2026-01-21","26809","Professional Fees","Prime Consulting","Direct Consumer"
"2026-03-13","7070","Rent","Azure Utilities","Direct Consumer"
"2026-02-23","23426","Rent","Global Office Ltd","Public Sector Dept"
"2026-03-16","9031","Inventory","TechLogistics Corp","Public Sector Dept"
"2026-03-12","31438","Rent","Azure Utilities","Retail Giant A"
"2026-02-05","24797","Inventory","Prime Consulting","Direct Consumer"
"2026-01-31","11313","Tax Provision","Global Office Ltd","Public Sector Dept"
"2026-03-22","15226","Professional Fees","TechLogistics Corp","SmallBiz Inc"
"2026-01-29","46470","Inventory","Global Office Ltd","Public Sector Dept"
"2026-02-14","6180","Professional Fees","Prime Consulting","Retail Giant A"
"2026-02-12","23352","Sales Revenue","Azure Utilities","SmallBiz Inc"
"2026-03-17","12749","Professional Fees","Azure Utilities","SmallBiz Inc"
"2026-01-16","35766","Professional Fees","Azure Utilities","Direct Consumer"
"2026-03-17","5129","Professional Fees","Azure Utilities","SmallBiz Inc"
"2026-03-28","21417","Inventory","Azure Utilities","Retail Giant A"
"2026-02-10","11393","Professional Fees","TechLogistics Corp","SmallBiz Inc"
"2026-03-22","25062","Sales Revenue","Global Office Ltd","SmallBiz Inc"
"2026-03-17","34922","Sales Revenue","Azure Utilities","Retail Giant A"
"2026-01-25","42516","Sales Revenue","Prime Consulting","SmallBiz Inc"
"2026-03-14","43222","Sales Revenue","Global Office Ltd","Retail Giant A"
"2026-01-19","41079","Rent","Global Office Ltd","Public Sector Dept"
"2026-03-20","45504","Tax Provision","Global Office Ltd","SmallBiz Inc"
"2026-02-11","41964","Tax Provision","TechLogistics Corp","Public Sector Dept"
"2026-01-04","49378","Rent","Prime Consulting","SmallBiz Inc"
"2026-03-13","18868","Rent","Global Office Ltd","Public Sector Dept"
"2026-01-23","48778","Rent","Azure Utilities","Retail Giant A"
"2026-01-13","42016","Professional Fees","Prime Consulting","Direct Consumer"
"2026-02-12","47918","Tax Provision","Global Office Ltd","Retail Giant A"
"2026-03-11","17944","Sales Revenue","Prime Consulting","Retail Giant A"
"2026-01-26","17277","Tax Provision","Azure Utilities","Public Sector Dept"
"2026-02-24","11468","Inventory","Prime Consulting","Public Sector Dept"
"2026-01-17","10126","Professional Fees","TechLogistics Corp","SmallBiz Inc"
"2026-01-12","41132","Inventory","Azure Utilities","Retail Giant A"
"2026-01-22","40910","Sales Revenue","TechLogistics Corp","Direct Consumer"
"2026-03-04","4908","Tax Provision","TechLogistics Corp","Public Sector Dept"
"2026-02-12","37423","Inventory","Prime Consulting","SmallBiz Inc"
"2026-03-22","36145","Inventory","TechLogistics Corp","SmallBiz Inc"
"2026-01-29","11600","Rent","Azure Utilities","Direct Consumer"
"2026-03-25","28366","Sales Revenue","TechLogistics Corp","Public Sector Dept"
"2026-03-18","28474","Sales Revenue","Azure Utilities","Public Sector Dept"
"2026-03-11","39850","Professional Fees","Prime Consulting","SmallBiz Inc"
"2026-01-15","22233","Sales Revenue","Azure Utilities","SmallBiz Inc"
"2026-01-01","34344","Sales Revenue","TechLogistics Corp","Direct Consumer"
"2026-03-21","34331","Rent","Prime Consulting","Public Sector Dept"
"2026-01-13","38516","Rent","Global Office Ltd","SmallBiz Inc"
"2026-03-17","35371","Tax Provision","Global Office Ltd","Retail Giant A"
"2026-01-19","32309","Sales Revenue","Azure Utilities","Retail Giant A"
"2026-01-25","48801","Rent","Global Office Ltd","Public Sector Dept"
"2026-03-06","26803","Sales Revenue","Prime Consulting","Direct Consumer"
"2026-03-20","23997","Sales Revenue","TechLogistics Corp","Direct Consumer"
"2026-03-24","17905","Tax Provision","TechLogistics Corp","Retail Giant A"
"2026-02-13","25750","Inventory","Global Office Ltd","Retail Giant A"
"2026-02-01","36875","Sales Revenue","Azure Utilities","Direct Consumer"
"2026-03-09","6126","Professional Fees","Prime Consulting","Retail Giant A"
"2026-02-19","23315","Sales Revenue","Global Office Ltd","Retail Giant A"
"2026-03-01","29297","Inventory","Global Office Ltd","SmallBiz Inc"
"2026-02-25","43069","Professional Fees","Global Office Ltd","Public Sector Dept"
"2026-03-14","14203","Professional Fees","TechLogistics Corp","Public Sector Dept"
"2026-02-04","27612","Tax Provision","Azure Utilities","Retail Giant A"
"2026-03-15","17610","Tax Provision","Prime Consulting","Public Sector Dept"
"2026-01-05","1046","Tax Provision","Prime Consulting","SmallBiz Inc"
"2026-02-24","17114","Rent","Prime Consulting","Direct Consumer"
"2026-02-25","28671","Tax Provision","Azure Utilities","Public Sector Dept"
"2026-03-22","2329","Tax Provision","Global Office Ltd","Retail Giant A"
"2026-02-05","46669","Professional Fees","Global Office Ltd","Retail Giant A"
"2026-03-17","36351","Professional Fees","Global Office Ltd","Direct Consumer"
"2026-02-21","25591","Rent","Prime Consulting","SmallBiz Inc"
"2026-03-08","26065","Inventory","Azure Utilities","Retail Giant A"
"2026-03-09","39951","Professional Fees","TechLogistics Corp","Public Sector Dept"
"2026-03-15","12763","Sales Revenue","Global Office Ltd","SmallBiz Inc"
"2026-02-03","13431","Sales Revenue","TechLogistics Corp","Public Sector Dept"
"2026-01-16","4964","Sales Revenue","Global Office Ltd","Direct Consumer"
"2026-02-20","22660","Inventory","TechLogistics Corp","SmallBiz Inc"
"2026-02-02","4437","Sales Revenue","TechLogistics Corp","Public Sector Dept"
"2026-03-14","3412","Inventory","Global Office Ltd","SmallBiz Inc"
"2026-03-12","38915","Inventory","Global Office Ltd","Retail Giant A"
"2026-01-03","30645","Inventory","TechLogistics Corp","Retail Giant A"
"2026-01-31","37831","Rent","Prime Consulting","SmallBiz Inc"
"2026-02-15","43779","Sales Revenue","Azure Utilities","Direct Consumer"
"2026-03-21","3745","Sales Revenue","TechLogistics Corp","Retail Giant A"
"2026-01-04","14412","Inventory","Azure Utilities","Public Sector Dept"
"2026-02-04","16986","Sales Revenue","Global Office Ltd","Public Sector Dept"
"2026-02-16","12962","Inventory","Azure Utilities","SmallBiz Inc"
"2026-03-20","2813","Professional Fees","TechLogistics Corp","Retail Giant A"
"2026-02-27","26187","Rent","TechLogistics Corp","Direct Consumer"
"2026-01-13","3126","Tax Provision","Prime Consulting","Direct Consumer"
"2026-03-26","48775","Tax Provision","Azure Utilities","Public Sector Dept"
"2026-01-31","3246","Tax Provision","Prime Consulting","Direct Consumer"
"2026-01-26","2546","Rent","Global Office Ltd","Retail Giant A"
"2026-02-03","9450","Sales Revenue","Prime Consulting","Retail Giant A"
"2026-02-13","3569","Inventory","Azure Utilities","Retail Giant A"
"2026-01-01","26180","Tax Provision","Azure Utilities","SmallBiz Inc"
"2026-03-06","21834","Rent","TechLogistics Corp","SmallBiz Inc"
"2026-01-19","4845","Sales Revenue","Azure Utilities","Public Sector Dept"
"2026-01-10","30753","Professional Fees","TechLogistics Corp","Public Sector Dept"
"2026-02-04","42571","Tax Provision","TechLogistics Corp","Direct Consumer"
"2026-03-10","33809","Rent","TechLogistics Corp","Retail Giant A"
"2026-02-16","41477","Inventory","Prime Consulting","SmallBiz Inc"
"2026-02-24","24930","Sales Revenue","Global Office Ltd","Retail Giant A"
"2026-02-25","47621","Tax Provision","Prime Consulting","Retail Giant A"
"2026-03-29","2897","Inventory","Prime Consulting","SmallBiz Inc"
"2026-03-10","23370","Sales Revenue","Global Office Ltd","Retail Giant A"
"2026-02-24","14325","Tax Provision","TechLogistics Corp","Public Sector Dept"
"2026-02-22","47795","Rent","TechLogistics Corp","Retail Giant A"
"2026-01-10","36103","Sales Revenue","TechLogistics Corp","Retail Giant A"
"2026-03-02","42994","Professional Fees","Azure Utilities","Retail Giant A"
"2026-01-02","37121","Inventory","Global Office Ltd","Direct Consumer"
"2026-01-06","44596","Rent","Azure Utilities","Retail Giant A"
"2026-01-12","36003","Rent","Azure Utilities","Direct Consumer"
"2026-02-04","8879","Tax Provision","Global Office Ltd","Direct Consumer"
"2026-01-19","42276","Rent","Global Office Ltd","Public Sector Dept"
"2026-03-19","42441","Sales Revenue","Prime Consulting","Retail Giant A"
"2026-03-16","9150","Inventory","TechLogistics Corp","SmallBiz Inc"
"2026-02-05","29994","Professional Fees","Azure Utilities","Retail Giant A"
"2026-01-14","41219","Sales Revenue","Global Office Ltd","Public Sector Dept"
"2026-03-13","13752","Rent","Global Office Ltd","Public Sector Dept"
"2026-02-17","41424","Sales Revenue","Prime Consulting","Direct Consumer"
"2026-03-27","12420","Inventory","Global Office Ltd","Public Sector Dept"
"2026-03-17","24597","Tax Provision","Global Office Ltd","SmallBiz Inc"
"2026-02-17","8270","Professional Fees","TechLogistics Corp","SmallBiz Inc"
"2026-02-26","7778","Tax Provision","Global Office Ltd","Public Sector Dept"
"2026-01-13","38843","Rent","Global Office Ltd","Direct Consumer"
"2026-02-02","17760","Sales Revenue","TechLogistics Corp","SmallBiz Inc"
"2026-02-01","23585","Inventory","Azure Utilities","SmallBiz Inc"
"2026-03-27","21618","Sales Revenue","TechLogistics Corp","Direct Consumer"
"2026-02-03","24151","Tax Provision","Global Office Ltd","SmallBiz Inc"
"2026-03-28","22827","Sales Revenue","Global Office Ltd","Retail Giant A"
"2026-01-19","43932","Rent","Global Office Ltd","SmallBiz Inc"
"2026-02-16","41525","Professional Fees","Azure Utilities","SmallBiz Inc"
"2026-03-22","24246","Inventory","Global Office Ltd","Public Sector Dept"
"2026-03-10","3432","Inventory","Global Office Ltd","Public Sector Dept"
"2026-01-01","20244","Professional Fees","Azure Utilities","Direct Consumer"
"2026-01-24","15882","Sales Revenue","Azure Utilities","SmallBiz Inc"
"2026-01-14","20116","Tax Provision","Azure Utilities","Retail Giant A"
"2026-03-29","21201","Tax Provision","Global Office Ltd","Public Sector Dept"
"2026-01-05","23851","Rent","TechLogistics Corp","SmallBiz Inc"
"2026-03-02","40044","Tax Provision","Prime Consulting","Direct Consumer"
"2026-03-01","34267","Professional Fees","Prime Consulting","Public Sector Dept"
"2026-03-28","47369","Tax Provision","TechLogistics Corp","SmallBiz Inc"
"2026-03-20","20012","Sales Revenue","TechLogistics Corp","Direct Consumer"
"2026-02-12","32993","Inventory","Azure Utilities","SmallBiz Inc"
"2026-02-03","35517","Tax Provision","Global Office Ltd","Public Sector Dept"
"2026-02-22","13334","Rent","Prime Consulting","Public Sector Dept"
"2026-01-29","16986","Tax Provision","Global Office Ltd","SmallBiz Inc"
"2026-01-18","29402","Inventory","Azure Utilities","SmallBiz Inc"
"2026-01-10","20265","Sales Revenue","TechLogistics Corp","Retail Giant A"
"2026-01-27","16001","Tax Provision","Global Office Ltd","Public Sector Dept"
"2026-02-11","13824","Sales Revenue","Global Office Ltd","SmallBiz Inc"
"2026-02-11","23956","Inventory","Prime Consulting","Public Sector Dept"
"2026-02-17","19604","Sales Revenue","TechLogistics Corp","SmallBiz Inc"
"2026-01-04","30312","Tax Provision","Azure Utilities","Public Sector Dept"
"2026-03-18","43540","Rent","Global Office Ltd","Direct Consumer"
"2026-02-03","23582","Professional Fees","Prime Consulting","Direct Consumer"
"2026-03-08","37577","Inventory","Prime Consulting","Retail Giant A"
"2026-02-25","37225","Sales Revenue","Global Office Ltd","Retail Giant A"
"2026-02-24","42664","Professional Fees","Azure Utilities","Retail Giant A"
"2026-02-23","35175","Tax Provision","Azure Utilities","Direct Consumer"
"2026-03-13","33828","Rent","Global Office Ltd","SmallBiz Inc"
"2026-02-21","2059","Professional Fees","TechLogistics Corp","SmallBiz Inc"
"2026-02-27","40161","Professional Fees","Prime Consulting","Direct Consumer"
"2026-01-03","35746","Inventory","Prime Consulting","Direct Consumer"
"2026-03-16","1653","Sales Revenue","Global Office Ltd","SmallBiz Inc"
"2026-03-29","13624","Tax Provision","TechLogistics Corp","Retail Giant A"
"2026-03-19","27649","Professional Fees","Azure Utilities","SmallBiz Inc"
"2026-02-21","18902","Professional Fees","Global Office Ltd","Direct Consumer"
"2026-02-12","5849","Sales Revenue","TechLogistics Corp","SmallBiz Inc"
"2026-02-01","35586","Tax Provision","TechLogistics Corp","Retail Giant A"
"2026-02-06","26283","Inventory","Global Office Ltd","Retail Giant A"
"2026-03-23","10668","Inventory","TechLogistics Corp","SmallBiz Inc"
"2026-01-24","14413","Inventory","Prime Consulting","Public Sector Dept"
"2026-02-24","35627","Rent","Prime Consulting","Public Sector Dept"
"2026-01-28","44420","Inventory","Prime Consulting","Public Sector Dept"
"2026-03-05","7934","Inventory","Azure Utilities","SmallBiz Inc"
"2026-02-15","49906","Inventory","Azure Utilities","SmallBiz Inc"
"2026-01-27","41549","Professional Fees","Global Office Ltd","SmallBiz Inc"
"2026-02-16","13475","Tax Provision","Global Office Ltd","Public Sector Dept"
"2026-01-14","20801","Sales Revenue","Global Office Ltd","SmallBiz Inc"
"2026-02-23","19821","Tax Provision","TechLogistics Corp","Public Sector Dept"
"2026-02-24","8050","Sales Revenue","Azure Utilities","Direct Consumer"
"2026-03-18","9222","Sales Revenue","Azure Utilities","SmallBiz Inc"
"2026-02-17","5456","Inventory","TechLogistics Corp","SmallBiz Inc"
"2026-03-30","30937","Tax Provision","Azure Utilities","Public Sector Dept"
"2026-03-26","21324","Tax Provision","TechLogistics Corp","Public Sector Dept"
"2026-01-30","19647","Sales Revenue","Azure Utilities","Retail Giant A"
"2026-01-22","27255","Sales Revenue","Azure Utilities","Direct Consumer"
"2026-02-12","32569","Professional Fees","TechLogistics Corp","Retail Giant A"
"2026-03-07","45517","Inventory","Prime Consulting","Public Sector Dept"
"2026-01-10","17994","Tax Provision","Global Office Ltd","Public Sector Dept"
"2026-03-07","8791","Tax Provision","TechLogistics Corp","Public Sector Dept"
"2026-01-09","8388","Rent","Global Office Ltd","Direct Consumer"
"2026-02-27","13122","Tax Provision","TechLogistics Corp","Retail Giant A"
"2026-02-22","14844","Tax Provision","TechLogistics Corp","SmallBiz Inc"
"2026-01-19","20195","Professional Fees","Global Office Ltd","SmallBiz Inc"
"2026-01-20","23027","Rent","Prime Consulting","Retail Giant A"
"2026-01-04","21166","Inventory","TechLogistics Corp","SmallBiz Inc"
"2026-01-13","43633","Inventory","TechLogistics Corp","Public Sector Dept"
"2026-03-01","25343","Tax Provision","Azure Utilities","Direct Consumer"
"2026-01-29","34027","Tax Provision","Azure Utilities","Retail Giant A"
"2026-01-29","11472","Inventory","Azure Utilities","Retail Giant A"
"2026-02-23","33063","Sales Revenue","Azure Utilities","Retail Giant A"
"2026-01-17","14868","Tax Provision","TechLogistics Corp","SmallBiz Inc"
"2026-01-18","29315","Tax Provision","Global Office Ltd","Direct Consumer"
"2026-01-08","16695","Tax Provision","Azure Utilities","Public Sector Dept"
"2026-01-20","1780","Tax Provision","Azure Utilities","Direct Consumer"
"2026-02-03","38760","Professional Fees","Azure Utilities","Retail Giant A"
"2026-01-07","2707","Rent","Azure Utilities","Direct Consumer"
"2026-02-14","31999","Professional Fees","Global Office Ltd","Public Sector Dept"
"2026-01-13","28995","Inventory","Global Office Ltd","Direct Consumer"
"2026-03-29","39749","Inventory","Prime Consulting","Direct Consumer"
"2026-03-27","8635","Tax Provision","Global Office Ltd","Public Sector Dept"
"2026-02-05","39063","Professional Fees","TechLogistics Corp","SmallBiz Inc"
"2026-02-17","7079","Sales Revenue","Global Office Ltd","Direct Consumer"
"2026-02-15","44641","Inventory","TechLogistics Corp","SmallBiz Inc"
"2026-02-26","38165","Professional Fees","TechLogistics Corp","Direct Consumer"
"2026-02-23","2626","Inventory","TechLogistics Corp","SmallBiz Inc"
"2026-02-20","10260","Tax Provision","Azure Utilities","Direct Consumer"
"2026-01-15","21302","Tax Provision","Prime Consulting","SmallBiz Inc"
"2026-03-26","4290","Tax Provision","Prime Consulting","Retail Giant A"
"2026-02-11","39193","Sales Revenue","TechLogistics Corp","Retail Giant A"
"2026-02-05","6337","Tax Provision","Global Office Ltd","SmallBiz Inc"
"2026-02-27","36600","Inventory","Azure Utilities","Retail Giant A"
"2026-02-01","36111","Sales Revenue","Azure Utilities","SmallBiz Inc"
"2026-02-21","35860","Rent","Azure Utilities","Public Sector Dept"
"2026-02-13","43489","Inventory","Global Office Ltd","Retail Giant A"
"2026-02-09","37507","Inventory","Azure Utilities","SmallBiz Inc"
"2026-01-15","14670","Rent","Prime Consulting","Direct Consumer"
"2026-01-02","12934","Professional Fees","Prime Consulting","Public Sector Dept"
"2026-03-05","20134","Rent","Azure Utilities","Retail Giant A"
"2026-01-13","6379","Inventory","Prime Consulting","Direct Consumer"
"2026-03-13","21960","Professional Fees","Global Office Ltd","SmallBiz Inc"
"2026-02-16","48797","Professional Fees","Global Office Ltd","SmallBiz Inc"
"2026-01-17","39471","Inventory","Prime Consulting","SmallBiz Inc"
"2026-01-31","5179","Sales Revenue","Azure Utilities","Retail Giant A"
"2026-02-02","47707","Tax Provision","Global Office Ltd","SmallBiz Inc"
"2026-01-22","45280","Sales Revenue","Global Office Ltd","Public Sector Dept"
"2026-03-27","47546","Tax Provision","Prime Consulting","Direct Consumer"
"2026-01-20","30969","Sales Revenue","Global Office Ltd","SmallBiz Inc"
"2026-03-20","22992","Inventory","Azure Utilities","Retail Giant A"
"2026-01-03","48471","Professional Fees","Global Office Ltd","Retail Giant A"
"2026-03-04","37342","Rent","Prime Consulting","SmallBiz Inc"
"2026-01-19","17790","Sales Revenue","TechLogistics Corp","Retail Giant A"
"2026-03-26","4717","Tax Provision","Global Office Ltd","Public Sector Dept"
"2026-03-01","40835","Tax Provision","TechLogistics Corp","Public Sector Dept"
"2026-03-31","4726","Sales Revenue","Azure Utilities","SmallBiz Inc"
"2026-01-01","12857","Sales Revenue","TechLogistics Corp","Retail Giant A"
"2026-03-09","18344","Inventory","Global Office Ltd","Direct Consumer"
"2026-01-14","29980","Sales Revenue","Global Office Ltd","Public Sector Dept"
"2026-01-09","22074","Tax Provision","Azure Utilities","Public Sector Dept"
"2026-03-10","44132","Rent","Prime Consulting","Retail Giant A"
"2026-01-09","10636","Professional Fees","TechLogistics Corp","SmallBiz Inc"
"2026-03-23","8322","Rent","TechLogistics Corp","Retail Giant A"
"2026-02-20","13036","Sales Revenue","TechLogistics Corp","Public Sector Dept"
"2026-01-20","32876","Rent","TechLogistics Corp","Retail Giant A"
"2026-03-06","46514","Tax Provision","Azure Utilities","Public Sector Dept"
"2026-01-03","39676","Professional Fees","TechLogistics Corp","Direct Consumer"
"2026-02-10","18620","Tax Provision","Prime Consulting","Retail Giant A"
"2026-02-17","18561","Rent","Azure Utilities","SmallBiz Inc"
"2026-02-16","3814","Professional Fees","Azure Utilities","Retail Giant A"
"2026-01-20","38562","Rent","Azure Utilities","Direct Consumer"
"2026-01-07","41141","Professional Fees","TechLogistics Corp","Direct Consumer"
"2026-01-28","30668","Inventory","Prime Consulting","Retail Giant A"
"2026-01-04","17577","Professional Fees","Prime Consulting","Retail Giant A"
"2026-01-25","9002","Tax Provision","Azure Utilities","Retail Giant A"
"2026-03-10","3359","Professional Fees","Global Office Ltd","SmallBiz Inc"
"2026-01-25","40064","Professional Fees","Prime Consulting","Retail Giant A"
"2026-03-10","34184","Rent","TechLogistics Corp","Direct Consumer"
"2026-03-17","6977","Tax Provision","Global Office Ltd","Direct Consumer"
"2026-01-04","42515","Rent","Prime Consulting","Public Sector Dept"
"2026-03-15","18119","Inventory","Prime Consulting","Retail Giant A"
"2026-01-16","41531","Sales Revenue","TechLogistics Corp","Direct Consumer"
"2026-02-09","26406","Professional Fees","Prime Consulting","Public Sector Dept"
"2026-01-21","26984","Sales Revenue","Prime Consulting","Retail Giant A"
"2026-01-04","17490","Professional Fees","Prime Consulting","Retail Giant A"
"2026-01-14","9803","Professional Fees","Global Office Ltd","Retail Giant A"
"2026-03-16","26411","Rent","Azure Utilities","Retail Giant A"
"2026-02-19","25219","Sales Revenue","Prime Consulting","Public Sector Dept"
"2026-03-07","26060","Inventory","TechLogistics Corp","SmallBiz Inc"
"2026-02-20","3736","Inventory","Azure Utilities","Direct Consumer"
"2026-02-25","29324","Inventory","Global Office Ltd","SmallBiz Inc"
"2026-02-12","32209","Professional Fees","Azure Utilities","Direct Consumer"
"2026-03-29","45983","Tax Provision","Azure Utilities","Public Sector Dept"
"2026-03-23","44531","Inventory","Azure Utilities","SmallBiz Inc"
"2026-01-12","47201","Rent","Prime Consulting","SmallBiz Inc"
"2026-01-01","29286","Inventory","Prime Consulting","SmallBiz Inc"
"2026-01-28","5107","Tax Provision","Azure Utilities","Retail Giant A"
"2026-03-29","31363","Professional Fees","Global Office Ltd","Direct Consumer"
"2026-02-10","19288","Sales Revenue","Prime Consulting","SmallBiz Inc"
"2026-03-09","22027","Tax Provision","Azure Utilities","Direct Consumer"
"2026-01-15","7516","Tax Provision","Global Office Ltd","Retail Giant A"
"2026-01-22","44833","Professional Fees","TechLogistics Corp","Direct Consumer"
"2026-02-04","28579","Sales Revenue","Global Office Ltd","Public Sector Dept"
"2026-03-04","4240","Tax Provision","Azure Utilities","Public Sector Dept"
"2026-02-18","17570","Rent","Global Office Ltd","Retail Giant A"
"2026-01-22","39095","Rent","TechLogistics Corp","SmallBiz Inc"
"2026-03-29","10827","Tax Provision","TechLogistics Corp","SmallBiz Inc"
"2026-03-02","47702","Tax Provision","Global Office Ltd","Retail Giant A"
"2026-02-13","19365","Inventory","Global Office Ltd","Direct Consumer"
"2026-01-27","43816","Professional Fees","Prime Consulting","Retail Giant A"
"2026-02-22","26995","Sales Revenue","Prime Consulting","Direct Consumer"
"2026-01-02","39296","Inventory","TechLogistics Corp","Direct Consumer"
"2026-01-05","17873","Tax Provision","TechLogistics Corp","SmallBiz Inc"
"2026-03-14","29178","Inventory","TechLogistics Corp","Retail Giant A"
"2026-03-21","37028","Sales Revenue","TechLogistics Corp","SmallBiz Inc"
"2026-02-13","18924","Inventory","Prime Consulting","Public Sector Dept"
"2026-03-01","44791","Inventory","Azure Utilities","Direct Consumer"
"2026-01-28","41009","Professional Fees","TechLogistics Corp","SmallBiz Inc"
"2026-01-13","16346","Inventory","Azure Utilities","SmallBiz Inc"
"2026-01-10","5008","Tax Provision","Azure Utilities","Public Sector Dept"
"2026-02-21","35699","Inventory","Global Office Ltd","Retail Giant A"
"2026-01-20","17159","Sales Revenue","Prime Consulting","Direct Consumer"
"2026-01-15","36245","Inventory","Azure Utilities","Direct Consumer"
"2026-02-18","47419","Rent","Prime Consulting","SmallBiz Inc"
"2026-01-18","1663","Sales Revenue","Prime Consulting","SmallBiz Inc"
"2026-02-13","12948","Tax Provision","Azure Utilities","Direct Consumer"
"2026-02-18","41323","Inventory","TechLogistics Corp","SmallBiz Inc"
"2026-02-08","34781","Inventory","Prime Consulting","SmallBiz Inc"
"2026-01-03","10999","Tax Provision","Prime Consulting","Public Sector Dept"
"2026-01-14","13510","Professional Fees","Prime Consulting","Retail Giant A"
"2026-02-25","43975","Tax Provision","TechLogistics Corp","Direct Consumer"
"2026-01-21","25967","Rent","TechLogistics Corp","Public Sector Dept"
"2026-02-06","18479","Tax Provision","Global Office Ltd","Direct Consumer"
"2026-01-13","30409","Professional Fees","Global Office Ltd","SmallBiz Inc"
"2026-01-26","45292","Professional Fees","TechLogistics Corp","SmallBiz Inc"
"2026-01-23","3435","Tax Provision","Global Office Ltd","Retail Giant A"
"2026-03-25","34186","Rent","Global Office Ltd","Direct Consumer"
"2026-01-31","2352","Sales Revenue","TechLogistics Corp","SmallBiz Inc"
"2026-02-07","10814","Inventory","Prime Consulting","Direct Consumer"
"2026-01-28","13263","Sales Revenue","Prime Consulting","Direct Consumer"
"2026-01-12","11777","Sales Revenue","TechLogistics Corp","Direct Consumer"
"2026-01-11","40727","Professional Fees","Azure Utilities","Public Sector Dept"
"2026-01-25","10181","Inventory","Prime Consulting","Direct Consumer"
"2026-01-10","48369","Rent","Global Office Ltd","Direct Consumer"
"2026-03-29","46155","Professional Fees","Prime Consulting","Direct Consumer"
"2026-03-24","46167","Inventory","Global Office Ltd","Retail Giant A"
"2026-01-15","7146","Rent","Azure Utilities","Direct Consumer"
"2026-03-22","41658","Sales Revenue","Prime Consulting","Direct Consumer"
"2026-03-21","26059","Rent","Prime Consulting","Retail Giant A"
"2026-02-26","8601","Inventory","Prime Consulting","Public Sector Dept"
"2026-01-26","29798","Tax Provision","Prime Consulting","Public Sector Dept"
"2026-03-13","27916","Rent","Prime Consulting","Retail Giant A"
"2026-03-03","46722","Tax Provision","Azure Utilities","SmallBiz Inc"
"2026-03-12","47382","Rent","Prime Consulting","Retail Giant A"
"2026-02-19","39204","Sales Revenue","Azure Utilities","SmallBiz Inc"
"2026-02-04","17272","Sales Revenue","Azure Utilities","SmallBiz Inc"
"2026-03-23","17778","Professional Fees","Global Office Ltd","Public Sector Dept"
"2026-01-16","20808","Professional Fees","Prime Consulting","Retail Giant A"
"2026-01-05","14545","Sales Revenue","Global Office Ltd","Retail Giant A"
"2026-01-16","24509","Professional Fees","Global Office Ltd","SmallBiz Inc"
"2026-03-04","6862","Professional Fees","TechLogistics Corp","Public Sector Dept"
"2026-02-22","1098","Rent","Azure Utilities","Public Sector Dept"
"2026-02-01","15588","Rent","Azure Utilities","Direct Consumer"
"2026-02-22","23351","Inventory","Azure Utilities","Public Sector Dept"
"2026-01-13","44483","Tax Provision","TechLogistics Corp","SmallBiz Inc"
"2026-02-13","32145","Sales Revenue","Azure Utilities","Direct Consumer"
"2026-02-26","46079","Sales Revenue","Prime Consulting","Retail Giant A"
"2026-01-21","34960","Sales Revenue","TechLogistics Corp","Retail Giant A"
"2026-03-16","48870","Rent","Azure Utilities","Retail Giant A"
"2026-02-19","31053","Inventory","TechLogistics Corp","Direct Consumer"
"2026-01-31","34592","Sales Revenue","Azure Utilities","SmallBiz Inc"
"2026-01-28","44583","Professional Fees","TechLogistics Corp","Direct Consumer"
"2026-03-23","38573","Inventory","Azure Utilities","SmallBiz Inc"
"2026-03-26","38344","Professional Fees","Prime Consulting","Public Sector Dept"
"2026-02-07","21972","Sales Revenue","Global Office Ltd","Retail Giant A"
"2026-03-22","35410","Rent","TechLogistics Corp","SmallBiz Inc"
"2026-01-16","24032","Tax Provision","TechLogistics Corp","SmallBiz Inc"
"2026-03-03","33848","Rent","TechLogistics Corp","Direct Consumer"
"2026-03-10","8876","Professional Fees","Global Office Ltd","Public Sector Dept"
"2026-03-07","42465","Tax Provision","Global Office Ltd","Public Sector Dept"
"2026-01-14","15815","Rent","Azure Utilities","Direct Consumer"
"2026-01-25","20065","Inventory","Azure Utilities","SmallBiz Inc"
"2026-02-04","29023","Sales Revenue","TechLogistics Corp","SmallBiz Inc"
"2026-02-07","41930","Professional Fees","TechLogistics Corp","SmallBiz Inc"
"2026-03-26","40523","Professional Fees","Prime Consulting","SmallBiz Inc"
"2026-02-19","31388","Rent","TechLogistics Corp","SmallBiz Inc"
"2026-01-07","19125","Sales Revenue","TechLogistics Corp","Direct Consumer"
"2026-01-19","14875","Professional Fees","Global Office Ltd","Direct Consumer"
"2026-03-29","32980","Professional Fees","Global Office Ltd","Retail Giant A"
"2026-01-07","10199","Rent","Global Office Ltd","Public Sector Dept"
"2026-01-25","17883","Sales Revenue","Azure Utilities","Public Sector Dept"
"2026-01-09","31213","Professional Fees","Prime Consulting","Retail Giant A"
"2026-03-16","19295","Rent","Global Office Ltd","SmallBiz Inc"
"2026-01-16","40672","Rent","Azure Utilities","SmallBiz Inc"
"2026-02-13","7464","Professional Fees","TechLogistics Corp","Retail Giant A"
"2026-01-10","13132","Rent","Azure Utilities","SmallBiz Inc"
"2026-01-02","39089","Professional Fees","TechLogistics Corp","Retail Giant A"
"2026-02-23","46040","Sales Revenue","Azure Utilities","Retail Giant A"
"2026-03-20","34815","Tax Provision","TechLogistics Corp","Public Sector Dept"
"2026-01-01","22180","Professional Fees","Global Office Ltd","Direct Consumer"
"2026-03-12","21697","Rent","Azure Utilities","Direct Consumer"
"2026-01-01","43163","Professional Fees","TechLogistics Corp","Public Sector Dept"
"2026-02-22","43922","Sales Revenue","Global Office Ltd","Direct Consumer"
"2026-03-02","12399","Sales Revenue","Global Office Ltd","SmallBiz Inc"
"2026-01-25","3682","Rent","Prime Consulting","Direct Consumer"
"2026-02-03","40520","Sales Revenue","Azure Utilities","Public Sector Dept"
"2026-01-02","43271","Rent","Global Office Ltd","SmallBiz Inc"
"2026-03-28","21586","Rent","Prime Consulting","Direct Consumer"
"2026-03-09","4266","Tax Provision","Global Office Ltd","SmallBiz Inc"
"2026-02-28","37307","Professional Fees","Prime Consulting","Direct Consumer"
"2026-01-03","17865","Professional Fees","Prime Consulting","SmallBiz Inc"
"2026-03-01","19292","Tax Provision","Azure Utilities","Public Sector Dept"
"2026-01-23","23673","Sales Revenue","Global Office Ltd","Retail Giant A"
"2026-03-04","39530","Inventory","Global Office Ltd","Retail Giant A"
"2026-02-12","23542","Inventory","Global Office Ltd","Retail Giant A"
"2026-03-12","36282","Sales Revenue","Azure Utilities","Retail Giant A"
"2026-01-25","43526","Inventory","TechLogistics Corp","Retail Giant A"
"2026-02-26","39851","Sales Revenue","Prime Consulting","Retail Giant A"
"2026-01-04","39751","Sales Revenue","Azure Utilities","Direct Consumer"
"2026-02-21","1205","Sales Revenue","Global Office Ltd","Direct Consumer"
"2026-03-13","39298","Rent","TechLogistics Corp","Public Sector Dept"
"2026-01-02","2313","Sales Revenue","TechLogistics Corp","Direct Consumer"
"2026-01-23","15911","Tax Provision","Prime Consulting","SmallBiz Inc"
"2026-02-12","11737","Sales Revenue","Prime Consulting","Direct Consumer"
"2026-02-18","48512","Inventory","Prime Consulting","Direct Consumer"
"2026-01-15","4877","Professional Fees","Global Office Ltd","SmallBiz Inc"
"2026-01-20","30757","Tax Provision","Prime Consulting","SmallBiz Inc"
"2026-02-11","21135","Inventory","Global Office Ltd","Public Sector Dept"
"2026-03-25","41351","Professional Fees","Global Office Ltd","Public Sector Dept"
"2026-03-22","24927","Sales Revenue","Azure Utilities","Retail Giant A"
"2026-01-17","18620","Sales Revenue","TechLogistics Corp","Retail Giant A"
"2026-01-10","39767","Tax Provision","Global Office Ltd","Direct Consumer"
"2026-03-27","11482","Sales Revenue","Global Office Ltd","Direct Consumer"
"2026-02-10","30974","Rent","TechLogistics Corp","Direct Consumer"
"2026-01-03","23732","Tax Provision","Azure Utilities","SmallBiz Inc"
"2026-01-14","42379","Rent","Prime Consulting","Public Sector Dept"
"2026-03-08","34819","Sales Revenue","Prime Consulting","SmallBiz Inc"
"2026-02-18","39639","Sales Revenue","Prime Consulting","Retail Giant A"
"2026-02-28","44051","Rent","Azure Utilities","Retail Giant A"
"2026-01-09","20676","Sales Revenue","TechLogistics Corp","SmallBiz Inc"
"2026-02-26","30981","Sales Revenue","TechLogistics Corp","Public Sector Dept"
"2026-03-10","24110","Inventory","Azure Utilities","Direct Consumer"
"2026-01-03","20940","Inventory","Global Office Ltd","Public Sector Dept"
"2026-03-16","22415","Sales Revenue","Azure Utilities","SmallBiz Inc"
"2026-02-08","3003","Tax Provision","Azure Utilities","Public Sector Dept"
"2026-02-11","46094","Tax Provision","Prime Consulting","Public Sector Dept"
"2026-01-09","6463","Rent","Global Office Ltd","Public Sector Dept"
"2026-02-26","8080","Sales Revenue","Prime Consulting","Public Sector Dept"
"2026-02-25","4028","Tax Provision","Global Office Ltd","Public Sector Dept"
"2026-03-16","22545","Tax Provision","TechLogistics Corp","Retail Giant A"
"2026-03-05","46475","Rent","Prime Consulting","Direct Consumer"
"2026-01-05","19412","Inventory","Global Office Ltd","Direct Consumer"
"2026-01-17","17142","Tax Provision","Prime Consulting","Direct Consumer"
"2026-03-06","8592","Rent","Global Office Ltd","Retail Giant A"
"2026-01-15","21215","Professional Fees","Prime Consulting","SmallBiz Inc"
"2026-02-03","17270","Tax Provision","Azure Utilities","Retail Giant A"
"2026-01-17","24334","Professional Fees","Global Office Ltd","Public Sector Dept"
"2026-03-23","21488","Inventory","Azure Utilities","Public Sector Dept"
"2026-02-27","40614","Professional Fees","Global Office Ltd","Direct Consumer"
"2026-03-09","20295","Rent","Prime Consulting","Direct Consumer"
"2026-03-27","9991","Rent","Global Office Ltd","Direct Consumer"
"2026-03-31","32260","Rent","Global Office Ltd","Retail Giant A"
"2026-01-17","39862","Professional Fees","TechLogistics Corp","SmallBiz Inc"
"2026-03-13","39877","Rent","Prime Consulting","SmallBiz Inc"
"2026-01-24","21215","Tax Provision","Azure Utilities","Public Sector Dept"
"2026-03-18","26896","Tax Provision","TechLogistics Corp","Public Sector Dept"
"2026-02-10","27076","Tax Provision","TechLogistics Corp","SmallBiz Inc"
"2026-02-09","22152","Tax Provision","Prime Consulting","SmallBiz Inc"
"2026-01-27","29466","Professional Fees","Prime Consulting","Direct Consumer"
"2026-02-04","16762","Sales Revenue","Prime Consulting","Retail Giant A"
"2026-01-29","42434","Rent","Global Office Ltd","SmallBiz Inc"
"2026-02-11","47511","Sales Revenue","Global Office Ltd","Retail Giant A"
"2026-03-11","27771","Inventory","Azure Utilities","Public Sector Dept"
"2026-02-13","41688","Inventory","Azure Utilities","Public Sector Dept"
"2026-01-14","6559","Rent","TechLogistics Corp","SmallBiz Inc"
"2026-01-23","25165","Rent","Prime Consulting","Direct Consumer"
"2026-03-29","33045","Tax Provision","Global Office Ltd","SmallBiz Inc"
"2026-01-27","34390","Rent","TechLogistics Corp","Retail Giant A"
"2026-03-21","49370","Rent","Azure Utilities","Retail Giant A"
"2026-01-11","2302","Sales Revenue","TechLogistics Corp","SmallBiz Inc"
"2026-01-11","4410","Tax Provision","Global Office Ltd","Public Sector Dept"
"2026-03-28","14282","Sales Revenue","Prime Consulting","Public Sector Dept"
"2026-01-01","17502","Professional Fees","Prime Consulting","SmallBiz Inc"
"2026-03-01","22986","Inventory","Prime Consulting","Retail Giant A"
"2026-02-04","42929","Sales Revenue","Global Office Ltd","Public Sector Dept"
"2026-03-27","49248","Tax Provision","Azure Utilities","Public Sector Dept"
"2026-02-11","25992","Tax Provision","Azure Utilities","Direct Consumer"
"2026-01-14","7208","Inventory","Global Office Ltd","Direct Consumer"
"2026-03-14","20607","Professional Fees","Global Office Ltd","Direct Consumer"
"2026-03-13","12238","Inventory","Global Office Ltd","SmallBiz Inc"
"2026-01-29","48420","Rent","TechLogistics Corp","Direct Consumer"
"2026-03-09","45962","Tax Provision","Azure Utilities","SmallBiz Inc"
"2026-03-20","25867","Professional Fees","Prime Consulting","SmallBiz Inc"
"2026-01-03","24013","Tax Provision","TechLogistics Corp","Retail Giant A"
"2026-03-18","26058","Professional Fees","TechLogistics Corp","Direct Consumer"
"2026-03-19","25853","Rent","Azure Utilities","Public Sector Dept"
"2026-03-27","10758","Sales Revenue","TechLogistics Corp","Retail Giant A"
"2026-02-16","27283","Professional Fees","Azure Utilities","SmallBiz Inc"
"2026-01-25","40486","Tax Provision","Global Office Ltd","Public Sector Dept"
"2026-01-09","33405","Sales Revenue","Azure Utilities","Retail Giant A"
"2026-02-01","14602","Rent","TechLogistics Corp","SmallBiz Inc"
"2026-03-17","39138","Professional Fees","Global Office Ltd","Direct Consumer"
"2026-01-02","40061","Tax Provision","Azure Utilities","Retail Giant A"
"2026-02-25","20255","Professional Fees","Prime Consulting","Direct Consumer"
"2026-02-13","33807","Tax Provision","TechLogistics Corp","Retail Giant A"
"2026-02-09","40909","Inventory","TechLogistics Corp","Public Sector Dept"
"2026-01-10","25795","Rent","Prime Consulting","SmallBiz Inc"
"2026-03-16","38827","Sales Revenue","TechLogistics Corp","Public Sector Dept"
"2026-02-10","17940","Professional Fees","Azure Utilities","Public Sector Dept"
"2026-01-30","17990","Professional Fees","Azure Utilities","SmallBiz Inc"
"2026-03-04","41335","Sales Revenue","Azure Utilities","Retail Giant A"
"2026-01-01","43399","Rent","Azure Utilities","Public Sector Dept"
"2026-03-15","13061","Professional Fees","Global Office Ltd","Retail Giant A"
"2026-02-13","15808","Professional Fees","Prime Consulting","Public Sector Dept"
"2026-01-20","7428","Inventory","Azure Utilities","Public Sector Dept"
"2026-03-10","16804","Sales Revenue","Global Office Ltd","Direct Consumer"
"2026-03-01","1677","Rent","Global Office Ltd","Retail Giant A"
"2026-01-13","7820","Tax Provision","Azure Utilities","Direct Consumer"
"2026-01-13","15557","Professional Fees","Global Office Ltd","Retail Giant A"
"2026-02-03","32624","Professional Fees","Prime Consulting","Retail Giant A"
"2026-01-06","46511","Tax Provision","Azure Utilities","Retail Giant A"
"2026-01-25","12921","Rent","Azure Utilities","Retail Giant A"
"2026-03-25","36426","Tax Provision","TechLogistics Corp","SmallBiz Inc"
"2026-01-24","5062","Inventory","Prime Consulting","Retail Giant A"
"2026-02-28","40729","Professional Fees","Prime Consulting","Retail Giant A"
"2026-01-12","5558","Sales Revenue","Prime Consulting","SmallBiz Inc"
"2026-03-16","44242","Inventory","TechLogistics Corp","SmallBiz Inc"
"2026-02-14","41853","Inventory","Prime Consulting","Direct Consumer"
"2026-01-07","26438","Rent","Global Office Ltd","Direct Consumer"
"2026-01-11","5099","Tax Provision","TechLogistics Corp","Direct Consumer"
"2026-01-10","6410","Inventory","TechLogistics Corp","Retail Giant A"
"2026-02-14","48822","Sales Revenue","TechLogistics Corp","Direct Consumer"
"2026-03-17","40421","Tax Provision","Global Office Ltd","Direct Consumer"
"2026-03-10","27149","Inventory","TechLogistics Corp","Public Sector Dept"
"2026-02-12","29746","Professional Fees","TechLogistics Corp","Public Sector Dept"
"2026-01-27","25812","Tax Provision","Prime Consulting","Public Sector Dept"
"2026-01-27","35473","Sales Revenue","Prime Consulting","Direct Consumer"
"2026-01-26","33742","Inventory","Global Office Ltd","Retail Giant A"
"2026-01-12","16419","Professional Fees","Global Office Ltd","Public Sector Dept"
"2026-01-02","34306","Inventory","Azure Utilities","SmallBiz Inc"
"2026-02-03","40154","Professional Fees","Prime Consulting","Public Sector Dept"
"2026-01-25","10433","Rent","Prime Consulting","Direct Consumer"
"2026-01-29","44871","Inventory","Global Office Ltd","SmallBiz Inc"
"2026-01-16","36178","Tax Provision","Azure Utilities","SmallBiz Inc"
"2026-03-14","1628","Professional Fees","TechLogistics Corp","SmallBiz Inc"
"2026-03-07","41332","Professional Fees","Global Office Ltd","SmallBiz Inc"
"2026-02-14","36505","Professional Fees","Global Office Ltd","Public Sector Dept"
"2026-02-10","2264","Professional Fees","Global Office Ltd","SmallBiz Inc"
"2026-02-04","16075","Sales Revenue","Global Office Ltd","Direct Consumer"
"2026-01-03","21927","Professional Fees","Azure Utilities","Public Sector Dept"
"2026-01-01","41814","Professional Fees","TechLogistics Corp","Direct Consumer"
"2026-02-14","49463","Tax Provision","Azure Utilities","Retail Giant A"
"2026-03-16","20876","Professional Fees","Azure Utilities","Public Sector Dept"
"2026-01-12","8101","Rent","TechLogistics Corp","SmallBiz Inc"
"2026-01-12","47918","Professional Fees","Azure Utilities","Retail Giant A"
"2026-02-28","40892","Tax Provision","TechLogistics Corp","Public Sector Dept"
"2026-01-20","23947","Inventory","Azure Utilities","Public Sector Dept"
"2026-02-02","30444","Rent","Azure Utilities","Retail Giant A"
"2026-01-31","27385","Sales Revenue","TechLogistics Corp","Direct Consumer"
"2026-01-21","14657","Professional Fees","Azure Utilities","SmallBiz Inc"
"2026-02-12","17479","Tax Provision","Azure Utilities","SmallBiz Inc"
"2026-03-21","6952","Inventory","Global Office Ltd","Retail Giant A"
"2026-01-09","18770","Rent","Prime Consulting","Direct Consumer"
"2026-03-05","9255","Inventory","Azure Utilities","Direct Consumer"
"2026-03-11","25230","Tax Provision","Prime Consulting","SmallBiz Inc"
"2026-01-28","7869","Inventory","TechLogistics Corp","Direct Consumer"
"2026-01-07","11233","Tax Provision","Azure Utilities","SmallBiz Inc"
"2026-01-30","15094","Inventory","Global Office Ltd","Public Sector Dept"
"2026-03-21","29991","Sales Revenue","Prime Consulting","SmallBiz Inc"
"2026-02-17","9083","Tax Provision","Prime Consulting","Public Sector Dept"
"2026-01-22","26254","Tax Provision","Prime Consulting","Public Sector Dept"
"2026-03-19","14916","Professional Fees","Azure Utilities","Direct Consumer"
"2026-03-29","22554","Sales Revenue","Prime Consulting","Public Sector Dept"
"2026-03-15","35456","Inventory","TechLogistics Corp","SmallBiz Inc"
"2026-01-27","44819","Rent","TechLogistics Corp","SmallBiz Inc"
"2026-02-25","1089","Tax Provision","Global Office Ltd","Direct Consumer"
"2026-02-28","37421","Tax Provision","Azure Utilities","SmallBiz Inc"
"2026-02-25","27891","Professional Fees","Prime Consulting","SmallBiz Inc"
"2026-02-19","2750","Rent","Azure Utilities","Public Sector Dept"
"2026-02-07","45192","Inventory","Azure Utilities","Retail Giant A"
"2026-03-31","12154","Inventory","Azure Utilities","Retail Giant A"
"2026-03-20","15352","Inventory","Prime Consulting","Public Sector Dept"
"2026-02-02","6214","Rent","Prime Consulting","Public Sector Dept"
"2026-02-25","11920","Sales Revenue","Azure Utilities","SmallBiz Inc"
"2026-01-18","26149","Professional Fees","Global Office Ltd","Retail Giant A"
"2026-01-29","42554","Tax Provision","TechLogistics Corp","SmallBiz Inc"
"2026-02-27","30764","Rent","TechLogistics Corp","Direct Consumer"
"2026-03-07","19251","Professional Fees","Prime Consulting","Retail Giant A"
"2026-01-18","8125","Tax Provision","Global Office Ltd","Direct Consumer"
"2026-01-19","21985","Tax Provision","TechLogistics Corp","Public Sector Dept"
"2026-02-24","31544","Sales Revenue","Global Office Ltd","Retail Giant A"
"2026-01-27","10684","Rent","Prime Consulting","Retail Giant A"
"2026-03-11","36646","Rent","TechLogistics Corp","Direct Consumer"
"2026-02-27","41616","Inventory","TechLogistics Corp","Direct Consumer"
"2026-02-23","30649","Tax Provision","Azure Utilities","SmallBiz Inc"
"2026-03-27","6244","Inventory","Azure Utilities","SmallBiz Inc"
"2026-01-09","27087","Tax Provision","TechLogistics Corp","SmallBiz Inc"
"2026-02-18","32114","Tax Provision","Global Office Ltd","Direct Consumer"
"2026-03-04","46669","Rent","Prime Consulting","Public Sector Dept"
"2026-03-10","39414","Professional Fees","TechLogistics Corp","SmallBiz Inc"
"2026-02-15","10703","Inventory","Azure Utilities","SmallBiz Inc"
"2026-01-08","21633","Professional Fees","Prime Consulting","Public Sector Dept"
"2026-02-11","38585","Rent","Prime Consulting","SmallBiz Inc"
"2026-02-19","40532","Professional Fees","Azure Utilities","Public Sector Dept"
"2026-01-15","9440","Tax Provision","Global Office Ltd","Retail Giant A"
"2026-02-24","32302","Tax Provision","Azure Utilities","Retail Giant A"
"2026-02-27","4805","Sales Revenue","TechLogistics Corp","Retail Giant A"
"2026-01-24","10776","Inventory","TechLogistics Corp","Direct Consumer"
"2026-03-03","25255","Inventory","TechLogistics Corp","Retail Giant A"
"2026-02-02","4786","Professional Fees","Azure Utilities","Public Sector Dept"
"2026-02-25","40828","Professional Fees","Prime Consulting","Retail Giant A"
"2026-01-16","40418","Sales Revenue","Global Office Ltd","SmallBiz Inc"
"2026-02-22","29148","Tax Provision","Prime Consulting","Public Sector Dept"
"2026-01-12","3601","Inventory","Prime Consulting","Direct Consumer"
"2026-02-24","1523","Rent","Prime Consulting","Retail Giant A"
"2026-03-11","34768","Professional Fees","Azure Utilities","Direct Consumer"
"2026-03-31","39796","Professional Fees","Global Office Ltd","Direct Consumer"
"2026-03-16","7637","Professional Fees","TechLogistics Corp","SmallBiz Inc"
"2026-03-11","48070","Sales Revenue","Global Office Ltd","Direct Consumer"
"2026-01-23","23776","Inventory","Prime Consulting","SmallBiz Inc"
"2026-02-10","48402","Inventory","Azure Utilities","Retail Giant A"
"2026-03-23","18922","Inventory","TechLogistics Corp","Public Sector Dept"
"2026-03-06","47555","Professional Fees","Prime Consulting","Direct Consumer"
"2026-02-08","33125","Sales Revenue","Azure Utilities","Public Sector Dept"
"2026-03-11","24463","Tax Provision","TechLogistics Corp","Retail Giant A"
"2026-01-27","33669","Sales Revenue","Azure Utilities","Public Sector Dept"
"2026-01-21","37757","Sales Revenue","Prime Consulting","Public Sector Dept"
"2026-02-16","26604","Tax Provision","Global Office Ltd","SmallBiz Inc"
"2026-01-15","35061","Rent","Prime Consulting","SmallBiz Inc"
"2026-03-11","14070","Inventory","Global Office Ltd","SmallBiz Inc"
"2026-02-17","32177","Inventory","Prime Consulting","SmallBiz Inc"
"2026-01-17","7757","Sales Revenue","Global Office Ltd","Retail Giant A"
"2026-03-30","14316","Tax Provision","Global Office Ltd","Direct Consumer"
"2026-03-10","46170","Tax Provision","TechLogistics Corp","SmallBiz Inc"
"2026-01-11","8405","Professional Fees","Global Office Ltd","Direct Consumer"
"2026-02-26","11695","Inventory","Azure Utilities","Public Sector Dept"
"2026-01-06","18175","Inventory","Azure Utilities","SmallBiz Inc"
"2026-01-16","35429","Rent","TechLogistics Corp","Retail Giant A"
"2026-01-31","29317","Professional Fees","Global Office Ltd","Retail Giant A"
"2026-03-19","28736","Professional Fees","Global Office Ltd","Retail Giant A"
"2026-01-12","38880","Tax Provision","Azure Utilities","Direct Consumer"
"2026-03-26","10005","Inventory","Azure Utilities","Direct Consumer"
"2026-02-13","13800","Sales Revenue","TechLogistics Corp","SmallBiz Inc"
"2026-03-09","19079","Tax Provision","Azure Utilities","Public Sector Dept"
"2026-01-09","38170","Professional Fees","TechLogistics Corp","Direct Consumer"
"2026-02-06","16238","Tax Provision","TechLogistics Corp","Direct Consumer"
"2026-01-28","28379","Sales Revenue","Global Office Ltd","Direct Consumer"
"2026-01-24","33311","Tax Provision","Prime Consulting","Direct Consumer"
"2026-01-01","24035","Rent","Prime Consulting","Direct Consumer"
"2026-01-06","31743","Rent","Global Office Ltd","Direct Consumer"
"2026-01-07","6101","Inventory","Prime Consulting","SmallBiz Inc"
"2026-01-21","45232","Inventory","Prime Consulting","Retail Giant A"
"2026-02-01","11431","Professional Fees","Global Office Ltd","Public Sector Dept"
"2026-01-25","20491","Inventory","Azure Utilities","Direct Consumer"
"2026-03-13","47620","Sales Revenue","Global Office Ltd","Public Sector Dept"
"2026-01-05","5857","Inventory","Global Office Ltd","Direct Consumer"
"2026-03-12","38731","Professional Fees","Azure Utilities","Direct Consumer"
"2026-01-13","3309","Tax Provision","Global Office Ltd","Direct Consumer"
"2026-01-23","24175","Tax Provision","Prime Consulting","SmallBiz Inc"
"2026-02-07","42563","Inventory","Azure Utilities","Direct Consumer"
"2026-03-17","7030","Professional Fees","Global Office Ltd","SmallBiz Inc"
"2026-03-13","27698","Tax Provision","TechLogistics Corp","Public Sector Dept"
"2026-03-09","11026","Sales Revenue","Azure Utilities","Public Sector Dept"
"2026-03-12","3550","Inventory","Azure Utilities","Public Sector Dept"
"2026-01-06","42647","Tax Provision","Prime Consulting","Public Sector Dept"
"2026-03-27","18518","Professional Fees","Global Office Ltd","SmallBiz Inc"
"2026-02-01","15428","Sales Revenue","Prime Consulting","SmallBiz Inc"
"2026-03-24","17077","Sales Revenue","Azure Utilities","Direct Consumer"
"2026-03-06","2203","Professional Fees","Global Office Ltd","SmallBiz Inc"
"2026-03-18","42520","Professional Fees","TechLogistics Corp","Direct Consumer"
"2026-02-07","43902","Rent","TechLogistics Corp","Direct Consumer"
"2026-03-20","46324","Professional Fees","TechLogistics Corp","Retail Giant A"
"2026-02-25","45602","Professional Fees","TechLogistics Corp","Direct Consumer"
"2026-02-17","27760","Professional Fees","TechLogistics Corp","SmallBiz Inc"
"2026-03-11","45007","Tax Provision","Azure Utilities","Retail Giant A"
"2026-03-14","14250","Rent","TechLogistics Corp","Public Sector Dept"
"2026-03-12","2203","Sales Revenue","Azure Utilities","SmallBiz Inc"
"2026-03-08","22974","Inventory","TechLogistics Corp","Direct Consumer"
"2026-01-01","37912","Professional Fees","TechLogistics Corp","SmallBiz Inc"
"2026-03-27","13944","Inventory","Azure Utilities","Public Sector Dept"
"2026-03-20","6802","Professional Fees","TechLogistics Corp","SmallBiz Inc"
"2026-01-02","4264","Professional Fees","Global Office Ltd","Retail Giant A"
"2026-03-30","25636","Inventory","Prime Consulting","SmallBiz Inc"
"2026-02-28","49374","Inventory","Azure Utilities","SmallBiz Inc"
"2026-01-23","49457","Rent","Prime Consulting","SmallBiz Inc"
"2026-03-29","1221","Rent","Azure Utilities","Direct Consumer"
"2026-02-11","16279","Inventory","Prime Consulting","Retail Giant A"
"2026-03-18","36264","Tax Provision","Prime Consulting","Direct Consumer"
"2026-03-04","24949","Tax Provision","TechLogistics Corp","SmallBiz Inc"
"2026-01-24","3680","Sales Revenue","Global Office Ltd","Direct Consumer"
"2026-01-10","48389","Inventory","Global Office Ltd","Direct Consumer"
"2026-01-10","37187","Rent","TechLogistics Corp","Public Sector Dept"
"2026-02-01","45842","Rent","Azure Utilities","Retail Giant A"
"2026-02-28","28011","Tax Provision","Prime Consulting","Public Sector Dept"
"2026-03-21","48627","Rent","Prime Consulting","Direct Consumer"
"2026-01-18","9504","Sales Revenue","Prime Consulting","Public Sector Dept"
"2026-03-27","40622","Sales Revenue","TechLogistics Corp","Public Sector Dept"
"2026-03-05","7707","Tax Provision","TechLogistics Corp","Direct Consumer"
"2026-01-23","49719","Sales Revenue","Azure Utilities","SmallBiz Inc"
"2026-03-14","21059","Rent","TechLogistics Corp","Direct Consumer"
"2026-03-06","43097","Rent","Prime Consulting","Retail Giant A"
"2026-03-13","49465","Sales Revenue","TechLogistics Corp","Public Sector Dept"
"2026-02-21","39446","Tax Provision","Azure Utilities","Retail Giant A"
"2026-02-02","48682","Sales Revenue","TechLogistics Corp","Public Sector Dept"
"2026-01-06","32109","Rent","Prime Consulting","Retail Giant A"
"2026-02-06","32177","Rent","Azure Utilities","Retail Giant A"
"2026-03-03","1770","Inventory","TechLogistics Corp","Public Sector Dept"
"2026-02-12","41309","Sales Revenue","Prime Consulting","Public Sector Dept"
"2026-03-10","43616","Inventory","TechLogistics Corp","Retail Giant A"
"2026-03-03","2538","Tax Provision","TechLogistics Corp","Direct Consumer"
"2026-01-13","11177","Inventory","TechLogistics Corp","Public Sector Dept"
"2026-01-22","42230","Tax Provision","Prime Consulting","Retail Giant A"
"2026-01-21","41205","Inventory","Azure Utilities","SmallBiz Inc"
"2026-01-02","33428","Rent","Prime Consulting","Public Sector Dept"
"2026-01-09","15066","Professional Fees","TechLogistics Corp","Public Sector Dept"
"2026-03-12","39031","Tax Provision","TechLogistics Corp","Retail Giant A"
"2026-03-26","3510","Sales Revenue","Global Office Ltd","SmallBiz Inc"
"2026-01-25","4993","Inventory","TechLogistics Corp","SmallBiz Inc"
"2026-01-07","14151","Inventory","Prime Consulting","Direct Consumer"
"2026-01-15","49954","Rent","Global Office Ltd","Direct Consumer"
"2026-03-29","40433","Sales Revenue","Azure Utilities","Public Sector Dept"
"2026-02-23","6973","Rent","TechLogistics Corp","Direct Consumer"
"2026-03-30","28251","Sales Revenue","Azure Utilities","Retail Giant A"
"2026-02-18","49588","Inventory","Prime Consulting","Direct Consumer"
"2026-03-11","27894","Professional Fees","TechLogistics Corp","SmallBiz Inc"
"2026-02-13","40577","Sales Revenue","Global Office Ltd","SmallBiz Inc"
"2026-01-10","26940","Professional Fees","Global Office Ltd","SmallBiz Inc"
"2026-01-24","14391","Rent","Global Office Ltd","SmallBiz Inc"
"2026-02-23","29943","Rent","Prime Consulting","SmallBiz Inc"
"2026-02-18","19567","Sales Revenue","Azure Utilities","Retail Giant A"
"2026-01-08","16782","Professional Fees","Azure Utilities","Retail Giant A"
"2026-02-01","33982","Rent","Azure Utilities","Direct Consumer"
"2026-01-28","31036","Sales Revenue","Prime Consulting","SmallBiz Inc"
"2026-03-05","16720","Sales Revenue","Azure Utilities","Retail Giant A"
"2026-03-14","37616","Sales Revenue","TechLogistics Corp","Public Sector Dept"
"2026-01-29","46708","Sales Revenue","Global Office Ltd","Direct Consumer"
"2026-02-14","8800","Rent","Azure Utilities","Direct Consumer"
"2026-03-25","42977","Sales Revenue","Prime Consulting","Public Sector Dept"
"2026-01-12","1902","Tax Provision","TechLogistics Corp","Public Sector Dept"
"2026-03-10","15991","Tax Provision","Global Office Ltd","Public Sector Dept"
"2026-02-11","12282","Inventory","Global Office Ltd","SmallBiz Inc"
"2026-01-13","26217","Rent","Prime Consulting","Retail Giant A"
"2026-01-26","2267","Professional Fees","Global Office Ltd","Retail Giant A"
"2026-01-26","4013","Sales Revenue","Global Office Ltd","Direct Consumer"
"2026-01-04","48846","Professional Fees","TechLogistics Corp","Retail Giant A"
"2026-01-07","4034","Professional Fees","Global Office Ltd","Public Sector Dept"
"2026-01-27","31789","Rent","Global Office Ltd","Direct Consumer"
"2026-01-09","40732","Professional Fees","Prime Consulting","Retail Giant A"
"2026-01-04","42036","Inventory","TechLogistics Corp","Retail Giant A"
"2026-03-18","48969","Inventory","Prime Consulting","Public Sector Dept"
"2026-03-09","11471","Tax Provision","Azure Utilities","Direct Consumer"
"2026-02-04","9039","Sales Revenue","Global Office Ltd","Retail Giant A"
"2026-03-15","46565","Rent","TechLogistics Corp","SmallBiz Inc"
"2026-02-19","20437","Professional Fees","Global Office Ltd","Retail Giant A"
"2026-03-12","48849","Rent","TechLogistics Corp","Public Sector Dept"
"2026-01-14","46384","Inventory","TechLogistics Corp","SmallBiz Inc"
"2026-02-10","6888","Tax Provision","TechLogistics Corp","Retail Giant A"
"2026-02-24","19092","Inventory","Global Office Ltd","Retail Giant A"
"2026-01-04","8463","Tax Provision","TechLogistics Corp","SmallBiz Inc"
"2026-02-04","25790","Tax Provision","TechLogistics Corp","Public Sector Dept"
"2026-02-21","33695","Tax Provision","Prime Consulting","Direct Consumer"
"2026-01-04","24883","Rent","Global Office Ltd","Direct Consumer"
"2026-01-11","2161","Sales Revenue","Prime Consulting","SmallBiz Inc"
"2026-03-14","38222","Tax Provision","TechLogistics Corp","Direct Consumer"
"2026-03-19","19203","Inventory","Prime Consulting","Retail Giant A"
"2026-01-15","41277","Tax Provision","Global Office Ltd","Direct Consumer"
"2026-01-13","35756","Inventory","Global Office Ltd","Public Sector Dept"
"2026-03-26","2600","Sales Revenue","TechLogistics Corp","SmallBiz Inc"
"2026-01-09","42908","Tax Provision","Azure Utilities","Public Sector Dept"
"2026-03-31","35781","Professional Fees","Azure Utilities","Retail Giant A"
"2026-02-28","20866","Inventory","Global Office Ltd","Direct Consumer"
"2026-01-29","1033","Sales Revenue","TechLogistics Corp","SmallBiz Inc"
"2026-01-22","11314","Rent","Azure Utilities","Public Sector Dept"
"2026-01-08","16520","Rent","Prime Consulting","Retail Giant A"
"2026-02-01","35595","Inventory","Azure Utilities","SmallBiz Inc"
"2026-01-22","41584","Professional Fees","TechLogistics Corp","Retail Giant A"
"2026-03-06","7598","Professional Fees","Azure Utilities","Retail Giant A"
"2026-02-04","6981","Rent","Prime Consulting","SmallBiz Inc"
"2026-01-14","6774","Rent","TechLogistics Corp","Public Sector Dept"
"2026-01-26","34218","Inventory","Azure Utilities","Public Sector Dept"
"2026-01-26","32372","Inventory","Azure Utilities","Public Sector Dept"
"2026-01-15","41289","Rent","Prime Consulting","Direct Consumer"
"2026-01-20","35544","Inventory","TechLogistics Corp","Retail Giant A"
"2026-03-26","11600","Sales Revenue","TechLogistics Corp","Public Sector Dept"
"2026-01-08","46924","Professional Fees","Azure Utilities","Public Sector Dept"
"2026-02-02","40663","Rent","Azure Utilities","Public Sector Dept"
"2026-01-07","22684","Inventory","Azure Utilities","Retail Giant A"
"2026-01-14","25877","Professional Fees","TechLogistics Corp","Direct Consumer"
"2026-01-11","10547","Tax Provision","Global Office Ltd","Public Sector Dept"
"2026-03-11","39263","Rent","Prime Consulting","SmallBiz Inc"
"2026-01-08","25182","Sales Revenue","TechLogistics Corp","Retail Giant A"
"2026-01-03","33176","Rent","Global Office Ltd","Retail Giant A"
"2026-03-27","27984","Professional Fees","TechLogistics Corp","Public Sector Dept"
"2026-03-28","7675","Tax Provision","Global Office Ltd","Public Sector Dept"
"2026-03-14","27942","Tax Provision","TechLogistics Corp","Direct Consumer"
"2026-01-25","42280","Professional Fees","Azure Utilities","Retail Giant A"
"2026-02-19","42524","Rent","Global Office Ltd","Retail Giant A"
"2026-03-16","39395","Inventory","Prime Consulting","SmallBiz Inc"
"2026-01-31","35437","Inventory","Azure Utilities","Direct Consumer"
"2026-02-05","5370","Inventory","Global Office Ltd","SmallBiz Inc"
"2026-02-27","22303","Rent","Global Office Ltd","SmallBiz Inc"
"2026-01-30","14441","Sales Revenue","TechLogistics Corp","Retail Giant A"
"2026-03-30","41785","Tax Provision","TechLogistics Corp","SmallBiz Inc"
"2026-03-02","47306","Inventory","TechLogistics Corp","Retail Giant A"
"2026-03-22","25568","Inventory","Global Office Ltd","Direct Consumer"
"2026-03-13","40366","Inventory","TechLogistics Corp","Public Sector Dept"
"2026-03-04","34006","Tax Provision","Global Office Ltd","Public Sector Dept"
"2026-03-22","29958","Professional Fees","Azure Utilities","Direct Consumer"
"2026-03-08","48890","Inventory","Global Office Ltd","Retail Giant A"
"2026-01-22","14472","Professional Fees","TechLogistics Corp","Direct Consumer"
"2026-01-04","40256","Sales Revenue","Global Office Ltd","SmallBiz Inc"
"2026-02-22","11704","Tax Provision","Prime Consulting","Retail Giant A"
"2026-01-05","30753","Rent","TechLogistics Corp","Retail Giant A"
"2026-03-18","22329","Rent","Azure Utilities","Retail Giant A"
"2026-02-24","24861","Rent","Global Office Ltd","SmallBiz Inc"
"2026-02-02","29455","Rent","Azure Utilities","SmallBiz Inc"
"2026-03-14","37954","Sales Revenue","Azure Utilities","Retail Giant A"
"2026-02-03","17905","Professional Fees","Global Office Ltd","SmallBiz Inc"
"2026-03-25","2892","Rent","Global Office Ltd","Direct Consumer"
"2026-03-13","23323","Rent","Azure Utilities","Direct Consumer"
"2026-03-18","21082","Rent","Prime Consulting","Direct Consumer"
"2026-01-12","43391","Professional Fees","Prime Consulting","SmallBiz Inc"
"2026-01-08","39697","Tax Provision","Azure Utilities","Direct Consumer"
"2026-03-02","41441","Rent","Prime Consulting","Retail Giant A"
"2026-03-30","28253","Rent","TechLogistics Corp","Direct Consumer"
"2026-01-30","15144","Tax Provision","Azure Utilities","Retail Giant A"
"2026-02-09","18501","Rent","Prime Consulting","Retail Giant A"
"2026-01-18","3671","Professional Fees","TechLogistics Corp","Public Sector Dept"
"2026-03-10","14822","Rent","Prime Consulting","Retail Giant A"
"2026-03-16","35506","Professional Fees","Prime Consulting","SmallBiz Inc"
"2026-01-30","11192","Sales Revenue","Azure Utilities","Direct Consumer"
"2026-03-14","29457","Tax Provision","TechLogistics Corp","SmallBiz Inc"
"2026-01-11","3600","Tax Provision","Global Office Ltd","SmallBiz Inc"
"2026-02-11","23332","Rent","Global Office Ltd","SmallBiz Inc"
"2026-03-20","27053","Tax Provision","Azure Utilities","Direct Consumer"
"2026-01-07","23902","Rent","Azure Utilities","Public Sector Dept"
"2026-03-18","3067","Sales Revenue","Global Office Ltd","Retail Giant A"
"2026-03-03","44212","Sales Revenue","Prime Consulting","Direct Consumer"
"2026-02-11","16095","Sales Revenue","Global Office Ltd","Public Sector Dept"
"2026-02-17","9377","Inventory","Prime Consulting","Public Sector Dept"
"2026-03-29","27833","Professional Fees","TechLogistics Corp","Direct Consumer"
"2026-02-19","6318","Tax Provision","Prime Consulting","SmallBiz Inc"
"2026-02-02","41594","Tax Provision","Global Office Ltd","SmallBiz Inc"
"2026-02-04","31726","Rent","TechLogistics Corp","Direct Consumer"
"2026-02-07","46856","Professional Fees","Global Office Ltd","SmallBiz Inc"
"2026-01-03","40204","Tax Provision","Azure Utilities","SmallBiz Inc"
"2026-02-02","38028","Sales Revenue","Azure Utilities","Direct Consumer"
"2026-03-15","42571","Rent","Global Office Ltd","Direct Consumer"
"2026-03-08","8682","Tax Provision","Global Office Ltd","Retail Giant A"
"2026-02-03","41216","Rent","Azure Utilities","Direct Consumer"
"2026-03-28","4009","Sales Revenue","Global Office Ltd","Direct Consumer"
"2026-03-16","12139","Professional Fees","TechLogistics Corp","SmallBiz Inc"
"2026-01-13","49547","Rent","Global Office Ltd","Public Sector Dept"
"2026-03-22","6374","Inventory","Azure Utilities","Public Sector Dept"
"2026-03-29","39805","Sales Revenue","TechLogistics Corp","SmallBiz Inc"
"2026-01-10","49786","Professional Fees","TechLogistics Corp","Public Sector Dept"
"2026-03-20","6994","Sales Revenue","Azure Utilities","Direct Consumer"
"2026-03-17","21530","Rent","Global Office Ltd","Public Sector Dept"
"2026-02-13","34942","Sales Revenue","TechLogistics Corp","Direct Consumer"
"2026-03-23","35906","Sales Revenue","TechLogistics Corp","Public Sector Dept"
"2026-01-18","11092","Inventory","Global Office Ltd","SmallBiz Inc"
"2026-02-02","40033","Tax Provision","Prime Consulting","Public Sector Dept"
"2026-03-06","47750","Tax Provision","Azure Utilities","SmallBiz Inc"
"2026-03-25","37216","Professional Fees","Global Office Ltd","Direct Consumer"
"2026-03-16","9984","Professional Fees","TechLogistics Corp","Public Sector Dept"
"2026-01-13","46484","Professional Fees","Prime Consulting","Direct Consumer"
"2026-02-03","28119","Inventory","Global Office Ltd","SmallBiz Inc"
"2026-02-05","8813","Professional Fees","Global Office Ltd","Retail Giant A"
"2026-01-01","20786","Sales Revenue","Azure Utilities","Retail Giant A"
"2026-02-07","28947","Professional Fees","Global Office Ltd","Retail Giant A"
"2026-03-27","30368","Inventory","TechLogistics Corp","Retail Giant A"
"2026-02-03","22601","Professional Fees","Azure Utilities","Direct Consumer"
"2026-01-18","33585","Rent","Global Office Ltd","Retail Giant A"
"2026-02-24","31774","Sales Revenue","Global Office Ltd","Retail Giant A"
"2026-01-14","7448","Inventory","Prime Consulting","Retail Giant A"
"2026-01-08","30825","Professional Fees","Azure Utilities","Retail Giant A"
"2026-01-23","2440","Rent","Global Office Ltd","Retail Giant A"
"2026-03-15","22366","Rent","Azure Utilities","SmallBiz Inc"
"2026-01-07","40968","Sales Revenue","Global Office Ltd","Public Sector Dept"
"2026-03-25","38235","Sales Revenue","Azure Utilities","SmallBiz Inc"
"2026-01-24","4001","Inventory","Global Office Ltd","Retail Giant A"
"2026-01-24","15894","Sales Revenue","Prime Consulting","Direct Consumer"
"2026-03-25","3355","Tax Provision","Prime Consulting","Direct Consumer"
"2026-02-21","40298","Sales Revenue","Azure Utilities","SmallBiz Inc"
"2026-03-15","16077","Inventory","Azure Utilities","Public Sector Dept"
"2026-01-10","17558","Rent","TechLogistics Corp","Retail Giant A"
"2026-02-20","35812","Professional Fees","Global Office Ltd","Retail Giant A"
"2026-02-11","37760","Tax Provision","TechLogistics Corp","Direct Consumer"
"2026-03-13","21591","Tax Provision","Prime Consulting","SmallBiz Inc"
"2026-02-24","40283","Professional Fees","Azure Utilities","Public Sector Dept"
"2026-01-14","48849","Rent","Global Office Ltd","Public Sector Dept"
"2026-03-19","21153","Tax Provision","Azure Utilities","Retail Giant A"
"2026-03-20","29073","Tax Provision","Azure Utilities","Direct Consumer"
"2026-03-29","24813","Inventory","Azure Utilities","SmallBiz Inc"
"2026-03-23","5298","Tax Provision","Prime Consulting","Retail Giant A"
"2026-03-04","37422","Tax Provision","Azure Utilities","Direct Consumer"
"2026-03-07","23303","Sales Revenue","Global Office Ltd","Public Sector Dept"
"2026-03-29","30627","Rent","Global Office Ltd","Public Sector Dept"
"2026-02-02","49035","Tax Provision","TechLogistics Corp","SmallBiz Inc"
"2026-03-18","11714","Rent","TechLogistics Corp","Public Sector Dept"
"2026-03-13","8392","Inventory","Global Office Ltd","Direct Consumer"
"2026-02-14","44535","Rent","Prime Consulting","Direct Consumer"
"2026-02-04","9014","Professional Fees","Prime Consulting","Public Sector Dept"
"2026-01-06","35970","Tax Provision","Azure Utilities","Public Sector Dept"
"2026-03-03","33143","Sales Revenue","Global Office Ltd","Public Sector Dept"
"2026-02-05","39790","Tax Provision","Global Office Ltd","SmallBiz Inc"
"2026-03-24","1975","Inventory","Prime Consulting","Retail Giant A"
"2026-01-27","16896","Tax Provision","Global Office Ltd","Direct Consumer"
"2026-01-20","11827","Inventory","TechLogistics Corp","Public Sector Dept"
"2026-01-13","41563","Inventory","TechLogistics Corp","Direct Consumer"
"2026-02-05","46281","Professional Fees","Prime Consulting","Public Sector Dept"
"2026-02-09","5519","Professional Fees","Azure Utilities","Direct Consumer"
"2026-01-05","11235","Rent","Global Office Ltd","SmallBiz Inc"
"2026-03-25","19753","Rent","Azure Utilities","SmallBiz Inc"
"2026-02-15","3503","Rent","Azure Utilities","Public Sector Dept"
"2026-01-16","29635","Inventory","Prime Consulting","Retail Giant A"
"2026-02-25","39890","Inventory","Azure Utilities","Direct Consumer"
"2026-02-03","29903","Inventory","Global Office Ltd","Retail Giant A"
"2026-01-05","10279","Rent","Global Office Ltd","Public Sector Dept"
"2026-01-27","19437","Sales Revenue","Azure Utilities","Public Sector Dept"
"2026-01-27","28813","Sales Revenue","Prime Consulting","SmallBiz Inc"
"2026-02-24","35430","Sales Revenue","TechLogistics Corp","SmallBiz Inc"
"2026-03-19","45675","Inventory","Prime Consulting","SmallBiz Inc"
"2026-01-16","42299","Rent","Azure Utilities","SmallBiz Inc"
"2026-02-24","23029","Rent","Prime Consulting","Public Sector Dept"
"2026-03-07","47485","Rent","Global Office Ltd","Retail Giant A"
"2026-02-18","44046","Tax Provision","TechLogistics Corp","Public Sector Dept"
"2026-02-22","43959","Professional Fees","TechLogistics Corp","SmallBiz Inc"
"2026-01-10","10186","Professional Fees","Global Office Ltd","Retail Giant A"
"2026-03-09","2236","Tax Provision","TechLogistics Corp","SmallBiz Inc"
"2026-01-27","25386","Sales Revenue","Prime Consulting","SmallBiz Inc"
"2026-01-05","4074","Sales Revenue","TechLogistics Corp","Retail Giant A"
"2026-03-13","11552","Professional Fees","TechLogistics Corp","Public Sector Dept"
"2026-03-18","27307","Sales Revenue","Azure Utilities","Retail Giant A"
"2026-03-27","10309","Rent","TechLogistics Corp","Retail Giant A"
"2026-02-24","14196","Tax Provision","Global Office Ltd","Retail Giant A"
"2026-02-13","15413","Inventory","Prime Consulting","Direct Consumer"
"2026-01-21","42526","Tax Provision","Prime Consulting","Direct Consumer"
"2026-02-04","43449","Professional Fees","Azure Utilities","Direct Consumer"
"2026-01-29","24301","Inventory","TechLogistics Corp","Direct Consumer"
"2026-02-28","26938","Tax Provision","Global Office Ltd","SmallBiz Inc"
"2026-03-30","43205","Sales Revenue","Prime Consulting","SmallBiz Inc"
"2026-03-13","31241","Inventory","Azure Utilities","Direct Consumer"
"2026-01-04","38470","Professional Fees","Prime Consulting","Retail Giant A"
"2026-03-15","10510","Tax Provision","TechLogistics Corp","Direct Consumer"
"2026-02-09","47261","Rent","TechLogistics Corp","Retail Giant A"
"2026-01-09","25252","Professional Fees","Azure Utilities","Public Sector Dept"
"2026-01-03","34676","Tax Provision","Global Office Ltd","SmallBiz Inc"
"2026-01-01","48999","Tax Provision","Prime Consulting","Public Sector Dept"
"2026-03-26","29500","Inventory","Azure Utilities","Retail Giant A"
"2026-03-24","49837","Sales Revenue","TechLogistics Corp","Retail Giant A"
"2026-02-13","34417","Tax Provision","Azure Utilities","Public Sector Dept"
"2026-02-18","27881","Professional Fees","TechLogistics Corp","Retail Giant A"
"2026-03-30","33215","Tax Provision","TechLogistics Corp","SmallBiz Inc"
"2026-03-05","27889","Sales Revenue","TechLogistics Corp","SmallBiz Inc"
"2026-01-04","15934","Inventory","Global Office Ltd","Retail Giant A"
"2026-02-27","13724","Tax Provision","Global Office Ltd","Retail Giant A"
"2026-02-12","14103","Tax Provision","Azure Utilities","Retail Giant A"
"2026-03-18","6216","Professional Fees","Prime Consulting","SmallBiz Inc"
"2026-01-24","8577","Professional Fees","Global Office Ltd","SmallBiz Inc"
"2026-01-20","22350","Rent","Azure Utilities","SmallBiz Inc"
"2026-02-01","26933","Inventory","Global Office Ltd","Direct Consumer"
"2026-03-01","13059","Sales Revenue","TechLogistics Corp","Retail Giant A"
"2026-02-09","49971","Professional Fees","Prime Consulting","SmallBiz Inc"
"2026-01-27","22557","Professional Fees","Prime Consulting","Public Sector Dept"
"2026-01-22","7722","Professional Fees","TechLogistics Corp","SmallBiz Inc"
"2026-03-03","2119","Rent","TechLogistics Corp","Retail Giant A"
"2026-03-04","46727","Inventory","Global Office Ltd","Retail Giant A"
"2026-03-18","31848","Inventory","Prime Consulting","SmallBiz Inc"
"2026-02-15","48836","Tax Provision","TechLogistics Corp","Public Sector Dept"
"2026-01-22","28165","Tax Provision","TechLogistics Corp","Direct Consumer"
"2026-03-27","17329","Rent","Prime Consulting","Direct Consumer"
"2026-01-23","5349","Tax Provision","TechLogistics Corp","Public Sector Dept"
"2026-03-21","31597","Tax Provision","TechLogistics Corp","Public Sector Dept"
"2026-02-18","40680","Rent","Global Office Ltd","Retail Giant A"
"2026-03-12","31910","Sales Revenue","TechLogistics Corp","Public Sector Dept"
"2026-03-11","7634","Professional Fees","TechLogistics Corp","Retail Giant A"
"2026-02-20","44269","Rent","Prime Consulting","Public Sector Dept"
"2026-02-10","36958","Tax Provision","Prime Consulting","Retail Giant A"
"2026-01-27","10856","Professional Fees","TechLogistics Corp","Retail Giant A"
"2026-01-11","35942","Inventory","TechLogistics Corp","SmallBiz Inc"
"2026-02-21","42181","Sales Revenue","Azure Utilities","Direct Consumer"
"2026-03-30","20639","Inventory","TechLogistics Corp","Public Sector Dept"
"2026-01-28","5526","Professional Fees","TechLogistics Corp","Public Sector Dept"
"2026-02-04","42646","Tax Provision","TechLogistics Corp","Direct Consumer"
"2026-02-01","10198","Inventory","Global Office Ltd","SmallBiz Inc"
"2026-01-17","46341","Professional Fees","Global Office Ltd","Direct Consumer"
"2026-01-05","47504","Tax Provision","TechLogistics Corp","SmallBiz Inc"
"2026-01-21","28684","Inventory","TechLogistics Corp","Public Sector Dept"
"2026-01-16","3550","Tax Provision","Global Office Ltd","Retail Giant A"
"2026-01-29","47777","Sales Revenue","Azure Utilities","Retail Giant A"
"2026-01-09","16609","Sales Revenue","TechLogistics Corp","Retail Giant A"
"2026-01-25","20448","Tax Provision","Prime Consulting","Direct Consumer"
"2026-01-10","16127","Inventory","Prime Consulting","Public Sector Dept"
"2026-03-21","24681","Rent","Global Office Ltd","Public Sector Dept"
"2026-01-25","43933","Professional Fees","Azure Utilities","SmallBiz Inc"
"2026-01-19","33526","Tax Provision","Prime Consulting","SmallBiz Inc"
"2026-03-26","46475","Rent","Global Office Ltd","Retail Giant A"
"2026-01-26","1789","Professional Fees","Azure Utilities","Retail Giant A"
"2026-01-17","32902","Sales Revenue","Prime Consulting","Direct Consumer"
"2026-03-15","9030","Inventory","Azure Utilities","Retail Giant A"
"2026-01-02","6124","Tax Provision","Prime Consulting","Retail Giant A"
"2026-03-21","14494","Professional Fees","Azure Utilities","Retail Giant A"
"2026-02-22","32129","Tax Provision","TechLogistics Corp","Direct Consumer"
"2026-01-22","43185","Inventory","Prime Consulting","SmallBiz Inc"
"2026-01-24","2636","Professional Fees","Azure Utilities","Direct Consumer"
"2026-01-11","17044","Sales Revenue","Azure Utilities","SmallBiz Inc"
"2026-01-20","30073","Inventory","Global Office Ltd","Direct Consumer"
"2026-01-18","24489","Rent","Azure Utilities","Public Sector Dept"
"2026-02-21","46456","Professional Fees","TechLogistics Corp","Public Sector Dept"
"2026-02-25","47501","Professional Fees","Global Office Ltd","Retail Giant A"
"2026-03-04","38457","Tax Provision","Azure Utilities","Direct Consumer"
"2026-03-07","39961","Tax Provision","Global Office Ltd","SmallBiz Inc"
"2026-02-10","33871","Inventory","Prime Consulting","SmallBiz Inc"
"2026-02-13","18835","Inventory","TechLogistics Corp","Direct Consumer"
"2026-01-06","45903","Rent","Prime Consulting","Public Sector Dept"
"2026-02-16","22047","Sales Revenue","Prime Consulting","Retail Giant A"
"2026-01-22","21713","Sales Revenue","TechLogistics Corp","Direct Consumer"
"2026-02-23","29299","Tax Provision","Prime Consulting","SmallBiz Inc"
"2026-01-17","31045","Inventory","TechLogistics Corp","Direct Consumer"
"2026-01-20","24074","Tax Provision","Prime Consulting","Public Sector Dept"
"2026-02-08","13797","Sales Revenue","Prime Consulting","Direct Consumer"
"2026-01-17","21912","Rent","Azure Utilities","Direct Consumer"
"2026-02-01","49068","Rent","Azure Utilities","Direct Consumer"
"2026-03-29","41031","Rent","Azure Utilities","Direct Consumer"
"2026-03-12","11153","Rent","Azure Utilities","SmallBiz Inc"
"2026-02-23","33742","Sales Revenue","Global Office Ltd","Direct Consumer"
"2026-02-16","24744","Tax Provision","Prime Consulting","Direct Consumer"
"2026-03-03","39563","Professional Fees","Azure Utilities","Public Sector Dept"
"2026-03-14","2212","Rent","Global Office Ltd","Retail Giant A"
"2026-01-30","29625","Professional Fees","Azure Utilities","Retail Giant A"
"2026-03-01","49468","Rent","TechLogistics Corp","Retail Giant A"
"2026-03-23","14845","Tax Provision","TechLogistics Corp","Public Sector Dept"
"2026-01-19","44478","Professional Fees","Prime Consulting","Public Sector Dept"
"2026-03-26","25144","Sales Revenue","Prime Consulting","Retail Giant A"
"2026-01-19","32640","Rent","Prime Consulting","SmallBiz Inc"
"2026-03-02","33004","Professional Fees","Prime Consulting","SmallBiz Inc"
"2026-03-11","49515","Rent","Prime Consulting","Direct Consumer"
"2026-01-22","49513","Sales Revenue","Azure Utilities","Retail Giant A"
"2026-02-17","40942","Inventory","Azure Utilities","Public Sector Dept"
"2026-01-15","37500","Rent","TechLogistics Corp","Direct Consumer"
"2026-02-13","9139","Sales Revenue","Global Office Ltd","Public Sector Dept"
"2026-03-01","11965","Sales Revenue","Azure Utilities","Retail Giant A"
"2026-01-28","45433","Inventory","Prime Consulting","Public Sector Dept"
"2026-02-04","20894","Rent","Prime Consulting","SmallBiz Inc"
"2026-02-17","30557","Professional Fees","Azure Utilities","Direct Consumer"
"2026-01-05","49047","Professional Fees","Global Office Ltd","Public Sector Dept"
"2026-03-03","32461","Sales Revenue","TechLogistics Corp","SmallBiz Inc"
"2026-01-13","30281","Sales Revenue","Global Office Ltd","SmallBiz Inc"
"2026-02-19","31240","Tax Provision","Global Office Ltd","SmallBiz Inc"
"2026-02-07","17757","Rent","Global Office Ltd","Public Sector Dept"
"2026-03-02","39757","Inventory","TechLogistics Corp","Public Sector Dept"
"2026-02-25","11275","Rent","Prime Consulting","Direct Consumer"
"2026-02-27","44109","Sales Revenue","Azure Utilities","Direct Consumer"
"2026-01-21","17721","Sales Revenue","TechLogistics Corp","Direct Consumer"
"2026-01-09","5344","Rent","Prime Consulting","Public Sector Dept"
"2026-03-23","27647","Inventory","Prime Consulting","Public Sector Dept"
"2026-01-10","8735","Tax Provision","Prime Consulting","Retail Giant A"
"2026-03-28","5886","Professional Fees","Global Office Ltd","Retail Giant A"
"2026-01-23","7888","Sales Revenue","TechLogistics Corp","Retail Giant A"
"2026-02-09","28298","Rent","Azure Utilities","Retail Giant A"
"2026-03-22","8999","Tax Provision","Global Office Ltd","Direct Consumer"
"2026-03-05","15862","Professional Fees","TechLogistics Corp","Public Sector Dept"
"2026-03-25","24966","Inventory","Prime Consulting","SmallBiz Inc"
"2026-01-18","14988","Inventory","TechLogistics Corp","Retail Giant A"
"2026-01-01","26227","Sales Revenue","Azure Utilities","SmallBiz Inc"
"2026-02-17","35220","Inventory","Prime Consulting","SmallBiz Inc"
"2026-03-11","15212","Inventory","Azure Utilities","Direct Consumer"
"2026-02-22","40244","Inventory","TechLogistics Corp","Public Sector Dept"
"2026-01-23","22927","Professional Fees","Prime Consulting","SmallBiz Inc"
"2026-02-23","24857","Inventory","Global Office Ltd","SmallBiz Inc"
"2026-01-28","38004","Professional Fees","TechLogistics Corp","SmallBiz Inc"
"2026-03-04","17836","Inventory","Global Office Ltd","Direct Consumer"
"2026-01-21","30792","Tax Provision","Prime Consulting","SmallBiz Inc"
"2026-01-19","32836","Professional Fees","Azure Utilities","Direct Consumer"
"2026-02-10","1886","Inventory","Prime Consulting","Public Sector Dept"
"2026-01-15","42404","Professional Fees","TechLogistics Corp","Direct Consumer"
"2026-01-23","17172","Tax Provision","Azure Utilities","SmallBiz Inc"
"2026-01-28","8549","Inventory","Prime Consulting","Public Sector Dept"
"2026-03-14","1297","Sales Revenue","Prime Consulting","Public Sector Dept"
"2026-01-19","23055","Inventory","Global Office Ltd","Direct Consumer"
"2026-01-14","4530","Inventory","Global Office Ltd","SmallBiz Inc"
"2026-03-19","25537","Inventory","Global Office Ltd","Direct Consumer"
"2026-03-10","33765","Inventory","Azure Utilities","Direct Consumer"
"2026-02-01","49632","Sales Revenue","Azure Utilities","Direct Consumer"
"2026-03-17","24421","Rent","Global Office Ltd","Direct Consumer"
"2026-03-05","37215","Inventory","Prime Consulting","SmallBiz Inc"
"2026-02-20","38885","Professional Fees","Prime Consulting","Direct Consumer"
"2026-01-13","22479","Tax Provision","Prime Consulting","Direct Consumer"
"2026-02-14","6424","Professional Fees","Azure Utilities","Public Sector Dept"
"2026-03-10","16303","Professional Fees","Azure Utilities","Retail Giant A"
"2026-02-27","48583","Inventory","Azure Utilities","SmallBiz Inc"
"2026-03-08","43965","Sales Revenue","Azure Utilities","Retail Giant A"
"2026-01-22","1956","Inventory","Prime Consulting","Direct Consumer"
"2026-02-13","15309","Rent","Azure Utilities","Direct Consumer"
"2026-01-26","43380","Professional Fees","Global Office Ltd","Retail Giant A"
"2026-01-02","10559","Professional Fees","Prime Consulting","Direct Consumer"
"2026-01-21","35889","Rent","Prime Consulting","Direct Consumer"
"2026-03-11","4361","Tax Provision","Azure Utilities","Direct Consumer"
"2026-02-14","17710","Professional Fees","TechLogistics Corp","Public Sector Dept"
"2026-01-21","40791","Rent","Azure Utilities","SmallBiz Inc"
"2026-02-18","8375","Sales Revenue","Prime Consulting","SmallBiz Inc"
"2026-03-14","2095","Sales Revenue","Prime Consulting","Public Sector Dept"
"2026-03-13","46668","Sales Revenue","Azure Utilities","Retail Giant A"
"2026-02-05","34727","Inventory","Azure Utilities","Direct Consumer"
"2026-01-08","6614","Sales Revenue","Prime Consulting","Public Sector Dept"
"2026-03-16","44928","Professional Fees","Azure Utilities","Public Sector Dept"
"2026-02-26","42531","Inventory","Azure Utilities","Retail Giant A"
"2026-01-05","36447","Inventory","TechLogistics Corp","SmallBiz Inc"
"2026-03-17","48630","Tax Provision","Global Office Ltd","Public Sector Dept"
"2026-01-16","44364","Sales Revenue","Prime Consulting","SmallBiz Inc"
"2026-03-27","32537","Inventory","Global Office Ltd","Direct Consumer"
"2026-01-30","8984","Sales Revenue","TechLogistics Corp","SmallBiz Inc"
"2026-02-16","38256","Tax Provision","Azure Utilities","Public Sector Dept"
"2026-03-23","38659","Professional Fees","Global Office Ltd","Retail Giant A"
"2026-03-07","30894","Professional Fees","Azure Utilities","Direct Consumer"
"2026-03-04","19429","Rent","Prime Consulting","Retail Giant A"
"2026-03-04","9549","Inventory","Azure Utilities","Direct Consumer"
"2026-01-09","38931","Tax Provision","Azure Utilities","Retail Giant A"
"2026-01-31","26847","Tax Provision","Prime Consulting","SmallBiz Inc"
"2026-02-10","11915","Inventory","Prime Consulting","Public Sector Dept"
"2026-02-01","49423","Tax Provision","Prime Consulting","Direct Consumer"
"2026-02-07","29696","Rent","Global Office Ltd","Retail Giant A"
"2026-01-30","14042","Professional Fees","Global Office Ltd","Retail Giant A"
"2026-02-15","49103","Rent","Prime Consulting","Retail Giant A"
"2026-03-08","11215","Rent","Global Office Ltd","Direct Consumer"
"2026-02-11","40282","Rent","Azure Utilities","Direct Consumer"
"2026-01-19","37500","Inventory","Global Office Ltd","Direct Consumer"
"2026-02-27","34670","Professional Fees","Azure Utilities","Direct Consumer"
"2026-03-26","11498","Rent","TechLogistics Corp","Direct Consumer"
"2026-01-19","14782","Professional Fees","Global Office Ltd","Direct Consumer"
"2026-03-15","14566","Inventory","Azure Utilities","SmallBiz Inc"
"2026-02-03","21935","Tax Provision","Global Office Ltd","Direct Consumer"
"2026-02-13","39678","Rent","Prime Consulting","Direct Consumer"
"2026-02-27","36716","Inventory","Prime Consulting","SmallBiz Inc"
"2026-01-08","6115","Inventory","Azure Utilities","Retail Giant A"
"2026-02-09","24923","Sales Revenue","Azure Utilities","Public Sector Dept"
"2026-01-30","23144","Sales Revenue","TechLogistics Corp","Direct Consumer"
"2026-01-07","29309","Rent","TechLogistics Corp","Public Sector Dept"
"2026-02-08","23113","Professional Fees","TechLogistics Corp","Direct Consumer"
"2026-03-17","34771","Sales Revenue","TechLogistics Corp","SmallBiz Inc"
"2026-03-02","49085","Tax Provision","Global Office Ltd","SmallBiz Inc"
"2026-01-19","2559","Rent","TechLogistics Corp","SmallBiz Inc"
"2026-01-06","42391","Tax Provision","Prime Consulting","Direct Consumer"
"2026-03-28","29891","Rent","Global Office Ltd","Retail Giant A"
"2026-02-16","30437","Professional Fees","TechLogistics Corp","Retail Giant A"
"2026-01-09","26641","Tax Provision","TechLogistics Corp","Retail Giant A"
"2026-02-10","24502","Inventory","Prime Consulting","Public Sector Dept"
"2026-02-27","3387","Professional Fees","TechLogistics Corp","Retail Giant A"
"2026-01-25","32338","Professional Fees","Prime Consulting","SmallBiz Inc"
"2026-03-12","29127","Professional Fees","Global Office Ltd","Retail Giant A"
"2026-02-20","8032","Sales Revenue","Azure Utilities","SmallBiz Inc"
"2026-02-25","42089","Professional Fees","Azure Utilities","SmallBiz Inc"
"2026-02-05","11152","Professional Fees","TechLogistics Corp","Public Sector Dept"
"2026-03-04","28069","Inventory","TechLogistics Corp","Retail Giant A"
"2026-01-06","29192","Sales Revenue","Global Office Ltd","Public Sector Dept"
"2026-02-21","25203","Professional Fees","TechLogistics Corp","Direct Consumer"
"2026-02-08","23444","Sales Revenue","Azure Utilities","Retail Giant A"
"2026-02-16","24120","Rent","Azure Utilities","Retail Giant A"
"2026-02-01","34736","Professional Fees","Global Office Ltd","Direct Consumer"
"2026-01-13","17276","Professional Fees","TechLogistics Corp","Public Sector Dept"
"2026-01-31","47567","Sales Revenue","Azure Utilities","Public Sector Dept"
"2026-03-13","8072","Rent","Global Office Ltd","Direct Consumer"
"2026-01-07","21062","Tax Provision","TechLogistics Corp","Public Sector Dept"
"2026-01-21","8028","Sales Revenue","Azure Utilities","Retail Giant A"
"2026-02-07","36961","Professional Fees","Global Office Ltd","Public Sector Dept"
"2026-01-18","24939","Rent","TechLogistics Corp","SmallBiz Inc"
"2026-03-22","38581","Sales Revenue","TechLogistics Corp","Retail Giant A"
"2026-01-01","12536","Professional Fees","Prime Consulting","Public Sector Dept"
"2026-02-20","32383","Rent","Prime Consulting","Retail Giant A"
"2026-03-22","19991","Professional Fees","TechLogistics Corp","Public Sector Dept"
"2026-02-04","35020","Sales Revenue","Azure Utilities","Public Sector Dept"
"2026-02-09","22171","Inventory","Global Office Ltd","Direct Consumer"
"2026-02-02","22854","Sales Revenue","Prime Consulting","Public Sector Dept"
"2026-01-25","15172","Rent","Azure Utilities","Public Sector Dept"
"2026-01-24","30961","Tax Provision","TechLogistics Corp","Direct Consumer"
"2026-03-20","7586","Sales Revenue","Global Office Ltd","Retail Giant A"
"2026-01-10","42990","Tax Provision","TechLogistics Corp","Direct Consumer"
"2026-01-19","45932","Rent","Azure Utilities","Retail Giant A"
"2026-02-24","5388","Rent","Prime Consulting","SmallBiz Inc"
"2026-02-16","22357","Inventory","TechLogistics Corp","Direct Consumer"
"2026-01-14","39080","Inventory","Prime Consulting","SmallBiz Inc"
"2026-01-08","28835","Rent","Prime Consulting","Retail Giant A"
"2026-03-22","37663","Inventory","Azure Utilities","Public Sector Dept"
"2026-03-30","4260","Sales Revenue","Global Office Ltd","Direct Consumer"
"2026-01-29","8681","Professional Fees","Global Office Ltd","Direct Consumer"
"2026-02-24","23430","Inventory","Prime Consulting","Direct Consumer"
"2026-01-16","46397","Professional Fees","Global Office Ltd","SmallBiz Inc"
"2026-03-03","21462","Rent","Prime Consulting","SmallBiz Inc"
"2026-02-14","14471","Rent","Prime Consulting","Direct Consumer"
"2026-02-03","45205","Inventory","Azure Utilities","Retail Giant A"
"2026-01-02","30505","Inventory","Azure Utilities","Direct Consumer"
"2026-01-15","4722","Sales Revenue","Global Office Ltd","Retail Giant A"
"2026-01-23","49585","Rent","Azure Utilities","SmallBiz Inc"
"2026-03-04","19729","Sales Revenue","Azure Utilities","Public Sector Dept"
"2026-03-01","30694","Sales Revenue","Global Office Ltd","Retail Giant A"
"2026-02-03","16153","Inventory","Azure Utilities","Retail Giant A"
"2026-02-06","46562","Sales Revenue","Azure Utilities","Public Sector Dept"
"2026-01-27","11433","Tax Provision","Global Office Ltd","Retail Giant A"
"2026-03-12","17980","Professional Fees","TechLogistics Corp","Public Sector Dept"
"2026-03-28","31140","Tax Provision","Global Office Ltd","Retail Giant A"
"2026-03-12","47013","Professional Fees","Azure Utilities","Retail Giant A"
"2026-03-14","38006","Inventory","Global Office Ltd","SmallBiz Inc"
"2026-03-28","1255","Sales Revenue","Prime Consulting","Retail Giant A"
"2026-01-09","15638","Rent","Global Office Ltd","Direct Consumer"
"2026-03-21","21379","Tax Provision","Prime Consulting","Retail Giant A"
"2026-03-14","29372","Inventory","Prime Consulting","Public Sector Dept"
"2026-03-01","12170","Professional Fees","TechLogistics Corp","Public Sector Dept"
"2026-01-24","37914","Inventory","Global Office Ltd","Public Sector Dept"
"2026-02-24","28469","Rent","Prime Consulting","Direct Consumer"
"2026-02-20","36894","Tax Provision","Prime Consulting","Public Sector Dept"
"2026-02-25","1352","Rent","Global Office Ltd","Retail Giant A"
"2026-01-14","36589","Professional Fees","Azure Utilities","SmallBiz Inc"
"2026-02-24","18685","Sales Revenue","Azure Utilities","Direct Consumer"
"2026-01-09","46031","Rent","Global Office Ltd","Direct Consumer"
"2026-03-23","7820","Tax Provision","Azure Utilities","Retail Giant A"
"2026-01-08","13365","Tax Provision","Global Office Ltd","Retail Giant A"
"2026-02-04","30581","Sales Revenue","TechLogistics Corp","Retail Giant A"
"2026-03-02","4281","Tax Provision","Global Office Ltd","Retail Giant A"
"2026-03-14","18173","Tax Provision","Global Office Ltd","Retail Giant A"
"2026-03-30","16975","Rent","TechLogistics Corp","Retail Giant A"
"2026-02-10","39400","Tax Provision","Azure Utilities","SmallBiz Inc"
"2026-03-26","42002","Inventory","Azure Utilities","Retail Giant A"
"2026-01-09","17362","Rent","Azure Utilities","Retail Giant A"
"2026-03-25","49069","Tax Provision","Prime Consulting","Retail Giant A"
"2026-03-11","38877","Tax Provision","Azure Utilities","Direct Consumer"
"2026-01-18","6444","Professional Fees","Prime Consulting","Direct Consumer"
"2026-03-17","17873","Sales Revenue","Global Office Ltd","Direct Consumer"
"2026-02-18","41869","Professional Fees","Global Office Ltd","Direct Consumer"
"2026-02-01","9230","Professional Fees","Prime Consulting","Direct Consumer"
"2026-02-02","37159","Tax Provision","TechLogistics Corp","Direct Consumer"
"2026-03-09","47759","Sales Revenue","Global Office Ltd","Retail Giant A"
"2026-03-11","34558","Inventory","Azure Utilities","Direct Consumer"
"2026-03-02","13122","Sales Revenue","Prime Consulting","Direct Consumer"
"2026-02-17","11574","Tax Provision","TechLogistics Corp","Public Sector Dept"
"2026-03-31","34358","Inventory","Global Office Ltd","Retail Giant A"
"2026-01-05","5679","Rent","Prime Consulting","SmallBiz Inc"
"2026-01-13","22141","Tax Provision","Prime Consulting","Direct Consumer"
"2026-02-05","22173","Professional Fees","Prime Consulting","SmallBiz Inc"
"2026-03-26","15874","Sales Revenue","Global Office Ltd","Public Sector Dept"
"2026-01-24","29695","Professional Fees","Prime Consulting","Retail Giant A"
"2026-02-01","25671","Sales Revenue","Azure Utilities","SmallBiz Inc"
"2026-01-18","42450","Tax Provision","TechLogistics Corp","Public Sector Dept"
"2026-02-06","45245","Professional Fees","TechLogistics Corp","Retail Giant A"
"2026-02-07","15313","Rent","Global Office Ltd","Public Sector Dept"
"2026-02-19","17246","Tax Provision","Azure Utilities","Retail Giant A"
"2026-03-30","33956","Tax Provision","Azure Utilities","Direct Consumer"
"2026-03-29","33222","Tax Provision","TechLogistics Corp","Direct Consumer"
"2026-01-23","23521","Rent","Azure Utilities","SmallBiz Inc"
"2026-02-08","25349","Sales Revenue","Global Office Ltd","Direct Consumer"
"2026-01-17","3502","Professional Fees","Prime Consulting","Direct Consumer"
"2026-01-17","11847","Sales Revenue","TechLogistics Corp","SmallBiz Inc"
"2026-02-16","4754","Professional Fees","Prime Consulting","SmallBiz Inc"
"2026-02-17","16615","Sales Revenue","Prime Consulting","SmallBiz Inc"
"2026-02-26","29182","Sales Revenue","TechLogistics Corp","Direct Consumer"
"2026-02-18","35675","Sales Revenue","Global Office Ltd","Public Sector Dept"
"2026-03-26","15627","Sales Revenue","Azure Utilities","Public Sector Dept"
"2026-02-03","41111","Inventory","Prime Consulting","SmallBiz Inc"
"2026-02-14","13086","Inventory","Azure Utilities","Direct Consumer"
"2026-03-15","39969","Sales Revenue","Global Office Ltd","Public Sector Dept"
"2026-02-07","39268","Inventory","TechLogistics Corp","Retail Giant A"
"2026-02-24","24754","Inventory","Global Office Ltd","Retail Giant A"
"2026-02-01","24059","Inventory","Azure Utilities","Retail Giant A"
"2026-01-10","23798","Inventory","Azure Utilities","Public Sector Dept"
"2026-02-16","27035","Sales Revenue","TechLogistics Corp","Retail Giant A"
"2026-02-23","31801","Professional Fees","Prime Consulting","SmallBiz Inc"
"2026-02-05","13062","Rent","Azure Utilities","Public Sector Dept"
"2026-03-31","49395","Tax Provision","Prime Consulting","Public Sector Dept"
"2026-01-20","33833","Tax Provision","Prime Consulting","Public Sector Dept"
"2026-01-19","15364","Professional Fees","Global Office Ltd","Public Sector Dept"
"2026-03-05","43207","Tax Provision","TechLogistics Corp","Retail Giant A"
"2026-01-01","20856","Tax Provision","TechLogistics Corp","SmallBiz Inc"
"2026-03-06","7127","Inventory","Prime Consulting","Public Sector Dept"
"2026-01-22","22257","Tax Provision","Global Office Ltd","Retail Giant A"
"2026-02-21","34445","Inventory","TechLogistics Corp","Public Sector Dept"
"2026-03-22","20783","Rent","Azure Utilities","Retail Giant A"
"2026-01-23","2469","Tax Provision","Prime Consulting","Retail Giant A"
"2026-02-17","29418","Tax Provision","Prime Consulting","Public Sector Dept"
"2026-02-06","45910","Rent","Global Office Ltd","SmallBiz Inc"
"2026-01-04","16259","Rent","Global Office Ltd","Direct Consumer"
"2026-03-29","4743","Tax Provision","Azure Utilities","Public Sector Dept"
"2026-02-11","7851","Rent","Prime Consulting","Public Sector Dept"
"2026-01-08","27155","Tax Provision","Azure Utilities","Retail Giant A"
"2026-02-07","28058","Professional Fees","TechLogistics Corp","SmallBiz Inc"
"2026-01-30","45977","Inventory","Global Office Ltd","SmallBiz Inc"
"2026-02-19","21786","Tax Provision","Prime Consulting","Public Sector Dept"
"2026-01-02","29177","Rent","TechLogistics Corp","Retail Giant A"
"2026-03-12","6101","Tax Provision","Azure Utilities","Public Sector Dept"
"2026-02-12","14775","Inventory","Prime Consulting","Public Sector Dept"
"2026-02-13","40721","Rent","Prime Consulting","SmallBiz Inc"
"2026-02-04","29162","Professional Fees","Azure Utilities","SmallBiz Inc"
"2026-01-13","10783","Inventory","TechLogistics Corp","SmallBiz Inc"
"2026-03-12","30698","Tax Provision","Prime Consulting","SmallBiz Inc"
"2026-01-01","4117","Inventory","TechLogistics Corp","SmallBiz Inc"
"2026-01-14","25582","Sales Revenue","Global Office Ltd","Public Sector Dept"
"2026-03-12","4585","Rent","Global Office Ltd","Public Sector Dept"
"2026-01-25","22047","Tax Provision","Prime Consulting","SmallBiz Inc"
"2026-02-23","44797","Inventory","Global Office Ltd","Retail Giant A"
"2026-03-20","7761","Professional Fees","Prime Consulting","Public Sector Dept"
"2026-03-27","47627","Sales Revenue","Global Office Ltd","SmallBiz Inc"
"2026-03-27","38403","Rent","Azure Utilities","Retail Giant A"
"2026-01-08","22522","Rent","Prime Consulting","Retail Giant A"
"2026-01-26","35306","Professional Fees","Azure Utilities","Direct Consumer"
"2026-01-07","13378","Rent","Prime Consulting","Public Sector Dept"
"2026-02-22","4596","Professional Fees","Prime Consulting","SmallBiz Inc"
"2026-02-26","23805","Professional Fees","Prime Consulting","Direct Consumer"
"2026-02-23","31813","Professional Fees","TechLogistics Corp","Retail Giant A"
"2026-01-24","29535","Rent","Global Office Ltd","Retail Giant A"
"2026-02-14","44501","Inventory","Azure Utilities","Direct Consumer"
"2026-01-12","44758","Tax Provision","Prime Consulting","SmallBiz Inc"
"2026-03-30","31901","Rent","Azure Utilities","SmallBiz Inc"
"2026-02-13","20279","Rent","TechLogistics Corp","Direct Consumer"
"2026-03-09","22947","Sales Revenue","Prime Consulting","Retail Giant A"
"2026-03-26","48746","Tax Provision","TechLogistics Corp","Public Sector Dept"
"2026-02-06","13923","Professional Fees","Azure Utilities","SmallBiz Inc"
"2026-03-16","11949","Professional Fees","Global Office Ltd","Direct Consumer"
"2026-01-19","16385","Tax Provision","Prime Consulting","SmallBiz Inc"
"2026-01-04","11889","Inventory","Azure Utilities","Retail Giant A"
"2026-02-25","38557","Professional Fees","Prime Consulting","Retail Giant A"
"2026-03-16","41451","Inventory","Global Office Ltd","SmallBiz Inc"
"2026-01-29","28122","Tax Provision","Azure Utilities","SmallBiz Inc"
"2026-02-15","28899","Tax Provision","Azure Utilities","SmallBiz Inc"
"2026-03-12","47748","Sales Revenue","Prime Consulting","Public Sector Dept"
"2026-01-31","5898","Tax Provision","Azure Utilities","Direct Consumer"
"2026-02-18","14184","Sales Revenue","Azure Utilities","SmallBiz Inc"
"2026-02-19","38833","Inventory","Azure Utilities","SmallBiz Inc"
"2026-02-20","32768","Rent","Global Office Ltd","Public Sector Dept"
"2026-01-02","39529","Inventory","TechLogistics Corp","Direct Consumer"
"2026-03-21","19665","Tax Provision","TechLogistics Corp","Direct Consumer"
"2026-03-26","47543","Rent","Global Office Ltd","SmallBiz Inc"
"2026-01-04","12311","Rent","Global Office Ltd","Public Sector Dept"
"2026-03-22","16068","Inventory","Prime Consulting","Direct Consumer"
"2026-02-17","28371","Tax Provision","Prime Consulting","Public Sector Dept"
"2026-02-07","20181","Tax Provision","Global Office Ltd","Retail Giant A"
"2026-02-28","30960","Tax Provision","Azure Utilities","SmallBiz Inc"
"2026-01-06","46313","Sales Revenue","TechLogistics Corp","SmallBiz Inc"
"2026-02-23","32185","Sales Revenue","Azure Utilities","Retail Giant A"
"2026-01-04","27707","Sales Revenue","Prime Consulting","SmallBiz Inc"
"2026-03-11","6599","Sales Revenue","TechLogistics Corp","SmallBiz Inc"
"2026-03-20","44689","Professional Fees","Azure Utilities","Public Sector Dept"
"2026-03-05","12932","Sales Revenue","Global Office Ltd","Public Sector Dept"
"2026-01-19","6205","Rent","Prime Consulting","SmallBiz Inc"
"2026-03-16","9660","Rent","Global Office Ltd","Direct Consumer"
"2026-03-30","37731","Inventory","TechLogistics Corp","Retail Giant A"
"2026-02-12","37526","Inventory","TechLogistics Corp","Direct Consumer"
"2026-03-03","28397","Rent","Global Office Ltd","Retail Giant A"
"2026-01-17","9715","Inventory","TechLogistics Corp","Direct Consumer"
"2026-03-04","40420","Professional Fees","Global Office Ltd","Direct Consumer"
"2026-01-16","38494","Tax Provision","Prime Consulting","SmallBiz Inc"
"2026-01-13","36493","Tax Provision","TechLogistics Corp","Direct Consumer"
"2026-02-01","24330","Sales Revenue","Global Office Ltd","Retail Giant A"
"2026-02-05","46436","Inventory","TechLogistics Corp","SmallBiz Inc"
"2026-01-29","2211","Professional Fees","Global Office Ltd","Retail Giant A"
"2026-03-18","22657","Tax Provision","Azure Utilities","SmallBiz Inc"
"2026-03-23","10631","Inventory","TechLogistics Corp","Public Sector Dept"
"2026-03-11","24393","Professional Fees","Global Office Ltd","Public Sector Dept"
"2026-03-16","38406","Inventory","TechLogistics Corp","SmallBiz Inc"
"2026-01-14","9064","Tax Provision","Prime Consulting","Public Sector Dept"
"2026-03-13","13433","Tax Provision","Global Office Ltd","SmallBiz Inc"
"2026-03-14","25265","Tax Provision","Global Office Ltd","Direct Consumer"
"2026-01-07","43691","Rent","Global Office Ltd","Public Sector Dept"
"2026-01-23","9688","Rent","Azure Utilities","SmallBiz Inc"
"2026-03-31","26177","Professional Fees","Global Office Ltd","Direct Consumer"
"2026-02-04","19719","Sales Revenue","Global Office Ltd","SmallBiz Inc"
"2026-03-05","21750","Inventory","Global Office Ltd","Public Sector Dept"
"2026-03-10","33959","Rent","Global Office Ltd","Public Sector Dept"
"2026-02-15","41117","Tax Provision","Prime Consulting","Retail Giant A"
"2026-01-03","21463","Inventory","Azure Utilities","Retail Giant A"
"2026-03-25","26045","Sales Revenue","Azure Utilities","SmallBiz Inc"
"2026-01-09","29591","Inventory","Prime Consulting","SmallBiz Inc"
"2026-03-02","32892","Sales Revenue","TechLogistics Corp","Public Sector Dept"
"2026-02-24","48452","Sales Revenue","TechLogistics Corp","SmallBiz Inc"
"2026-02-04","13026","Tax Provision","Prime Consulting","Direct Consumer"
"2026-03-20","44377","Professional Fees","TechLogistics Corp","Retail Giant A"
"2026-01-08","18972","Rent","TechLogistics Corp","SmallBiz Inc"
"2026-03-11","18965","Inventory","Prime Consulting","Retail Giant A"
"2026-03-12","33089","Sales Revenue","Global Office Ltd","Retail Giant A"
"2026-02-09","47410","Sales Revenue","Azure Utilities","Public Sector Dept"
"2026-02-07","37591","Sales Revenue","TechLogistics Corp","Retail Giant A"
"2026-01-15","31477","Rent","Prime Consulting","Public Sector Dept"
"2026-03-05","1576","Sales Revenue","TechLogistics Corp","Public Sector Dept"
"2026-03-29","12028","Rent","Global Office Ltd","Retail Giant A"
"2026-03-04","14982","Sales Revenue","Prime Consulting","Public Sector Dept"
"2026-02-28","35096","Rent","Azure Utilities","Retail Giant A"
"2026-03-24","2869","Inventory","Global Office Ltd","Public Sector Dept"
"2026-02-01","27439","Rent","TechLogistics Corp","Direct Consumer"
"2026-03-29","23054","Sales Revenue","Prime Consulting","Direct Consumer"
"2026-01-17","16690","Tax Provision","Global Office Ltd","Retail Giant A"
"2026-03-11","17467","Tax Provision","Global Office Ltd","SmallBiz Inc"
"2026-02-12","10610","Sales Revenue","Azure Utilities","SmallBiz Inc"
"2026-01-12","44777","Professional Fees","Azure Utilities","Public Sector Dept"
"2026-01-13","38019","Professional Fees","TechLogistics Corp","Public Sector Dept"
"2026-03-04","22930","Sales Revenue","Prime Consulting","Retail Giant A"
"2026-03-18","19281","Professional Fees","TechLogistics Corp","Retail Giant A"
"2026-03-23","5529","Tax Provision","TechLogistics Corp","Public Sector Dept"
"2026-02-10","11468","Rent","TechLogistics Corp","Retail Giant A"
"2026-02-16","20856","Sales Revenue","Global Office Ltd","Direct Consumer"
"2026-01-26","33395","Tax Provision","Azure Utilities","Public Sector Dept"
"2026-01-14","45767","Tax Provision","TechLogistics Corp","Retail Giant A"
"2026-01-23","1736","Tax Provision","TechLogistics Corp","SmallBiz Inc"
"2026-01-09","27174","Rent","Global Office Ltd","Retail Giant A"
"2026-03-23","4926","Inventory","TechLogistics Corp","SmallBiz Inc"
"2026-03-26","23130","Rent","Azure Utilities","Direct Consumer"
"2026-01-15","10595","Sales Revenue","TechLogistics Corp","Public Sector Dept"
"2026-02-23","35519","Tax Provision","Global Office Ltd","SmallBiz Inc"
"2026-01-26","26686","Sales Revenue","Global Office Ltd","Retail Giant A"
"2026-03-16","19594","Sales Revenue","Global Office Ltd","SmallBiz Inc"
"2026-01-10","2150","Sales Revenue","Global Office Ltd","Public Sector Dept"
"2026-03-11","49953","Sales Revenue","Prime Consulting","Direct Consumer"
"2026-02-03","36544","Tax Provision","Global Office Ltd","SmallBiz Inc"
"2026-03-23","33231","Sales Revenue","Global Office Ltd","Public Sector Dept"
"2026-03-04","17625","Rent","TechLogistics Corp","SmallBiz Inc"
"2026-03-27","43725","Rent","Prime Consulting","SmallBiz Inc"
"2026-03-11","13293","Sales Revenue","Azure Utilities","Public Sector Dept"
"2026-02-21","29533","Professional Fees","TechLogistics Corp","Public Sector Dept"
"2026-01-10","7651","Inventory","Prime Consulting","Public Sector Dept"
"2026-03-11","41825","Professional Fees","Global Office Ltd","Public Sector Dept"
"2026-01-05","45938","Inventory","TechLogistics Corp","Direct Consumer"
"2026-01-13","22059","Tax Provision","Azure Utilities","SmallBiz Inc"
"2026-03-06","13726","Inventory","TechLogistics Corp","Public Sector Dept"
"2026-01-08","29045","Professional Fees","Azure Utilities","Direct Consumer"
"2026-02-23","16704","Rent","Azure Utilities","Retail Giant A"
"2026-02-09","8775","Tax Provision","Global Office Ltd","Retail Giant A"
"2026-02-08","29262","Rent","Prime Consulting","SmallBiz Inc"
"2026-02-04","13313","Professional Fees","Global Office Ltd","Retail Giant A"
"2026-01-28","8035","Sales Revenue","Azure Utilities","Direct Consumer"
"2026-02-23","35005","Sales Revenue","Prime Consulting","Public Sector Dept"
"2026-02-03","18956","Inventory","TechLogistics Corp","Direct Consumer"
"2026-03-15","44097","Professional Fees","Global Office Ltd","Retail Giant A"
"2026-01-03","43927","Sales Revenue","Prime Consulting","SmallBiz Inc"
"2026-01-07","9340","Professional Fees","TechLogistics Corp","SmallBiz Inc"
"2026-03-10","19432","Inventory","Azure Utilities","Direct Consumer"
"2026-03-21","3240","Tax Provision","TechLogistics Corp","Public Sector Dept"
"2026-02-28","32289","Rent","Global Office Ltd","Direct Consumer"
"2026-01-12","26134","Inventory","Global Office Ltd","Retail Giant A"
"2026-03-01","2585","Sales Revenue","Global Office Ltd","Direct Consumer"
"2026-01-28","10991","Sales Revenue","Azure Utilities","Public Sector Dept"
"2026-01-17","40931","Rent","TechLogistics Corp","Direct Consumer"
"2026-03-07","38644","Professional Fees","TechLogistics Corp","Direct Consumer"
"2026-01-08","40831","Tax Provision","Azure Utilities","Direct Consumer"
"2026-02-20","38179","Professional Fees","TechLogistics Corp","Retail Giant A"
"2026-02-13","12408","Rent","Azure Utilities","Direct Consumer"
"2026-02-22","29385","Professional Fees","Global Office Ltd","Direct Consumer"
"2026-01-05","1040","Inventory","TechLogistics Corp","Retail Giant A"
"2026-03-08","17556","Rent","Azure Utilities","SmallBiz Inc"
"2026-02-14","40053","Tax Provision","TechLogistics Corp","Direct Consumer"
"2026-03-09","30044","Tax Provision","Global Office Ltd","Retail Giant A"
"2026-02-05","13605","Rent","Prime Consulting","Direct Consumer"
"2026-02-11","34882","Tax Provision","Global Office Ltd","Retail Giant A"
"2026-02-27","22566","Inventory","Prime Consulting","Retail Giant A"
"2026-01-26","11110","Tax Provision","Prime Consulting","Retail Giant A"
"2026-02-08","45836","Inventory","Prime Consulting","Retail Giant A"
"2026-03-05","9934","Professional Fees","Azure Utilities","Public Sector Dept"
"2026-01-22","37750","Inventory","Azure Utilities","Public Sector Dept"
"2026-03-14","48490","Tax Provision","Prime Consulting","Direct Consumer"
"2026-01-13","36556","Sales Revenue","TechLogistics Corp","Public Sector Dept"
"2026-01-09","11375","Sales Revenue","Global Office Ltd","Retail Giant A"
"2026-01-16","17343","Inventory","TechLogistics Corp","Retail Giant A"
"2026-01-25","43510","Tax Provision","Global Office Ltd","Public Sector Dept"
"2026-02-03","34057","Rent","Azure Utilities","SmallBiz Inc"
"2026-02-26","49792","Rent","Azure Utilities","Public Sector Dept"
"2026-03-26","12732","Professional Fees","TechLogistics Corp","SmallBiz Inc"
"2026-02-08","20067","Sales Revenue","Global Office Ltd","Public Sector Dept"
"2026-01-20","6450","Rent","TechLogistics Corp","SmallBiz Inc"
"2026-03-31","44042","Tax Provision","Global Office Ltd","Public Sector Dept"
"2026-02-28","44439","Rent","Prime Consulting","Direct Consumer"
"2026-03-14","45220","Inventory","TechLogistics Corp","SmallBiz Inc"
"2026-01-29","25938","Sales Revenue","Global Office Ltd","Direct Consumer"
"2026-02-02","31523","Inventory","Prime Consulting","Public Sector Dept"
"2026-03-14","16603","Sales Revenue","Azure Utilities","Retail Giant A"
"2026-02-27","21844","Professional Fees","TechLogistics Corp","Retail Giant A"
"2026-02-20","21639","Professional Fees","TechLogistics Corp","Retail Giant A"
"2026-03-04","31591","Sales Revenue","Global Office Ltd","Public Sector Dept"
"2026-02-10","39676","Professional Fees","Global Office Ltd","Direct Consumer"
"2026-03-08","44383","Tax Provision","Global Office Ltd","Public Sector Dept"
"2026-01-13","48143","Tax Provision","Prime Consulting","SmallBiz Inc"
"2026-01-14","20367","Rent","Global Office Ltd","SmallBiz Inc"
"2026-01-09","18658","Sales Revenue","Azure Utilities","Public Sector Dept"
"2026-02-02","35071","Tax Provision","Prime Consulting","SmallBiz Inc"
"2026-01-27","40529","Sales Revenue","Global Office Ltd","SmallBiz Inc"
"2026-03-01","18233","Inventory","TechLogistics Corp","Retail Giant A"
"2026-03-07","37068","Professional Fees","Prime Consulting","Public Sector Dept"
"2026-03-06","47375","Professional Fees","Prime Consulting","Direct Consumer"
"2026-02-12","3764","Tax Provision","Prime Consulting","Direct Consumer"
"2026-01-12","29114","Rent","Azure Utilities","Retail Giant A"
"2026-03-31","33038","Professional Fees","Prime Consulting","Retail Giant A"
"2026-01-09","1382","Rent","Prime Consulting","Public Sector Dept"
"2026-02-27","49737","Sales Revenue","Azure Utilities","Direct Consumer"
"2026-03-12","9174","Rent","Azure Utilities","Direct Consumer"
"2026-01-23","37774","Sales Revenue","Azure Utilities","Retail Giant A"
"2026-01-12","33438","Inventory","Azure Utilities","SmallBiz Inc"
"2026-01-06","11202","Professional Fees","TechLogistics Corp","Direct Consumer"
"2026-01-05","30392","Inventory","Azure Utilities","Direct Consumer"
"2026-03-31","16194","Inventory","Global Office Ltd","Retail Giant A"
"2026-03-24","5380","Sales Revenue","Azure Utilities","Public Sector Dept"
"2026-02-04","22001","Inventory","TechLogistics Corp","Retail Giant A"
"2026-03-26","23179","Professional Fees","Prime Consulting","Public Sector Dept"
"2026-02-10","32198","Professional Fees","Prime Consulting","SmallBiz Inc"
"2026-01-14","27442","Sales Revenue","TechLogistics Corp","SmallBiz Inc"
"2026-01-09","9141","Rent","TechLogistics Corp","Direct Consumer"
"2026-03-16","20270","Inventory","TechLogistics Corp","SmallBiz Inc"
"2026-03-08","45698","Tax Provision","Global Office Ltd","SmallBiz Inc"
"2026-01-22","41519","Inventory","TechLogistics Corp","SmallBiz Inc"
"2026-03-04","33766","Inventory","Azure Utilities","SmallBiz Inc"
"2026-01-31","44655","Inventory","TechLogistics Corp","SmallBiz Inc"
"2026-02-05","6526","Sales Revenue","TechLogistics Corp","Direct Consumer"
"2026-03-19","44814","Professional Fees","Prime Consulting","Retail Giant A"
"2026-02-20","9467","Rent","Prime Consulting","Retail Giant A"
"2026-01-24","10989","Rent","Azure Utilities","Direct Consumer"
"2026-02-27","32943","Rent","Azure Utilities","Retail Giant A"
"2026-01-06","5475","Professional Fees","Global Office Ltd","SmallBiz Inc"
"2026-02-15","33804","Sales Revenue","TechLogistics Corp","SmallBiz Inc"
"2026-01-22","9549","Professional Fees","Azure Utilities","Direct Consumer"
"2026-01-26","9751","Tax Provision","Azure Utilities","Retail Giant A"
"2026-01-21","38639","Rent","Prime Consulting","SmallBiz Inc"
"2026-01-12","4055","Inventory","Global Office Ltd","Public Sector Dept"
"2026-03-31","37361","Sales Revenue","Global Office Ltd","SmallBiz Inc"
"2026-01-19","33328","Inventory","Azure Utilities","Direct Consumer"
"2026-01-07","42226","Tax Provision","Global Office Ltd","SmallBiz Inc"
"2026-01-17","7385","Professional Fees","TechLogistics Corp","Retail Giant A"
"2026-02-15","20164","Professional Fees","Azure Utilities","Direct Consumer"
"2026-01-01","20138","Sales Revenue","Azure Utilities","SmallBiz Inc"
"2026-02-10","9773","Rent","Prime Consulting","Direct Consumer"
"2026-01-21","43211","Sales Revenue","Azure Utilities","Retail Giant A"
"2026-03-20","4636","Rent","Azure Utilities","Retail Giant A"
"2026-02-16","20738","Sales Revenue","TechLogistics Corp","Public Sector Dept"
"2026-01-28","28224","Professional Fees","Global Office Ltd","Public Sector Dept"
"2026-01-10","35946","Professional Fees","TechLogistics Corp","Public Sector Dept"
"2026-03-14","41131","Inventory","Azure Utilities","SmallBiz Inc"
"2026-01-25","49743","Sales Revenue","Azure Utilities","Direct Consumer"
"2026-03-19","41507","Tax Provision","Global Office Ltd","Direct Consumer"
"2026-02-15","7862","Rent","Azure Utilities","Retail Giant A"
"2026-02-11","11161","Tax Provision","Prime Consulting","SmallBiz Inc"
"2026-02-27","40120","Rent","Global Office Ltd","Retail Giant A"
"2026-03-19","11136","Sales Revenue","TechLogistics Corp","SmallBiz Inc"
"2026-01-03","45952","Tax Provision","Azure Utilities","Public Sector Dept"
"2026-01-14","33650","Rent","Azure Utilities","SmallBiz Inc"
"2026-03-14","36358","Tax Provision","TechLogistics Corp","Retail Giant A"
"2026-03-15","43452","Professional Fees","Prime Consulting","SmallBiz Inc"
"2026-02-02","7930","Rent","Azure Utilities","Retail Giant A"
"2026-02-07","24030","Inventory","TechLogistics Corp","Direct Consumer"
"2026-03-21","32841","Professional Fees","Azure Utilities","Public Sector Dept"
"2026-02-15","31019","Tax Provision","TechLogistics Corp","Public Sector Dept"
"2026-03-10","45837","Inventory","Global Office Ltd","Retail Giant A"
"2026-02-17","22941","Rent","Global Office Ltd","Retail Giant A"
"2026-01-08","21396","Sales Revenue","Prime Consulting","Public Sector Dept"
"2026-02-18","14380","Professional Fees","Global Office Ltd","Public Sector Dept"
"2026-02-01","6364","Professional Fees","Azure Utilities","Public Sector Dept"
"2026-03-19","29489","Rent","TechLogistics Corp","Direct Consumer"
"2026-01-27","27958","Professional Fees","Azure Utilities","SmallBiz Inc"
"2026-01-10","38519","Tax Provision","TechLogistics Corp","Direct Consumer"
"2026-03-29","1201","Sales Revenue","Prime Consulting","Direct Consumer"
"2026-02-06","48376","Sales Revenue","Global Office Ltd","Public Sector Dept"
"2026-01-07","1502","Inventory","Prime Consulting","Retail Giant A"
"2026-03-10","48153","Inventory","Global Office Ltd","Retail Giant A"
"2026-02-05","31039","Sales Revenue","Azure Utilities","Direct Consumer"
"2026-01-01","31975","Sales Revenue","Azure Utilities","Retail Giant A"
"2026-03-10","35305","Sales Revenue","Global Office Ltd","SmallBiz Inc"
"2026-03-02","8080","Inventory","TechLogistics Corp","Retail Giant A"
"2026-03-21","14649","Sales Revenue","TechLogistics Corp","SmallBiz Inc"
"2026-01-22","45220","Rent","Azure Utilities","SmallBiz Inc"
"2026-02-26","1261","Rent","Prime Consulting","Retail Giant A"
"2026-03-26","17458","Inventory","Global Office Ltd","SmallBiz Inc"
"2026-03-21","17539","Tax Provision","Azure Utilities","Retail Giant A"
"2026-02-26","12357","Rent","Azure Utilities","Retail Giant A"
"2026-02-17","11868","Tax Provision","TechLogistics Corp","SmallBiz Inc"
"2026-01-13","9357","Professional Fees","Azure Utilities","SmallBiz Inc"
"2026-01-27","14131","Rent","Global Office Ltd","SmallBiz Inc"
"2026-01-24","42311","Sales Revenue","TechLogistics Corp","Direct Consumer"
"2026-01-03","23021","Inventory","Prime Consulting","Retail Giant A"
"2026-01-27","17194","Inventory","TechLogistics Corp","SmallBiz Inc"
"2026-03-21","22499","Professional Fees","Azure Utilities","SmallBiz Inc"
"2026-02-13","12154","Rent","Azure Utilities","Public Sector Dept"
"2026-02-25","33654","Sales Revenue","TechLogistics Corp","SmallBiz Inc"
"2026-02-08","45182","Inventory","TechLogistics Corp","Direct Consumer"
"2026-03-28","22829","Sales Revenue","Azure Utilities","Public Sector Dept"
"2026-02-13","44813","Sales Revenue","Prime Consulting","Retail Giant A"
"2026-03-27","46017","Rent","Azure Utilities","Retail Giant A"
"2026-02-20","8192","Inventory","Global Office Ltd","Public Sector Dept"
"2026-01-04","15628","Sales Revenue","Global Office Ltd","SmallBiz Inc"
"2026-01-26","7048","Sales Revenue","TechLogistics Corp","Retail Giant A"
"2026-03-17","12110","Professional Fees","TechLogistics Corp","Retail Giant A"
"2026-02-13","12945","Tax Provision","Azure Utilities","Public Sector Dept"
"2026-01-09","43495","Sales Revenue","Global Office Ltd","Retail Giant A"
"2026-01-15","7345","Tax Provision","TechLogistics Corp","SmallBiz Inc"
"2026-03-13","40275","Inventory","Global Office Ltd","Retail Giant A"
"2026-02-26","33239","Tax Provision","Prime Consulting","Retail Giant A"
"2026-03-03","2250","Sales Revenue","Global Office Ltd","Retail Giant A"
"2026-03-29","36143","Tax Provision","Prime Consulting","Direct Consumer"
"2026-01-09","17126","Rent","TechLogistics Corp","Retail Giant A"
"2026-02-24","46958","Professional Fees","TechLogistics Corp","Direct Consumer"
"2026-02-28","34942","Tax Provision","Global Office Ltd","Direct Consumer"
"2026-03-09","44378","Tax Provision","Prime Consulting","Retail Giant A"
"2026-03-09","26231","Professional Fees","TechLogistics Corp","SmallBiz Inc"
"2026-02-14","2661","Tax Provision","Global Office Ltd","SmallBiz Inc"
"2026-03-15","25777","Rent","Prime Consulting","Direct Consumer"
"2026-01-07","36684","Sales Revenue","TechLogistics Corp","Public Sector Dept"
"2026-01-11","37465","Professional Fees","Global Office Ltd","SmallBiz Inc"
"2026-01-18","9113","Professional Fees","Prime Consulting","Retail Giant A"
"2026-02-15","28024","Inventory","Azure Utilities","Direct Consumer"
"2026-02-09","13437","Sales Revenue","Prime Consulting","Direct Consumer"
"2026-01-12","44796","Rent","Global Office Ltd","SmallBiz Inc"
"2026-02-02","24913","Inventory","Azure Utilities","Public Sector Dept"
"2026-01-18","16803","Sales Revenue","Global Office Ltd","SmallBiz Inc"
"2026-02-16","6512","Inventory","Global Office Ltd","Retail Giant A"
"2026-03-09","8462","Professional Fees","Prime Consulting","Direct Consumer"
"2026-03-08","41328","Professional Fees","Global Office Ltd","Direct Consumer"
"2026-03-05","27119","Tax Provision","Azure Utilities","SmallBiz Inc"
"2026-03-09","30629","Inventory","TechLogistics Corp","SmallBiz Inc"
"2026-02-27","21048","Inventory","Prime Consulting","SmallBiz Inc"
"2026-01-09","7388","Rent","TechLogistics Corp","Retail Giant A"
"2026-02-17","4438","Rent","Azure Utilities","Direct Consumer"
"2026-02-25","16861","Inventory","Prime Consulting","Public Sector Dept"
"2026-02-19","45173","Tax Provision","TechLogistics Corp","Retail Giant A"
"2026-01-05","15325","Rent","TechLogistics Corp","Public Sector Dept"
"2026-01-27","12051","Tax Provision","Azure Utilities","Public Sector Dept"
"2026-03-24","39337","Inventory","Prime Consulting","Public Sector Dept"
"2026-01-05","7646","Professional Fees","Azure Utilities","Direct Consumer"
"2026-03-02","3286","Rent","Azure Utilities","SmallBiz Inc"
"2026-01-20","27915","Sales Revenue","Prime Consulting","Public Sector Dept"
"2026-03-28","36843","Inventory","Azure Utilities","Public Sector Dept"
"2026-03-18","35433","Rent","TechLogistics Corp","Public Sector Dept"
"2026-01-10","25407","Professional Fees","TechLogistics Corp","SmallBiz Inc"
"2026-03-29","33755","Inventory","Prime Consulting","SmallBiz Inc"
"2026-02-16","36224","Inventory","TechLogistics Corp","Direct Consumer"
"2026-01-17","19812","Inventory","TechLogistics Corp","Public Sector Dept"
"2026-02-22","22163","Tax Provision","Prime Consulting","Public Sector Dept"
"2026-01-28","38821","Inventory","Global Office Ltd","Public Sector Dept"
"2026-02-24","43490","Professional Fees","Azure Utilities","SmallBiz Inc"
"2026-01-07","28203","Rent","TechLogistics Corp","Direct Consumer"
"2026-02-28","45703","Professional Fees","Azure Utilities","SmallBiz Inc"
"2026-01-02","47488","Tax Provision","Prime Consulting","Public Sector Dept"
"2026-02-27","23721","Inventory","Prime Consulting","Public Sector Dept"
"2026-03-16","40552","Inventory","Prime Consulting","Public Sector Dept"
"2026-03-19","17138","Professional Fees","TechLogistics Corp","Public Sector Dept"
"2026-01-22","35107","Inventory","TechLogistics Corp","SmallBiz Inc"
"2026-03-08","45137","Inventory","Prime Consulting","Direct Consumer"
"2026-01-20","29314","Professional Fees","TechLogistics Corp","Retail Giant A"
"2026-02-21","37493","Sales Revenue","Prime Consulting","Direct Consumer"
"2026-02-03","30333","Tax Provision","Azure Utilities","Retail Giant A"
"2026-02-03","38854","Tax Provision","Global Office Ltd","Retail Giant A"
"2026-02-02","1893","Professional Fees","TechLogistics Corp","SmallBiz Inc"
"2026-01-23","36914","Rent","Prime Consulting","Retail Giant A"
"2026-02-22","17790","Rent","Global Office Ltd","Public Sector Dept"
"2026-03-05","43148","Rent","Global Office Ltd","Retail Giant A"
"2026-03-30","9173","Inventory","TechLogistics Corp","SmallBiz Inc"
"2026-03-07","21596","Inventory","TechLogistics Corp","Public Sector Dept"
"2026-02-12","25630","Rent","Prime Consulting","Direct Consumer"
"2026-01-20","36624","Rent","TechLogistics Corp","SmallBiz Inc"
"2026-01-30","11341","Professional Fees","TechLogistics Corp","Retail Giant A"
"2026-03-08","33180","Professional Fees","TechLogistics Corp","SmallBiz Inc"
"2026-03-25","2441","Rent","TechLogistics Corp","Retail Giant A"
"2026-01-18","22712","Professional Fees","Global Office Ltd","Retail Giant A"
"2026-01-30","12943","Tax Provision","Prime Consulting","SmallBiz Inc"
"2026-01-22","23671","Sales Revenue","Prime Consulting","Retail Giant A"
"2026-02-25","14971","Professional Fees","Prime Consulting","Retail Giant A"
"2026-03-21","19740","Professional Fees","Azure Utilities","SmallBiz Inc"
"2026-01-20","44928","Tax Provision","Prime Consulting","SmallBiz Inc"
"2026-02-06","17714","Sales Revenue","Azure Utilities","Retail Giant A"
"2026-03-22","6243","Sales Revenue","Prime Consulting","Retail Giant A"
"2026-01-23","17119","Professional Fees","Azure Utilities","Direct Consumer"
"2026-01-23","47489","Tax Provision","Prime Consulting","SmallBiz Inc"
"2026-03-25","44603","Rent","Azure Utilities","SmallBiz Inc"
"2026-03-08","10149","Tax Provision","Prime Consulting","Retail Giant A"
"2026-02-17","41348","Sales Revenue","Global Office Ltd","Retail Giant A"
"2026-03-03","3837","Professional Fees","Azure Utilities","SmallBiz Inc"
"2026-01-20","40014","Professional Fees","Global Office Ltd","SmallBiz Inc"
"2026-03-09","40624","Inventory","Prime Consulting","Direct Consumer"
"2026-02-23","44392","Professional Fees","TechLogistics Corp","Direct Consumer"
"2026-02-02","14910","Sales Revenue","Global Office Ltd","Retail Giant A"
"2026-03-27","38176","Rent","Prime Consulting","Public Sector Dept"
"2026-02-13","49684","Rent","Prime Consulting","SmallBiz Inc"
"2026-03-20","25345","Rent","Prime Consulting","Public Sector Dept"
"2026-01-18","2107","Professional Fees","Azure Utilities","Public Sector Dept"
"2026-02-18","27562","Inventory","Azure Utilities","Direct Consumer"
"2026-01-01","5171","Rent","Global Office Ltd","Retail Giant A"
"2026-01-21","29500","Rent","Global Office Ltd","Public Sector Dept"
"2026-03-01","24850","Tax Provision","TechLogistics Corp","Direct Consumer"
"2026-01-14","35275","Tax Provision","Azure Utilities","Public Sector Dept"
"2026-03-19","10356","Tax Provision","Azure Utilities","Retail Giant A"
"2026-03-26","31042","Tax Provision","Azure Utilities","Retail Giant A"
"2026-03-26","44213","Professional Fees","Azure Utilities","Public Sector Dept"
"2026-03-29","40545","Tax Provision","Prime Consulting","SmallBiz Inc"
"2026-03-03","31114","Professional Fees","TechLogistics Corp","Public Sector Dept"
"2026-03-14","26245","Tax Provision","TechLogistics Corp","Direct Consumer"
"2026-03-05","31455","Professional Fees","Global Office Ltd","Retail Giant A"
"2026-03-09","32593","Inventory","Prime Consulting","Retail Giant A"
"2026-03-26","7928","Rent","Prime Consulting","Retail Giant A"
"2026-03-29","7525","Inventory","TechLogistics Corp","Direct Consumer"
"2026-02-02","26266","Inventory","Azure Utilities","SmallBiz Inc"
"2026-01-01","21589","Inventory","Prime Consulting","SmallBiz Inc"
"2026-03-14","4972","Sales Revenue","Azure Utilities","Public Sector Dept"
"2026-03-26","17269","Tax Provision","Azure Utilities","Direct Consumer"
"2026-02-18","13618","Professional Fees","Prime Consulting","Public Sector Dept"
"2026-03-27","2992","Tax Provision","Prime Consulting","Direct Consumer"
"2026-02-05","23057","Professional Fees","Global Office Ltd","Retail Giant A"
"2026-02-05","12026","Sales Revenue","Global Office Ltd","Public Sector Dept"
"2026-03-26","28534","Professional Fees","Global Office Ltd","Direct Consumer"
"2026-01-21","21452","Professional Fees","TechLogistics Corp","Public Sector Dept"
"2026-01-31","17079","Sales Revenue","Azure Utilities","Public Sector Dept"
"2026-03-15","23164","Inventory","Prime Consulting","Direct Consumer"
"2026-03-18","37672","Tax Provision","Azure Utilities","Direct Consumer"
"2026-03-20","8905","Sales Revenue","TechLogistics Corp","Direct Consumer"
"2026-03-30","36016","Inventory","TechLogistics Corp","Direct Consumer"
"2026-03-02","14047","Sales Revenue","Azure Utilities","Direct Consumer"
"2026-02-17","28340","Sales Revenue","Global Office Ltd","SmallBiz Inc"
"2026-03-23","24638","Rent","Prime Consulting","Public Sector Dept"
"2026-03-08","46221","Sales Revenue","Global Office Ltd","Retail Giant A"
"2026-01-15","28235","Sales Revenue","Global Office Ltd","Direct Consumer"
"2026-03-07","17812","Tax Provision","Global Office Ltd","Public Sector Dept"
"2026-03-12","27448","Rent","Azure Utilities","Public Sector Dept"
"2026-02-06","42323","Tax Provision","Azure Utilities","Direct Consumer"
"2026-02-21","31211","Rent","Global Office Ltd","Direct Consumer"
"2026-03-22","10917","Rent","TechLogistics Corp","Public Sector Dept"
"2026-01-13","18859","Sales Revenue","Global Office Ltd","SmallBiz Inc"
"2026-02-14","39142","Sales Revenue","TechLogistics Corp","SmallBiz Inc"
"2026-01-14","46856","Tax Provision","Global Office Ltd","SmallBiz Inc"
"2026-03-16","14442","Inventory","Prime Consulting","Retail Giant A"
"2026-02-17","32977","Rent","Prime Consulting","SmallBiz Inc"
"2026-01-24","20956","Professional Fees","Azure Utilities","SmallBiz Inc"
"2026-01-15","19101","Inventory","TechLogistics Corp","SmallBiz Inc"
"2026-03-11","6514","Inventory","Global Office Ltd","SmallBiz Inc"
"2026-03-26","18847","Professional Fees","Prime Consulting","Public Sector Dept"
"2026-03-18","46982","Tax Provision","Prime Consulting","Direct Consumer"
"2026-03-25","16516","Professional Fees","Prime Consulting","Retail Giant A"
"2026-01-01","40565","Professional Fees","TechLogistics Corp","SmallBiz Inc"
"2026-02-13","22711","Inventory","Global Office Ltd","SmallBiz Inc"
"2026-02-28","48949","Sales Revenue","TechLogistics Corp","Direct Consumer"
"2026-01-12","17397","Inventory","Global Office Ltd","Retail Giant A"
"2026-03-11","44038","Rent","Global Office Ltd","Direct Consumer"
"2026-02-20","20178","Tax Provision","Global Office Ltd","SmallBiz Inc"
"2026-03-08","28713","Rent","Prime Consulting","Retail Giant A"
"2026-03-06","45870","Professional Fees","Global Office Ltd","Direct Consumer"
"2026-03-25","24684","Tax Provision","Global Office Ltd","Public Sector Dept"
"2026-01-15","16507","Inventory","Global Office Ltd","Direct Consumer"
"2026-01-07","40444","Inventory","Global Office Ltd","Retail Giant A"
"2026-01-24","1173","Professional Fees","Azure Utilities","Direct Consumer"
"2026-03-14","38344","Tax Provision","Azure Utilities","Public Sector Dept"
"2026-02-11","16608","Sales Revenue","TechLogistics Corp","Retail Giant A"
"2026-02-06","17811","Rent","Prime Consulting","Direct Consumer"
"2026-01-09","7545","Inventory","TechLogistics Corp","SmallBiz Inc"
"2026-01-16","45793","Inventory","Prime Consulting","Retail Giant A"
"2026-02-01","47118","Tax Provision","TechLogistics Corp","Retail Giant A"
"2026-03-30","35163","Tax Provision","Global Office Ltd","Direct Consumer"
"2026-02-25","9481","Professional Fees","TechLogistics Corp","Direct Consumer"
"2026-01-01","8022","Tax Provision","Global Office Ltd","Retail Giant A"
"2026-02-27","15763","Professional Fees","TechLogistics Corp","Public Sector Dept"
"2026-01-19","26180","Professional Fees","Global Office Ltd","Direct Consumer"
"2026-01-11","34631","Rent","Azure Utilities","Public Sector Dept"
"2026-01-02","48681","Sales Revenue","Global Office Ltd","Public Sector Dept"
"2026-01-08","10412","Inventory","TechLogistics Corp","Public Sector Dept"
"2026-03-01","49449","Sales Revenue","Global Office Ltd","Direct Consumer"
"2026-02-24","5983","Tax Provision","TechLogistics Corp","Retail Giant A"
"2026-03-01","30195","Rent","Azure Utilities","Public Sector Dept"
"2026-02-26","15349","Rent","Global Office Ltd","SmallBiz Inc"
"2026-01-31","21197","Professional Fees","TechLogistics Corp","Retail Giant A"
"2026-03-27","4110","Rent","Prime Consulting","Public Sector Dept"
"2026-03-19","15742","Sales Revenue","Prime Consulting","Direct Consumer"
"2026-01-10","28264","Inventory","Azure Utilities","SmallBiz Inc"
"2026-03-29","47184","Inventory","Global Office Ltd","Retail Giant A"
"2026-03-28","5065","Rent","Global Office Ltd","Public Sector Dept"
"2026-01-23","6182","Professional Fees","Prime Consulting","Public Sector Dept"
"2026-03-10","49123","Tax Provision","Azure Utilities","Retail Giant A"
"2026-01-16","39383","Rent","Global Office Ltd","Public Sector Dept"
"2026-03-16","42095","Tax Provision","Global Office Ltd","Public Sector Dept"
"2026-03-06","29023","Rent","Prime Consulting","Public Sector Dept"
"2026-03-06","49624","Sales Revenue","Prime Consulting","Public Sector Dept"
"2026-02-09","48976","Professional Fees","Azure Utilities","Direct Consumer"
"2026-01-12","48715","Rent","Prime Consulting","Retail Giant A"
"2026-03-22","40255","Professional Fees","Global Office Ltd","Public Sector Dept"
"2026-03-17","3288","Tax Provision","Prime Consulting","SmallBiz Inc"
"2026-01-25","31139","Sales Revenue","Azure Utilities","Retail Giant A"
"2026-01-23","9334","Professional Fees","Azure Utilities","Public Sector Dept"
"2026-03-16","29899","Rent","Prime Consulting","SmallBiz Inc"
"2026-02-20","3549","Professional Fees","Global Office Ltd","Public Sector Dept"
"2026-02-12","1093","Sales Revenue","TechLogistics Corp","Public Sector Dept"
"2026-02-26","34017","Professional Fees","Global Office Ltd","SmallBiz Inc"
"2026-03-15","49087","Rent","Prime Consulting","Retail Giant A"
"2026-03-15","38824","Inventory","Azure Utilities","Public Sector Dept"
"2026-03-20","44389","Rent","Global Office Ltd","Direct Consumer"
"2026-01-10","35351","Rent","Global Office Ltd","Direct Consumer"
"2026-02-20","30205","Rent","TechLogistics Corp","Direct Consumer"
"2026-03-12","4639","Inventory","Azure Utilities","Retail Giant A"
"2026-03-10","14940","Sales Revenue","Azure Utilities","Retail Giant A"
"2026-01-31","16486","Sales Revenue","Global Office Ltd","SmallBiz Inc"
"2026-03-07","46833","Inventory","Azure Utilities","SmallBiz Inc"
"2026-01-10","35043","Tax Provision","Prime Consulting","Public Sector Dept"
"2026-01-03","3732","Sales Revenue","Prime Consulting","Direct Consumer"
"2026-03-13","48435","Tax Provision","Prime Consulting","Retail Giant A"
"2026-02-01","22055","Inventory","Global Office Ltd","Public Sector Dept"
"2026-02-04","27085","Rent","Azure Utilities","Retail Giant A"
"2026-03-27","11386","Tax Provision","Prime Consulting","SmallBiz Inc"
"2026-03-03","49581","Inventory","Azure Utilities","Retail Giant A"
"2026-03-17","18160","Professional Fees","TechLogistics Corp","Direct Consumer"
"2026-02-25","33665","Inventory","Prime Consulting","Public Sector Dept"
"2026-02-02","1198","Tax Provision","Global Office Ltd","Public Sector Dept"
"2026-03-17","27088","Rent","Prime Consulting","Direct Consumer"
"2026-02-07","33203","Tax Provision","Azure Utilities","Public Sector Dept"
"2026-03-25","21353","Inventory","Global Office Ltd","Direct Consumer"
"2026-01-10","6084","Inventory","Prime Consulting","Public Sector Dept"
"2026-01-16","42921","Professional Fees","Prime Consulting","Retail Giant A"
"2026-01-24","3629","Tax Provision","Global Office Ltd","SmallBiz Inc"
"2026-02-17","5262","Sales Revenue","TechLogistics Corp","SmallBiz Inc"
"2026-02-23","37084","Inventory","Global Office Ltd","Public Sector Dept"
"2026-01-23","7794","Sales Revenue","Azure Utilities","Public Sector Dept"
"2026-02-22","31807","Professional Fees","Global Office Ltd","Retail Giant A"
"2026-03-19","26741","Professional Fees","TechLogistics Corp","SmallBiz Inc"
"2026-03-08","24640","Tax Provision","TechLogistics Corp","Retail Giant A"
"2026-03-17","7339","Inventory","TechLogistics Corp","Direct Consumer"
"2026-01-07","12345","Rent","Prime Consulting","Retail Giant A"
"2026-03-11","31550","Rent","Prime Consulting","SmallBiz Inc"
"2026-02-05","40864","Rent","Prime Consulting","SmallBiz Inc"
"2026-03-30","11114","Tax Provision","TechLogistics Corp","SmallBiz Inc"
"2026-03-18","37670","Sales Revenue","Prime Consulting","SmallBiz Inc"
"2026-03-10","24346","Sales Revenue","Prime Consulting","Retail Giant A"
"2026-01-13","35822","Sales Revenue","Azure Utilities","Retail Giant A"
"2026-02-12","23352","Sales Revenue","Azure Utilities","SmallBiz Inc"
"2026-01-06","49807","Tax Provision","Azure Utilities","Direct Consumer"
"2026-01-07","33100","Tax Provision","TechLogistics Corp","Retail Giant A"
"2026-02-05","46168","Inventory","Global Office Ltd","Retail Giant A"
"2026-02-10","33499","Rent","Prime Consulting","Retail Giant A"
"2026-02-08","18511","Professional Fees","TechLogistics Corp","SmallBiz Inc"
"2026-03-27","15177","Sales Revenue","Global Office Ltd","SmallBiz Inc"
"2026-03-31","12761","Rent","Prime Consulting","Retail Giant A"
"2026-01-02","28054","Tax Provision","Azure Utilities","Retail Giant A"
"2026-03-29","10168","Rent","Global Office Ltd","Retail Giant A"
"2026-03-25","35854","Professional Fees","Prime Consulting","Retail Giant A"
"2026-01-02","30385","Professional Fees","Azure Utilities","Direct Consumer"
"2026-01-27","34907","Inventory","Global Office Ltd","Direct Consumer"
"2026-03-17","45680","Rent","Global Office Ltd","SmallBiz Inc"
"2026-03-17","48484","Professional Fees","Prime Consulting","SmallBiz Inc"
"2026-03-14","42989","Inventory","Global Office Ltd","Direct Consumer"
"2026-01-01","14732","Inventory","Prime Consulting","Retail Giant A"
"2026-01-06","15042","Inventory","TechLogistics Corp","Public Sector Dept"
"2026-01-14","12324","Inventory","Global Office Ltd","SmallBiz Inc"
"2026-01-22","32434","Inventory","TechLogistics Corp","Retail Giant A"
"2026-02-06","30400","Professional Fees","Prime Consulting","Public Sector Dept"
"2026-03-18","1835","Inventory","Prime Consulting","Direct Consumer"
"2026-01-25","38805","Rent","Global Office Ltd","Direct Consumer"
"2026-03-04","15650","Inventory","TechLogistics Corp","Direct Consumer"
"2026-03-24","40058","Inventory","Azure Utilities","Public Sector Dept"
"2026-02-14","1404","Tax Provision","Azure Utilities","Public Sector Dept"
"2026-01-01","8124","Tax Provision","Global Office Ltd","Direct Consumer"
"2026-03-26","35387","Professional Fees","Azure Utilities","SmallBiz Inc"
"2026-01-23","5978","Professional Fees","Azure Utilities","Direct Consumer"
"2026-01-29","34910","Professional Fees","Azure Utilities","Retail Giant A"
"2026-01-20","11551","Tax Provision","Prime Consulting","Direct Consumer"
"2026-03-05","4395","Professional Fees","TechLogistics Corp","SmallBiz Inc"
"2026-01-06","39892","Tax Provision","Prime Consulting","Direct Consumer"
"2026-02-07","8241","Inventory","Azure Utilities","Direct Consumer"
"2026-02-06","37772","Inventory","TechLogistics Corp","SmallBiz Inc"
"2026-01-19","26184","Sales Revenue","TechLogistics Corp","SmallBiz Inc"
"2026-02-10","14910","Professional Fees","Prime Consulting","Retail Giant A"
"2026-01-14","26334","Sales Revenue","Prime Consulting","SmallBiz Inc"
"2026-02-21","18673","Sales Revenue","Global Office Ltd","Retail Giant A"
"2026-01-10","26056","Rent","TechLogistics Corp","Public Sector Dept"
"2026-03-12","31188","Tax Provision","TechLogistics Corp","Public Sector Dept"
"2026-01-01","49593","Professional Fees","Global Office Ltd","Direct Consumer"
"2026-03-16","35764","Professional Fees","TechLogistics Corp","Retail Giant A"
"2026-03-07","10575","Inventory","Azure Utilities","Public Sector Dept"
"2026-02-16","12564","Professional Fees","TechLogistics Corp","Public Sector Dept"
"2026-03-19","23493","Rent","Global Office Ltd","Retail Giant A"
"2026-02-16","46068","Inventory","Global Office Ltd","Public Sector Dept"
"2026-01-12","33596","Sales Revenue","Global Office Ltd","SmallBiz Inc"
"2026-03-29","7563","Professional Fees","TechLogistics Corp","Public Sector Dept"
"2026-01-02","17193","Rent","Azure Utilities","Retail Giant A"
"2026-03-11","6375","Professional Fees","Prime Consulting","Public Sector Dept"
"2026-02-03","33312","Inventory","Azure Utilities","Retail Giant A"
"2026-03-22","44567","Inventory","Global Office Ltd","Direct Consumer"
"2026-03-04","16447","Professional Fees","Global Office Ltd","SmallBiz Inc"
"2026-02-13","5984","Professional Fees","TechLogistics Corp","Direct Consumer"
"2026-03-31","46973","Sales Revenue","TechLogistics Corp","SmallBiz Inc"
"2026-03-19","26240","Professional Fees","Global Office Ltd","SmallBiz Inc"
"2026-02-26","2647","Tax Provision","TechLogistics Corp","Direct Consumer"
"2026-01-21","25028","Tax Provision","Global Office Ltd","Direct Consumer"
"2026-03-28","32120","Tax Provision","Global Office Ltd","SmallBiz Inc"
"2026-02-04","25339","Professional Fees","TechLogistics Corp","Direct Consumer"
"2026-03-14","24607","Inventory","Azure Utilities","SmallBiz Inc"
"2026-02-04","45522","Inventory","Global Office Ltd","Direct Consumer"
"2026-02-03","18629","Rent","Global Office Ltd","Retail Giant A"
"2026-03-26","15343","Sales Revenue","Azure Utilities","Public Sector Dept"
"2026-03-16","9933","Sales Revenue","Global Office Ltd","Direct Consumer"
"2026-03-30","46587","Inventory","Prime Consulting","Public Sector Dept"
"2026-02-12","31817","Inventory","Azure Utilities","Direct Consumer"
"2026-02-14","21135","Rent","Prime Consulting","Retail Giant A"
"2026-01-14","14307","Rent","Azure Utilities","Retail Giant A"
"2026-01-16","5363","Professional Fees","Global Office Ltd","Retail Giant A"
"2026-02-02","7414","Sales Revenue","Prime Consulting","SmallBiz Inc"
"2026-02-28","18144","Tax Provision","Azure Utilities","Public Sector Dept"
"2026-03-13","47115","Sales Revenue","Prime Consulting","Retail Giant A"
"2026-03-17","7192","Rent","TechLogistics Corp","SmallBiz Inc"
"2026-03-15","7421","Sales Revenue","Global Office Ltd","Retail Giant A"
"2026-03-13","23937","Professional Fees","Prime Consulting","Retail Giant A"
"2026-03-16","22917","Rent","TechLogistics Corp","Public Sector Dept"
"2026-02-18","4275","Inventory","Global Office Ltd","SmallBiz Inc"
"2026-01-31","2171","Tax Provision","Global Office Ltd","SmallBiz Inc"
"2026-01-30","28637","Rent","Azure Utilities","Public Sector Dept"
"2026-01-19","9730","Professional Fees","Prime Consulting","Direct Consumer"
"2026-03-10","36680","Inventory","Global Office Ltd","SmallBiz Inc"
"2026-02-09","41004","Tax Provision","Global Office Ltd","Direct Consumer"
"2026-03-16","31171","Rent","Global Office Ltd","Retail Giant A"
"2026-01-12","9183","Professional Fees","Prime Consulting","Retail Giant A"
"2026-03-09","14573","Sales Revenue","Prime Consulting","Retail Giant A"
"2026-03-31","38173","Professional Fees","TechLogistics Corp","Direct Consumer"
"2026-02-10","21440","Sales Revenue","TechLogistics Corp","Retail Giant A"
"2026-03-11","4176","Professional Fees","Prime Consulting","Direct Consumer"
"2026-02-28","42633","Rent","Azure Utilities","Retail Giant A"
"2026-01-06","12120","Rent","Azure Utilities","Public Sector Dept"
"2026-01-21","4622","Inventory","Azure Utilities","Direct Consumer"
"2026-03-06","33694","Rent","Azure Utilities","SmallBiz Inc"
"2026-03-01","9198","Rent","TechLogistics Corp","Public Sector Dept"
"2026-01-16","37481","Sales Revenue","Azure Utilities","Direct Consumer"
"2026-03-23","31202","Rent","Global Office Ltd","Retail Giant A"
"2026-02-19","20247","Professional Fees","Prime Consulting","SmallBiz Inc"
"2026-02-10","11582","Inventory","Global Office Ltd","Retail Giant A"
"2026-01-18","27159","Sales Revenue","Azure Utilities","Direct Consumer"
"2026-02-12","29694","Rent","Azure Utilities","SmallBiz Inc"
"2026-01-01","7150","Sales Revenue","Global Office Ltd","SmallBiz Inc"
"2026-03-23","20797","Professional Fees","Prime Consulting","Public Sector Dept"
"2026-02-24","20271","Rent","Azure Utilities","Retail Giant A"
"2026-02-05","4558","Inventory","Prime Consulting","Public Sector Dept"
"2026-02-03","43828","Rent","Azure Utilities","Retail Giant A"
"2026-02-01","47726","Inventory","Azure Utilities","Direct Consumer"
"2026-02-21","13622","Tax Provision","TechLogistics Corp","Retail Giant A"
"2026-01-20","3371","Tax Provision","TechLogistics Corp","SmallBiz Inc"
"2026-02-10","37935","Tax Provision","TechLogistics Corp","Public Sector Dept"
"2026-01-23","21388","Professional Fees","Global Office Ltd","Retail Giant A"
"2026-02-10","32357","Professional Fees","Azure Utilities","SmallBiz Inc"
"2026-03-01","47409","Professional Fees","Prime Consulting","Public Sector Dept"
"2026-03-13","27799","Inventory","Global Office Ltd","SmallBiz Inc"
"2026-02-17","21986","Tax Provision","TechLogistics Corp","Retail Giant A"
"2026-03-31","1904","Tax Provision","TechLogistics Corp","Retail Giant A"
"2026-03-05","3721","Tax Provision","TechLogistics Corp","SmallBiz Inc"
"2026-02-24","16360","Inventory","Azure Utilities","SmallBiz Inc"
"2026-02-25","30894","Tax Provision","Global Office Ltd","Direct Consumer"
"2026-01-29","6514","Professional Fees","Global Office Ltd","SmallBiz Inc"
"2026-03-31","11408","Inventory","TechLogistics Corp","Retail Giant A"
"2026-02-12","27051","Sales Revenue","Prime Consulting","Direct Consumer"
"2026-02-01","43617","Rent","Prime Consulting","Public Sector Dept"
"2026-01-22","44710","Rent","Global Office Ltd","Public Sector Dept"
"2026-03-12","45755","Tax Provision","Azure Utilities","Retail Giant A"
"2026-02-19","10423","Tax Provision","Global Office Ltd","Retail Giant A"
"2026-01-23","13312","Rent","TechLogistics Corp","SmallBiz Inc"
"2026-01-05","27048","Professional Fees","Azure Utilities","SmallBiz Inc"
"2026-02-27","16696","Sales Revenue","Global Office Ltd","Public Sector Dept"
"2026-03-10","1896","Tax Provision","Azure Utilities","Direct Consumer"
"2026-03-17","29976","Rent","Global Office Ltd","SmallBiz Inc"
"2026-02-06","39932","Sales Revenue","Prime Consulting","Retail Giant A"
"2026-02-22","18180","Rent","TechLogistics Corp","Direct Consumer"
"2026-03-19","14903","Inventory","Global Office Ltd","SmallBiz Inc"
"2026-01-17","5934","Rent","Global Office Ltd","Direct Consumer"
"2026-02-04","7339","Sales Revenue","TechLogistics Corp","Public Sector Dept"
"2026-03-18","40518","Sales Revenue","Prime Consulting","Public Sector Dept"
"2026-01-04","16113","Rent","Global Office Ltd","Retail Giant A"
"2026-02-03","39940","Rent","Global Office Ltd","Retail Giant A"
"2026-03-06","7003","Rent","Global Office Ltd","Retail Giant A"
"2026-01-04","12176","Rent","TechLogistics Corp","Public Sector Dept"
"2026-03-31","17884","Tax Provision","Azure Utilities","Public Sector Dept"
"2026-01-18","5309","Tax Provision","Prime Consulting","Retail Giant A"
"2026-02-20","9587","Tax Provision","TechLogistics Corp","Public Sector Dept"
"2026-03-02","16453","Tax Provision","Azure Utilities","Retail Giant A"
"2026-03-26","31438","Inventory","TechLogistics Corp","Public Sector Dept"
"2026-01-21","24171","Rent","Global Office Ltd","Retail Giant A"
"2026-03-12","26646","Professional Fees","TechLogistics Corp","Retail Giant A"
"2026-01-03","36826","Rent","Prime Consulting","Direct Consumer"
"2026-03-15","7659","Sales Revenue","TechLogistics Corp","Direct Consumer"
"2026-03-27","20564","Inventory","Prime Consulting","Retail Giant A"
"2026-02-11","49834","Tax Provision","Prime Consulting","Public Sector Dept"
"2026-03-07","45534","Sales Revenue","Prime Consulting","SmallBiz Inc"
"2026-03-29","25141","Professional Fees","Azure Utilities","Direct Consumer"
"2026-02-07","9258","Tax Provision","TechLogistics Corp","SmallBiz Inc"
"2026-03-30","15167","Sales Revenue","Prime Consulting","Retail Giant A"
"2026-03-03","41353","Inventory","Azure Utilities","Public Sector Dept"
"2026-03-08","40084","Tax Provision","Prime Consulting","Direct Consumer"
"2026-01-10","28798","Sales Revenue","TechLogistics Corp","Retail Giant A"
"2026-03-20","4436","Sales Revenue","Prime Consulting","Direct Consumer"
"2026-02-01","14238","Professional Fees","Prime Consulting","Public Sector Dept"
"2026-01-01","13811","Inventory","Global Office Ltd","Direct Consumer"
"2026-01-13","26077","Inventory","Global Office Ltd","Public Sector Dept"
"2026-02-04","24583","Inventory","Global Office Ltd","Direct Consumer"
"2026-01-22","49302","Inventory","Azure Utilities","Retail Giant A"
"2026-03-25","11199","Professional Fees","Prime Consulting","Direct Consumer"
"2026-03-12","18292","Professional Fees","Prime Consulting","Direct Consumer"
"2026-02-03","11938","Professional Fees","Azure Utilities","SmallBiz Inc"
"2026-02-19","19814","Rent","Global Office Ltd","SmallBiz Inc"
"2026-02-09","43257","Sales Revenue","Prime Consulting","Direct Consumer"
"2026-03-03","7937","Tax Provision","TechLogistics Corp","Retail Giant A"
"2026-03-29","21538","Rent","TechLogistics Corp","SmallBiz Inc"
"2026-01-26","4252","Tax Provision","Prime Consulting","Public Sector Dept"
"2026-02-12","41664","Sales Revenue","TechLogistics Corp","Public Sector Dept"
"2026-02-27","45107","Rent","Azure Utilities","SmallBiz Inc"
"2026-01-21","15021","Professional Fees","Azure Utilities","SmallBiz Inc"
"2026-02-12","10358","Tax Provision","Global Office Ltd","SmallBiz Inc"
"2026-03-13","48151","Inventory","Azure Utilities","Direct Consumer"
"2026-03-12","16795","Tax Provision","Global Office Ltd","Public Sector Dept"
"2026-01-22","29489","Sales Revenue","Azure Utilities","Direct Consumer"
"2026-01-11","49716","Professional Fees","TechLogistics Corp","Retail Giant A"
"2026-01-24","22815","Inventory","TechLogistics Corp","Direct Consumer"
"2026-01-25","41036","Inventory","TechLogistics Corp","Direct Consumer"
"2026-03-04","34650","Professional Fees","Global Office Ltd","Public Sector Dept"
"2026-02-24","38067","Tax Provision","Global Office Ltd","Public Sector Dept"
"2026-03-09","48408","Rent","Prime Consulting","Public Sector Dept"
"2026-02-24","38404","Professional Fees","Azure Utilities","Retail Giant A"
"2026-03-01","40011","Professional Fees","TechLogistics Corp","SmallBiz Inc"
"2026-02-23","6227","Inventory","Azure Utilities","Retail Giant A"
"2026-01-24","2939","Tax Provision","Global Office Ltd","Public Sector Dept"
"2026-02-14","41116","Sales Revenue","Prime Consulting","Retail Giant A"
"2026-03-08","3357","Professional Fees","Prime Consulting","Public Sector Dept"
"2026-01-23","9113","Sales Revenue","Azure Utilities","Direct Consumer"
"2026-02-02","40670","Rent","Azure Utilities","SmallBiz Inc"
"2026-02-27","39217","Sales Revenue","Prime Consulting","Direct Consumer"
"2026-01-15","41542","Inventory","Prime Consulting","Public Sector Dept"
"2026-02-08","6723","Sales Revenue","TechLogistics Corp","SmallBiz Inc"
"2026-02-08","10288","Rent","TechLogistics Corp","Direct Consumer"
"2026-03-13","35175","Inventory","TechLogistics Corp","SmallBiz Inc"
"2026-02-17","27078","Sales Revenue","Azure Utilities","Public Sector Dept"
"2026-01-05","39217","Tax Provision","TechLogistics Corp","Retail Giant A"
"2026-03-24","37671","Inventory","Prime Consulting","Public Sector Dept"
"2026-03-01","4628","Sales Revenue","TechLogistics Corp","Retail Giant A"
"2026-01-30","48360","Professional Fees","Azure Utilities","Direct Consumer"
"2026-03-03","7596","Inventory","Prime Consulting","Direct Consumer"
"2026-01-07","5165","Inventory","Azure Utilities","Direct Consumer"
"2026-02-10","4429","Sales Revenue","Prime Consulting","Retail Giant A"
"2026-02-06","32517","Tax Provision","Prime Consulting","Retail Giant A"
"2026-02-12","33738","Inventory","Azure Utilities","Retail Giant A"
"2026-02-09","47272","Inventory","Prime Consulting","SmallBiz Inc"
"2026-03-20","27109","Professional Fees","TechLogistics Corp","Direct Consumer"
"2026-01-26","8290","Sales Revenue","Azure Utilities","SmallBiz Inc"
"2026-02-05","37112","Inventory","Prime Consulting","Retail Giant A"
"2026-03-16","41187","Professional Fees","Global Office Ltd","Direct Consumer"
"2026-01-13","2507","Professional Fees","TechLogistics Corp","Public Sector Dept"
"2026-03-03","23336","Sales Revenue","Global Office Ltd","Direct Consumer"
"2026-03-02","11268","Rent","TechLogistics Corp","SmallBiz Inc"
"2026-01-25","9818","Tax Provision","TechLogistics Corp","SmallBiz Inc"
"2026-02-27","11489","Sales Revenue","Prime Consulting","Public Sector Dept"
"2026-02-13","13586","Tax Provision","Azure Utilities","SmallBiz Inc"
"2026-02-26","46668","Inventory","Prime Consulting","Direct Consumer"
"2026-02-20","43518","Professional Fees","Prime Consulting","Public Sector Dept"
"2026-02-17","35318","Tax Provision","Prime Consulting","Public Sector Dept"
"2026-03-17","41172","Inventory","TechLogistics Corp","Retail Giant A"
"2026-01-04","12485","Tax Provision","Prime Consulting","Public Sector Dept"
"2026-03-29","2879","Sales Revenue","TechLogistics Corp","SmallBiz Inc"
"2026-03-30","21927","Inventory","TechLogistics Corp","Retail Giant A"
"2026-02-09","47856","Tax Provision","Global Office Ltd","Direct Consumer"
"2026-03-25","28969","Tax Provision","Global Office Ltd","Direct Consumer"
"2026-03-14","6508","Rent","TechLogistics Corp","Public Sector Dept"
"2026-01-12","28612","Tax Provision","Prime Consulting","Retail Giant A"
"2026-03-07","35281","Professional Fees","Azure Utilities","Retail Giant A"
"2026-01-12","49965","Professional Fees","TechLogistics Corp","Public Sector Dept"
"2026-02-24","28466","Tax Provision","Prime Consulting","Public Sector Dept"
"2026-02-17","23380","Inventory","TechLogistics Corp","Retail Giant A"
"2026-03-23","3109","Sales Revenue","TechLogistics Corp","Public Sector Dept"
"2026-01-31","21114","Inventory","TechLogistics Corp","Public Sector Dept"
"2026-01-17","39972","Sales Revenue","TechLogistics Corp","Public Sector Dept"
"2026-02-28","7435","Rent","Azure Utilities","Public Sector Dept"
"2026-02-20","48395","Professional Fees","Azure Utilities","Public Sector Dept"
"2026-03-25","2484","Professional Fees","Global Office Ltd","Public Sector Dept"
"2026-01-14","38373","Inventory","Global Office Ltd","SmallBiz Inc"
"2026-02-15","28057","Inventory","Prime Consulting","Direct Consumer"
"2026-03-26","43836","Tax Provision","Global Office Ltd","Direct Consumer"
"2026-02-18","21632","Rent","Prime Consulting","Public Sector Dept"
"2026-03-10","49863","Rent","Prime Consulting","Direct Consumer"
"2026-03-27","7955","Inventory","Global Office Ltd","Direct Consumer"
"2026-02-14","4109","Inventory","TechLogistics Corp","Retail Giant A"
"2026-03-08","28787","Professional Fees","Prime Consulting","SmallBiz Inc"
"2026-01-02","31020","Professional Fees","TechLogistics Corp","Public Sector Dept"
"2026-01-26","11566","Tax Provision","Global Office Ltd","Direct Consumer"
"2026-03-09","4913","Inventory","Global Office Ltd","SmallBiz Inc"
"2026-02-19","2589","Rent","Azure Utilities","Retail Giant A"
"2026-01-07","16882","Sales Revenue","TechLogistics Corp","Retail Giant A"
"2026-03-13","43033","Rent","Global Office Ltd","Retail Giant A"
"2026-03-01","9520","Tax Provision","TechLogistics Corp","Public Sector Dept"
"2026-03-28","1044","Inventory","Prime Consulting","Direct Consumer"
"2026-01-15","24604","Rent","TechLogistics Corp","SmallBiz Inc"
"2026-02-22","45440","Sales Revenue","Global Office Ltd","Direct Consumer"
"2026-03-02","38132","Inventory","Global Office Ltd","Retail Giant A"
"2026-03-27","17809","Tax Provision","Global Office Ltd","Direct Consumer"
"2026-03-13","38118","Professional Fees","Prime Consulting","Public Sector Dept"
"2026-03-19","36891","Professional Fees","Prime Consulting","SmallBiz Inc"
"2026-02-25","34381","Rent","Azure Utilities","Retail Giant A"
"2026-03-01","14614","Sales Revenue","Prime Consulting","Public Sector Dept"
"2026-01-02","2522","Inventory","Prime Consulting","Retail Giant A"
"2026-03-24","40880","Tax Provision","Global Office Ltd","Direct Consumer"
"2026-03-26","4660","Tax Provision","Global Office Ltd","Retail Giant A"
"2026-01-27","48575","Professional Fees","Prime Consulting","Public Sector Dept"
"2026-02-22","1947","Inventory","Azure Utilities","Retail Giant A"
"2026-03-08","30373","Inventory","Prime Consulting","Public Sector Dept"
"2026-02-15","28883","Tax Provision","Azure Utilities","Public Sector Dept"
"2026-01-24","46704","Tax Provision","Global Office Ltd","Public Sector Dept"
"2026-01-31","4899","Rent","Azure Utilities","Direct Consumer"
"2026-02-19","25574","Professional Fees","TechLogistics Corp","Direct Consumer"
"2026-02-05","35265","Rent","Global Office Ltd","SmallBiz Inc"
"2026-03-17","1331","Sales Revenue","Prime Consulting","SmallBiz Inc"
"2026-02-17","21535","Professional Fees","Prime Consulting","Retail Giant A"
"2026-02-19","23617","Professional Fees","Global Office Ltd","SmallBiz Inc"
"2026-03-05","1747","Inventory","Azure Utilities","Public Sector Dept"
"2026-01-01","48403","Sales Revenue","Azure Utilities","Direct Consumer"
"2026-02-08","48866","Rent","Azure Utilities","Public Sector Dept"
"2026-02-01","29393","Inventory","Azure Utilities","Public Sector Dept"
"2026-02-20","37321","Inventory","Azure Utilities","SmallBiz Inc"
"2026-02-20","22569","Tax Provision","Prime Consulting","Direct Consumer"
"2026-02-20","35525","Rent","Prime Consulting","Direct Consumer"
"2026-01-25","35396","Tax Provision","TechLogistics Corp","Public Sector Dept"
"2026-03-30","1559","Inventory","Global Office Ltd","SmallBiz Inc"
"2026-02-11","12941","Inventory","Prime Consulting","SmallBiz Inc"
"2026-02-17","19408","Sales Revenue","Global Office Ltd","Direct Consumer"
"2026-03-20","17806","Tax Provision","TechLogistics Corp","Direct Consumer"
"2026-03-15","46060","Rent","Azure Utilities","SmallBiz Inc"
"2026-02-21","41724","Inventory","Prime Consulting","Retail Giant A"
"2026-02-02","35211","Tax Provision","Global Office Ltd","Retail Giant A"
"2026-03-26","9385","Rent","TechLogistics Corp","Direct Consumer"
"2026-01-21","47691","Rent","Azure Utilities","SmallBiz Inc"
"2026-03-09","33810","Professional Fees","TechLogistics Corp","SmallBiz Inc"
"2026-02-18","35788","Rent","TechLogistics Corp","Retail Giant A"
"2026-03-07","32087","Professional Fees","Prime Consulting","Direct Consumer"
"2026-03-14","11831","Sales Revenue","TechLogistics Corp","Retail Giant A"
"2026-02-08","8832","Sales Revenue","TechLogistics Corp","SmallBiz Inc"
"2026-01-22","48610","Tax Provision","Azure Utilities","Retail Giant A"
"2026-01-04","45378","Inventory","Prime Consulting","Public Sector Dept"
"2026-03-08","40985","Professional Fees","Global Office Ltd","Retail Giant A"
"2026-03-18","42068","Rent","Global Office Ltd","Public Sector Dept"
"2026-01-06","49973","Inventory","Global Office Ltd","Public Sector Dept"
"2026-03-25","19350","Professional Fees","TechLogistics Corp","Public Sector Dept"
"2026-03-03","37677","Professional Fees","Azure Utilities","Direct Consumer"
"2026-01-31","43143","Professional Fees","TechLogistics Corp","SmallBiz Inc"
"2026-02-02","44725","Inventory","TechLogistics Corp","Direct Consumer"
"2026-01-14","39412","Tax Provision","TechLogistics Corp","Public Sector Dept"
"2026-01-27","22142","Tax Provision","Global Office Ltd","Retail Giant A"
"2026-01-06","37628","Tax Provision","Global Office Ltd","Public Sector Dept"
"2026-02-19","21573","Sales Revenue","Azure Utilities","Retail Giant A"
"2026-01-17","25844","Tax Provision","Global Office Ltd","SmallBiz Inc"
"2026-02-19","37635","Professional Fees","Global Office Ltd","Direct Consumer"
"2026-03-11","7721","Rent","Prime Consulting","Retail Giant A"
"2026-02-25","4071","Tax Provision","Global Office Ltd","Public Sector Dept"
"2026-02-12","5521","Sales Revenue","TechLogistics Corp","Retail Giant A"
"2026-01-28","10245","Tax Provision","Global Office Ltd","Retail Giant A"
"2026-03-09","42918","Tax Provision","TechLogistics Corp","SmallBiz Inc"
"2026-03-03","38691","Sales Revenue","Azure Utilities","Public Sector Dept"
"2026-03-19","28633","Rent","Global Office Ltd","SmallBiz Inc"
"2026-03-14","10509","Tax Provision","Azure Utilities","Public Sector Dept"
"2026-02-28","45247","Tax Provision","Global Office Ltd","Public Sector Dept"
"2026-02-03","5599","Tax Provision","Azure Utilities","Direct Consumer"
"2026-03-31","34564","Tax Provision","Azure Utilities","Direct Consumer"
"2026-03-05","22525","Inventory","Prime Consulting","Retail Giant A"
"2026-03-08","48668","Inventory","Prime Consulting","Direct Consumer"
"2026-03-05","26642","Rent","TechLogistics Corp","Direct Consumer"
"2026-03-08","44085","Tax Provision","Azure Utilities","SmallBiz Inc"
"2026-02-17","35441","Tax Provision","Prime Consulting","Direct Consumer"
"2026-03-30","34697","Rent","Azure Utilities","Retail Giant A"
"2026-01-03","25921","Rent","Prime Consulting","SmallBiz Inc"
"2026-01-31","38294","Sales Revenue","Prime Consulting","Direct Consumer"
"2026-02-23","7963","Rent","TechLogistics Corp","SmallBiz Inc"
"2026-01-15","10406","Rent","TechLogistics Corp","Retail Giant A"
"2026-03-15","34749","Professional Fees","Global Office Ltd","SmallBiz Inc"
"2026-02-07","8300","Rent","Global Office Ltd","Direct Consumer"
"2026-02-17","29874","Inventory","Prime Consulting","SmallBiz Inc"
"2026-03-26","18424","Tax Provision","Azure Utilities","SmallBiz Inc"
"2026-03-25","8009","Tax Provision","Prime Consulting","Retail Giant A"
"2026-02-14","41600","Professional Fees","Global Office Ltd","SmallBiz Inc"
"2026-01-29","20662","Rent","TechLogistics Corp","Direct Consumer"
"2026-01-27","23285","Inventory","TechLogistics Corp","Retail Giant A"
"2026-02-27","42436","Tax Provision","TechLogistics Corp","Retail Giant A"
"2026-02-21","14913","Sales Revenue","Prime Consulting","SmallBiz Inc"
"2026-01-03","38617","Tax Provision","Global Office Ltd","Direct Consumer"
"2026-02-09","43781","Rent","Prime Consulting","Retail Giant A"
"2026-01-25","27921","Tax Provision","TechLogistics Corp","Public Sector Dept"
"2026-03-12","43573","Sales Revenue","Prime Consulting","SmallBiz Inc"
"2026-01-11","17674","Professional Fees","Prime Consulting","Retail Giant A"
"2026-01-23","6801","Rent","TechLogistics Corp","SmallBiz Inc"
"2026-01-21","39762","Inventory","Prime Consulting","Public Sector Dept"
"2026-03-07","28308","Tax Provision","Global Office Ltd","SmallBiz Inc"
"2026-01-30","10810","Sales Revenue","Prime Consulting","SmallBiz Inc"
"2026-02-11","44355","Tax Provision","TechLogistics Corp","Public Sector Dept"
"2026-01-27","36469","Inventory","TechLogistics Corp","Retail Giant A"
"2026-03-04","3531","Rent","Azure Utilities","Retail Giant A"
"2026-01-22","45629","Professional Fees","Azure Utilities","Retail Giant A"
"2026-01-09","16648","Professional Fees","TechLogistics Corp","Public Sector Dept"
"2026-03-26","13580","Tax Provision","TechLogistics Corp","Direct Consumer"
"2026-01-21","38401","Inventory","Global Office Ltd","Direct Consumer"
"2026-01-08","48590","Inventory","Azure Utilities","Retail Giant A"
"2026-01-18","20431","Sales Revenue","TechLogistics Corp","Direct Consumer"
"2026-03-21","11331","Professional Fees","Prime Consulting","Public Sector Dept"
"2026-03-04","48445","Professional Fees","TechLogistics Corp","Direct Consumer"
"2026-03-24","28956","Rent","TechLogistics Corp","Direct Consumer"
"2026-01-19","31355","Sales Revenue","TechLogistics Corp","Public Sector Dept"
"2026-02-04","4088","Professional Fees","Azure Utilities","SmallBiz Inc"
"2026-03-02","46899","Inventory","Global Office Ltd","Direct Consumer"
"2026-01-28","5723","Sales Revenue","Global Office Ltd","Public Sector Dept"
"2026-03-06","38019","Professional Fees","Azure Utilities","Public Sector Dept"
"2026-02-23","12307","Rent","Global Office Ltd","Public Sector Dept"
"2026-01-06","13680","Tax Provision","TechLogistics Corp","Retail Giant A"
"2026-03-16","39686","Rent","TechLogistics Corp","Direct Consumer"
"2026-01-16","40908","Inventory","Azure Utilities","SmallBiz Inc"
"2026-01-27","42464","Rent","Prime Consulting","Public Sector Dept"
"2026-01-01","6102","Tax Provision","TechLogistics Corp","SmallBiz Inc"
"2026-01-23","18064","Sales Revenue","Prime Consulting","SmallBiz Inc"
"2026-01-20","48425","Tax Provision","TechLogistics Corp","Direct Consumer"
"2026-02-06","12445","Sales Revenue","Azure Utilities","Direct Consumer"
"2026-01-21","22702","Sales Revenue","Global Office Ltd","Public Sector Dept"
"2026-03-03","14469","Professional Fees","Azure Utilities","SmallBiz Inc"
"2026-01-03","24665","Sales Revenue","Global Office Ltd","Direct Consumer"
"2026-02-27","32582","Rent","Azure Utilities","Retail Giant A"
"2026-03-24","31804","Tax Provision","Azure Utilities","Retail Giant A"
"2026-01-18","8990","Professional Fees","Prime Consulting","Direct Consumer"
"2026-03-25","14292","Professional Fees","Prime Consulting","Retail Giant A"
"2026-01-30","9292","Sales Revenue","Azure Utilities","Public Sector Dept"
"2026-02-11","7889","Inventory","Prime Consulting","Retail Giant A"
"2026-03-02","3834","Professional Fees","Global Office Ltd","Public Sector Dept"
"2026-01-09","15969","Tax Provision","Prime Consulting","Retail Giant A"
"2026-02-13","27536","Inventory","Global Office Ltd","Direct Consumer"
"2026-01-23","42553","Rent","Prime Consulting","Retail Giant A"
"2026-03-23","12037","Professional Fees","Azure Utilities","Public Sector Dept"
"2026-01-05","37167","Tax Provision","Azure Utilities","Public Sector Dept"
"2026-01-02","29183","Sales Revenue","Azure Utilities","Direct Consumer"
"2026-01-31","40345","Tax Provision","TechLogistics Corp","Retail Giant A"
"2026-02-09","37938","Tax Provision","Global Office Ltd","Public Sector Dept"
"2026-03-12","28404","Inventory","Global Office Ltd","Direct Consumer"
"2026-02-22","30365","Inventory","TechLogistics Corp","Public Sector Dept"
"2026-03-13","18961","Rent","Global Office Ltd","SmallBiz Inc"
"2026-02-10","17311","Rent","Prime Consulting","Direct Consumer"
"2026-02-24","42885","Professional Fees","Global Office Ltd","SmallBiz Inc"
"2026-01-16","12305","Tax Provision","Azure Utilities","Public Sector Dept"
"2026-03-24","8893","Rent","Global Office Ltd","Direct Consumer"
"2026-01-03","10032","Inventory","Global Office Ltd","Retail Giant A"
"2026-03-30","27692","Professional Fees","TechLogistics Corp","Direct Consumer"
"2026-02-18","8236","Inventory","TechLogistics Corp","Public Sector Dept"
"2026-02-11","40694","Rent","Prime Consulting","Retail Giant A"
"2026-01-28","39574","Sales Revenue","Global Office Ltd","Public Sector Dept"
"2026-03-08","39450","Rent","TechLogistics Corp","Retail Giant A"
"2026-03-13","8046","Professional Fees","Prime Consulting","Retail Giant A"
"2026-03-31","30045","Tax Provision","Azure Utilities","Direct Consumer"
"2026-02-18","4735","Tax Provision","Global Office Ltd","Direct Consumer"
"2026-01-30","32687","Inventory","Azure Utilities","Direct Consumer"
"2026-03-05","34488","Tax Provision","Global Office Ltd","Retail Giant A"
"2026-02-15","15805","Sales Revenue","Azure Utilities","Direct Consumer"
"2026-03-10","5878","Inventory","Prime Consulting","SmallBiz Inc"
"2026-02-08","28985","Rent","Azure Utilities","Retail Giant A"
"2026-02-05","41951","Sales Revenue","TechLogistics Corp","Direct Consumer"
"2026-03-13","3120","Inventory","Prime Consulting","Direct Consumer"
"2026-03-10","16046","Inventory","TechLogistics Corp","Retail Giant A"
"2026-02-02","49631","Rent","Global Office Ltd","Public Sector Dept"
"2026-03-06","27965","Sales Revenue","TechLogistics Corp","Retail Giant A"
"2026-03-19","5183","Tax Provision","Prime Consulting","Direct Consumer"
"2026-01-28","42888","Tax Provision","Prime Consulting","Public Sector Dept"
"2026-02-02","3960","Inventory","Azure Utilities","SmallBiz Inc"
"2026-03-20","43428","Sales Revenue","TechLogistics Corp","Public Sector Dept"
"2026-01-31","15979","Sales Revenue","Prime Consulting","SmallBiz Inc"
"2026-03-27","28295","Rent","Azure Utilities","Public Sector Dept"
"2026-02-26","10201","Sales Revenue","Prime Consulting","Direct Consumer"
"2026-02-01","3397","Sales Revenue","Azure Utilities","SmallBiz Inc"
"2026-02-24","9043","Sales Revenue","Azure Utilities","SmallBiz Inc"
"2026-03-22","15385","Professional Fees","Global Office Ltd","Public Sector Dept"
"2026-03-26","16112","Professional Fees","Prime Consulting","Public Sector Dept"
"2026-03-21","7559","Tax Provision","TechLogistics Corp","Direct Consumer"
"2026-03-08","29022","Inventory","TechLogistics Corp","Public Sector Dept"
"2026-02-23","22124","Inventory","Azure Utilities","Public Sector Dept"
"2026-03-22","9527","Professional Fees","TechLogistics Corp","SmallBiz Inc"
"2026-02-17","28598","Sales Revenue","Prime Consulting","SmallBiz Inc"
"2026-03-28","24790","Tax Provision","Prime Consulting","Direct Consumer"
"2026-02-26","25856","Rent","Global Office Ltd","Direct Consumer"
"2026-02-08","48743","Sales Revenue","Global Office Ltd","SmallBiz Inc"
"2026-03-12","17282","Inventory","TechLogistics Corp","Retail Giant A"
"2026-01-13","3330","Professional Fees","Prime Consulting","Retail Giant A"
"2026-03-03","47587","Tax Provision","Global Office Ltd","Direct Consumer"
"2026-03-28","30738","Inventory","TechLogistics Corp","Public Sector Dept"
"2026-01-16","15347","Rent","TechLogistics Corp","SmallBiz Inc"
"2026-03-13","31027","Inventory","TechLogistics Corp","Direct Consumer"
"2026-03-15","46533","Rent","Global Office Ltd","Retail Giant A"
"2026-02-19","1821","Professional Fees","Prime Consulting","Direct Consumer"
"2026-02-28","14123","Rent","TechLogistics Corp","Direct Consumer"
"2026-02-11","48426","Professional Fees","TechLogistics Corp","Direct Consumer"
"2026-02-03","3729","Inventory","Prime Consulting","Retail Giant A"
"2026-02-13","14235","Tax Provision","Global Office Ltd","Direct Consumer"
"2026-01-27","13340","Sales Revenue","Azure Utilities","SmallBiz Inc"
"2026-01-25","22000","Professional Fees","TechLogistics Corp","Retail Giant A"
"2026-01-08","17726","Rent","Global Office Ltd","Direct Consumer"
"2026-02-10","32415","Sales Revenue","TechLogistics Corp","SmallBiz Inc"
"2026-03-06","14838","Sales Revenue","Azure Utilities","Public Sector Dept"
"2026-02-23","9456","Professional Fees","Global Office Ltd","Retail Giant A"
"2026-03-04","25288","Tax Provision","Global Office Ltd","Public Sector Dept"
"2026-01-25","19607","Sales Revenue","Prime Consulting","Direct Consumer"
"2026-02-04","27509","Rent","TechLogistics Corp","SmallBiz Inc"
"2026-02-26","49115","Rent","Global Office Ltd","Direct Consumer"
"2026-01-03","26094","Rent","Prime Consulting","SmallBiz Inc"
"2026-02-15","45436","Tax Provision","Prime Consulting","Retail Giant A"
"2026-02-07","34795","Tax Provision","TechLogistics Corp","Direct Consumer"
"2026-01-14","26438","Professional Fees","Prime Consulting","SmallBiz Inc"
"2026-01-24","47979","Professional Fees","Global Office Ltd","SmallBiz Inc"
"2026-02-15","2121","Tax Provision","Azure Utilities","SmallBiz Inc"
"2026-02-23","39853","Tax Provision","Global Office Ltd","SmallBiz Inc"
"2026-01-23","11580","Rent","Prime Consulting","SmallBiz Inc"
"2026-02-09","2132","Sales Revenue","Prime Consulting","Retail Giant A"
"2026-01-06","7908","Tax Provision","TechLogistics Corp","Direct Consumer"
"2026-01-15","1482","Inventory","TechLogistics Corp","Direct Consumer"
"2026-01-20","47992","Sales Revenue","Prime Consulting","Direct Consumer"
"2026-03-08","30592","Inventory","Global Office Ltd","SmallBiz Inc"
"2026-01-16","35230","Tax Provision","Global Office Ltd","SmallBiz Inc"
"2026-03-29","4352","Professional Fees","Prime Consulting","Public Sector Dept"
"2026-03-05","15312","Tax Provision","Global Office Ltd","Retail Giant A"
"2026-01-23","9673","Tax Provision","Prime Consulting","Public Sector Dept"
"2026-02-19","23134","Professional Fees","TechLogistics Corp","Direct Consumer"
"2026-03-10","10743","Sales Revenue","Prime Consulting","SmallBiz Inc"
"2026-03-21","43224","Tax Provision","Azure Utilities","SmallBiz Inc"
"2026-01-10","39462","Sales Revenue","Global Office Ltd","Public Sector Dept"
"2026-03-24","10420","Professional Fees","Azure Utilities","Direct Consumer"
"2026-01-11","14413","Rent","Azure Utilities","Retail Giant A"
"2026-01-02","45710","Sales Revenue","TechLogistics Corp","Direct Consumer"
"2026-01-10","44736","Inventory","Prime Consulting","Direct Consumer"
"2026-01-22","7994","Sales Revenue","Prime Consulting","SmallBiz Inc"
"2026-01-08","14186","Inventory","TechLogistics Corp","Retail Giant A"
"2026-02-14","20653","Professional Fees","Global Office Ltd","SmallBiz Inc"
"2026-02-04","20432","Rent","Global Office Ltd","Direct Consumer"
"2026-01-25","42451","Professional Fees","TechLogistics Corp","Direct Consumer"
"2026-03-04","27473","Sales Revenue","Prime Consulting","Retail Giant A"
"2026-01-29","46248","Professional Fees","TechLogistics Corp","Retail Giant A"
"2026-02-04","16692","Inventory","Azure Utilities","SmallBiz Inc"
"2026-01-09","21996","Tax Provision","Global Office Ltd","Retail Giant A"
"2026-02-14","42520","Inventory","Azure Utilities","Direct Consumer"
"2026-03-31","32263","Tax Provision","Azure Utilities","Public Sector Dept"
"2026-03-28","44088","Professional Fees","TechLogistics Corp","SmallBiz Inc"
"2026-03-08","2166","Inventory","Prime Consulting","Retail Giant A"
"2026-03-16","26854","Professional Fees","Azure Utilities","SmallBiz Inc"
"2026-02-15","34586","Rent","Prime Consulting","SmallBiz Inc"
"2026-02-11","27000","Professional Fees","Prime Consulting","Retail Giant A"
"2026-01-24","5688","Professional Fees","Global Office Ltd","SmallBiz Inc"
"2026-03-14","23485","Professional Fees","Azure Utilities","SmallBiz Inc"
"2026-01-02","12835","Tax Provision","Prime Consulting","Retail Giant A"
"2026-03-08","10593","Sales Revenue","TechLogistics Corp","Public Sector Dept"
"2026-03-10","14776","Tax Provision","Prime Consulting","Direct Consumer"
"2026-03-15","22137","Rent","Global Office Ltd","Public Sector Dept"
"2026-02-06","5361","Professional Fees","TechLogistics Corp","Retail Giant A"
"2026-03-20","46272","Sales Revenue","Azure Utilities","SmallBiz Inc"
"2026-02-21","14639","Rent","Global Office Ltd","Retail Giant A"
"2026-02-23","13450","Professional Fees","Global Office Ltd","Public Sector Dept"
"2026-03-22","19001","Inventory","TechLogistics Corp","SmallBiz Inc"
"2026-01-22","29474","Inventory","Global Office Ltd","Retail Giant A"
"2026-03-17","41210","Tax Provision","Azure Utilities","Public Sector Dept"
"2026-03-31","44852","Tax Provision","Prime Consulting","Public Sector Dept"
"2026-01-04","20524","Tax Provision","Prime Consulting","Retail Giant A"
"2026-01-12","7106","Inventory","Azure Utilities","Retail Giant A"
"2026-03-17","31438","Tax Provision","Prime Consulting","SmallBiz Inc"
"2026-02-05","7939","Professional Fees","TechLogistics Corp","Public Sector Dept"
"2026-01-21","5205","Inventory","Global Office Ltd","Public Sector Dept"
"2026-02-01","29479","Inventory","TechLogistics Corp","SmallBiz Inc"
"2026-03-10","24705","Inventory","Prime Consulting","Direct Consumer"
"2026-02-17","32943","Rent","Prime Consulting","SmallBiz Inc"
"2026-01-10","35562","Rent","Global Office Ltd","Public Sector Dept"
"2026-01-04","13128","Inventory","Prime Consulting","Retail Giant A"
"2026-02-11","18606","Sales Revenue","Prime Consulting","Direct Consumer"
"2026-01-14","23788","Sales Revenue","Prime Consulting","Retail Giant A"
"2026-02-10","30502","Professional Fees","TechLogistics Corp","Public Sector Dept"
"2026-02-10","15190","Tax Provision","Global Office Ltd","Public Sector Dept"
"2026-01-04","43357","Inventory","Azure Utilities","Public Sector Dept"
"2026-02-24","45265","Tax Provision","Prime Consulting","Retail Giant A"
"2026-01-26","23214","Professional Fees","Global Office Ltd","Retail Giant A"
"2026-01-14","9749","Rent","Global Office Ltd","Public Sector Dept"
"2026-03-03","18045","Sales Revenue","Azure Utilities","Public Sector Dept"
"2026-03-02","6951","Inventory","Prime Consulting","Public Sector Dept"
"2026-01-08","37542","Tax Provision","TechLogistics Corp","SmallBiz Inc"
"2026-01-25","45116","Tax Provision","Prime Consulting","Public Sector Dept"
"2026-03-02","29242","Sales Revenue","Global Office Ltd","SmallBiz Inc"
"2026-03-01","33087","Tax Provision","Prime Consulting","Retail Giant A"
"2026-03-28","41051","Tax Provision","Prime Consulting","SmallBiz Inc"
"2026-03-06","13956","Professional Fees","Azure Utilities","SmallBiz Inc"
"2026-02-25","35414","Tax Provision","Azure Utilities","Public Sector Dept"
"2026-02-11","7608","Sales Revenue","Prime Consulting","Direct Consumer"
"2026-02-13","12831","Tax Provision","Azure Utilities","Retail Giant A"
"2026-01-25","33020","Professional Fees","Azure Utilities","SmallBiz Inc"
"2026-03-08","18219","Tax Provision","Global Office Ltd","Direct Consumer"
"2026-02-18","10933","Professional Fees","Azure Utilities","Retail Giant A"
"2026-01-26","47908","Professional Fees","Azure Utilities","SmallBiz Inc"
"2026-02-09","14799","Sales Revenue","Azure Utilities","SmallBiz Inc"
"2026-01-31","21644","Tax Provision","Global Office Ltd","Retail Giant A"
"2026-03-20","46939","Inventory","Prime Consulting","Retail Giant A"
"2026-03-13","32669","Sales Revenue","Prime Consulting","Public Sector Dept"
"2026-01-31","4357","Rent","Global Office Ltd","Retail Giant A"
"2026-03-17","6960","Sales Revenue","Prime Consulting","Direct Consumer"
"2026-01-01","12833","Professional Fees","Global Office Ltd","SmallBiz Inc"
"2026-01-03","43681","Sales Revenue","TechLogistics Corp","Retail Giant A"
"2026-01-02","6125","Professional Fees","Azure Utilities","Direct Consumer"
"2026-01-19","28870","Sales Revenue","Global Office Ltd","Direct Consumer"
"2026-03-24","49404","Rent","TechLogistics Corp","Direct Consumer"
"2026-03-29","15141","Sales Revenue","TechLogistics Corp","SmallBiz Inc"
"2026-01-10","8909","Inventory","TechLogistics Corp","SmallBiz Inc"
"2026-01-13","26672","Tax Provision","TechLogistics Corp","SmallBiz Inc"
"2026-03-22","7711","Inventory","Prime Consulting","SmallBiz Inc"
"2026-03-17","8996","Tax Provision","Prime Consulting","Retail Giant A"
"2026-02-14","18487","Sales Revenue","Prime Consulting","Retail Giant A"
"2026-02-23","14436","Rent","Prime Consulting","SmallBiz Inc"
"2026-03-21","29086","Inventory","Global Office Ltd","Retail Giant A"
"2026-02-13","35414","Inventory","Prime Consulting","Direct Consumer"
"2026-03-03","23824","Inventory","Prime Consulting","Retail Giant A"
"2026-03-04","27746","Sales Revenue","TechLogistics Corp","SmallBiz Inc"
"2026-03-10","47408","Inventory","TechLogistics Corp","Public Sector Dept"
"2026-01-04","24484","Tax Provision","Prime Consulting","Direct Consumer"
"2026-02-27","14071","Sales Revenue","TechLogistics Corp","SmallBiz Inc"
"2026-01-29","38325","Rent","TechLogistics Corp","Public Sector Dept"
"2026-03-30","1007","Inventory","Azure Utilities","Retail Giant A"
"2026-03-26","27488","Professional Fees","Prime Consulting","Public Sector Dept"
"2026-01-31","23846","Tax Provision","TechLogistics Corp","SmallBiz Inc"
"2026-03-30","40365","Sales Revenue","TechLogistics Corp","Retail Giant A"
"2026-01-12","35265","Sales Revenue","Global Office Ltd","Public Sector Dept"
"2026-03-04","17308","Tax Provision","TechLogistics Corp","Public Sector Dept"
"2026-03-04","42223","Professional Fees","TechLogistics Corp","Retail Giant A"
"2026-01-23","2537","Inventory","Prime Consulting","Direct Consumer"
"2026-03-10","44388","Sales Revenue","Prime Consulting","Retail Giant A"
"2026-02-08","43197","Sales Revenue","TechLogistics Corp","Direct Consumer"
"2026-02-06","49930","Rent","TechLogistics Corp","Retail Giant A"
"2026-02-28","26978","Rent","TechLogistics Corp","SmallBiz Inc"
"2026-01-22","19303","Tax Provision","Prime Consulting","SmallBiz Inc"
"2026-02-14","31725","Rent","Global Office Ltd","Retail Giant A"
"2026-01-12","8550","Rent","Prime Consulting","Public Sector Dept"
"2026-01-08","33231","Rent","Global Office Ltd","Public Sector Dept"
"2026-01-11","32374","Sales Revenue","TechLogistics Corp","Public Sector Dept"
"2026-03-16","30784","Rent","Prime Consulting","Public Sector Dept"
"2026-01-11","20358","Rent","Global Office Ltd","Retail Giant A"
"2026-03-24","37965","Inventory","Azure Utilities","Retail Giant A"
"2026-01-04","40719","Professional Fees","TechLogistics Corp","SmallBiz Inc"
"2026-02-28","7835","Tax Provision","Azure Utilities","Public Sector Dept"
"2026-01-14","49439","Rent","Azure Utilities","Retail Giant A"
"2026-02-08","20143","Sales Revenue","TechLogistics Corp","Retail Giant A"
"2026-01-08","32421","Professional Fees","Azure Utilities","Public Sector Dept"
"2026-03-31","2925","Rent","Global Office Ltd","Direct Consumer"
"2026-02-14","11979","Tax Provision","Global Office Ltd","Retail Giant A"
"2026-01-21","35037","Inventory","Global Office Ltd","Direct Consumer"
"2026-03-20","37776","Tax Provision","Global Office Ltd","SmallBiz Inc"
"2026-01-27","4822","Professional Fees","Azure Utilities","Public Sector Dept"
"2026-03-17","40739","Professional Fees","Global Office Ltd","SmallBiz Inc"
"2026-02-18","42581","Tax Provision","Global Office Ltd","Direct Consumer"
"2026-02-26","17982","Inventory","Global Office Ltd","Public Sector Dept"
"2026-01-21","28135","Inventory","Global Office Ltd","Direct Consumer"
"2026-02-27","22795","Sales Revenue","Prime Consulting","Direct Consumer"
"2026-03-02","11370","Tax Provision","Azure Utilities","Retail Giant A"
"2026-03-30","41449","Professional Fees","Global Office Ltd","Direct Consumer"
"2026-03-21","43905","Tax Provision","Prime Consulting","Direct Consumer"
"2026-02-22","11784","Tax Provision","Azure Utilities","Retail Giant A"
"2026-01-01","24151","Professional Fees","Prime Consulting","Public Sector Dept"
"2026-03-10","6177","Rent","Global Office Ltd","Retail Giant A"
"2026-03-12","7140","Inventory","TechLogistics Corp","Retail Giant A"
"2026-01-26","39543","Sales Revenue","TechLogistics Corp","Retail Giant A"
"2026-02-04","27463","Tax Provision","TechLogistics Corp","SmallBiz Inc"
"2026-02-27","36864","Professional Fees","TechLogistics Corp","SmallBiz Inc"
"2026-03-03","21085","Sales Revenue","Azure Utilities","Retail Giant A"
"2026-02-11","14497","Inventory","Global Office Ltd","Retail Giant A"
"2026-02-18","27325","Inventory","Global Office Ltd","Retail Giant A"
"2026-03-01","34625","Tax Provision","Global Office Ltd","SmallBiz Inc"
"2026-01-02","30644","Professional Fees","Prime Consulting","Public Sector Dept"
"2026-01-01","1090","Inventory","Azure Utilities","Public Sector Dept"
"2026-03-24","37866","Professional Fees","Global Office Ltd","Retail Giant A"
"2026-01-08","46612","Inventory","TechLogistics Corp","Direct Consumer"
"2026-02-06","27720","Sales Revenue","Prime Consulting","Retail Giant A"
"2026-02-13","33051","Rent","TechLogistics Corp","SmallBiz Inc"
"2026-02-10","38316","Sales Revenue","TechLogistics Corp","SmallBiz Inc"
"2026-01-09","20383","Inventory","TechLogistics Corp","Retail Giant A"
"2026-02-27","36930","Professional Fees","Azure Utilities","Retail Giant A"
"2026-01-27","25213","Tax Provision","Prime Consulting","Direct Consumer"
"2026-03-25","27637","Tax Provision","Azure Utilities","Direct Consumer"
"2026-02-11","45576","Professional Fees","TechLogistics Corp","SmallBiz Inc"
"2026-02-07","40393","Sales Revenue","TechLogistics Corp","Direct Consumer"
"2026-02-03","27863","Sales Revenue","Azure Utilities","Public Sector Dept"
"2026-03-07","23467","Tax Provision","Azure Utilities","Public Sector Dept"
"2026-03-06","17167","Inventory","TechLogistics Corp","Public Sector Dept"
"2026-02-26","19618","Sales Revenue","Global Office Ltd","Public Sector Dept"
"2026-03-19","46200","Professional Fees","Global Office Ltd","Retail Giant A"
"2026-02-08","11332","Professional Fees","Azure Utilities","Retail Giant A"
"2026-01-17","5131","Rent","Global Office Ltd","Direct Consumer"
"2026-02-22","33254","Professional Fees","Global Office Ltd","Direct Consumer"
"2026-03-08","15283","Tax Provision","Azure Utilities","Direct Consumer"
"2026-03-14","42500","Inventory","Prime Consulting","Retail Giant A"
"2026-03-11","38421","Inventory","TechLogistics Corp","SmallBiz Inc"
"2026-03-22","13166","Tax Provision","TechLogistics Corp","SmallBiz Inc"
"2026-03-11","7806","Rent","Prime Consulting","Retail Giant A"
"2026-01-07","22001","Tax Provision","Azure Utilities","Retail Giant A"
"2026-02-04","11087","Tax Provision","TechLogistics Corp","Direct Consumer"
"2026-03-09","3739","Rent","TechLogistics Corp","SmallBiz Inc"
"2026-01-18","22283","Tax Provision","Prime Consulting","Direct Consumer"
"2026-03-23","28747","Inventory","Prime Consulting","SmallBiz Inc"
"2026-03-02","14710","Sales Revenue","Global Office Ltd","SmallBiz Inc"
"2026-02-04","10483","Professional Fees","TechLogistics Corp","Public Sector Dept"
"2026-02-21","24181","Rent","Global Office Ltd","Public Sector Dept"
"2026-02-21","49915","Sales Revenue","Azure Utilities","SmallBiz Inc"
"2026-03-29","28069","Rent","Prime Consulting","SmallBiz Inc"
"2026-03-17","1035","Inventory","TechLogistics Corp","SmallBiz Inc"
"2026-03-27","35185","Sales Revenue","Prime Consulting","SmallBiz Inc"
"2026-02-02","23329","Sales Revenue","Prime Consulting","SmallBiz Inc"
"2026-03-20","19043","Inventory","Global Office Ltd","SmallBiz Inc"
"2026-03-04","3878","Inventory","Prime Consulting","Direct Consumer"
"2026-01-17","35207","Professional Fees","Prime Consulting","Direct Consumer"
"2026-01-21","37752","Sales Revenue","Azure Utilities","Public Sector Dept"
"2026-01-11","13248","Professional Fees","Prime Consulting","Direct Consumer"
"2026-02-27","19338","Inventory","TechLogistics Corp","Public Sector Dept"
"2026-03-07","45601","Tax Provision","Global Office Ltd","Public Sector Dept"
"2026-01-23","33102","Inventory","Azure Utilities","Public Sector Dept"
"2026-02-04","2066","Tax Provision","Global Office Ltd","SmallBiz Inc"
"2026-01-16","45468","Rent","TechLogistics Corp","Retail Giant A"
"2026-01-28","17050","Inventory","Azure Utilities","SmallBiz Inc"
"2026-02-25","45016","Inventory","Prime Consulting","Retail Giant A"
"2026-03-29","35711","Tax Provision","Azure Utilities","Public Sector Dept"
"2026-03-13","44681","Professional Fees","TechLogistics Corp","SmallBiz Inc"
"2026-02-07","32275","Inventory","Global Office Ltd","Retail Giant A"
"2026-02-06","2503","Tax Provision","Azure Utilities","SmallBiz Inc"
"2026-01-30","38444","Inventory","Prime Consulting","SmallBiz Inc"
"2026-03-21","30795","Rent","Global Office Ltd","Retail Giant A"
"2026-02-21","45375","Professional Fees","Prime Consulting","Retail Giant A"
"2026-02-12","36167","Professional Fees","TechLogistics Corp","Direct Consumer"
"2026-03-04","20818","Professional Fees","Azure Utilities","Retail Giant A"
"2026-02-23","16850","Rent","Global Office Ltd","Direct Consumer"
"2026-01-09","5483","Tax Provision","Azure Utilities","Direct Consumer"
"2026-01-06","31970","Sales Revenue","Prime Consulting","Public Sector Dept"
"2026-01-12","48914","Rent","Global Office Ltd","SmallBiz Inc"
"2026-03-02","39937","Sales Revenue","Azure Utilities","Retail Giant A"
"2026-03-11","25967","Sales Revenue","Azure Utilities","Public Sector Dept"
"2026-03-13","28128","Rent","Global Office Ltd","SmallBiz Inc"
"2026-02-28","36345","Inventory","TechLogistics Corp","Retail Giant A"
"2026-03-14","36754","Tax Provision","TechLogistics Corp","SmallBiz Inc"
"2026-01-14","9540","Professional Fees","Prime Consulting","Direct Consumer"
"2026-02-27","26294","Tax Provision","Azure Utilities","Public Sector Dept"
"2026-01-27","34012","Tax Provision","TechLogistics Corp","Public Sector Dept"
"2026-01-28","32874","Sales Revenue","TechLogistics Corp","SmallBiz Inc"
"2026-02-02","29360","Inventory","Prime Consulting","Public Sector Dept"
"2026-03-03","8826","Sales Revenue","Prime Consulting","SmallBiz Inc"
"2026-02-27","37177","Sales Revenue","TechLogistics Corp","SmallBiz Inc"
"2026-03-25","22082","Tax Provision","TechLogistics Corp","SmallBiz Inc"
"2026-02-08","12785","Inventory","Prime Consulting","Direct Consumer"
"2026-03-26","16795","Tax Provision","Global Office Ltd","SmallBiz Inc"
"2026-03-12","27781","Professional Fees","Prime Consulting","SmallBiz Inc"
"2026-02-02","36591","Tax Provision","Azure Utilities","Direct Consumer"
"2026-02-15","9076","Rent","TechLogistics Corp","SmallBiz Inc"
"2026-02-13","3734","Professional Fees","Azure Utilities","Public Sector Dept"
"2026-02-24","17475","Tax Provision","Azure Utilities","Retail Giant A"
"2026-03-16","6889","Inventory","Global Office Ltd","Public Sector Dept"
"2026-01-16","8518","Sales Revenue","Global Office Ltd","Public Sector Dept"
"2026-01-25","29512","Inventory","Global Office Ltd","SmallBiz Inc"
"2026-03-29","19860","Professional Fees","Prime Consulting","Direct Consumer"
"2026-03-24","14361","Sales Revenue","TechLogistics Corp","SmallBiz Inc"
"2026-02-13","8931","Rent","Global Office Ltd","Retail Giant A"
"2026-01-30","11168","Rent","Azure Utilities","Retail Giant A"
"2026-03-10","11625","Professional Fees","TechLogistics Corp","Public Sector Dept"
"2026-03-05","43015","Sales Revenue","Prime Consulting","SmallBiz Inc"
"2026-01-21","32835","Inventory","Prime Consulting","SmallBiz Inc"
"2026-02-12","34560","Sales Revenue","Azure Utilities","SmallBiz Inc"
"2026-02-25","21866","Rent","Global Office Ltd","Direct Consumer"
"2026-02-01","47230","Rent","Prime Consulting","Direct Consumer"
"2026-02-01","22220","Sales Revenue","Global Office Ltd","SmallBiz Inc"
"2026-02-17","5462","Sales Revenue","Azure Utilities","Public Sector Dept"
"2026-01-17","44730","Tax Provision","Azure Utilities","SmallBiz Inc"
"2026-01-04","32419","Tax Provision","Prime Consulting","Retail Giant A"
"2026-03-16","45817","Professional Fees","TechLogistics Corp","Public Sector Dept"
"2026-03-08","4637","Inventory","Prime Consulting","Public Sector Dept"
"2026-03-26","35646","Tax Provision","Global Office Ltd","Direct Consumer"
"2026-03-13","44299","Sales Revenue","Prime Consulting","Direct Consumer"
"2026-03-16","45391","Professional Fees","TechLogistics Corp","Public Sector Dept"
"2026-03-11","21019","Rent","Global Office Ltd","Retail Giant A"
"2026-01-09","37005","Inventory","Global Office Ltd","Direct Consumer"
"2026-01-28","47683","Inventory","TechLogistics Corp","Retail Giant A"
"2026-03-25","14669","Tax Provision","Prime Consulting","Retail Giant A"
"2026-02-19","46592","Sales Revenue","Prime Consulting","Public Sector Dept"
"2026-02-01","23034","Sales Revenue","Global Office Ltd","Direct Consumer"
"2026-01-20","13623","Sales Revenue","Prime Consulting","Public Sector Dept"
"2026-01-14","40414","Tax Provision","Global Office Ltd","Direct Consumer"
"2026-01-12","30373","Professional Fees","TechLogistics Corp","SmallBiz Inc"
"2026-02-28","18350","Tax Provision","Azure Utilities","Retail Giant A"
"2026-02-08","12660","Professional Fees","Azure Utilities","Direct Consumer"
"2026-03-19","33590","Sales Revenue","TechLogistics Corp","SmallBiz Inc"
"2026-03-14","31219","Rent","TechLogistics Corp","Retail Giant A"
"2026-01-15","26503","Professional Fees","Global Office Ltd","Retail Giant A"
"2026-03-21","46494","Rent","Azure Utilities","Direct Consumer"
"2026-03-29","24632","Rent","Prime Consulting","SmallBiz Inc"
"2026-02-09","8451","Tax Provision","Global Office Ltd","Public Sector Dept"
"2026-02-10","26543","Sales Revenue","TechLogistics Corp","Public Sector Dept"
"2026-03-28","21564","Tax Provision","Azure Utilities","Retail Giant A"
"2026-03-29","34269","Professional Fees","Azure Utilities","SmallBiz Inc"
"2026-01-25","22230","Sales Revenue","Global Office Ltd","SmallBiz Inc"
"2026-01-03","2230","Rent","Global Office Ltd","Public Sector Dept"
"2026-02-16","7026","Inventory","Global Office Ltd","SmallBiz Inc"
"2026-02-04","47735","Sales Revenue","Azure Utilities","Direct Consumer"
"2026-01-13","9643","Sales Revenue","TechLogistics Corp","Public Sector Dept"
"2026-02-21","22567","Sales Revenue","TechLogistics Corp","Public Sector Dept"
"2026-03-31","17120","Tax Provision","Prime Consulting","Public Sector Dept"
"2026-01-14","27974","Tax Provision","Global Office Ltd","SmallBiz Inc"
"2026-02-16","37025","Inventory","Azure Utilities","Public Sector Dept"
"2026-03-05","6310","Tax Provision","TechLogistics Corp","Direct Consumer"
"2026-02-28","38272","Tax Provision","Global Office Ltd","SmallBiz Inc"
"2026-03-08","9810","Sales Revenue","Prime Consulting","Public Sector Dept"
"2026-02-19","29637","Inventory","Global Office Ltd","Direct Consumer"
"2026-03-09","31332","Sales Revenue","Azure Utilities","Direct Consumer"
"2026-03-09","1105","Inventory","TechLogistics Corp","Retail Giant A"
"2026-01-10","47687","Tax Provision","Global Office Ltd","Direct Consumer"
"2026-01-16","38542","Professional Fees","Azure Utilities","Direct Consumer"
"2026-01-02","9685","Rent","Prime Consulting","Public Sector Dept"
"2026-02-24","41882","Rent","TechLogistics Corp","Public Sector Dept"
"2026-03-21","4390","Inventory","TechLogistics Corp","Public Sector Dept"
"2026-02-23","20913","Inventory","TechLogistics Corp","Retail Giant A"
"2026-03-10","14580","Inventory","Azure Utilities","Public Sector Dept"
"2026-03-16","11779","Tax Provision","Global Office Ltd","Public Sector Dept"
"2026-02-27","26879","Sales Revenue","Prime Consulting","Retail Giant A"
"2026-03-29","6693","Rent","Global Office Ltd","Public Sector Dept"
"2026-01-13","29791","Tax Provision","Global Office Ltd","Direct Consumer"
"2026-01-11","26664","Sales Revenue","Prime Consulting","Retail Giant A"
"2026-03-21","27845","Sales Revenue","TechLogistics Corp","SmallBiz Inc"
"2026-01-13","45061","Tax Provision","Global Office Ltd","SmallBiz Inc"
"2026-03-13","43497","Tax Provision","Global Office Ltd","Public Sector Dept"
"2026-02-24","21709","Sales Revenue","TechLogistics Corp","Public Sector Dept"
"2026-03-26","32018","Tax Provision","Azure Utilities","Public Sector Dept"
"2026-02-28","28525","Tax Provision","TechLogistics Corp","Retail Giant A"
"2026-02-03","11171","Sales Revenue","TechLogistics Corp","Retail Giant A"
"2026-01-04","22965","Tax Provision","Prime Consulting","Direct Consumer"
"2026-03-23","47794","Tax Provision","Azure Utilities","Public Sector Dept"
"2026-02-09","7691","Rent","TechLogistics Corp","SmallBiz Inc"
"2026-02-27","15780","Sales Revenue","Azure Utilities","Retail Giant A"
"2026-03-09","5914","Rent","Prime Consulting","Direct Consumer"
"2026-03-01","8258","Rent","Prime Consulting","Retail Giant A"
"2026-03-31","49758","Professional Fees","Prime Consulting","SmallBiz Inc"
"2026-03-07","42663","Professional Fees","Azure Utilities","Retail Giant A"
"2026-01-22","26365","Sales Revenue","Prime Consulting","Direct Consumer"
"2026-02-20","4276","Inventory","Prime Consulting","SmallBiz Inc"
"2026-03-19","8752","Rent","Prime Consulting","Retail Giant A"
"2026-01-24","36738","Sales Revenue","Azure Utilities","SmallBiz Inc"
"2026-03-28","12457","Professional Fees","TechLogistics Corp","Public Sector Dept"
"2026-01-10","31767","Sales Revenue","TechLogistics Corp","Direct Consumer"
"2026-02-05","35210","Sales Revenue","Azure Utilities","SmallBiz Inc"
"2026-02-10","1377","Tax Provision","Global Office Ltd","Direct Consumer"
"2026-03-02","13386","Sales Revenue","Azure Utilities","Public Sector Dept"
"2026-03-28","28452","Tax Provision","Azure Utilities","SmallBiz Inc"
"2026-03-24","13729","Sales Revenue","TechLogistics Corp","Retail Giant A"
"2026-03-26","31079","Tax Provision","Azure Utilities","Public Sector Dept"
"2026-03-23","12081","Rent","Global Office Ltd","Direct Consumer"
"2026-01-29","40549","Professional Fees","Prime Consulting","SmallBiz Inc"
"2026-01-18","47215","Professional Fees","Prime Consulting","SmallBiz Inc"
"2026-02-07","27294","Inventory","Global Office Ltd","Direct Consumer"
"2026-03-27","33247","Professional Fees","Prime Consulting","Retail Giant A"
"2026-01-09","30400","Inventory","Prime Consulting","Direct Consumer"
"2026-02-27","5386","Rent","Global Office Ltd","Public Sector Dept"
"2026-03-24","41658","Sales Revenue","TechLogistics Corp","Direct Consumer"
"2026-03-10","21056","Rent","TechLogistics Corp","Direct Consumer"
"2026-01-03","3409","Professional Fees","TechLogistics Corp","Retail Giant A"
"2026-01-28","29090","Rent","Prime Consulting","SmallBiz Inc"
"2026-01-19","19008","Tax Provision","Azure Utilities","Public Sector Dept"
"2026-01-07","13184","Professional Fees","TechLogistics Corp","Retail Giant A"
"2026-02-09","9280","Rent","Prime Consulting","SmallBiz Inc"
"2026-01-30","25547","Rent","Prime Consulting","SmallBiz Inc"
"2026-03-08","49740","Professional Fees","Azure Utilities","Public Sector Dept"
"2026-03-23","23348","Professional Fees","Prime Consulting","Public Sector Dept"
"2026-03-13","28152","Sales Revenue","Azure Utilities","Direct Consumer"
"2026-03-25","33201","Inventory","Global Office Ltd","Direct Consumer"
"2026-01-08","18893","Rent","TechLogistics Corp","Direct Consumer"
"2026-03-29","36640","Rent","TechLogistics Corp","Direct Consumer"
"2026-03-28","48248","Rent","Azure Utilities","Direct Consumer"
"2026-02-05","38460","Rent","TechLogistics Corp","SmallBiz Inc"
"2026-03-02","28118","Rent","Azure Utilities","SmallBiz Inc"
"2026-01-22","7402","Professional Fees","TechLogistics Corp","SmallBiz Inc"
"2026-03-26","23059","Sales Revenue","Azure Utilities","Retail Giant A"
"2026-02-27","12449","Rent","Prime Consulting","Retail Giant A"
"2026-02-02","27109","Inventory","Global Office Ltd","Direct Consumer"
"2026-03-05","28113","Tax Provision","Prime Consulting","Retail Giant A"
"2026-01-04","15393","Sales Revenue","TechLogistics Corp","Public Sector Dept"
"2026-01-10","30765","Professional Fees","TechLogistics Corp","Retail Giant A"
"2026-02-24","3036","Inventory","TechLogistics Corp","Retail Giant A"
"2026-02-09","13722","Inventory","TechLogistics Corp","SmallBiz Inc"
"2026-02-20","11858","Inventory","Prime Consulting","Direct Consumer"
"2026-01-17","32982","Sales Revenue","Prime Consulting","Retail Giant A"
"2026-03-07","14176","Rent","Global Office Ltd","Public Sector Dept"
"2026-01-31","35114","Rent","Global Office Ltd","SmallBiz Inc"
"2026-03-30","41456","Sales Revenue","Global Office Ltd","Retail Giant A"
"2026-03-22","29962","Tax Provision","Global Office Ltd","SmallBiz Inc"
"2026-02-15","14598","Sales Revenue","Prime Consulting","SmallBiz Inc"
"2026-02-02","23373","Professional Fees","Azure Utilities","Public Sector Dept"
"2026-02-05","8624","Tax Provision","Azure Utilities","SmallBiz Inc"
"2026-03-23","27279","Rent","Azure Utilities","Retail Giant A"
"2026-01-08","32800","Rent","Global Office Ltd","Public Sector Dept"
"2026-03-27","13973","Sales Revenue","Global Office Ltd","Public Sector Dept"
"2026-02-07","1378","Sales Revenue","Prime Consulting","SmallBiz Inc"
"2026-02-26","15366","Tax Provision","Azure Utilities","SmallBiz Inc"
"2026-02-28","1032","Sales Revenue","Global Office Ltd","Direct Consumer"
"2026-03-11","27488","Rent","Azure Utilities","Retail Giant A"
"2026-01-12","23025","Tax Provision","Global Office Ltd","Public Sector Dept"
"2026-02-22","43462","Professional Fees","Azure Utilities","Retail Giant A"
"2026-01-31","35583","Rent","Azure Utilities","Direct Consumer"
"2026-02-05","39928","Sales Revenue","Prime Consulting","SmallBiz Inc"
"2026-01-06","40336","Inventory","Global Office Ltd","Direct Consumer"
"2026-02-17","40202","Professional Fees","Global Office Ltd","Direct Consumer"
"2026-01-19","19896","Sales Revenue","Global Office Ltd","Retail Giant A"
"2026-01-21","20710","Inventory","Prime Consulting","Direct Consumer"
"2026-03-30","6472","Professional Fees","TechLogistics Corp","SmallBiz Inc"
"2026-02-12","6983","Professional Fees","TechLogistics Corp","Direct Consumer"
"2026-03-10","1969","Sales Revenue","Global Office Ltd","Public Sector Dept"
"2026-03-11","44320","Tax Provision","Global Office Ltd","Retail Giant A"
"2026-01-28","7518","Inventory","TechLogistics Corp","SmallBiz Inc"
"2026-03-18","47022","Sales Revenue","TechLogistics Corp","SmallBiz Inc"
"2026-01-28","42508","Tax Provision","Prime Consulting","Direct Consumer"
"2026-02-08","33121","Inventory","Global Office Ltd","Public Sector Dept"
"2026-02-28","16801","Inventory","Prime Consulting","Retail Giant A"
"2026-01-09","32596","Tax Provision","TechLogistics Corp","Retail Giant A"
"2026-02-10","21378","Rent","TechLogistics Corp","Retail Giant A"
"2026-02-02","6890","Professional Fees","Global Office Ltd","Retail Giant A"
"2026-03-10","4692","Rent","Global Office Ltd","SmallBiz Inc"
"2026-03-27","43941","Professional Fees","Azure Utilities","Retail Giant A"
"2026-01-31","33195","Inventory","Prime Consulting","Direct Consumer"
"2026-01-03","8020","Inventory","Azure Utilities","Public Sector Dept"
"2026-03-03","21864","Inventory","TechLogistics Corp","Public Sector Dept"
"2026-03-03","31338","Inventory","Prime Consulting","SmallBiz Inc"
"2026-02-02","32946","Rent","TechLogistics Corp","Retail Giant A"
"2026-03-11","27875","Tax Provision","Prime Consulting","Retail Giant A"
"2026-01-05","49413","Inventory","Azure Utilities","Public Sector Dept"
"2026-02-26","13257","Inventory","TechLogistics Corp","SmallBiz Inc"
"2026-03-03","3883","Rent","TechLogistics Corp","Retail Giant A"
"2026-03-30","39839","Sales Revenue","Azure Utilities","Public Sector Dept"
"2026-01-09","37167","Professional Fees","Azure Utilities","SmallBiz Inc"
"2026-01-22","1064","Rent","Prime Consulting","Retail Giant A"
"2026-02-14","21390","Rent","TechLogistics Corp","Retail Giant A"
"2026-03-15","14959","Tax Provision","Prime Consulting","Direct Consumer"
"2026-03-27","17710","Professional Fees","TechLogistics Corp","Retail Giant A"
"2026-01-10","41593","Professional Fees","Prime Consulting","Public Sector Dept"
"2026-03-25","33767","Professional Fees","Prime Consulting","Retail Giant A"
"2026-03-25","3787","Sales Revenue","Azure Utilities","Retail Giant A"
"2026-03-01","44169","Inventory","Azure Utilities","Direct Consumer"
"2026-03-28","44540","Inventory","TechLogistics Corp","Public Sector Dept"
"2026-03-27","37727","Tax Provision","Global Office Ltd","Direct Consumer"
"2026-02-16","48266","Professional Fees","TechLogistics Corp","Public Sector Dept"
"2026-01-09","9563","Sales Revenue","TechLogistics Corp","SmallBiz Inc"
"2026-01-21","40259","Sales Revenue","Global Office Ltd","Retail Giant A"
"2026-01-05","12030","Tax Provision","Global Office Ltd","Direct Consumer"
"2026-01-25","22319","Inventory","Global Office Ltd","SmallBiz Inc"
"2026-01-21","28044","Professional Fees","TechLogistics Corp","SmallBiz Inc"
"2026-03-02","30581","Inventory","Azure Utilities","Retail Giant A"
"2026-03-04","24476","Sales Revenue","Azure Utilities","SmallBiz Inc"
"2026-03-11","35023","Inventory","Azure Utilities","SmallBiz Inc"
"2026-03-02","34668","Inventory","TechLogistics Corp","Public Sector Dept"
"2026-02-19","40296","Rent","Global Office Ltd","Retail Giant A"
"2026-01-01","4598","Sales Revenue","Global Office Ltd","Direct Consumer"
"2026-03-06","37834","Tax Provision","Prime Consulting","Public Sector Dept"
"2026-03-24","17476","Tax Provision","Azure Utilities","SmallBiz Inc"
"2026-01-09","2541","Tax Provision","Prime Consulting","Retail Giant A"
"2026-03-11","17050","Inventory","Prime Consulting","Direct Consumer"
"2026-02-16","30244","Tax Provision","Prime Consulting","SmallBiz Inc"
"2026-03-14","19419","Tax Provision","Global Office Ltd","Public Sector Dept"
"2026-02-12","31591","Inventory","TechLogistics Corp","Direct Consumer"
"2026-03-11","48388","Professional Fees","Azure Utilities","Retail Giant A"
"2026-01-17","28425","Sales Revenue","TechLogistics Corp","Retail Giant A"
"2026-03-13","43988","Tax Provision","TechLogistics Corp","SmallBiz Inc"
"2026-01-22","20589","Professional Fees","Prime Consulting","Public Sector Dept"
"2026-01-12","28658","Professional Fees","TechLogistics Corp","Direct Consumer"
"2026-01-10","33045","Tax Provision","Azure Utilities","Direct Consumer"
"2026-02-26","48747","Tax Provision","Azure Utilities","SmallBiz Inc"
"2026-01-06","6844","Tax Provision","Global Office Ltd","Public Sector Dept"
"2026-03-09","33833","Tax Provision","Prime Consulting","Retail Giant A"
"2026-01-14","45695","Professional Fees","TechLogistics Corp","SmallBiz Inc"
"2026-02-11","47702","Tax Provision","TechLogistics Corp","SmallBiz Inc"
"2026-02-04","16510","Inventory","TechLogistics Corp","SmallBiz Inc"
"2026-03-22","46970","Tax Provision","TechLogistics Corp","Public Sector Dept"
"2026-01-27","45943","Inventory","Global Office Ltd","SmallBiz Inc"
"2026-02-24","7255","Sales Revenue","TechLogistics Corp","SmallBiz Inc"
"2026-02-03","34761","Sales Revenue","Prime Consulting","Direct Consumer"
"2026-03-07","39603","Tax Provision","Azure Utilities","SmallBiz Inc"
"2026-01-08","22938","Sales Revenue","Prime Consulting","SmallBiz Inc"
"2026-03-14","29462","Tax Provision","Azure Utilities","Public Sector Dept"
"2026-03-08","33002","Sales Revenue","Global Office Ltd","Direct Consumer"
"2026-03-03","7764","Inventory","Global Office Ltd","SmallBiz Inc"
"2026-01-19","25519","Professional Fees","Global Office Ltd","Public Sector Dept"
"2026-01-22","14325","Inventory","Prime Consulting","SmallBiz Inc"
"2026-01-16","4862","Professional Fees","Prime Consulting","Retail Giant A"
"2026-03-22","4685","Professional Fees","Global Office Ltd","Public Sector Dept"
"2026-02-15","23487","Inventory","TechLogistics Corp","Direct Consumer"
"2026-01-17","24216","Sales Revenue","Azure Utilities","Public Sector Dept"
"2026-01-19","38325","Professional Fees","Global Office Ltd","Public Sector Dept"
"2026-01-17","25591","Tax Provision","Azure Utilities","SmallBiz Inc"
"2026-01-23","11824","Rent","Global Office Ltd","Retail Giant A"
"2026-01-05","31805","Inventory","Global Office Ltd","Public Sector Dept"
"2026-03-07","45302","Rent","Global Office Ltd","SmallBiz Inc"
"2026-02-17","25920","Professional Fees","Global Office Ltd","Retail Giant A"
"2026-01-03","25233","Professional Fees","TechLogistics Corp","Retail Giant A"
"2026-03-09","39529","Rent","TechLogistics Corp","Direct Consumer"
"2026-01-25","44528","Inventory","Prime Consulting","Public Sector Dept"
"2026-02-27","39499","Professional Fees","Prime Consulting","Public Sector Dept"
"2026-03-07","27509","Tax Provision","Azure Utilities","SmallBiz Inc"
"2026-01-17","22004","Inventory","Azure Utilities","Direct Consumer"
"2026-01-21","12951","Tax Provision","TechLogistics Corp","Direct Consumer"
"2026-03-27","9505","Professional Fees","Global Office Ltd","SmallBiz Inc"
"2026-02-16","20702","Professional Fees","Global Office Ltd","Retail Giant A"
"2026-03-06","16772","Sales Revenue","Prime Consulting","Public Sector Dept"
"2026-02-02","11677","Professional Fees","Prime Consulting","Retail Giant A"
"2026-03-30","45299","Professional Fees","TechLogistics Corp","Retail Giant A"
"2026-02-19","2797","Rent","Prime Consulting","SmallBiz Inc"
"2026-01-03","48411","Sales Revenue","Prime Consulting","SmallBiz Inc"
"2026-02-26","1392","Rent","Azure Utilities","Direct Consumer"
"2026-01-01","18359","Professional Fees","TechLogistics Corp","Direct Consumer"
"2026-03-17","48789","Inventory","Global Office Ltd","SmallBiz Inc"
"2026-03-23","12874","Rent","Azure Utilities","Retail Giant A"
"2026-03-16","28581","Professional Fees","Prime Consulting","SmallBiz Inc"
"2026-03-11","17663","Rent","Azure Utilities","Retail Giant A"
"2026-02-19","16411","Rent","TechLogistics Corp","SmallBiz Inc"
"2026-01-09","17667","Professional Fees","Azure Utilities","Retail Giant A"
"2026-03-31","1150","Professional Fees","Global Office Ltd","SmallBiz Inc"
"2026-01-21","26829","Sales Revenue","Azure Utilities","Retail Giant A"
"2026-01-21","34029","Inventory","Global Office Ltd","SmallBiz Inc"
"2026-02-14","35797","Rent","Prime Consulting","Public Sector Dept"
"2026-02-25","49944","Inventory","Prime Consulting","Public Sector Dept"
"2026-03-31","2296","Tax Provision","Azure Utilities","Public Sector Dept"
"2026-02-15","31279","Inventory","Azure Utilities","Direct Consumer"
"2026-02-12","37117","Professional Fees","Prime Consulting","Direct Consumer"
"2026-03-25","12929","Inventory","Global Office Ltd","Direct Consumer"
"2026-01-29","5422","Professional Fees","Global Office Ltd","Retail Giant A"
"2026-01-30","3856","Professional Fees","Prime Consulting","Direct Consumer"
"2026-01-06","46317","Professional Fees","Prime Consulting","Direct Consumer"
"2026-01-25","25177","Tax Provision","Global Office Ltd","Public Sector Dept"
"2026-01-31","29503","Professional Fees","TechLogistics Corp","Public Sector Dept"
"2026-03-23","31774","Rent","Global Office Ltd","SmallBiz Inc"
"2026-02-10","8367","Inventory","Global Office Ltd","Direct Consumer"
"2026-03-12","6455","Tax Provision","Azure Utilities","SmallBiz Inc"
"2026-01-29","45389","Sales Revenue","TechLogistics Corp","SmallBiz Inc"
"2026-02-28","3376","Sales Revenue","Global Office Ltd","Public Sector Dept"
"2026-02-25","10185","Rent","TechLogistics Corp","Direct Consumer"
"2026-03-24","27424","Professional Fees","Global Office Ltd","SmallBiz Inc"
"2026-03-02","45368","Professional Fees","Prime Consulting","SmallBiz Inc"
"2026-03-20","19169","Inventory","Global Office Ltd","Retail Giant A"
"2026-02-05","9678","Inventory","Azure Utilities","SmallBiz Inc"
"2026-01-18","46591","Sales Revenue","Global Office Ltd","Public Sector Dept"
"2026-02-12","35879","Professional Fees","Global Office Ltd","Direct Consumer"
"2026-03-11","10844","Sales Revenue","Prime Consulting","Retail Giant A"
"2026-01-18","22567","Professional Fees","Prime Consulting","SmallBiz Inc"
"2026-03-28","28903","Sales Revenue","Global Office Ltd","Retail Giant A"
"2026-01-18","28942","Inventory","Azure Utilities","Public Sector Dept"
"2026-02-07","10946","Professional Fees","Azure Utilities","Public Sector Dept"
"2026-03-28","39250","Inventory","Global Office Ltd","SmallBiz Inc"
"2026-02-05","48048","Rent","Azure Utilities","Direct Consumer"
"2026-02-16","19462","Inventory","TechLogistics Corp","Public Sector Dept"
"2026-01-14","15736","Rent","Global Office Ltd","Public Sector Dept"
"2026-01-08","17704","Inventory","Global Office Ltd","SmallBiz Inc"
"2026-02-09","21840","Rent","Global Office Ltd","Direct Consumer"
"2026-03-05","15198","Rent","TechLogistics Corp","Direct Consumer"
"2026-03-21","47668","Inventory","Azure Utilities","Retail Giant A"
"2026-01-15","14846","Rent","Azure Utilities","Direct Consumer"
"2026-03-21","36008","Inventory","Prime Consulting","Public Sector Dept"
"2026-03-01","36681","Inventory","TechLogistics Corp","Public Sector Dept"
"2026-03-23","49673","Tax Provision","TechLogistics Corp","Retail Giant A"
"2026-01-18","6658","Rent","Azure Utilities","Public Sector Dept"
"2026-03-10","49016","Professional Fees","Global Office Ltd","Retail Giant A"
"2026-02-09","19102","Sales Revenue","Azure Utilities","Public Sector Dept"
"2026-03-26","33586","Tax Provision","Global Office Ltd","SmallBiz Inc"
"2026-02-11","30537","Tax Provision","Global Office Ltd","SmallBiz Inc"
"2026-02-27","2109","Inventory","Global Office Ltd","SmallBiz Inc"
"2026-01-26","12112","Rent","Azure Utilities","Retail Giant A"
"2026-03-11","42250","Professional Fees","Azure Utilities","Retail Giant A"
"2026-02-17","24513","Tax Provision","Prime Consulting","SmallBiz Inc"
"2026-03-18","38751","Rent","Azure Utilities","Public Sector Dept"
"2026-02-23","14094","Tax Provision","Global Office Ltd","Public Sector Dept"
"2026-03-20","25439","Sales Revenue","Prime Consulting","Retail Giant A"
"2026-03-14","44679","Tax Provision","Global Office Ltd","SmallBiz Inc"
"2026-03-21","35382","Rent","TechLogistics Corp","Direct Consumer"
"2026-03-23","32029","Professional Fees","Prime Consulting","Public Sector Dept"
"2026-02-20","24449","Tax Provision","Global Office Ltd","SmallBiz Inc"
"2026-02-02","25298","Professional Fees","Prime Consulting","SmallBiz Inc"
"2026-02-28","40355","Professional Fees","Prime Consulting","SmallBiz Inc"
"2026-03-09","32329","Inventory","Global Office Ltd","Direct Consumer"
"2026-03-05","43357","Professional Fees","TechLogistics Corp","Public Sector Dept"
"2026-02-10","39167","Rent","Azure Utilities","Public Sector Dept"
"2026-02-02","14570","Inventory","Azure Utilities","Direct Consumer"
"2026-01-12","20739","Rent","TechLogistics Corp","SmallBiz Inc"
"2026-02-01","49599","Sales Revenue","TechLogistics Corp","Direct Consumer"
"2026-01-10","47544","Professional Fees","Global Office Ltd","Public Sector Dept"
"2026-02-19","24265","Rent","Global Office Ltd","Retail Giant A"
"2026-02-19","19696","Inventory","Azure Utilities","Retail Giant A"
"2026-03-19","14939","Inventory","Prime Consulting","Direct Consumer"
"2026-03-03","34437","Sales Revenue","Azure Utilities","Public Sector Dept"
"2026-02-06","43532","Rent","Global Office Ltd","Direct Consumer"
"2026-02-23","1234","Rent","Azure Utilities","SmallBiz Inc"
"2026-03-23","43244","Tax Provision","Global Office Ltd","SmallBiz Inc"
"2026-01-17","47236","Professional Fees","Azure Utilities","Public Sector Dept"
"2026-02-28","18059","Professional Fees","Azure Utilities","Direct Consumer"
"2026-02-04","41999","Professional Fees","Global Office Ltd","Direct Consumer"
"2026-02-11","37253","Professional Fees","Prime Consulting","Public Sector Dept"
"2026-03-14","48673","Rent","Azure Utilities","SmallBiz Inc"
"2026-01-06","3756","Sales Revenue","Azure Utilities","Retail Giant A"
"2026-03-23","23044","Tax Provision","Global Office Ltd","Retail Giant A"
"2026-02-09","2693","Tax Provision","Prime Consulting","Public Sector Dept"
"2026-03-25","43030","Tax Provision","TechLogistics Corp","Public Sector Dept"
"2026-03-06","34558","Sales Revenue","TechLogistics Corp","Retail Giant A"
"2026-03-13","29248","Sales Revenue","TechLogistics Corp","Retail Giant A"
"2026-02-05","32700","Professional Fees","TechLogistics Corp","Direct Consumer"
"2026-03-13","4236","Sales Revenue","Global Office Ltd","Direct Consumer"
"2026-01-18","44475","Rent","TechLogistics Corp","Retail Giant A"
"2026-02-07","22821","Professional Fees","Global Office Ltd","Direct Consumer"
"2026-02-05","8876","Tax Provision","Prime Consulting","Public Sector Dept"
"2026-03-07","45677","Sales Revenue","Prime Consulting","Public Sector Dept"
"2026-03-09","48554","Inventory","Global Office Ltd","SmallBiz Inc"
"2026-01-27","26187","Sales Revenue","Global Office Ltd","SmallBiz Inc"
"2026-03-25","22211","Professional Fees","Azure Utilities","SmallBiz Inc"
"2026-01-08","44191","Tax Provision","Azure Utilities","SmallBiz Inc"
"2026-02-05","27725","Sales Revenue","Prime Consulting","Public Sector Dept"
"2026-01-19","22136","Professional Fees","TechLogistics Corp","Public Sector Dept"
"2026-01-02","43189","Sales Revenue","Azure Utilities","SmallBiz Inc"
"2026-01-30","43402","Tax Provision","Prime Consulting","SmallBiz Inc"
"2026-02-17","33265","Professional Fees","Global Office Ltd","SmallBiz Inc"
"2026-02-08","16396","Rent","Prime Consulting","Retail Giant A"
"2026-03-08","20471","Inventory","Global Office Ltd","SmallBiz Inc"
"2026-01-27","1846","Professional Fees","TechLogistics Corp","Public Sector Dept"
"2026-03-10","21313","Professional Fees","Global Office Ltd","Retail Giant A"
"2026-03-30","22633","Inventory","TechLogistics Corp","Retail Giant A"
"2026-01-26","37023","Professional Fees","Global Office Ltd","Public Sector Dept"
"2026-02-12","37964","Professional Fees","Azure Utilities","Retail Giant A"
"2026-02-11","11209","Sales Revenue","Global Office Ltd","SmallBiz Inc"
"2026-02-12","36527","Professional Fees","Azure Utilities","Retail Giant A"
"2026-02-26","24448","Professional Fees","Global Office Ltd","Public Sector Dept"
"2026-01-01","4447","Inventory","Global Office Ltd","Retail Giant A"
"2026-02-15","47858","Rent","Global Office Ltd","Retail Giant A"
"2026-01-09","27299","Sales Revenue","Global Office Ltd","Public Sector Dept"
"2026-03-18","31194","Inventory","TechLogistics Corp","Public Sector Dept"
"2026-03-10","29551","Rent","Azure Utilities","Retail Giant A"
"2026-02-02","18800","Inventory","Azure Utilities","Direct Consumer"
"2026-01-28","48466","Rent","Global Office Ltd","SmallBiz Inc"
"2026-03-13","42466","Inventory","Prime Consulting","Public Sector Dept"
"2026-02-05","35607","Sales Revenue","Global Office Ltd","SmallBiz Inc"
"2026-01-05","11591","Professional Fees","Azure Utilities","Retail Giant A"
"2026-01-20","5082","Tax Provision","TechLogistics Corp","Public Sector Dept"
"2026-03-08","4027","Professional Fees","Azure Utilities","Retail Giant A"
"2026-03-20","27171","Rent","TechLogistics Corp","Retail Giant A"
"2026-01-19","35552","Professional Fees","Prime Consulting","Direct Consumer"
"2026-03-24","18801","Professional Fees","TechLogistics Corp","Public Sector Dept"
"2026-01-08","32259","Inventory","Global Office Ltd","Public Sector Dept"
"2026-02-04","27869","Rent","Prime Consulting","SmallBiz Inc"
"2026-02-01","15740","Sales Revenue","Azure Utilities","SmallBiz Inc"
"2026-01-03","1319","Sales Revenue","Prime Consulting","Public Sector Dept"
"2026-02-18","20512","Professional Fees","Prime Consulting","Direct Consumer"
"2026-03-16","31377","Rent","Global Office Ltd","Public Sector Dept"
"2026-03-26","31818","Rent","TechLogistics Corp","SmallBiz Inc"
"2026-03-06","4245","Tax Provision","TechLogistics Corp","Public Sector Dept"
"2026-01-14","36765","Tax Provision","TechLogistics Corp","Direct Consumer"
"2026-02-07","24237","Inventory","TechLogistics Corp","Retail Giant A"
"2026-03-16","17135","Professional Fees","Azure Utilities","Public Sector Dept"
"2026-01-13","32281","Inventory","TechLogistics Corp","Direct Consumer"
"2026-02-04","26113","Inventory","Global Office Ltd","SmallBiz Inc"
"2026-02-12","48425","Professional Fees","Azure Utilities","Direct Consumer"
"2026-03-03","5295","Tax Provision","Prime Consulting","SmallBiz Inc"
"2026-02-28","27054","Tax Provision","TechLogistics Corp","Direct Consumer"
"2026-02-15","17308","Inventory","Prime Consulting","Retail Giant A"
"2026-02-03","21683","Tax Provision","Global Office Ltd","Retail Giant A"
"2026-01-19","33060","Rent","Global Office Ltd","Public Sector Dept"
"2026-02-04","4698","Professional Fees","Global Office Ltd","Direct Consumer"
"2026-01-24","19931","Sales Revenue","TechLogistics Corp","Public Sector Dept"
"2026-01-24","36523","Rent","Prime Consulting","SmallBiz Inc"
"2026-01-17","46647","Professional Fees","TechLogistics Corp","Public Sector Dept"
"2026-03-20","24347","Tax Provision","Prime Consulting","Public Sector Dept"
"2026-02-17","20591","Tax Provision","Azure Utilities","SmallBiz Inc"
"2026-03-10","5840","Professional Fees","Prime Consulting","Retail Giant A"
"2026-01-05","1236","Rent","TechLogistics Corp","SmallBiz Inc"
"2026-02-16","44643","Tax Provision","Prime Consulting","Direct Consumer"
"2026-02-28","20993","Rent","Prime Consulting","Public Sector Dept"
"2026-03-04","7522","Rent","Prime Consulting","Public Sector Dept"
"2026-01-19","45954","Rent","Azure Utilities","Direct Consumer"
"2026-03-09","11093","Professional Fees","Azure Utilities","Retail Giant A"
"2026-02-27","18974","Inventory","Prime Consulting","SmallBiz Inc"
"2026-01-01","16768","Rent","Global Office Ltd","SmallBiz Inc"
"2026-02-23","46185","Rent","Global Office Ltd","SmallBiz Inc"
"2026-03-18","7776","Tax Provision","Azure Utilities","SmallBiz Inc"
"2026-01-31","14217","Sales Revenue","TechLogistics Corp","Retail Giant A"
"2026-03-08","44377","Sales Revenue","Global Office Ltd","Public Sector Dept"
"2026-02-03","12312","Rent","Prime Consulting","Direct Consumer"
"2026-03-17","33059","Sales Revenue","TechLogistics Corp","Retail Giant A"
"2026-01-24","17247","Rent","Azure Utilities","Retail Giant A"
"2026-03-02","46698","Professional Fees","Azure Utilities","Direct Consumer"
"2026-03-31","23536","Tax Provision","TechLogistics Corp","SmallBiz Inc"
"2026-01-14","33600","Sales Revenue","Global Office Ltd","Public Sector Dept"
"2026-02-12","30649","Sales Revenue","Azure Utilities","Direct Consumer"
"2026-01-19","46954","Sales Revenue","TechLogistics Corp","Public Sector Dept"
"2026-01-20","14429","Sales Revenue","Global Office Ltd","Direct Consumer"
"2026-01-11","10631","Sales Revenue","Prime Consulting","Direct Consumer"
"2026-01-17","20103","Tax Provision","TechLogistics Corp","Public Sector Dept"
"2026-02-10","37502","Professional Fees","Azure Utilities","SmallBiz Inc"
"2026-02-22","18472","Professional Fees","Prime Consulting","Public Sector Dept"
"2026-03-19","26942","Sales Revenue","Global Office Ltd","SmallBiz Inc"
"2026-02-07","31110","Rent","Azure Utilities","Direct Consumer"
"2026-03-17","27225","Sales Revenue","Prime Consulting","Retail Giant A"
"2026-01-13","45212","Rent","Global Office Ltd","Retail Giant A"
"2026-02-19","9894","Inventory","Prime Consulting","Public Sector Dept"
"2026-03-14","7236","Professional Fees","TechLogistics Corp","Direct Consumer"
"2026-01-05","30118","Inventory","Prime Consulting","Direct Consumer"
"2026-02-25","12646","Inventory","Global Office Ltd","Direct Consumer"
"2026-01-21","30086","Inventory","Azure Utilities","SmallBiz Inc"
"2026-02-16","12951","Sales Revenue","Azure Utilities","Retail Giant A"
"2026-03-26","10049","Professional Fees","Prime Consulting","Direct Consumer"
"2026-02-05","29674","Inventory","Prime Consulting","Public Sector Dept"
"2026-01-15","9824","Rent","Global Office Ltd","SmallBiz Inc"
"2026-02-28","3698","Inventory","Azure Utilities","Direct Consumer"
"2026-03-05","33782","Inventory","Prime Consulting","Public Sector Dept"
"2026-02-18","5042","Inventory","Azure Utilities","Retail Giant A"
"2026-02-26","44360","Inventory","Global Office Ltd","Retail Giant A"
"2026-01-17","9127","Rent","Global Office Ltd","Direct Consumer"
"2026-03-08","40870","Tax Provision","Global Office Ltd","Public Sector Dept"
"2026-03-12","49002","Professional Fees","Azure Utilities","Public Sector Dept"
"2026-03-28","47657","Rent","Azure Utilities","SmallBiz Inc"
"2026-01-23","40252","Sales Revenue","TechLogistics Corp","Public Sector Dept"
"2026-01-09","2844","Tax Provision","Prime Consulting","Direct Consumer"
"2026-01-21","17619","Tax Provision","Global Office Ltd","Direct Consumer"
"2026-02-12","14696","Inventory","TechLogistics Corp","Retail Giant A"
"2026-01-07","41802","Rent","Global Office Ltd","Retail Giant A"
"2026-01-28","17504","Tax Provision","Azure Utilities","Public Sector Dept"
"2026-01-26","17335","Tax Provision","Global Office Ltd","Retail Giant A"
"2026-02-24","30513","Inventory","Azure Utilities","Public Sector Dept"
"2026-02-12","36609","Sales Revenue","Global Office Ltd","Retail Giant A"
"2026-02-27","4460","Rent","TechLogistics Corp","Retail Giant A"
"2026-01-02","12306","Tax Provision","TechLogistics Corp","Public Sector Dept"
"2026-01-01","35547","Rent","Prime Consulting","Direct Consumer"
"2026-03-04","42773","Tax Provision","Azure Utilities","Direct Consumer"
"2026-03-17","23979","Inventory","Prime Consulting","Public Sector Dept"
"2026-03-30","15797","Sales Revenue","Prime Consulting","Retail Giant A"
"2026-03-21","12960","Professional Fees","Azure Utilities","SmallBiz Inc"
"2026-03-31","18565","Inventory","Global Office Ltd","Direct Consumer"
"2026-02-15","23557","Tax Provision","Prime Consulting","Direct Consumer"
"2026-02-11","22620","Sales Revenue","Global Office Ltd","SmallBiz Inc"
"2026-02-16","36180","Sales Revenue","Prime Consulting","Public Sector Dept"
"2026-01-11","37065","Tax Provision","Prime Consulting","SmallBiz Inc"
"2026-01-24","46688","Sales Revenue","Azure Utilities","Public Sector Dept"
"2026-03-30","18163","Inventory","Global Office Ltd","Public Sector Dept"
"2026-02-15","40271","Tax Provision","TechLogistics Corp","SmallBiz Inc"
"2026-01-29","15140","Sales Revenue","Global Office Ltd","Direct Consumer"
"2026-01-11","11129","Inventory","Azure Utilities","Retail Giant A"
"2026-01-13","38870","Inventory","Global Office Ltd","Direct Consumer"
"2026-01-24","13456","Inventory","Azure Utilities","Retail Giant A"
"2026-01-26","34765","Tax Provision","Global Office Ltd","Retail Giant A"
"2026-01-27","35316","Inventory","Global Office Ltd","Public Sector Dept"
"2026-03-07","39488","Sales Revenue","Prime Consulting","Direct Consumer"
"2026-02-27","27000","Inventory","Prime Consulting","Retail Giant A"
"2026-02-01","29769","Professional Fees","Prime Consulting","Public Sector Dept"
"2026-02-16","3124","Tax Provision","Global Office Ltd","Retail Giant A"
"2026-02-02","49160","Rent","Prime Consulting","Direct Consumer"
"2026-02-09","20820","Professional Fees","Azure Utilities","Retail Giant A"
"2026-03-30","15782","Tax Provision","Global Office Ltd","Retail Giant A"
"2026-01-22","45711","Rent","Prime Consulting","Retail Giant A"
"2026-03-13","41564","Rent","Prime Consulting","Direct Consumer"
"2026-02-21","32824","Rent","Global Office Ltd","SmallBiz Inc"
"2026-01-02","25459","Tax Provision","TechLogistics Corp","Retail Giant A"
"2026-01-07","18466","Rent","TechLogistics Corp","Direct Consumer"
"2026-01-02","7299","Sales Revenue","TechLogistics Corp","Public Sector Dept"
"2026-03-07","37546","Professional Fees","TechLogistics Corp","SmallBiz Inc"
"2026-02-21","28513","Professional Fees","Azure Utilities","SmallBiz Inc"
"2026-01-11","19480","Tax Provision","TechLogistics Corp","SmallBiz Inc"
"2026-01-28","27343","Inventory","Azure Utilities","Retail Giant A"
"2026-02-17","42750","Tax Provision","Azure Utilities","Retail Giant A"
"2026-03-13","48446","Tax Provision","Prime Consulting","Public Sector Dept"
"2026-03-18","38449","Inventory","Prime Consulting","SmallBiz Inc"
"2026-03-28","25126","Professional Fees","Azure Utilities","Public Sector Dept"
"2026-02-01","28776","Inventory","Global Office Ltd","SmallBiz Inc"
"2026-02-17","1830","Tax Provision","Global Office Ltd","SmallBiz Inc"
"2026-01-31","22928","Tax Provision","Prime Consulting","Public Sector Dept"
"2026-03-06","6572","Professional Fees","Global Office Ltd","Retail Giant A"
"2026-03-30","20415","Inventory","Prime Consulting","SmallBiz Inc"
"2026-02-25","38318","Tax Provision","TechLogistics Corp","Public Sector Dept"
"2026-01-21","27575","Professional Fees","Azure Utilities","Retail Giant A"
"2026-03-02","41775","Sales Revenue","TechLogistics Corp","Public Sector Dept"
"2026-02-04","13280","Tax Provision","Azure Utilities","Public Sector Dept"
"2026-01-13","3753","Professional Fees","Azure Utilities","Public Sector Dept"
"2026-03-06","16586","Professional Fees","TechLogistics Corp","SmallBiz Inc"
"2026-03-09","41069","Professional Fees","Prime Consulting","Public Sector Dept"
"2026-01-23","23485","Sales Revenue","Prime Consulting","Direct Consumer"
"2026-03-25","33398","Inventory","Prime Consulting","Direct Consumer"
"2026-01-19","8771","Inventory","Global Office Ltd","Retail Giant A"
"2026-01-12","38442","Professional Fees","TechLogistics Corp","Public Sector Dept"
"2026-02-23","45185","Professional Fees","Prime Consulting","SmallBiz Inc"
"2026-03-08","41811","Professional Fees","TechLogistics Corp","Public Sector Dept"
"2026-01-26","2391","Inventory","Prime Consulting","Direct Consumer"
"2026-03-21","43999","Inventory","Azure Utilities","SmallBiz Inc"
"2026-01-27","18219","Rent","Global Office Ltd","Retail Giant A"
"2026-03-17","20913","Rent","Azure Utilities","SmallBiz Inc"
"2026-03-05","33677","Professional Fees","Prime Consulting","Direct Consumer"
"2026-01-19","41915","Sales Revenue","Prime Consulting","Public Sector Dept"
"2026-03-29","33046","Tax Provision","Azure Utilities","SmallBiz Inc"
"2026-01-22","47160","Sales Revenue","TechLogistics Corp","Public Sector Dept"
"2026-01-13","37890","Tax Provision","Azure Utilities","Retail Giant A"
"2026-03-23","23996","Sales Revenue","Global Office Ltd","Retail Giant A"
"2026-01-21","6998","Professional Fees","TechLogistics Corp","Direct Consumer"
"2026-01-05","19445","Rent","Global Office Ltd","Retail Giant A"
"2026-02-16","4662","Rent","Azure Utilities","Retail Giant A"
"2026-03-31","32836","Inventory","Prime Consulting","Direct Consumer"
"2026-01-16","24791","Sales Revenue","TechLogistics Corp","Public Sector Dept"
"2026-03-02","32293","Sales Revenue","Global Office Ltd","SmallBiz Inc"
"2026-01-29","31712","Rent","Azure Utilities","Retail Giant A"
"2026-01-05","25573","Tax Provision","Prime Consulting","Public Sector Dept"
"2026-03-31","9413","Inventory","Global Office Ltd","Public Sector Dept"
"2026-03-04","1371","Tax Provision","TechLogistics Corp","Retail Giant A"
"2026-03-31","3901","Inventory","Global Office Ltd","Retail Giant A"
"2026-03-22","28999","Tax Provision","Global Office Ltd","Retail Giant A"
"2026-02-09","9773","Rent","Azure Utilities","SmallBiz Inc"
"2026-02-14","11520","Rent","TechLogistics Corp","Direct Consumer"
"2026-02-25","2867","Rent","Azure Utilities","SmallBiz Inc"
"2026-01-07","46796","Rent","Global Office Ltd","Retail Giant A"
"2026-01-13","32495","Inventory","TechLogistics Corp","Direct Consumer"
"2026-02-04","11104","Tax Provision","Global Office Ltd","SmallBiz Inc"
"2026-03-11","44164","Sales Revenue","TechLogistics Corp","Public Sector Dept"
"2026-02-03","6413","Sales Revenue","Azure Utilities","Public Sector Dept"
"2026-01-05","9236","Tax Provision","Global Office Ltd","Direct Consumer"
"2026-02-07","23265","Tax Provision","Azure Utilities","Direct Consumer"
"2026-02-18","3366","Tax Provision","Global Office Ltd","Retail Giant A"
"2026-02-12","38989","Tax Provision","Global Office Ltd","Public Sector Dept"
"2026-03-05","26086","Professional Fees","Global Office Ltd","Public Sector Dept"
"2026-03-08","36605","Sales Revenue","Azure Utilities","Public Sector Dept"
"2026-01-25","47431","Inventory","Prime Consulting","Retail Giant A"
"2026-02-18","25626","Tax Provision","Azure Utilities","Retail Giant A"
"2026-01-13","39261","Sales Revenue","Prime Consulting","Retail Giant A"
"2026-02-19","6753","Professional Fees","Azure Utilities","Direct Consumer"
"2026-02-10","10830","Rent","Global Office Ltd","Direct Consumer"
"2026-01-15","42909","Inventory","Prime Consulting","Retail Giant A"
"2026-03-01","10856","Rent","Azure Utilities","Retail Giant A"
"2026-03-27","32909","Sales Revenue","TechLogistics Corp","Retail Giant A"
"2026-02-15","34350","Rent","Prime Consulting","SmallBiz Inc"
"2026-03-28","43633","Rent","Azure Utilities","SmallBiz Inc"
"2026-03-22","3503","Sales Revenue","Global Office Ltd","SmallBiz Inc"
"2026-03-23","20827","Professional Fees","Azure Utilities","Direct Consumer"
"2026-02-18","6001","Tax Provision","Azure Utilities","Retail Giant A"
"2026-02-01","41921","Tax Provision","Global Office Ltd","Direct Consumer"
"2026-03-28","23049","Tax Provision","Global Office Ltd","Direct Consumer"
"2026-03-28","35940","Inventory","TechLogistics Corp","Public Sector Dept"
"2026-03-05","8294","Rent","Prime Consulting","Retail Giant A"
"2026-01-14","14792","Inventory","Azure Utilities","Retail Giant A"
"2026-01-24","37996","Rent","Prime Consulting","Public Sector Dept"
"2026-03-04","44817","Professional Fees","Azure Utilities","Public Sector Dept"
"2026-02-09","17239","Sales Revenue","TechLogistics Corp","Public Sector Dept"
"2026-01-03","1469","Inventory","Global Office Ltd","Retail Giant A"
"2026-02-05","30080","Inventory","TechLogistics Corp","Retail Giant A"
"2026-01-21","7302","Sales Revenue","Global Office Ltd","SmallBiz Inc"
"2026-03-16","21659","Inventory","TechLogistics Corp","SmallBiz Inc"
"2026-01-11","23397","Professional Fees","Prime Consulting","Direct Consumer"
"2026-03-26","17708","Inventory","Azure Utilities","Retail Giant A"
"2026-03-28","44542","Rent","Global Office Ltd","Retail Giant A"
"2026-01-09","47527","Tax Provision","TechLogistics Corp","Public Sector Dept"
"2026-03-25","6783","Tax Provision","Azure Utilities","Retail Giant A"
"2026-02-10","29372","Sales Revenue","TechLogistics Corp","SmallBiz Inc"
"2026-03-12","39995","Professional Fees","Prime Consulting","Public Sector Dept"
"2026-02-25","33020","Tax Provision","Azure Utilities","Direct Consumer"
"2026-02-24","38016","Sales Revenue","Azure Utilities","SmallBiz Inc"
"2026-01-18","13334","Inventory","Global Office Ltd","Public Sector Dept"
"2026-01-09","37037","Inventory","Global Office Ltd","Retail Giant A"
"2026-01-05","47520","Rent","Azure Utilities","Public Sector Dept"
"2026-02-07","22082","Inventory","TechLogistics Corp","SmallBiz Inc"
"2026-01-30","24143","Sales Revenue","Global Office Ltd","Retail Giant A"
"2026-03-07","16591","Inventory","Azure Utilities","Public Sector Dept"
"2026-02-17","25705","Professional Fees","Azure Utilities","Direct Consumer"
"2026-02-15","19605","Sales Revenue","Azure Utilities","Direct Consumer"
"2026-01-16","41541","Sales Revenue","Prime Consulting","Public Sector Dept"
"2026-01-28","48133","Rent","Prime Consulting","Public Sector Dept"
"2026-01-04","18975","Inventory","Prime Consulting","Direct Consumer"
"2026-01-13","14861","Tax Provision","Global Office Ltd","Direct Consumer"
"2026-03-13","23846","Rent","Prime Consulting","Direct Consumer"
"2026-03-23","4420","Sales Revenue","Azure Utilities","SmallBiz Inc"
"2026-02-18","11447","Tax Provision","Prime Consulting","Direct Consumer"
"2026-01-09","15462","Sales Revenue","Prime Consulting","SmallBiz Inc"
"2026-02-02","31517","Professional Fees","Azure Utilities","Direct Consumer"
"2026-02-07","33876","Inventory","Prime Consulting","SmallBiz Inc"
"2026-02-27","42315","Rent","Azure Utilities","SmallBiz Inc"
"2026-03-22","41676","Tax Provision","Global Office Ltd","Retail Giant A"
"2026-02-27","16318","Sales Revenue","Azure Utilities","Direct Consumer"
"2026-02-04","47554","Professional Fees","Azure Utilities","Direct Consumer"
"2026-01-06","37471","Inventory","Azure Utilities","SmallBiz Inc"
"2026-02-06","34255","Inventory","TechLogistics Corp","Public Sector Dept"
"2026-01-27","32229","Tax Provision","Prime Consulting","Direct Consumer"
"2026-01-14","36887","Tax Provision","Prime Consulting","SmallBiz Inc"
"2026-02-06","4871","Professional Fees","Global Office Ltd","Direct Consumer"
"2026-01-13","47964","Rent","Global Office Ltd","SmallBiz Inc"
"2026-01-18","12990","Professional Fees","Prime Consulting","Public Sector Dept"
"2026-02-02","21515","Professional Fees","Prime Consulting","Direct Consumer"
"2026-02-28","22532","Sales Revenue","TechLogistics Corp","SmallBiz Inc"
"2026-02-21","30472","Inventory","Azure Utilities","Direct Consumer"
"2026-02-09","6581","Tax Provision","Azure Utilities","Public Sector Dept"
"2026-03-17","20058","Tax Provision","Prime Consulting","Direct Consumer"
"2026-03-08","7937","Tax Provision","Global Office Ltd","Public Sector Dept"
"2026-01-01","40998","Professional Fees","Prime Consulting","Public Sector Dept"
"2026-02-13","9832","Sales Revenue","Azure Utilities","Public Sector Dept"
"2026-01-06","13952","Tax Provision","TechLogistics Corp","SmallBiz Inc"
"2026-02-25","22173","Tax Provision","Prime Consulting","Retail Giant A"
"2026-03-21","25154","Rent","Azure Utilities","Direct Consumer"
"2026-02-22","28055","Tax Provision","Prime Consulting","Direct Consumer"
"2026-03-23","42958","Professional Fees","Prime Consulting","SmallBiz Inc"
"2026-02-23","12825","Professional Fees","Azure Utilities","Retail Giant A"
"2026-03-14","1091","Sales Revenue","Azure Utilities","Retail Giant A"
"2026-01-01","18078","Rent","Global Office Ltd","Retail Giant A"
"2026-01-26","25082","Professional Fees","Global Office Ltd","Retail Giant A"
"2026-02-26","11570","Tax Provision","TechLogistics Corp","Direct Consumer"
"2026-03-14","23677","Inventory","TechLogistics Corp","Retail Giant A"
"2026-01-18","26606","Rent","Global Office Ltd","Public Sector Dept"
"2026-01-11","26315","Professional Fees","TechLogistics Corp","Public Sector Dept"
"2026-01-24","1983","Rent","Prime Consulting","Public Sector Dept"
"2026-03-17","26686","Sales Revenue","TechLogistics Corp","Retail Giant A"
"2026-01-10","15927","Inventory","TechLogistics Corp","SmallBiz Inc"
"2026-01-28","43648","Professional Fees","Global Office Ltd","Retail Giant A"
"2026-03-20","38943","Sales Revenue","Azure Utilities","Public Sector Dept"
"2026-03-21","43358","Rent","Azure Utilities","Direct Consumer"
"2026-03-06","31460","Tax Provision","Prime Consulting","Retail Giant A"
"2026-02-11","3665","Rent","Prime Consulting","Direct Consumer"
"2026-02-04","33392","Rent","Azure Utilities","SmallBiz Inc"
"2026-03-11","9103","Sales Revenue","Azure Utilities","Direct Consumer"
"2026-01-09","5493","Rent","Azure Utilities","SmallBiz Inc"
"2026-03-20","9263","Sales Revenue","TechLogistics Corp","SmallBiz Inc"
"2026-01-11","13623","Professional Fees","Azure Utilities","Direct Consumer"
"2026-02-16","8892","Professional Fees","Global Office Ltd","Retail Giant A"
"2026-01-21","34459","Professional Fees","Azure Utilities","Direct Consumer"
"2026-03-19","39530","Sales Revenue","TechLogistics Corp","SmallBiz Inc"
"2026-02-26","36531","Professional Fees","Prime Consulting","Direct Consumer"
"2026-02-09","21296","Sales Revenue","Prime Consulting","Public Sector Dept"
"2026-02-27","15935","Inventory","Global Office Ltd","SmallBiz Inc"
"2026-01-02","1289","Professional Fees","Global Office Ltd","Public Sector Dept"
"2026-01-04","38870","Inventory","Global Office Ltd","Public Sector Dept"
"2026-01-21","47188","Tax Provision","TechLogistics Corp","Public Sector Dept"
"2026-01-29","17765","Inventory","Prime Consulting","SmallBiz Inc"
"2026-02-27","24719","Sales Revenue","TechLogistics Corp","Public Sector Dept"
"2026-03-24","31690","Professional Fees","Prime Consulting","Retail Giant A"
"2026-02-24","3424","Tax Provision","Global Office Ltd","Public Sector Dept"
"2026-03-06","2537","Sales Revenue","Prime Consulting","SmallBiz Inc"
"2026-02-28","34527","Inventory","Global Office Ltd","Retail Giant A"
"2026-03-01","29799","Tax Provision","Prime Consulting","Retail Giant A"
"2026-02-24","47876","Professional Fees","Global Office Ltd","Public Sector Dept"
"2026-01-30","12372","Tax Provision","Global Office Ltd","Direct Consumer"
"2026-02-28","9243","Rent","Prime Consulting","Direct Consumer"
"2026-03-09","3891","Inventory","Prime Consulting","Direct Consumer"
"2026-02-04","49097","Rent","Azure Utilities","SmallBiz Inc"
"2026-01-04","3117","Tax Provision","Azure Utilities","Direct Consumer"
"2026-01-15","13719","Rent","Global Office Ltd","Retail Giant A"
"2026-02-09","33498","Inventory","Global Office Ltd","Retail Giant A"
"2026-01-24","38986","Professional Fees","Azure Utilities","Public Sector Dept"
"2026-02-04","41504","Professional Fees","Prime Consulting","SmallBiz Inc"
"2026-01-31","11362","Sales Revenue","TechLogistics Corp","SmallBiz Inc"
"2026-01-08","1800","Tax Provision","Prime Consulting","Public Sector Dept"
"2026-02-09","24564","Sales Revenue","Global Office Ltd","Retail Giant A"
"2026-03-24","6548","Rent","Azure Utilities","Public Sector Dept"
"2026-01-07","38621","Inventory","Global Office Ltd","SmallBiz Inc"
"2026-02-04","34332","Professional Fees","Prime Consulting","Public Sector Dept"
"2026-03-31","43469","Rent","Azure Utilities","Direct Consumer"
"2026-02-27","9426","Sales Revenue","Prime Consulting","Public Sector Dept"
"2026-03-05","35166","Professional Fees","Prime Consulting","Direct Consumer"
"2026-01-30","16879","Inventory","TechLogistics Corp","SmallBiz Inc"
"2026-01-16","49676","Sales Revenue","TechLogistics Corp","Retail Giant A"
"2026-03-07","13522","Professional Fees","Prime Consulting","SmallBiz Inc"
"2026-02-23","16748","Inventory","Global Office Ltd","Public Sector Dept"
"2026-01-25","36097","Tax Provision","Azure Utilities","Direct Consumer"
"2026-01-17","25589","Tax Provision","Prime Consulting","Retail Giant A"
"2026-01-27","18958","Tax Provision","TechLogistics Corp","Retail Giant A"
"2026-02-19","28920","Rent","Prime Consulting","Direct Consumer"
"2026-02-22","31432","Professional Fees","Prime Consulting","Direct Consumer"
"2026-03-17","6779","Tax Provision","Azure Utilities","SmallBiz Inc"
"2026-01-23","49403","Inventory","Azure Utilities","Public Sector Dept"
"2026-01-29","3294","Sales Revenue","Global Office Ltd","Retail Giant A"
"2026-03-17","13372","Rent","Prime Consulting","Public Sector Dept"
"2026-03-24","12531","Tax Provision","Prime Consulting","SmallBiz Inc"
"2026-02-05","44029","Tax Provision","Global Office Ltd","Public Sector Dept"
"2026-01-22","49630","Rent","Prime Consulting","Public Sector Dept"
"2026-01-13","6104","Professional Fees","Prime Consulting","Retail Giant A"
"2026-02-10","49030","Sales Revenue","Azure Utilities","Public Sector Dept"
"2026-03-06","27445","Rent","TechLogistics Corp","SmallBiz Inc"
"2026-02-05","44334","Rent","Prime Consulting","Direct Consumer"
"2026-03-02","21989","Tax Provision","TechLogistics Corp","Retail Giant A"
"2026-02-19","49009","Rent","TechLogistics Corp","SmallBiz Inc"
"2026-01-07","26410","Inventory","Azure Utilities","Direct Consumer"
"2026-01-10","12279","Inventory","TechLogistics Corp","Retail Giant A"
"2026-01-27","13135","Professional Fees","Global Office Ltd","Direct Consumer"
"2026-03-17","13669","Tax Provision","Prime Consulting","SmallBiz Inc"
"2026-02-14","25555","Sales Revenue","Azure Utilities","Retail Giant A"
"2026-03-28","37215","Inventory","Global Office Ltd","SmallBiz Inc"
"2026-01-28","28894","Sales Revenue","TechLogistics Corp","Public Sector Dept"
"2026-02-05","44221","Inventory","TechLogistics Corp","Direct Consumer"
"2026-02-15","15823","Tax Provision","Prime Consulting","Retail Giant A"
"2026-02-04","1563","Sales Revenue","Azure Utilities","Retail Giant A"
"2026-01-23","35703","Professional Fees","Prime Consulting","Direct Consumer"
"2026-02-27","38874","Inventory","Azure Utilities","Retail Giant A"
"2026-01-01","2122","Rent","TechLogistics Corp","Retail Giant A"
"2026-02-24","17753","Professional Fees","TechLogistics Corp","SmallBiz Inc"
"2026-03-05","15664","Tax Provision","Global Office Ltd","Direct Consumer"
"2026-01-19","21717","Professional Fees","Prime Consulting","Public Sector Dept"
"2026-02-04","12744","Tax Provision","Global Office Ltd","SmallBiz Inc"
"2026-01-09","25251","Tax Provision","Azure Utilities","Public Sector Dept"
"2026-03-21","38051","Tax Provision","TechLogistics Corp","SmallBiz Inc"
"2026-01-11","4337","Inventory","Global Office Ltd","SmallBiz Inc"
"2026-01-17","38642","Tax Provision","Azure Utilities","Public Sector Dept"
"2026-03-28","17005","Professional Fees","Global Office Ltd","Direct Consumer"
"2026-03-20","22940","Inventory","Global Office Ltd","Direct Consumer"
"2026-02-28","31845","Sales Revenue","Global Office Ltd","Retail Giant A"
"2026-02-04","15072","Tax Provision","Global Office Ltd","Retail Giant A"
"2026-03-03","21598","Inventory","Prime Consulting","Public Sector Dept"
"2026-02-11","16166","Tax Provision","TechLogistics Corp","Public Sector Dept"
"2026-02-25","40503","Tax Provision","TechLogistics Corp","SmallBiz Inc"
"2026-03-03","20790","Tax Provision","Global Office Ltd","Public Sector Dept"
"2026-01-16","36572","Rent","TechLogistics Corp","Direct Consumer"
"2026-02-21","24265","Inventory","Azure Utilities","SmallBiz Inc"
"2026-02-20","4040","Rent","Global Office Ltd","Public Sector Dept"
"2026-01-29","10616","Professional Fees","Azure Utilities","Retail Giant A"
"2026-03-28","27479","Rent","Prime Consulting","Public Sector Dept"
"2026-02-11","14053","Sales Revenue","Global Office Ltd","Direct Consumer"
"2026-01-02","2663","Inventory","Azure Utilities","Public Sector Dept"
"2026-03-06","5113","Professional Fees","Prime Consulting","Retail Giant A"
"2026-03-18","6671","Sales Revenue","Azure Utilities","Public Sector Dept"
"2026-01-28","20288","Inventory","Global Office Ltd","SmallBiz Inc"
"2026-02-12","18501","Inventory","Azure Utilities","Direct Consumer"
"2026-01-02","16894","Rent","Global Office Ltd","SmallBiz Inc"
"2026-01-18","26669","Professional Fees","Prime Consulting","SmallBiz Inc"
"2026-01-31","29921","Professional Fees","TechLogistics Corp","Retail Giant A"
"2026-03-09","34495","Tax Provision","Prime Consulting","Direct Consumer"
"2026-02-04","29223","Rent","Azure Utilities","Public Sector Dept"
"2026-03-28","33997","Professional Fees","TechLogistics Corp","Public Sector Dept"
"2026-01-24","9787","Professional Fees","TechLogistics Corp","Public Sector Dept"
"2026-02-13","2853","Professional Fees","TechLogistics Corp","SmallBiz Inc"
"2026-03-14","3424","Sales Revenue","TechLogistics Corp","Retail Giant A"
"2026-01-27","21903","Inventory","TechLogistics Corp","Retail Giant A"
"2026-01-16","5095","Sales Revenue","TechLogistics Corp","Direct Consumer"
"2026-03-06","16915","Sales Revenue","Global Office Ltd","Retail Giant A"
"2026-01-07","12404","Sales Revenue","Prime Consulting","Public Sector Dept"
"2026-03-24","43506","Professional Fees","TechLogistics Corp","Direct Consumer"
"2026-01-20","41282","Inventory","Prime Consulting","SmallBiz Inc"
"2026-03-25","5544","Tax Provision","TechLogistics Corp","SmallBiz Inc"
"2026-01-31","26928","Professional Fees","Prime Consulting","Retail Giant A"
"2026-03-03","24278","Inventory","Prime Consulting","Direct Consumer"
"2026-03-17","7850","Sales Revenue","Prime Consulting","Direct Consumer"
"2026-03-10","20442","Sales Revenue","TechLogistics Corp","Direct Consumer"
"2026-02-22","21008","Professional Fees","Global Office Ltd","Public Sector Dept"
"2026-01-04","45047","Professional Fees","Azure Utilities","Direct Consumer"
"2026-01-07","33151","Sales Revenue","Prime Consulting","SmallBiz Inc"
"2026-02-11","38055","Sales Revenue","Azure Utilities","SmallBiz Inc"
"2026-01-10","17728","Sales Revenue","Prime Consulting","Direct Consumer"
"2026-02-23","41480","Rent","Prime Consulting","Retail Giant A"
"2026-03-23","8859","Inventory","TechLogistics Corp","Public Sector Dept"
"2026-03-14","16530","Rent","TechLogistics Corp","Retail Giant A"
"2026-03-20","19127","Professional Fees","Prime Consulting","Retail Giant A"
"2026-03-07","22623","Inventory","Prime Consulting","SmallBiz Inc"
"2026-03-21","27397","Inventory","Global Office Ltd","Retail Giant A"
"2026-03-08","39116","Inventory","Azure Utilities","Public Sector Dept"
"2026-03-13","14431","Tax Provision","Prime Consulting","SmallBiz Inc"
"2026-02-10","36901","Inventory","Global Office Ltd","Public Sector Dept"
"2026-03-11","43076","Sales Revenue","Azure Utilities","Public Sector Dept"
"2026-02-20","17687","Sales Revenue","Global Office Ltd","SmallBiz Inc"
"2026-02-03","3891","Rent","Azure Utilities","Public Sector Dept"
"2026-01-13","37787","Rent","Prime Consulting","Public Sector Dept"
"2026-01-10","19932","Sales Revenue","Prime Consulting","Retail Giant A"
"2026-03-05","4079","Rent","Global Office Ltd","Retail Giant A"
"2026-02-12","47453","Professional Fees","TechLogistics Corp","Public Sector Dept"
"2026-01-24","8137","Sales Revenue","Azure Utilities","Public Sector Dept"
"2026-02-11","21971","Sales Revenue","Global Office Ltd","Direct Consumer"
"2026-03-04","31261","Rent","Azure Utilities","Direct Consumer"
"2026-02-11","41853","Sales Revenue","Prime Consulting","SmallBiz Inc"
"2026-02-05","46301","Tax Provision","Global Office Ltd","Public Sector Dept"
"2026-02-22","37903","Sales Revenue","Prime Consulting","Direct Consumer"
"2026-02-26","3033","Professional Fees","Azure Utilities","SmallBiz Inc"
"2026-03-26","16331","Professional Fees","Azure Utilities","Retail Giant A"
"2026-01-08","47404","Sales Revenue","Azure Utilities","SmallBiz Inc"
"2026-03-30","7516","Sales Revenue","Azure Utilities","SmallBiz Inc"
"2026-02-27","14612","Professional Fees","TechLogistics Corp","SmallBiz Inc"
"2026-01-23","6898","Professional Fees","Azure Utilities","Public Sector Dept"
"2026-01-31","19315","Inventory","Azure Utilities","Direct Consumer"
"2026-01-24","19391","Tax Provision","Prime Consulting","Public Sector Dept"
"2026-03-14","14222","Sales Revenue","Azure Utilities","Public Sector Dept"
"2026-03-12","46500","Tax Provision","Global Office Ltd","SmallBiz Inc"
"2026-01-13","14836","Tax Provision","Prime Consulting","Retail Giant A"
"2026-02-10","29503","Rent","TechLogistics Corp","Public Sector Dept"
"2026-03-20","46804","Sales Revenue","Global Office Ltd","Public Sector Dept"
"2026-01-13","31623","Tax Provision","Global Office Ltd","Direct Consumer"
"2026-01-27","11845","Professional Fees","Global Office Ltd","Direct Consumer"
"2026-03-26","8132","Rent","Prime Consulting","SmallBiz Inc"
"2026-02-25","10617","Rent","Azure Utilities","Direct Consumer"
"2026-01-16","24419","Rent","Prime Consulting","SmallBiz Inc"
"2026-02-19","47594","Tax Provision","Azure Utilities","SmallBiz Inc"
"2026-03-08","30122","Professional Fees","Azure Utilities","Retail Giant A"
"2026-03-31","48124","Professional Fees","TechLogistics Corp","SmallBiz Inc"
"2026-03-11","1195","Rent","Prime Consulting","SmallBiz Inc"
"2026-03-21","46538","Tax Provision","TechLogistics Corp","Retail Giant A"
"2026-03-24","8051","Tax Provision","Azure Utilities","Direct Consumer"
"2026-03-11","48659","Inventory","Global Office Ltd","Public Sector Dept"
"2026-01-27","33982","Sales Revenue","Azure Utilities","Direct Consumer"
"2026-03-23","43579","Rent","Azure Utilities","Direct Consumer"
"2026-02-22","39847","Inventory","TechLogistics Corp","Retail Giant A"
"2026-02-26","31041","Rent","Azure Utilities","Retail Giant A"
"2026-02-23","32806","Rent","Azure Utilities","SmallBiz Inc"
"2026-03-15","8956","Tax Provision","Azure Utilities","Public Sector Dept"
"2026-01-19","17987","Tax Provision","Global Office Ltd","Retail Giant A"
"2026-01-26","30055","Rent","Azure Utilities","Retail Giant A"
"2026-01-06","19369","Professional Fees","Prime Consulting","Public Sector Dept"
"2026-02-26","11638","Rent","TechLogistics Corp","Retail Giant A"
"2026-01-08","29981","Professional Fees","Global Office Ltd","Public Sector Dept"
"2026-02-20","10275","Sales Revenue","TechLogistics Corp","Retail Giant A"
"2026-01-28","43572","Rent","Azure Utilities","Retail Giant A"
"2026-03-02","33260","Sales Revenue","Prime Consulting","SmallBiz Inc"
"2026-01-20","10746","Professional Fees","Global Office Ltd","Direct Consumer"
"2026-02-12","29382","Tax Provision","Azure Utilities","Direct Consumer"
"2026-03-18","4708","Sales Revenue","TechLogistics Corp","Retail Giant A"
"2026-03-12","4218","Sales Revenue","Azure Utilities","Public Sector Dept"
"2026-02-05","35323","Rent","TechLogistics Corp","SmallBiz Inc"
"2026-03-24","1318","Sales Revenue","Azure Utilities","Public Sector Dept"
"2026-01-22","25228","Sales Revenue","Prime Consulting","Retail Giant A"
"2026-02-22","16757","Sales Revenue","Prime Consulting","Public Sector Dept"
"2026-03-15","14146","Inventory","Azure Utilities","Direct Consumer"
"2026-02-17","36485","Professional Fees","Global Office Ltd","Public Sector Dept"
"2026-03-18","14188","Sales Revenue","TechLogistics Corp","SmallBiz Inc"
"2026-03-18","33827","Professional Fees","Global Office Ltd","SmallBiz Inc"
"2026-03-23","10872","Professional Fees","Azure Utilities","Direct Consumer"
"2026-02-03","45270","Inventory","Azure Utilities","Direct Consumer"
"2026-02-04","40097","Professional Fees","TechLogistics Corp","Public Sector Dept"
"2026-02-08","21058","Rent","Azure Utilities","Public Sector Dept"
"2026-01-11","17495","Sales Revenue","Azure Utilities","Public Sector Dept"
"2026-01-03","26095","Tax Provision","TechLogistics Corp","Retail Giant A"
"2026-02-11","31746","Professional Fees","TechLogistics Corp","Retail Giant A"
"2026-01-19","45030","Tax Provision","Global Office Ltd","Public Sector Dept"
"2026-03-27","33798","Professional Fees","Global Office Ltd","Retail Giant A"
"2026-01-22","26336","Professional Fees","Global Office Ltd","Direct Consumer"
"2026-02-01","17214","Professional Fees","Global Office Ltd","Public Sector Dept"
"2026-01-11","30180","Inventory","Global Office Ltd","SmallBiz Inc"
"2026-02-28","17921","Professional Fees","Azure Utilities","Direct Consumer"
"2026-02-14","36228","Rent","Prime Consulting","SmallBiz Inc"
"2026-03-26","13122","Rent","Global Office Ltd","Public Sector Dept"
"2026-02-16","31938","Rent","TechLogistics Corp","Public Sector Dept"
"2026-02-15","24341","Rent","TechLogistics Corp","Public Sector Dept"
"2026-02-25","36017","Sales Revenue","TechLogistics Corp","SmallBiz Inc"
"2026-01-18","17517","Sales Revenue","Prime Consulting","Direct Consumer"
"2026-01-12","45490","Sales Revenue","TechLogistics Corp","Public Sector Dept"
"2026-01-28","36115","Tax Provision","Prime Consulting","Public Sector Dept"
"2026-01-02","27671","Professional Fees","Prime Consulting","Retail Giant A"
"2026-03-06","22291","Sales Revenue","Azure Utilities","Retail Giant A"
"2026-02-26","47221","Rent","Prime Consulting","Direct Consumer"
"2026-02-12","4977","Professional Fees","Azure Utilities","SmallBiz Inc"
"2026-01-24","41331","Sales Revenue","Azure Utilities","Direct Consumer"
"2026-03-16","20966","Inventory","Prime Consulting","SmallBiz Inc"
"2026-01-08","3645","Professional Fees","TechLogistics Corp","Direct Consumer"
"2026-03-13","46170","Professional Fees","Azure Utilities","Public Sector Dept"
"2026-02-25","49371","Inventory","Global Office Ltd","Retail Giant A"
"2026-01-22","11383","Inventory","TechLogistics Corp","Retail Giant A"
"2026-01-03","19811","Professional Fees","Prime Consulting","Direct Consumer"
"2026-02-05","24261","Rent","Prime Consulting","Retail Giant A"
"2026-02-10","16874","Professional Fees","Prime Consulting","Direct Consumer"
"2026-02-28","34461","Professional Fees","Prime Consulting","SmallBiz Inc"
"2026-02-16","47278","Inventory","Global Office Ltd","Public Sector Dept"
"2026-03-13","40702","Rent","TechLogistics Corp","Public Sector Dept"
"2026-01-09","9698","Tax Provision","Global Office Ltd","Retail Giant A"
"2026-03-18","39776","Sales Revenue","Prime Consulting","Retail Giant A"
"2026-01-25","25892","Tax Provision","TechLogistics Corp","SmallBiz Inc"
"2026-02-10","13320","Professional Fees","TechLogistics Corp","Retail Giant A"
"2026-02-27","1527","Tax Provision","Prime Consulting","SmallBiz Inc"
"2026-02-08","2936","Rent","Prime Consulting","SmallBiz Inc"
"2026-01-20","23971","Sales Revenue","Prime Consulting","Public Sector Dept"
"2026-03-10","11899","Tax Provision","TechLogistics Corp","Public Sector Dept"
"2026-02-02","40289","Inventory","TechLogistics Corp","Direct Consumer"
"2026-02-28","33611","Sales Revenue","TechLogistics Corp","Retail Giant A"
"2026-02-04","21285","Professional Fees","Global Office Ltd","Direct Consumer"
"2026-03-12","20848","Professional Fees","TechLogistics Corp","Retail Giant A"
"2026-01-13","25646","Professional Fees","TechLogistics Corp","Retail Giant A"
"2026-02-05","4123","Rent","Global Office Ltd","Retail Giant A"
"2026-03-22","40277","Inventory","Prime Consulting","Public Sector Dept"
"2026-01-16","23281","Tax Provision","Global Office Ltd","Public Sector Dept"
"2026-02-06","16790","Professional Fees","Prime Consulting","SmallBiz Inc"
"2026-01-30","9996","Sales Revenue","Prime Consulting","Direct Consumer"
"2026-03-07","45524","Sales Revenue","Azure Utilities","Retail Giant A"
"2026-02-26","5884","Inventory","Global Office Ltd","SmallBiz Inc"
"2026-02-19","25778","Rent","Azure Utilities","SmallBiz Inc"
"2026-03-14","42663","Rent","TechLogistics Corp","Retail Giant A"
"2026-02-25","20399","Professional Fees","TechLogistics Corp","SmallBiz Inc"
"2026-02-15","29181","Professional Fees","Prime Consulting","Public Sector Dept"
"2026-02-08","10423","Sales Revenue","Prime Consulting","SmallBiz Inc"
"2026-01-17","43814","Tax Provision","Global Office Ltd","Public Sector Dept"
"2026-03-21","24254","Rent","Global Office Ltd","Retail Giant A"
"2026-01-01","33661","Rent","Azure Utilities","Public Sector Dept"
"2026-02-09","4541","Inventory","Azure Utilities","Public Sector Dept"
"2026-03-07","17759","Sales Revenue","Azure Utilities","Public Sector Dept"
"2026-01-04","19775","Tax Provision","Prime Consulting","Public Sector Dept"
"2026-01-05","27506","Sales Revenue","Prime Consulting","Retail Giant A"
"2026-02-10","7419","Professional Fees","TechLogistics Corp","Public Sector Dept"
"2026-02-17","34879","Tax Provision","Global Office Ltd","SmallBiz Inc"
"2026-01-06","23746","Inventory","TechLogistics Corp","Public Sector Dept"
"2026-01-28","40549","Rent","Azure Utilities","SmallBiz Inc"
"2026-01-19","25006","Inventory","TechLogistics Corp","Direct Consumer"
"2026-01-15","12627","Rent","Global Office Ltd","Retail Giant A"
"2026-01-14","14515","Professional Fees","Azure Utilities","Direct Consumer"
"2026-02-06","49712","Inventory","Prime Consulting","Direct Consumer"
"2026-01-27","12012","Sales Revenue","TechLogistics Corp","Public Sector Dept"
"2026-02-24","22401","Tax Provision","Prime Consulting","SmallBiz Inc"
"2026-01-31","43302","Inventory","Prime Consulting","Direct Consumer"
"2026-03-10","13922","Inventory","Global Office Ltd","Public Sector Dept"
"2026-03-27","23602","Inventory","Global Office Ltd","SmallBiz Inc"
"2026-03-22","14909","Inventory","Prime Consulting","Public Sector Dept"
"2026-03-02","2667","Sales Revenue","Global Office Ltd","Direct Consumer"
"2026-01-10","38236","Inventory","Azure Utilities","Direct Consumer"
"2026-03-15","41472","Rent","Prime Consulting","Retail Giant A"
"2026-02-10","40206","Sales Revenue","Global Office Ltd","Direct Consumer"
"2026-02-10","17374","Tax Provision","TechLogistics Corp","Public Sector Dept"
"2026-03-25","22561","Rent","Azure Utilities","SmallBiz Inc"
"2026-01-26","2841","Inventory","Prime Consulting","Direct Consumer"
"2026-02-26","47182","Inventory","Azure Utilities","Public Sector Dept"
"2026-02-02","33411","Sales Revenue","TechLogistics Corp","Public Sector Dept"
"2026-03-02","12731","Sales Revenue","TechLogistics Corp","Direct Consumer"
"2026-01-20","11285","Tax Provision","Azure Utilities","Direct Consumer"
"2026-03-20","11103","Rent","TechLogistics Corp","Direct Consumer"
"2026-01-20","33211","Sales Revenue","Prime Consulting","Direct Consumer"
"2026-02-13","44474","Rent","Prime Consulting","Direct Consumer"
"2026-03-25","30599","Tax Provision","Global Office Ltd","SmallBiz Inc"
"2026-01-16","10003","Tax Provision","TechLogistics Corp","Direct Consumer"
"2026-03-07","6085","Inventory","Global Office Ltd","Direct Consumer"
"2026-02-05","28222","Rent","Global Office Ltd","Direct Consumer"
"2026-02-04","43309","Inventory","Global Office Ltd","Direct Consumer"
"2026-03-27","28669","Professional Fees","Prime Consulting","Retail Giant A"
"2026-02-26","6615","Tax Provision","Azure Utilities","Retail Giant A"
"2026-01-18","18247","Sales Revenue","Azure Utilities","Direct Consumer"
"2026-03-01","2024","Professional Fees","Prime Consulting","Direct Consumer"
"2026-01-07","23518","Rent","Global Office Ltd","Retail Giant A"
"2026-02-23","18991","Sales Revenue","Azure Utilities","SmallBiz Inc"
"2026-01-17","7336","Inventory","Prime Consulting","Public Sector Dept"
"2026-01-04","35311","Professional Fees","Azure Utilities","Public Sector Dept"
"2026-03-21","5675","Rent","Global Office Ltd","SmallBiz Inc"
"2026-02-07","20627","Professional Fees","Global Office Ltd","SmallBiz Inc"
"2026-01-29","34414","Inventory","Prime Consulting","Public Sector Dept"
"2026-03-11","19800","Sales Revenue","Azure Utilities","Retail Giant A"
"2026-03-30","26259","Tax Provision","TechLogistics Corp","Direct Consumer"
"2026-01-25","33868","Inventory","Prime Consulting","SmallBiz Inc"
"2026-01-14","36070","Rent","Prime Consulting","Direct Consumer"
"2026-01-27","31873","Professional Fees","Azure Utilities","SmallBiz Inc"
"2026-01-30","36664","Sales Revenue","Global Office Ltd","Public Sector Dept"
"2026-02-10","28673","Inventory","Global Office Ltd","Public Sector Dept"
"2026-01-04","6180","Professional Fees","Prime Consulting","Retail Giant A"
"2026-02-02","14627","Rent","Global Office Ltd","Retail Giant A"
"2026-02-09","14960","Sales Revenue","TechLogistics Corp","Retail Giant A"
"2026-01-24","38868","Inventory","Prime Consulting","Direct Consumer"
"2026-02-17","47391","Sales Revenue","Prime Consulting","Public Sector Dept"
"2026-01-31","18355","Rent","Azure Utilities","SmallBiz Inc"
"2026-02-19","14705","Sales Revenue","TechLogistics Corp","SmallBiz Inc"
"2026-03-30","35542","Rent","TechLogistics Corp","Retail Giant A"
"2026-01-09","1169","Sales Revenue","Global Office Ltd","SmallBiz Inc"
"2026-01-02","39602","Inventory","Global Office Ltd","SmallBiz Inc"
"2026-01-18","10462","Tax Provision","Prime Consulting","Retail Giant A"
"2026-03-07","37676","Tax Provision","TechLogistics Corp","Public Sector Dept"
"2026-03-03","18660","Professional Fees","Azure Utilities","Retail Giant A"
"2026-02-08","2859","Inventory","Prime Consulting","Public Sector Dept"
"2026-01-10","35280","Rent","TechLogistics Corp","Retail Giant A"
"2026-03-11","48405","Sales Revenue","Azure Utilities","Public Sector Dept"
"2026-02-26","9720","Professional Fees","TechLogistics Corp","Direct Consumer"
"2026-03-01","46362","Sales Revenue","Azure Utilities","SmallBiz Inc"
"2026-03-28","25253","Tax Provision","Azure Utilities","Direct Consumer"
"2026-01-07","39417","Inventory","TechLogistics Corp","Retail Giant A"
"2026-01-14","13997","Sales Revenue","Azure Utilities","SmallBiz Inc"
"2026-01-14","15730","Professional Fees","Global Office Ltd","Direct Consumer"
"2026-02-22","45100","Rent","Azure Utilities","Retail Giant A"
"2026-02-21","48590","Rent","Global Office Ltd","SmallBiz Inc"
"2026-03-06","9293","Inventory","Prime Consulting","SmallBiz Inc"
"2026-02-06","29445","Rent","TechLogistics Corp","Public Sector Dept"
"2026-03-15","23642","Sales Revenue","Azure Utilities","Direct Consumer"
"2026-01-03","40180","Sales Revenue","TechLogistics Corp","Direct Consumer"
"2026-01-19","28666","Inventory","TechLogistics Corp","SmallBiz Inc"
"2026-03-18","8983","Professional Fees","Prime Consulting","Retail Giant A"
"2026-03-17","30921","Tax Provision","Prime Consulting","Public Sector Dept"
"2026-02-02","34729","Tax Provision","Prime Consulting","SmallBiz Inc"
"2026-01-08","6782","Inventory","Global Office Ltd","Direct Consumer"
"2026-03-09","10492","Rent","TechLogistics Corp","Public Sector Dept"
"2026-01-18","4078","Sales Revenue","Azure Utilities","Direct Consumer"
"2026-03-03","19471","Sales Revenue","Azure Utilities","Public Sector Dept"
"2026-03-11","44664","Professional Fees","Azure Utilities","SmallBiz Inc"
"2026-03-09","31295","Inventory","Prime Consulting","SmallBiz Inc"
"2026-03-20","40081","Inventory","TechLogistics Corp","Direct Consumer"
"2026-01-28","37026","Inventory","TechLogistics Corp","Direct Consumer"
"2026-03-29","4906","Rent","Azure Utilities","Direct Consumer"
"2026-02-02","2933","Sales Revenue","Prime Consulting","Retail Giant A"
"2026-01-26","27055","Rent","Prime Consulting","SmallBiz Inc"
"2026-03-08","15185","Sales Revenue","Azure Utilities","Direct Consumer"
"2026-03-25","30755","Inventory","Global Office Ltd","Public Sector Dept"
"2026-03-28","5252","Professional Fees","Global Office Ltd","Retail Giant A"
"2026-02-01","12109","Sales Revenue","Global Office Ltd","Public Sector Dept"
"2026-01-17","12736","Tax Provision","Prime Consulting","SmallBiz Inc"
"2026-02-07","8906","Tax Provision","Global Office Ltd","Public Sector Dept"
"2026-01-23","22442","Inventory","Azure Utilities","Direct Consumer"
"2026-03-27","29600","Inventory","Prime Consulting","SmallBiz Inc"
"2026-03-21","4145","Sales Revenue","TechLogistics Corp","SmallBiz Inc"
"2026-03-12","7612","Tax Provision","Global Office Ltd","Direct Consumer"
"2026-02-08","8012","Sales Revenue","Global Office Ltd","Retail Giant A"
"2026-01-25","22262","Inventory","Global Office Ltd","Retail Giant A"
"2026-03-28","14842","Professional Fees","Azure Utilities","Public Sector Dept"
"2026-02-08","13723","Inventory","Prime Consulting","SmallBiz Inc"
"2026-01-03","29736","Sales Revenue","TechLogistics Corp","Public Sector Dept"
"2026-01-20","21393","Sales Revenue","TechLogistics Corp","Direct Consumer"
"2026-02-09","8107","Tax Provision","Prime Consulting","Retail Giant A"
"2026-01-08","8858","Professional Fees","TechLogistics Corp","SmallBiz Inc"
"2026-02-07","45699","Professional Fees","Prime Consulting","Public Sector Dept"
"2026-03-09","10672","Professional Fees","Global Office Ltd","Public Sector Dept"
"2026-03-24","1667","Rent","Azure Utilities","Direct Consumer"
"2026-02-05","20466","Sales Revenue","Global Office Ltd","Retail Giant A"
"2026-01-13","49394","Sales Revenue","Global Office Ltd","SmallBiz Inc"
"2026-02-26","18157","Professional Fees","Global Office Ltd","Direct Consumer"
"2026-01-07","23872","Sales Revenue","TechLogistics Corp","Public Sector Dept"
"2026-02-19","6990","Inventory","Azure Utilities","Direct Consumer"
"2026-02-19","22122","Sales Revenue","Global Office Ltd","Retail Giant A"
"2026-03-25","13692","Rent","Prime Consulting","Direct Consumer"
"2026-01-02","13647","Tax Provision","Prime Consulting","Public Sector Dept"
"2026-03-12","38178","Rent","Azure Utilities","Retail Giant A"
"2026-03-14","13512","Inventory","Prime Consulting","SmallBiz Inc"
"2026-02-03","43672","Rent","TechLogistics Corp","Public Sector Dept"
"2026-02-15","34411","Inventory","Prime Consulting","Public Sector Dept"
"2026-02-23","48731","Rent","Prime Consulting","Public Sector Dept"
"2026-01-12","3127","Rent","Global Office Ltd","SmallBiz Inc"
"2026-03-19","41379","Professional Fees","Prime Consulting","Direct Consumer"
"2026-03-25","37701","Inventory","Prime Consulting","Public Sector Dept"
"2026-02-03","10289","Tax Provision","Azure Utilities","Retail Giant A"
"2026-03-10","17727","Inventory","Prime Consulting","Retail Giant A"
"2026-01-14","33457","Rent","Global Office Ltd","Direct Consumer"
"2026-01-22","25612","Tax Provision","Prime Consulting","Public Sector Dept"
"2026-03-13","35461","Sales Revenue","TechLogistics Corp","Public Sector Dept"
"2026-02-15","31309","Inventory","Azure Utilities","Public Sector Dept"
"2026-03-15","18407","Professional Fees","TechLogistics Corp","SmallBiz Inc"
"2026-01-01","39798","Rent","Azure Utilities","SmallBiz Inc"
"2026-03-20","32239","Professional Fees","Prime Consulting","Direct Consumer"
"2026-03-18","48643","Rent","Prime Consulting","Public Sector Dept"
"2026-03-13","32230","Professional Fees","Prime Consulting","Retail Giant A"
"2026-01-11","41497","Professional Fees","Azure Utilities","Retail Giant A"
"2026-01-29","11271","Tax Provision","TechLogistics Corp","Retail Giant A"
"2026-01-18","20238","Inventory","Global Office Ltd","Direct Consumer"
"2026-02-25","15949","Professional Fees","Prime Consulting","Public Sector Dept"
"2026-03-22","44056","Sales Revenue","Prime Consulting","SmallBiz Inc"
"2026-01-18","21600","Tax Provision","Global Office Ltd","Retail Giant A"
"2026-01-10","46018","Tax Provision","Prime Consulting","SmallBiz Inc"
"2026-03-20","29045","Tax Provision","Global Office Ltd","Public Sector Dept"
"2026-02-16","22704","Sales Revenue","Prime Consulting","Direct Consumer"
"2026-03-28","4463","Tax Provision","TechLogistics Corp","Retail Giant A"
"2026-02-04","38786","Tax Provision","Prime Consulting","Public Sector Dept"
"2026-02-14","9192","Professional Fees","Global Office Ltd","SmallBiz Inc"
"2026-02-01","26738","Tax Provision","Prime Consulting","SmallBiz Inc"
"2026-01-21","28549","Rent","TechLogistics Corp","Public Sector Dept"
"2026-01-18","23032","Sales Revenue","Global Office Ltd","Direct Consumer"
"2026-02-22","12289","Sales Revenue","TechLogistics Corp","Retail Giant A"
"2026-02-19","17127","Sales Revenue","TechLogistics Corp","Public Sector Dept"
"2026-01-13","24018","Tax Provision","Global Office Ltd","Public Sector Dept"
"2026-01-01","48858","Tax Provision","TechLogistics Corp","SmallBiz Inc"
"2026-03-25","35123","Tax Provision","Global Office Ltd","SmallBiz Inc"
"2026-01-14","38174","Tax Provision","Global Office Ltd","SmallBiz Inc"
"2026-03-21","7931","Tax Provision","Prime Consulting","SmallBiz Inc"
"2026-01-20","33240","Tax Provision","Azure Utilities","Direct Consumer"
"2026-02-06","26280","Sales Revenue","Global Office Ltd","SmallBiz Inc"
"2026-03-07","17637","Inventory","TechLogistics Corp","Retail Giant A"
"2026-02-08","38137","Inventory","Global Office Ltd","Retail Giant A"
"2026-01-20","16666","Inventory","Azure Utilities","Retail Giant A"
"2026-03-04","4745","Professional Fees","Global Office Ltd","Public Sector Dept"
"2026-01-02","25907","Rent","TechLogistics Corp","Direct Consumer"
"2026-01-09","4840","Inventory","TechLogistics Corp","Public Sector Dept"
"2026-01-22","37306","Tax Provision","TechLogistics Corp","Retail Giant A"
"2026-02-10","45869","Inventory","Prime Consulting","Direct Consumer"
"2026-01-27","6455","Tax Provision","Azure Utilities","Public Sector Dept"
"2026-03-19","27458","Professional Fees","Azure Utilities","Public Sector Dept"
"2026-03-01","38686","Professional Fees","Prime Consulting","Direct Consumer"
"2026-02-21","33761","Tax Provision","Azure Utilities","Direct Consumer"
"2026-03-08","37303","Tax Provision","Global Office Ltd","Retail Giant A"
"2026-02-20","21447","Rent","Global Office Ltd","SmallBiz Inc"
"2026-03-05","1889","Sales Revenue","TechLogistics Corp","Retail Giant A"
"2026-02-12","39124","Sales Revenue","TechLogistics Corp","Retail Giant A"
"2026-01-23","42024","Rent","Azure Utilities","Public Sector Dept"
"2026-02-11","24397","Professional Fees","Prime Consulting","Public Sector Dept"
"2026-02-01","30873","Inventory","TechLogistics Corp","SmallBiz Inc"
"2026-01-10","28382","Rent","TechLogistics Corp","Direct Consumer"
"2026-02-20","8017","Professional Fees","Global Office Ltd","Retail Giant A"
"2026-02-11","28438","Sales Revenue","Azure Utilities","Direct Consumer"
"2026-02-26","8181","Tax Provision","Azure Utilities","Direct Consumer"
"2026-03-06","20488","Professional Fees","Global Office Ltd","Public Sector Dept"
"2026-02-18","41517","Professional Fees","Global Office Ltd","Retail Giant A"
"2026-02-07","3242","Rent","Prime Consulting","SmallBiz Inc"
"2026-01-24","4006","Professional Fees","Azure Utilities","Direct Consumer"
"2026-02-15","49710","Inventory","Global Office Ltd","Public Sector Dept"
"2026-02-05","9026","Inventory","Azure Utilities","SmallBiz Inc"
"2026-01-09","1824","Tax Provision","Global Office Ltd","SmallBiz Inc"
"2026-03-30","32170","Rent","TechLogistics Corp","Public Sector Dept"
"2026-03-09","32748","Tax Provision","Prime Consulting","Direct Consumer"
"2026-02-11","32091","Professional Fees","Global Office Ltd","Retail Giant A"
"2026-02-25","35012","Professional Fees","Azure Utilities","Direct Consumer"
"2026-02-22","41334","Inventory","Azure Utilities","Direct Consumer"
"2026-01-13","19444","Tax Provision","Prime Consulting","SmallBiz Inc"
"2026-03-02","41509","Rent","Global Office Ltd","Retail Giant A"
"2026-01-30","36081","Inventory","Global Office Ltd","Retail Giant A"
"2026-03-25","42902","Tax Provision","Global Office Ltd","Retail Giant A"
"2026-02-25","39156","Tax Provision","TechLogistics Corp","Retail Giant A"
"2026-03-21","49653","Inventory","Global Office Ltd","Direct Consumer"
"2026-03-29","13791","Tax Provision","Azure Utilities","Direct Consumer"
"2026-02-27","37502","Professional Fees","Global Office Ltd","SmallBiz Inc"
"2026-01-10","31959","Inventory","Prime Consulting","Retail Giant A"
"2026-02-27","30898","Professional Fees","Prime Consulting","Retail Giant A"
"2026-03-26","42898","Professional Fees","Azure Utilities","Direct Consumer"
"2026-01-29","19140","Inventory","Global Office Ltd","Direct Consumer"
"2026-03-24","41837","Inventory","Prime Consulting","Retail Giant A"
"2026-02-16","37149","Inventory","TechLogistics Corp","SmallBiz Inc"
"2026-01-11","23021","Sales Revenue","Global Office Ltd","Direct Consumer"
"2026-02-04","28286","Inventory","Azure Utilities","SmallBiz Inc"
"2026-03-03","7480","Tax Provision","TechLogistics Corp","Direct Consumer"
"2026-03-23","21192","Sales Revenue","Azure Utilities","Direct Consumer"
"2026-01-11","49436","Professional Fees","Global Office Ltd","SmallBiz Inc"
"2026-01-02","25973","Professional Fees","TechLogistics Corp","Public Sector Dept"
"2026-03-17","13780","Professional Fees","Azure Utilities","Retail Giant A"
"2026-03-15","9145","Tax Provision","TechLogistics Corp","Direct Consumer"
"2026-01-20","41981","Professional Fees","Global Office Ltd","Public Sector Dept"
"2026-02-28","30836","Rent","TechLogistics Corp","Direct Consumer"
"2026-01-12","7870","Rent","Prime Consulting","SmallBiz Inc"
"2026-01-20","7137","Professional Fees","TechLogistics Corp","Retail Giant A"
"2026-02-16","29880","Rent","Global Office Ltd","Retail Giant A"
"2026-02-22","45433","Professional Fees","TechLogistics Corp","Retail Giant A"
"2026-02-01","31940","Sales Revenue","Azure Utilities","Public Sector Dept"
"2026-03-26","15172","Rent","Prime Consulting","Retail Giant A"
"2026-02-19","22797","Tax Provision","Global Office Ltd","Retail Giant A"
"2026-03-03","28612","Professional Fees","Azure Utilities","SmallBiz Inc"
"2026-02-21","47480","Tax Provision","Azure Utilities","Direct Consumer"
"2026-03-30","11907","Tax Provision","Prime Consulting","SmallBiz Inc"
"2026-03-04","48424","Professional Fees","Azure Utilities","Public Sector Dept"
"2026-02-16","32364","Inventory","Azure Utilities","SmallBiz Inc"
"2026-01-22","37930","Sales Revenue","Global Office Ltd","Direct Consumer"
"2026-02-25","10127","Inventory","Azure Utilities","Direct Consumer"
"2026-03-04","10115","Professional Fees","TechLogistics Corp","Direct Consumer"
"2026-02-14","24189","Professional Fees","TechLogistics Corp","Retail Giant A"
"2026-01-15","44000","Professional Fees","TechLogistics Corp","Retail Giant A"
"2026-02-09","27065","Rent","Global Office Ltd","SmallBiz Inc"
"2026-03-22","23063","Tax Provision","TechLogistics Corp","Direct Consumer"
"2026-03-23","15398","Inventory","Prime Consulting","Retail Giant A"
"2026-02-28","33017","Sales Revenue","Global Office Ltd","SmallBiz Inc"
"2026-03-07","22669","Rent","Azure Utilities","Direct Consumer"
"2026-01-01","31709","Rent","TechLogistics Corp","SmallBiz Inc"
"2026-02-05","48030","Professional Fees","Global Office Ltd","Retail Giant A"
"2026-02-18","41953","Tax Provision","Prime Consulting","Retail Giant A"
"2026-01-12","49961","Sales Revenue","TechLogistics Corp","Public Sector Dept"
"2026-02-22","47123","Inventory","Global Office Ltd","SmallBiz Inc"
"2026-02-13","19776","Inventory","Global Office Ltd","Public Sector Dept"
"2026-01-24","45832","Rent","TechLogistics Corp","Retail Giant A"
"2026-03-07","5673","Rent","Global Office Ltd","Direct Consumer"
"2026-01-29","39057","Rent","Azure Utilities","SmallBiz Inc"
"2026-01-12","28860","Sales Revenue","Global Office Ltd","Public Sector Dept"
"2026-01-06","1761","Sales Revenue","Azure Utilities","Retail Giant A"
"2026-03-10","24702","Inventory","TechLogistics Corp","SmallBiz Inc"
"2026-03-24","37097","Sales Revenue","TechLogistics Corp","Direct Consumer"
"2026-02-07","43764","Rent","Prime Consulting","Public Sector Dept"
"2026-01-26","49518","Professional Fees","Prime Consulting","Public Sector Dept"
"2026-01-08","44437","Rent","TechLogistics Corp","Direct Consumer"
"2026-03-26","9330","Tax Provision","Prime Consulting","SmallBiz Inc"
"2026-03-31","15366","Sales Revenue","TechLogistics Corp","Retail Giant A"
"2026-03-06","33335","Rent","Azure Utilities","Public Sector Dept"
"2026-01-10","8125","Sales Revenue","TechLogistics Corp","Retail Giant A"
"2026-03-23","40143","Professional Fees","Global Office Ltd","Public Sector Dept"
"2026-02-03","35533","Professional Fees","Prime Consulting","SmallBiz Inc"
"2026-03-07","4654","Professional Fees","Prime Consulting","SmallBiz Inc"
"2026-01-15","25656","Rent","TechLogistics Corp","Direct Consumer"
"2026-01-27","24334","Professional Fees","Azure Utilities","Direct Consumer"
"2026-01-24","44442","Tax Provision","Global Office Ltd","Direct Consumer"
"2026-01-27","14317","Sales Revenue","TechLogistics Corp","Retail Giant A"
"2026-01-24","49162","Rent","Prime Consulting","Public Sector Dept"
"2026-02-19","1212","Sales Revenue","Azure Utilities","Retail Giant A"
"2026-03-12","16785","Professional Fees","Global Office Ltd","Direct Consumer"
"2026-01-19","4984","Professional Fees","Prime Consulting","Retail Giant A"
"2026-03-19","18656","Rent","Prime Consulting","Retail Giant A"
"2026-02-25","44831","Professional Fees","Prime Consulting","Direct Consumer"
"2026-02-11","37762","Professional Fees","Prime Consulting","Retail Giant A"
"2026-02-05","9168","Sales Revenue","Global Office Ltd","Direct Consumer"
"2026-03-25","48896","Inventory","Prime Consulting","Retail Giant A"
"2026-03-31","23092","Tax Provision","TechLogistics Corp","Public Sector Dept"
"2026-02-22","35267","Inventory","Azure Utilities","Public Sector Dept"
"2026-01-16","30487","Rent","Global Office Ltd","Direct Consumer"
"2026-03-21","40816","Tax Provision","Prime Consulting","Retail Giant A"
"2026-01-24","10388","Sales Revenue","Prime Consulting","Retail Giant A"
"2026-02-24","14031","Tax Provision","Prime Consulting","Public Sector Dept"
"2026-03-30","1092","Rent","TechLogistics Corp","Public Sector Dept"
"2026-01-21","31773","Professional Fees","Azure Utilities","Direct Consumer"
"2026-03-18","29840","Rent","Prime Consulting","Public Sector Dept"
"2026-01-05","32234","Sales Revenue","Global Office Ltd","Retail Giant A"
"2026-01-31","27861","Sales Revenue","TechLogistics Corp","Direct Consumer"
"2026-03-25","20453","Tax Provision","Prime Consulting","SmallBiz Inc"
"2026-01-27","7235","Professional Fees","Azure Utilities","Retail Giant A"
"2026-01-28","48028","Tax Provision","Prime Consulting","Public Sector Dept"
"2026-01-31","29333","Sales Revenue","TechLogistics Corp","SmallBiz Inc"
"2026-03-22","25667","Tax Provision","Prime Consulting","SmallBiz Inc"
"2026-01-07","31819","Professional Fees","Prime Consulting","Retail Giant A"
"2026-03-05","45902","Sales Revenue","Global Office Ltd","SmallBiz Inc"
"2026-03-13","22596","Tax Provision","Global Office Ltd","Public Sector Dept"
"2026-01-15","24204","Professional Fees","Azure Utilities","Direct Consumer"
"2026-03-13","38734","Sales Revenue","TechLogistics Corp","Direct Consumer"
"2026-02-28","35950","Inventory","TechLogistics Corp","Retail Giant A"
"2026-03-06","20133","Sales Revenue","Azure Utilities","Direct Consumer"
"2026-03-10","14167","Tax Provision","Global Office Ltd","SmallBiz Inc"
"2026-03-31","23527","Professional Fees","Azure Utilities","Retail Giant A"
"2026-01-04","23026","Sales Revenue","Azure Utilities","Public Sector Dept"
"2026-02-14","1154","Tax Provision","Prime Consulting","Public Sector Dept"
"2026-03-13","41025","Tax Provision","TechLogistics Corp","Public Sector Dept"
"2026-03-04","46194","Rent","Prime Consulting","SmallBiz Inc"
"2026-03-17","39722","Tax Provision","TechLogistics Corp","Direct Consumer"
"2026-01-31","48434","Professional Fees","Azure Utilities","Public Sector Dept"
"2026-01-01","26038","Inventory","Azure Utilities","Direct Consumer"
"2026-01-29","13408","Professional Fees","TechLogistics Corp","Public Sector Dept"
"2026-02-21","43521","Inventory","Azure Utilities","Direct Consumer"
"2026-01-11","48000","Professional Fees","Azure Utilities","Direct Consumer"
"2026-02-16","40456","Inventory","Global Office Ltd","SmallBiz Inc"
"2026-02-15","24630","Tax Provision","Azure Utilities","Direct Consumer"
"2026-01-03","49532","Rent","TechLogistics Corp","SmallBiz Inc"
"2026-01-19","26482","Rent","Azure Utilities","SmallBiz Inc"
"2026-02-26","17551","Rent","Azure Utilities","Public Sector Dept"
"2026-03-25","21827","Tax Provision","Prime Consulting","Public Sector Dept"
"2026-01-08","7532","Professional Fees","Azure Utilities","SmallBiz Inc"
"2026-03-04","26386","Professional Fees","TechLogistics Corp","SmallBiz Inc"
"2026-01-17","33255","Tax Provision","Azure Utilities","Retail Giant A"
"2026-03-09","36479","Tax Provision","TechLogistics Corp","Direct Consumer"
"2026-03-01","46024","Professional Fees","Global Office Ltd","Public Sector Dept"
"2026-02-18","21321","Inventory","TechLogistics Corp","SmallBiz Inc"
"2026-01-14","20030","Inventory","Azure Utilities","Retail Giant A"
"2026-01-18","8698","Inventory","Global Office Ltd","SmallBiz Inc"
"2026-03-24","31450","Sales Revenue","Azure Utilities","Public Sector Dept"
"2026-02-11","8762","Rent","TechLogistics Corp","SmallBiz Inc"
"2026-03-11","26646","Rent","Azure Utilities","Retail Giant A"
"2026-02-01","49016","Professional Fees","Azure Utilities","SmallBiz Inc"
"2026-02-22","23956","Professional Fees","Global Office Ltd","Direct Consumer"
"2026-03-26","43525","Sales Revenue","TechLogistics Corp","Direct Consumer"
"2026-01-11","4370","Sales Revenue","Global Office Ltd","Retail Giant A"
"2026-02-04","33878","Sales Revenue","TechLogistics Corp","Public Sector Dept"
"2026-03-20","10059","Sales Revenue","TechLogistics Corp","Direct Consumer"
"2026-02-05","22881","Sales Revenue","Global Office Ltd","Retail Giant A"
"2026-03-28","14951","Rent","Global Office Ltd","Direct Consumer"
"2026-01-28","13689","Rent","Prime Consulting","Direct Consumer"
"2026-01-02","30769","Professional Fees","Prime Consulting","SmallBiz Inc"
"2026-03-14","3212","Sales Revenue","TechLogistics Corp","Public Sector Dept"
"2026-01-05","15127","Rent","Prime Consulting","SmallBiz Inc"
"2026-03-05","24450","Professional Fees","Global Office Ltd","Retail Giant A"
"2026-03-25","40199","Inventory","TechLogistics Corp","Public Sector Dept"
"2026-02-12","35419","Tax Provision","TechLogistics Corp","Public Sector Dept"
"2026-03-11","32624","Tax Provision","Global Office Ltd","Public Sector Dept"
"2026-02-21","37958","Professional Fees","TechLogistics Corp","SmallBiz Inc"
"2026-02-10","20926","Professional Fees","Global Office Ltd","Public Sector Dept"
"2026-01-18","48602","Rent","Prime Consulting","SmallBiz Inc"
"2026-01-04","14202","Sales Revenue","Prime Consulting","Retail Giant A"
"2026-01-11","22851","Rent","Global Office Ltd","SmallBiz Inc"
"2026-01-15","11160","Sales Revenue","Prime Consulting","Public Sector Dept"
"2026-01-30","13884","Sales Revenue","Global Office Ltd","Public Sector Dept"
"2026-01-06","31277","Professional Fees","Global Office Ltd","SmallBiz Inc"
"2026-02-18","49014","Professional Fees","Global Office Ltd","SmallBiz Inc"
"2026-02-13","36798","Sales Revenue","Azure Utilities","Public Sector Dept"
"2026-03-18","8807","Rent","Azure Utilities","SmallBiz Inc"
"2026-02-21","12520","Sales Revenue","Prime Consulting","Direct Consumer"
"2026-03-02","11423","Professional Fees","Prime Consulting","SmallBiz Inc"
"2026-01-16","13717","Inventory","Global Office Ltd","SmallBiz Inc"
"2026-01-23","13725","Sales Revenue","Azure Utilities","Public Sector Dept"
"2026-03-17","34939","Tax Provision","Global Office Ltd","Retail Giant A"
"2026-01-13","4710","Sales Revenue","TechLogistics Corp","Direct Consumer"
"2026-01-19","44006","Inventory","TechLogistics Corp","Retail Giant A"
"2026-02-18","31108","Inventory","Azure Utilities","Retail Giant A"
"2026-03-29","23968","Rent","Global Office Ltd","Retail Giant A"
"2026-01-16","12805","Professional Fees","Global Office Ltd","Public Sector Dept"
"2026-03-13","21642","Sales Revenue","Azure Utilities","Direct Consumer"
"2026-01-20","4889","Rent","TechLogistics Corp","Direct Consumer"
"2026-02-19","42602","Sales Revenue","Azure Utilities","Retail Giant A"
"2026-02-27","40130","Rent","Global Office Ltd","SmallBiz Inc"
"2026-03-02","21808","Rent","TechLogistics Corp","Retail Giant A"
"2026-03-24","37011","Rent","Global Office Ltd","Direct Consumer"
"2026-01-16","22874","Rent","TechLogistics Corp","Public Sector Dept"
"2026-01-17","26350","Rent","Global Office Ltd","Public Sector Dept"
"2026-01-14","46153","Professional Fees","Prime Consulting","Public Sector Dept"
"2026-01-15","32603","Tax Provision","Global Office Ltd","SmallBiz Inc"
"2026-03-18","38938","Rent","Global Office Ltd","Direct Consumer"
"2026-01-16","5295","Professional Fees","Global Office Ltd","Direct Consumer"
"2026-01-22","20904","Professional Fees","Prime Consulting","SmallBiz Inc"
"2026-03-09","11336","Professional Fees","Prime Consulting","Public Sector Dept"
"2026-03-17","10336","Inventory","Azure Utilities","Public Sector Dept"
"2026-01-12","1847","Sales Revenue","Global Office Ltd","Direct Consumer"
"2026-02-24","48125","Inventory","Prime Consulting","SmallBiz Inc"
"2026-02-01","39966","Inventory","TechLogistics Corp","SmallBiz Inc"
"2026-02-18","28328","Inventory","Azure Utilities","Retail Giant A"
"2026-01-26","18412","Sales Revenue","Azure Utilities","SmallBiz Inc"
"2026-03-11","10171","Sales Revenue","Global Office Ltd","Retail Giant A"
"2026-03-18","27358","Rent","TechLogistics Corp","Public Sector Dept"
"2026-01-27","20188","Tax Provision","Azure Utilities","SmallBiz Inc"
"2026-01-18","5479","Professional Fees","TechLogistics Corp","Direct Consumer"
"2026-03-06","2249","Rent","Global Office Ltd","SmallBiz Inc"
"2026-01-05","26361","Tax Provision","Prime Consulting","Direct Consumer"
"2026-03-13","10849","Rent","Azure Utilities","Direct Consumer"
"2026-01-21","23547","Professional Fees","Azure Utilities","Retail Giant A"
"2026-02-21","38945","Inventory","Azure Utilities","Retail Giant A"
"2026-02-19","30925","Professional Fees","Azure Utilities","Direct Consumer"
"2026-02-01","19180","Sales Revenue","Global Office Ltd","SmallBiz Inc"
"2026-02-19","28317","Sales Revenue","Prime Consulting","Direct Consumer"
"2026-02-15","19258","Inventory","TechLogistics Corp","Retail Giant A"
"2026-01-18","41142","Sales Revenue","Azure Utilities","Direct Consumer"
"2026-02-17","25656","Professional Fees","Global Office Ltd","Direct Consumer"
"2026-03-03","3434","Tax Provision","Prime Consulting","Retail Giant A"
"2026-02-19","2257","Tax Provision","Azure Utilities","Direct Consumer"
"2026-01-19","25101","Rent","Prime Consulting","Retail Giant A"
"2026-03-21","9345","Tax Provision","Prime Consulting","SmallBiz Inc"
"2026-01-13","9829","Inventory","TechLogistics Corp","Direct Consumer"
"2026-02-16","12459","Professional Fees","Azure Utilities","Retail Giant A"
"2026-02-06","21028","Sales Revenue","Azure Utilities","Retail Giant A"
"2026-01-26","30434","Inventory","Prime Consulting","Direct Consumer"
"2026-03-15","11346","Inventory","TechLogistics Corp","Retail Giant A"
"2026-01-22","19106","Inventory","Prime Consulting","Public Sector Dept"
"2026-01-21","3102","Professional Fees","Prime Consulting","Retail Giant A"
"2026-01-14","8441","Rent","Azure Utilities","Direct Consumer"
"2026-01-31","1891","Sales Revenue","Azure Utilities","Retail Giant A"
"2026-03-31","26578","Tax Provision","Global Office Ltd","Retail Giant A"
"2026-03-21","14655","Inventory","Azure Utilities","Retail Giant A"
"2026-03-30","12073","Inventory","Global Office Ltd","Retail Giant A"
"2026-03-07","31421","Tax Provision","Azure Utilities","SmallBiz Inc"
"2026-03-24","13064","Sales Revenue","TechLogistics Corp","Public Sector Dept"
"2026-01-24","1614","Inventory","Prime Consulting","Public Sector Dept"
"2026-01-14","6693","Professional Fees","Prime Consulting","Direct Consumer"
"2026-03-25","22603","Rent","Prime Consulting","Direct Consumer"
"2026-01-09","10866","Tax Provision","Global Office Ltd","Retail Giant A"
"2026-03-08","32134","Tax Provision","Global Office Ltd","Public Sector Dept"
"2026-02-05","2442","Tax Provision","Azure Utilities","SmallBiz Inc"
"2026-01-12","15353","Sales Revenue","Azure Utilities","Retail Giant A"
"2026-01-05","22684","Professional Fees","Global Office Ltd","Direct Consumer"
"2026-03-05","40544","Inventory","Azure Utilities","Retail Giant A"
"2026-03-20","3530","Rent","TechLogistics Corp","SmallBiz Inc"
"2026-03-26","12670","Tax Provision","Azure Utilities","Retail Giant A"
"2026-01-25","12866","Inventory","TechLogistics Corp","Public Sector Dept"
"2026-03-13","34462","Sales Revenue","Global Office Ltd","SmallBiz Inc"
"2026-03-26","4200","Inventory","Azure Utilities","Retail Giant A"
"2026-02-02","40058","Inventory","Azure Utilities","Direct Consumer"
"2026-03-03","19608","Tax Provision","Global Office Ltd","SmallBiz Inc"
"2026-02-05","49202","Tax Provision","Azure Utilities","Public Sector Dept"
"2026-02-20","1190","Sales Revenue","Global Office Ltd","Retail Giant A"
"2026-01-21","19333","Tax Provision","Global Office Ltd","Public Sector Dept"
"2026-01-09","1799","Rent","Prime Consulting","Public Sector Dept"
"2026-01-29","33904","Professional Fees","Azure Utilities","SmallBiz Inc"
"2026-02-12","47199","Professional Fees","Global Office Ltd","SmallBiz Inc"
"2026-03-14","6086","Tax Provision","Azure Utilities","SmallBiz Inc"
"2026-01-20","3524","Tax Provision","TechLogistics Corp","Direct Consumer"
"2026-02-23","6237","Tax Provision","Global Office Ltd","Retail Giant A"
"2026-03-14","7232","Inventory","TechLogistics Corp","SmallBiz Inc"
"2026-03-08","31394","Professional Fees","Prime Consulting","SmallBiz Inc"
"2026-01-20","36213","Inventory","TechLogistics Corp","SmallBiz Inc"
"2026-01-18","29276","Tax Provision","Global Office Ltd","Public Sector Dept"
"2026-02-13","49098","Inventory","Azure Utilities","SmallBiz Inc"
"2026-03-29","9625","Professional Fees","TechLogistics Corp","Public Sector Dept"
"2026-01-07","35825","Professional Fees","Global Office Ltd","Public Sector Dept"
"2026-01-07","12568","Sales Revenue","Prime Consulting","SmallBiz Inc"
"2026-01-28","42678","Tax Provision","Global Office Ltd","Direct Consumer"
"2026-01-01","5561","Professional Fees","Prime Consulting","Public Sector Dept"
"2026-02-23","26333","Rent","Prime Consulting","Direct Consumer"
"2026-01-20","37207","Rent","Prime Consulting","Direct Consumer"
"2026-02-07","36527","Professional Fees","Global Office Ltd","Retail Giant A"
"2026-01-03","3232","Inventory","TechLogistics Corp","Retail Giant A"
"2026-01-03","19327","Inventory","Prime Consulting","Direct Consumer"
"2026-01-01","40460","Inventory","TechLogistics Corp","Public Sector Dept"
"2026-01-09","18398","Sales Revenue","Prime Consulting","SmallBiz Inc"
"2026-02-27","2820","Inventory","Prime Consulting","Public Sector Dept"
"2026-02-27","17360","Sales Revenue","Global Office Ltd","SmallBiz Inc"
"2026-03-26","39833","Professional Fees","Global Office Ltd","Retail Giant A"
"2026-02-09","3685","Professional Fees","Azure Utilities","Public Sector Dept"
"2026-03-05","34233","Rent","Prime Consulting","Direct Consumer"
"2026-01-30","16537","Rent","Global Office Ltd","SmallBiz Inc"
"2026-02-10","9006","Professional Fees","TechLogistics Corp","Retail Giant A"
"2026-01-09","10321","Rent","Azure Utilities","Public Sector Dept"
"2026-03-17","28522","Inventory","Prime Consulting","Public Sector Dept"
"2026-02-24","48686","Sales Revenue","Azure Utilities","SmallBiz Inc"
"2026-02-04","27618","Inventory","Global Office Ltd","SmallBiz Inc"
"2026-03-12","24387","Professional Fees","Prime Consulting","SmallBiz Inc"
"2026-01-04","29107","Professional Fees","Global Office Ltd","Public Sector Dept"
"2026-03-04","5654","Inventory","Azure Utilities","Public Sector Dept"
"2026-02-20","11001","Professional Fees","Prime Consulting","Public Sector Dept"
"2026-02-18","24570","Tax Provision","TechLogistics Corp","Public Sector Dept"
"2026-02-07","20801","Rent","Azure Utilities","Public Sector Dept"
"2026-03-20","6883","Rent","TechLogistics Corp","Direct Consumer"
"2026-01-07","14900","Sales Revenue","Azure Utilities","Retail Giant A"
"2026-03-12","13531","Sales Revenue","Global Office Ltd","SmallBiz Inc"
"2026-02-27","13758","Tax Provision","TechLogistics Corp","Retail Giant A"
"2026-02-14","41626","Sales Revenue","TechLogistics Corp","Direct Consumer"
"2026-01-14","34794","Inventory","Azure Utilities","SmallBiz Inc"
"2026-01-11","48417","Professional Fees","TechLogistics Corp","Public Sector Dept"
"2026-03-20","37664","Rent","TechLogistics Corp","Direct Consumer"
"2026-02-07","37438","Sales Revenue","Global Office Ltd","SmallBiz Inc"
"2026-03-07","39622","Professional Fees","TechLogistics Corp","SmallBiz Inc"
"2026-01-24","47636","Tax Provision","Global Office Ltd","Direct Consumer"
"2026-01-08","14579","Rent","Global Office Ltd","SmallBiz Inc"
"2026-03-30","37632","Tax Provision","Prime Consulting","Direct Consumer"
"2026-02-25","23405","Inventory","Prime Consulting","Retail Giant A"
"2026-03-16","1195","Rent","Azure Utilities","Direct Consumer"
"2026-03-20","5804","Sales Revenue","Azure Utilities","Public Sector Dept"
"2026-03-15","40499","Rent","Prime Consulting","Retail Giant A"
"2026-03-29","45378","Rent","Azure Utilities","SmallBiz Inc"
"2026-03-29","48243","Inventory","Azure Utilities","Retail Giant A"
"2026-03-10","43028","Rent","Global Office Ltd","Retail Giant A"
"2026-02-25","38443","Sales Revenue","TechLogistics Corp","Direct Consumer"
"2026-03-01","20567","Sales Revenue","Azure Utilities","Direct Consumer"
"2026-02-13","15345","Tax Provision","TechLogistics Corp","Public Sector Dept"
"2026-01-18","30395","Tax Provision","TechLogistics Corp","Direct Consumer"
"2026-01-25","1220","Tax Provision","TechLogistics Corp","Retail Giant A"
"2026-01-12","45839","Professional Fees","Azure Utilities","Direct Consumer"
"2026-01-23","48409","Tax Provision","Azure Utilities","Direct Consumer"
"2026-03-21","21703","Sales Revenue","Prime Consulting","Direct Consumer"
"2026-01-20","46586","Rent","Global Office Ltd","Direct Consumer"
"2026-01-12","8819","Professional Fees","Prime Consulting","SmallBiz Inc"
"2026-01-08","38635","Professional Fees","Global Office Ltd","Public Sector Dept"
"2026-01-11","35422","Sales Revenue","TechLogistics Corp","Direct Consumer"
"2026-02-21","1823","Inventory","TechLogistics Corp","SmallBiz Inc"
"2026-03-08","28984","Professional Fees","Azure Utilities","SmallBiz Inc"
"2026-02-17","4607","Sales Revenue","TechLogistics Corp","Direct Consumer"
"2026-01-16","32518","Professional Fees","TechLogistics Corp","Retail Giant A"
"2026-02-06","19996","Rent","Global Office Ltd","SmallBiz Inc"
"2026-02-16","42983","Sales Revenue","TechLogistics Corp","Retail Giant A"
"2026-02-17","35666","Inventory","Azure Utilities","Direct Consumer"
"2026-01-30","38015","Rent","Prime Consulting","Retail Giant A"
"2026-03-25","11238","Sales Revenue","Azure Utilities","SmallBiz Inc"
"2026-01-31","23171","Tax Provision","Global Office Ltd","Retail Giant A"
"2026-01-13","3070","Rent","Azure Utilities","Direct Consumer"
"2026-02-05","15013","Sales Revenue","Azure Utilities","Public Sector Dept"
"2026-02-05","43817","Tax Provision","TechLogistics Corp","Direct Consumer"
"2026-01-22","25465","Tax Provision","Prime Consulting","Retail Giant A"
"2026-03-12","16771","Inventory","Azure Utilities","Direct Consumer"
"2026-01-16","28416","Professional Fees","Prime Consulting","Retail Giant A"
"2026-02-15","12706","Rent","Azure Utilities","Retail Giant A"
"2026-01-22","9977","Inventory","TechLogistics Corp","Public Sector Dept"
"2026-01-28","17651","Professional Fees","TechLogistics Corp","SmallBiz Inc"
"2026-02-01","32099","Sales Revenue","Azure Utilities","Direct Consumer"
"2026-01-09","31566","Rent","Global Office Ltd","Retail Giant A"
"2026-03-01","6233","Tax Provision","Global Office Ltd","SmallBiz Inc"
"2026-03-24","12298","Inventory","Azure Utilities","Retail Giant A"
"2026-03-15","6404","Sales Revenue","Azure Utilities","Retail Giant A"
"2026-02-07","37407","Tax Provision","TechLogistics Corp","Public Sector Dept"
"2026-02-18","41490","Professional Fees","Global Office Ltd","Retail Giant A"
"2026-01-09","9983","Rent","Global Office Ltd","SmallBiz Inc"
"2026-03-29","40994","Inventory","TechLogistics Corp","Direct Consumer"
"2026-03-12","32878","Professional Fees","Global Office Ltd","Retail Giant A"
"2026-01-23","37026","Tax Provision","Azure Utilities","SmallBiz Inc"
"2026-02-10","24551","Professional Fees","Prime Consulting","Retail Giant A"
"2026-03-21","34422","Inventory","Global Office Ltd","Public Sector Dept"
"2026-03-11","37359","Sales Revenue","Prime Consulting","Direct Consumer"
"2026-03-02","15140","Professional Fees","TechLogistics Corp","Direct Consumer"
"2026-03-30","35571","Tax Provision","TechLogistics Corp","SmallBiz Inc"
"2026-02-21","8960","Inventory","Prime Consulting","Retail Giant A"
"2026-03-18","5790","Professional Fees","TechLogistics Corp","Public Sector Dept"
"2026-03-03","36065","Tax Provision","Global Office Ltd","Public Sector Dept"
"2026-02-06","39657","Tax Provision","Global Office Ltd","Public Sector Dept"
"2026-03-01","20933","Tax Provision","TechLogistics Corp","Retail Giant A"
"2026-01-14","34208","Sales Revenue","Azure Utilities","SmallBiz Inc"
"2026-03-14","44380","Tax Provision","TechLogistics Corp","Public Sector Dept"
"2026-03-02","42527","Tax Provision","TechLogistics Corp","SmallBiz Inc"
"2026-03-08","36885","Professional Fees","Global Office Ltd","Public Sector Dept"
"2026-03-20","12571","Professional Fees","Global Office Ltd","Retail Giant A"
"2026-02-18","24190","Tax Provision","TechLogistics Corp","Direct Consumer"
"2026-03-13","6095","Rent","Global Office Ltd","Retail Giant A"
"2026-02-06","18913","Rent","Global Office Ltd","Direct Consumer"
"2026-01-03","2156","Tax Provision","Global Office Ltd","SmallBiz Inc"
"2026-01-31","4537","Tax Provision","Azure Utilities","SmallBiz Inc"
"2026-01-25","49044","Rent","Prime Consulting","Retail Giant A"
"2026-03-20","20247","Rent","TechLogistics Corp","Public Sector Dept"
"2026-02-16","30165","Sales Revenue","TechLogistics Corp","Direct Consumer"
"2026-02-13","30160","Professional Fees","TechLogistics Corp","Direct Consumer"
"2026-02-19","19050","Rent","TechLogistics Corp","Public Sector Dept"
"2026-01-12","36923","Sales Revenue","TechLogistics Corp","Public Sector Dept"
"2026-01-24","22556","Professional Fees","Prime Consulting","Direct Consumer"
"2026-01-06","13022","Inventory","Global Office Ltd","SmallBiz Inc"
"2026-01-06","17229","Rent","Prime Consulting","Direct Consumer"
"2026-01-29","11816","Rent","Prime Consulting","Retail Giant A"
"2026-02-27","13336","Rent","Azure Utilities","Direct Consumer"
"2026-02-19","13715","Rent","Global Office Ltd","Public Sector Dept"
"2026-02-09","32794","Rent","Prime Consulting","Retail Giant A"
"2026-02-11","5339","Rent","Prime Consulting","Public Sector Dept"
"2026-03-06","47585","Sales Revenue","Azure Utilities","SmallBiz Inc"
"2026-02-25","23871","Rent","Global Office Ltd","Public Sector Dept"
"2026-01-21","6355","Professional Fees","Azure Utilities","Direct Consumer"
"2026-02-15","35125","Tax Provision","TechLogistics Corp","Direct Consumer"
"2026-03-24","32928","Professional Fees","Prime Consulting","Direct Consumer"
"2026-03-04","10178","Rent","Global Office Ltd","SmallBiz Inc"
"2026-01-31","17328","Sales Revenue","TechLogistics Corp","Public Sector Dept"
"2026-01-21","42423","Sales Revenue","Azure Utilities","Retail Giant A"
"2026-03-22","38706","Rent","Azure Utilities","Public Sector Dept"
"2026-02-12","27382","Sales Revenue","Prime Consulting","Direct Consumer"
"2026-02-20","25596","Sales Revenue","Azure Utilities","Direct Consumer"
"2026-01-28","30629","Professional Fees","Azure Utilities","Public Sector Dept"
"2026-02-03","36029","Tax Provision","Global Office Ltd","Direct Consumer"
"2026-03-06","45247","Sales Revenue","TechLogistics Corp","Public Sector Dept"
"2026-02-03","24877","Tax Provision","Global Office Ltd","Public Sector Dept"
"2026-02-09","25132","Sales Revenue","Azure Utilities","SmallBiz Inc"
"2026-02-22","20882","Tax Provision","Global Office Ltd","Public Sector Dept"
"2026-02-02","8949","Sales Revenue","Azure Utilities","SmallBiz Inc"
"2026-02-04","43592","Professional Fees","TechLogistics Corp","SmallBiz Inc"
"2026-02-24","48472","Professional Fees","Global Office Ltd","Public Sector Dept"
"2026-01-26","29826","Rent","Azure Utilities","SmallBiz Inc"
"2026-02-09","26951","Professional Fees","TechLogistics Corp","Direct Consumer"
"2026-01-11","32160","Sales Revenue","Global Office Ltd","Retail Giant A"
"2026-02-23","24159","Sales Revenue","Prime Consulting","Public Sector Dept"
"2026-01-28","22243","Tax Provision","Global Office Ltd","Public Sector Dept"
"2026-03-04","21032","Sales Revenue","Global Office Ltd","Direct Consumer"
"2026-02-19","31509","Sales Revenue","Global Office Ltd","SmallBiz Inc"
"2026-03-17","45131","Inventory","Azure Utilities","SmallBiz Inc"
"2026-02-21","37693","Professional Fees","Azure Utilities","Direct Consumer"
"2026-02-19","27917","Professional Fees","Azure Utilities","Direct Consumer"
"2026-02-03","44890","Tax Provision","Global Office Ltd","Retail Giant A"
"2026-03-07","16702","Rent","Global Office Ltd","Direct Consumer"
"2026-03-04","24404","Tax Provision","Azure Utilities","SmallBiz Inc"
"2026-03-22","36797","Inventory","Global Office Ltd","SmallBiz Inc"
"2026-03-06","1774","Professional Fees","TechLogistics Corp","Retail Giant A"
"2026-03-15","20942","Sales Revenue","Global Office Ltd","Direct Consumer"
"2026-03-16","31641","Tax Provision","Prime Consulting","Direct Consumer"
"2026-02-15","40165","Inventory","Global Office Ltd","Retail Giant A"
"2026-01-24","38996","Rent","Global Office Ltd","Direct Consumer"
"2026-03-18","40954","Tax Provision","Prime Consulting","Direct Consumer"
"2026-03-11","14437","Inventory","Prime Consulting","Public Sector Dept"
"2026-03-29","22878","Sales Revenue","Prime Consulting","Direct Consumer"
"2026-02-11","25649","Inventory","TechLogistics Corp","SmallBiz Inc"
"2026-01-29","30920","Tax Provision","Prime Consulting","SmallBiz Inc"
"2026-03-07","25096","Rent","Azure Utilities","Retail Giant A"
"2026-03-29","41633","Sales Revenue","Azure Utilities","Direct Consumer"
"2026-01-22","19361","Professional Fees","Global Office Ltd","Direct Consumer"
"2026-01-05","23213","Professional Fees","Prime Consulting","Public Sector Dept"
"2026-03-09","39205","Sales Revenue","Azure Utilities","Direct Consumer"
"2026-01-26","22595","Tax Provision","Prime Consulting","Direct Consumer"
"2026-03-04","44807","Tax Provision","TechLogistics Corp","Public Sector Dept"
"2026-03-28","5368","Sales Revenue","Global Office Ltd","Retail Giant A"
"2026-03-17","18929","Sales Revenue","Prime Consulting","Retail Giant A"
"2026-02-05","21228","Professional Fees","TechLogistics Corp","Retail Giant A"
"2026-03-03","32649","Tax Provision","TechLogistics Corp","Retail Giant A"
"2026-03-28","25754","Tax Provision","Prime Consulting","SmallBiz Inc"
"2026-03-05","34351","Tax Provision","Azure Utilities","SmallBiz Inc"
"2026-03-12","44933","Inventory","Prime Consulting","Retail Giant A"
"2026-02-10","46590","Inventory","TechLogistics Corp","Direct Consumer"
"2026-03-22","5102","Professional Fees","Global Office Ltd","Public Sector Dept"
"2026-02-07","33587","Professional Fees","Global Office Ltd","Public Sector Dept"
"2026-02-13","13846","Tax Provision","TechLogistics Corp","Retail Giant A"
"2026-03-19","39814","Tax Provision","Azure Utilities","SmallBiz Inc"
"2026-03-06","18254","Professional Fees","TechLogistics Corp","Retail Giant A"
"2026-03-18","49320","Rent","Global Office Ltd","Public Sector Dept"
"2026-01-14","26588","Rent","Azure Utilities","Public Sector Dept"
"2026-02-14","41253","Tax Provision","Prime Consulting","Direct Consumer"
"2026-03-03","15448","Professional Fees","Prime Consulting","Direct Consumer"
"2026-02-12","27323","Rent","Global Office Ltd","Retail Giant A"
"2026-02-10","41554","Sales Revenue","Azure Utilities","Public Sector Dept"
"2026-01-27","5974","Professional Fees","Prime Consulting","Public Sector Dept"
"2026-02-17","43600","Professional Fees","Prime Consulting","SmallBiz Inc"
"2026-02-02","39412","Tax Provision","Azure Utilities","Direct Consumer"
"2026-03-29","5441","Tax Provision","Global Office Ltd","Direct Consumer"
"2026-03-14","48303","Tax Provision","Global Office Ltd","Direct Consumer"
"2026-03-27","48087","Tax Provision","Global Office Ltd","Public Sector Dept"
"2026-03-19","35339","Professional Fees","Prime Consulting","Retail Giant A"
"2026-01-28","16938","Professional Fees","TechLogistics Corp","Direct Consumer"
"2026-01-26","7639","Inventory","TechLogistics Corp","SmallBiz Inc"
"2026-01-15","2370","Tax Provision","TechLogistics Corp","SmallBiz Inc"
"2026-02-22","45725","Rent","Global Office Ltd","Retail Giant A"
"2026-03-01","3732","Tax Provision","TechLogistics Corp","Retail Giant A"
"2026-01-07","27617","Inventory","Prime Consulting","Retail Giant A"
"2026-01-06","41402","Inventory","Azure Utilities","Direct Consumer"
"2026-01-24","40766","Sales Revenue","TechLogistics Corp","Direct Consumer"
"2026-01-27","23136","Sales Revenue","Global Office Ltd","Direct Consumer"
"2026-01-07","4042","Rent","Global Office Ltd","Public Sector Dept"
"2026-01-03","37533","Sales Revenue","Prime Consulting","Public Sector Dept"
"2026-01-02","8131","Inventory","Prime Consulting","Retail Giant A"
"2026-03-07","22606","Tax Provision","Prime Consulting","Retail Giant A"
"2026-02-12","2954","Tax Provision","Global Office Ltd","SmallBiz Inc"
"2026-01-02","13003","Inventory","Azure Utilities","Direct Consumer"
"2026-03-29","2249","Tax Provision","Azure Utilities","Retail Giant A"
"2026-01-21","7180","Professional Fees","Azure Utilities","Direct Consumer"
"2026-02-02","6753","Sales Revenue","TechLogistics Corp","SmallBiz Inc"
"2026-02-07","46182","Inventory","TechLogistics Corp","Retail Giant A"
"2026-01-06","1001","Professional Fees","Azure Utilities","Public Sector Dept"
"2026-03-27","16737","Sales Revenue","TechLogistics Corp","Retail Giant A"
"2026-01-24","45178","Professional Fees","Global Office Ltd","SmallBiz Inc"
"2026-01-17","19824","Tax Provision","Prime Consulting","Public Sector Dept"
"2026-03-11","38317","Professional Fees","Global Office Ltd","Public Sector Dept"
"2026-01-27","37474","Inventory","Global Office Ltd","SmallBiz Inc"
"2026-01-10","11054","Professional Fees","Prime Consulting","Direct Consumer"
"2026-03-19","11826","Sales Revenue","Global Office Ltd","Public Sector Dept"
"2026-01-26","37068","Rent","TechLogistics Corp","SmallBiz Inc"
"2026-01-15","39809","Tax Provision","Global Office Ltd","SmallBiz Inc"
"2026-03-01","28005","Inventory","Azure Utilities","Direct Consumer"
"2026-02-18","29640","Professional Fees","Global Office Ltd","Public Sector Dept"
"2026-03-30","21382","Rent","Azure Utilities","SmallBiz Inc"
"2026-01-20","14590","Tax Provision","TechLogistics Corp","Public Sector Dept"
"2026-03-18","13077","Inventory","Azure Utilities","SmallBiz Inc"
"2026-03-28","22709","Rent","Global Office Ltd","Direct Consumer"
"2026-02-13","16006","Tax Provision","Azure Utilities","Retail Giant A"
"2026-03-03","38163","Rent","Prime Consulting","Public Sector Dept"
"2026-02-18","46725","Inventory","Azure Utilities","Retail Giant A"
"2026-03-05","40475","Sales Revenue","TechLogistics Corp","SmallBiz Inc"
"2026-02-12","31221","Tax Provision","Azure Utilities","Public Sector Dept"
"2026-01-29","30445","Tax Provision","Azure Utilities","Retail Giant A"
"2026-03-05","17118","Tax Provision","Global Office Ltd","Retail Giant A"
"2026-02-21","35654","Inventory","Azure Utilities","Retail Giant A"
"2026-01-27","49267","Inventory","Prime Consulting","Public Sector Dept"
"2026-03-04","11468","Tax Provision","Azure Utilities","SmallBiz Inc"
"2026-01-12","13875","Inventory","Global Office Ltd","Direct Consumer"
"2026-01-08","11922","Tax Provision","Prime Consulting","SmallBiz Inc"
"2026-01-29","46172","Rent","TechLogistics Corp","Direct Consumer"
"2026-02-08","34397","Professional Fees","Global Office Ltd","Direct Consumer"
"2026-01-24","5075","Inventory","Global Office Ltd","Public Sector Dept"
"2026-03-08","44236","Professional Fees","Azure Utilities","Retail Giant A"
"2026-03-16","19581","Tax Provision","Global Office Ltd","Public Sector Dept"
"2026-02-18","46904","Rent","Prime Consulting","SmallBiz Inc"
"2026-03-16","4423","Inventory","Global Office Ltd","Retail Giant A"
"2026-03-12","2595","Sales Revenue","TechLogistics Corp","SmallBiz Inc"
"2026-01-04","48562","Inventory","TechLogistics Corp","SmallBiz Inc"
"2026-02-04","19461","Rent","Global Office Ltd","Public Sector Dept"
"2026-03-06","1945","Tax Provision","Prime Consulting","SmallBiz Inc"
"2026-03-23","32281","Professional Fees","Azure Utilities","SmallBiz Inc"
"2026-03-15","14518","Sales Revenue","Azure Utilities","Retail Giant A"
"2026-01-29","1369","Sales Revenue","Azure Utilities","Public Sector Dept"
"2026-02-16","22237","Inventory","TechLogistics Corp","SmallBiz Inc"
"2026-02-01","9381","Tax Provision","TechLogistics Corp","Direct Consumer"
"2026-01-20","49513","Inventory","TechLogistics Corp","SmallBiz Inc"
"2026-01-28","3795","Tax Provision","Global Office Ltd","Public Sector Dept"
"2026-03-25","31686","Inventory","TechLogistics Corp","Public Sector Dept"
"2026-01-10","32306","Rent","Global Office Ltd","SmallBiz Inc"
"2026-01-28","39542","Professional Fees","Prime Consulting","SmallBiz Inc"
"2026-01-30","38169","Tax Provision","Prime Consulting","Direct Consumer"
"2026-03-08","33114","Professional Fees","TechLogistics Corp","SmallBiz Inc"
"2026-02-26","43911","Sales Revenue","Prime Consulting","Retail Giant A"
"2026-01-25","10557","Rent","Prime Consulting","SmallBiz Inc"
"2026-02-22","22706","Tax Provision","Global Office Ltd","Public Sector Dept"
"2026-02-26","37233","Sales Revenue","Prime Consulting","Direct Consumer"
"2026-01-26","32245","Tax Provision","Prime Consulting","Retail Giant A"
"2026-01-06","19110","Rent","TechLogistics Corp","SmallBiz Inc"
"2026-03-23","16448","Sales Revenue","Global Office Ltd","Public Sector Dept"
"2026-03-29","1000","Professional Fees","Global Office Ltd","SmallBiz Inc"
"2026-01-18","13808","Sales Revenue","TechLogistics Corp","SmallBiz Inc"
"2026-03-18","39812","Tax Provision","Azure Utilities","Public Sector Dept"
"2026-02-05","25950","Rent","Azure Utilities","SmallBiz Inc"
"2026-02-03","31278","Inventory","Global Office Ltd","SmallBiz Inc"
"2026-02-05","12714","Sales Revenue","Prime Consulting","SmallBiz Inc"
"2026-03-01","23576","Sales Revenue","TechLogistics Corp","SmallBiz Inc"
"2026-03-27","30107","Professional Fees","Prime Consulting","Direct Consumer"
"2026-02-04","42719","Tax Provision","Azure Utilities","Direct Consumer"
"2026-01-21","30520","Professional Fees","Azure Utilities","Public Sector Dept"
"2026-01-19","46376","Professional Fees","Global Office Ltd","Public Sector Dept"
"2026-01-01","39761","Rent","TechLogistics Corp","Public Sector Dept"
"2026-01-25","44474","Professional Fees","TechLogistics Corp","Public Sector Dept"
"2026-01-29","25029","Professional Fees","Global Office Ltd","SmallBiz Inc"
"2026-01-30","31609","Sales Revenue","Prime Consulting","SmallBiz Inc"
"2026-02-11","34829","Professional Fees","TechLogistics Corp","Direct Consumer"
"2026-01-09","38249","Professional Fees","Prime Consulting","Direct Consumer"
"2026-03-17","33312","Sales Revenue","Azure Utilities","Public Sector Dept"
"2026-03-30","46575","Rent","TechLogistics Corp","Retail Giant A"
"2026-03-03","39956","Tax Provision","Prime Consulting","Public Sector Dept"
"2026-01-14","9065","Inventory","TechLogistics Corp","Retail Giant A"
"2026-02-14","12840","Professional Fees","Global Office Ltd","Public Sector Dept"
"2026-02-11","23533","Rent","Global Office Ltd","Direct Consumer"
"2026-01-31","34575","Sales Revenue","Global Office Ltd","SmallBiz Inc"
"2026-02-03","19326","Inventory","Global Office Ltd","SmallBiz Inc"
"2026-03-23","48238","Inventory","Global Office Ltd","Public Sector Dept"
"2026-01-15","41338","Professional Fees","TechLogistics Corp","SmallBiz Inc"
"2026-02-27","1917","Professional Fees","Global Office Ltd","Retail Giant A"
"2026-03-23","19865","Inventory","Azure Utilities","Public Sector Dept"
"2026-03-14","19810","Rent","Prime Consulting","Public Sector Dept"
"2026-01-24","21057","Professional Fees","TechLogistics Corp","Public Sector Dept"
"2026-03-15","6940","Sales Revenue","TechLogistics Corp","Direct Consumer"
"2026-01-13","45423","Professional Fees","Azure Utilities","Direct Consumer"
"2026-02-27","3345","Tax Provision","Azure Utilities","Public Sector Dept"
"2026-02-16","26922","Inventory","TechLogistics Corp","Public Sector Dept"
"2026-03-14","35367","Inventory","Azure Utilities","Direct Consumer"
"2026-03-19","24269","Tax Provision","Prime Consulting","Public Sector Dept"
"2026-01-04","43838","Rent","Azure Utilities","Public Sector Dept"
"2026-03-09","41759","Tax Provision","Prime Consulting","Public Sector Dept"
"2026-03-20","36438","Tax Provision","TechLogistics Corp","Direct Consumer"
"2026-01-07","28197","Inventory","Global Office Ltd","Direct Consumer"
"2026-01-01","20259","Inventory","Global Office Ltd","Public Sector Dept"
"2026-02-21","44837","Tax Provision","Prime Consulting","Public Sector Dept"
"2026-01-17","27982","Rent","Azure Utilities","Public Sector Dept"
"2026-01-10","14013","Inventory","TechLogistics Corp","Retail Giant A"
"2026-01-18","36410","Inventory","TechLogistics Corp","Direct Consumer"
"2026-03-19","13892","Professional Fees","Global Office Ltd","Retail Giant A"
"2026-02-24","16063","Tax Provision","Prime Consulting","Direct Consumer"
"2026-03-21","49769","Inventory","Global Office Ltd","SmallBiz Inc"
"2026-03-17","15895","Inventory","Azure Utilities","SmallBiz Inc"
"2026-01-20","37588","Inventory","TechLogistics Corp","SmallBiz Inc"
"2026-02-07","46371","Sales Revenue","Azure Utilities","Retail Giant A"
"2026-01-27","20223","Inventory","Global Office Ltd","SmallBiz Inc"
"2026-03-18","48148","Rent","Prime Consulting","Direct Consumer"
"2026-02-10","33788","Sales Revenue","Global Office Ltd","Public Sector Dept"
"2026-01-03","26615","Tax Provision","TechLogistics Corp","Public Sector Dept"
"2026-01-18","1048","Professional Fees","Prime Consulting","Retail Giant A"
"2026-03-10","43903","Inventory","TechLogistics Corp","Retail Giant A"
"2026-02-07","41578","Sales Revenue","TechLogistics Corp","SmallBiz Inc"
"2026-01-04","14481","Rent","TechLogistics Corp","SmallBiz Inc"
"2026-01-16","34056","Rent","Azure Utilities","Direct Consumer"
"2026-02-02","45303","Rent","Azure Utilities","SmallBiz Inc"
"2026-03-07","40697","Inventory","Prime Consulting","Public Sector Dept"
"2026-03-22","40496","Sales Revenue","Azure Utilities","Direct Consumer"
"2026-01-27","16018","Rent","Global Office Ltd","SmallBiz Inc"
"2026-01-18","33655","Sales Revenue","TechLogistics Corp","Public Sector Dept"
"2026-01-14","30877","Sales Revenue","Global Office Ltd","SmallBiz Inc"
"2026-02-15","7126","Tax Provision","Prime Consulting","SmallBiz Inc"
"2026-01-26","11328","Sales Revenue","TechLogistics Corp","SmallBiz Inc"
"2026-03-27","33703","Tax Provision","Global Office Ltd","SmallBiz Inc"
"2026-01-31","33044","Inventory","TechLogistics Corp","Direct Consumer"
"2026-02-21","43097","Sales Revenue","Global Office Ltd","Retail Giant A"
"2026-01-05","3324","Inventory","Prime Consulting","Public Sector Dept"
"2026-01-02","12316","Inventory","Prime Consulting","SmallBiz Inc"
"2026-03-18","46794","Professional Fees","Prime Consulting","Public Sector Dept"
"2026-01-07","20225","Inventory","Global Office Ltd","Direct Consumer"
"2026-02-27","42758","Tax Provision","Global Office Ltd","Retail Giant A"
"2026-01-30","7919","Tax Provision","TechLogistics Corp","Public Sector Dept"
"2026-01-07","26510","Professional Fees","TechLogistics Corp","Retail Giant A"
"2026-02-20","5495","Inventory","Global Office Ltd","Retail Giant A"
"2026-03-20","38471","Sales Revenue","Global Office Ltd","Direct Consumer"
"2026-01-09","46877","Inventory","Prime Consulting","Public Sector Dept"
"2026-01-17","21240","Sales Revenue","TechLogistics Corp","Public Sector Dept"
"2026-01-02","15850","Professional Fees","TechLogistics Corp","Direct Consumer"
"2026-02-15","14549","Professional Fees","Azure Utilities","Direct Consumer"
"2026-01-25","36607","Inventory","Prime Consulting","Retail Giant A"
"2026-02-07","47390","Professional Fees","TechLogistics Corp","Public Sector Dept"
"2026-01-13","1805","Tax Provision","Azure Utilities","SmallBiz Inc"
"2026-03-13","12327","Sales Revenue","Global Office Ltd","Public Sector Dept"
"2026-01-02","33595","Tax Provision","Global Office Ltd","Direct Consumer"
"2026-02-02","32485","Tax Provision","Azure Utilities","Direct Consumer"
"2026-02-02","14357","Rent","Azure Utilities","Public Sector Dept"
"2026-01-08","7533","Tax Provision","Global Office Ltd","SmallBiz Inc"
"2026-02-22","28997","Rent","Azure Utilities","Retail Giant A"
"2026-01-18","5841","Rent","Prime Consulting","Public Sector Dept"
"2026-02-06","21353","Inventory","Azure Utilities","Public Sector Dept"
"2026-01-10","26368","Sales Revenue","Global Office Ltd","Retail Giant A"
"2026-01-30","14670","Tax Provision","Prime Consulting","SmallBiz Inc"
"2026-03-11","48961","Inventory","TechLogistics Corp","Direct Consumer"
"2026-01-22","37597","Sales Revenue","Prime Consulting","SmallBiz Inc"
"2026-03-12","6082","Rent","Azure Utilities","Public Sector Dept"
"2026-02-22","18155","Rent","TechLogistics Corp","Public Sector Dept"
"2026-02-24","31365","Tax Provision","TechLogistics Corp","Direct Consumer"
"2026-01-30","3579","Rent","Azure Utilities","SmallBiz Inc"
"2026-02-12","44444","Tax Provision","Prime Consulting","Retail Giant A"
"2026-03-23","47189","Tax Provision","Prime Consulting","Direct Consumer"
"2026-02-09","39196","Professional Fees","TechLogistics Corp","SmallBiz Inc"
"2026-03-19","27649","Rent","TechLogistics Corp","Public Sector Dept"
"2026-01-19","44058","Inventory","Global Office Ltd","SmallBiz Inc"
"2026-01-11","7641","Tax Provision","Global Office Ltd","Direct Consumer"
"2026-03-02","43323","Inventory","TechLogistics Corp","Retail Giant A"
"2026-01-05","11464","Professional Fees","Prime Consulting","Retail Giant A"
"2026-01-12","44974","Inventory","Prime Consulting","Retail Giant A"
"2026-01-06","1343","Sales Revenue","TechLogistics Corp","SmallBiz Inc"
"2026-02-27","41104","Sales Revenue","Prime Consulting","Public Sector Dept"
"2026-02-09","10063","Professional Fees","TechLogistics Corp","SmallBiz Inc"
"2026-03-23","35216","Inventory","Global Office Ltd","SmallBiz Inc"
"2026-01-21","43507","Rent","TechLogistics Corp","SmallBiz Inc"
"2026-02-10","49689","Rent","Azure Utilities","SmallBiz Inc"
"2026-03-12","47431","Rent","Prime Consulting","SmallBiz Inc"
"2026-03-27","29046","Tax Provision","Global Office Ltd","SmallBiz Inc"
"2026-02-03","36166","Sales Revenue","Azure Utilities","SmallBiz Inc"
"2026-01-11","27352","Professional Fees","Azure Utilities","SmallBiz Inc"
"2026-02-17","40441","Tax Provision","TechLogistics Corp","Direct Consumer"
"2026-03-06","13968","Rent","Global Office Ltd","SmallBiz Inc"
"2026-01-13","37415","Sales Revenue","Prime Consulting","Direct Consumer"
"2026-01-29","9095","Rent","Prime Consulting","Direct Consumer"
"2026-02-14","39957","Rent","Azure Utilities","Public Sector Dept"
"2026-03-27","5963","Inventory","Prime Consulting","Public Sector Dept"
"2026-01-26","40220","Rent","Global Office Ltd","Direct Consumer"
"2026-03-02","25791","Inventory","Azure Utilities","Direct Consumer"
"2026-03-14","31118","Professional Fees","Global Office Ltd","Retail Giant A"
"2026-02-12","36150","Sales Revenue","Prime Consulting","Retail Giant A"
"2026-02-17","5965","Rent","Prime Consulting","Public Sector Dept"
"2026-02-11","40985","Rent","Global Office Ltd","SmallBiz Inc"
"2026-03-16","28719","Inventory","Global Office Ltd","Retail Giant A"
"2026-01-27","22913","Professional Fees","Global Office Ltd","SmallBiz Inc"
"2026-02-23","41022","Professional Fees","Global Office Ltd","Public Sector Dept"
"2026-03-11","38773","Sales Revenue","Global Office Ltd","SmallBiz Inc"
"2026-02-23","24697","Sales Revenue","Azure Utilities","SmallBiz Inc"
"2026-03-01","17206","Sales Revenue","TechLogistics Corp","Direct Consumer"
"2026-02-20","1614","Tax Provision","Prime Consulting","Retail Giant A"
"2026-02-20","40072","Tax Provision","Azure Utilities","SmallBiz Inc"
"2026-03-06","48156","Rent","Prime Consulting","Direct Consumer"
"2026-02-16","7491","Sales Revenue","Global Office Ltd","Public Sector Dept"
"2026-01-12","17628","Tax Provision","Prime Consulting","Direct Consumer"
"2026-02-02","2649","Inventory","Azure Utilities","Direct Consumer"
"2026-02-05","6519","Professional Fees","Prime Consulting","Retail Giant A"
"2026-02-07","39633","Rent","Global Office Ltd","Public Sector Dept"
"2026-03-14","49575","Sales Revenue","Global Office Ltd","Retail Giant A"
"2026-02-03","39289","Professional Fees","Global Office Ltd","SmallBiz Inc"
"2026-01-22","31923","Professional Fees","Global Office Ltd","Direct Consumer"
"2026-02-14","16658","Professional Fees","Azure Utilities","SmallBiz Inc"
"2026-03-07","46843","Rent","TechLogistics Corp","Public Sector Dept"
"2026-03-28","30349","Rent","Prime Consulting","Direct Consumer"
"2026-02-07","3906","Sales Revenue","TechLogistics Corp","Public Sector Dept"
"2026-03-08","18012","Tax Provision","TechLogistics Corp","Direct Consumer"
"2026-01-12","16012","Sales Revenue","Azure Utilities","Public Sector Dept"
"2026-01-16","36503","Rent","Prime Consulting","SmallBiz Inc"
"2026-03-13","4765","Tax Provision","Azure Utilities","SmallBiz Inc"
"2026-01-19","33461","Sales Revenue","Global Office Ltd","Direct Consumer"
"2026-03-07","48296","Professional Fees","Azure Utilities","Direct Consumer"
"2026-02-26","10759","Professional Fees","Global Office Ltd","Retail Giant A"
"2026-01-13","44763","Professional Fees","Global Office Ltd","Public Sector Dept"
"2026-01-29","25196","Rent","TechLogistics Corp","Retail Giant A"
"2026-01-17","4171","Tax Provision","Global Office Ltd","Public Sector Dept"
"2026-01-30","37326","Rent","Prime Consulting","Public Sector Dept"
"2026-02-24","35136","Tax Provision","Global Office Ltd","SmallBiz Inc"
"2026-03-05","22961","Tax Provision","Azure Utilities","Public Sector Dept"
"2026-03-19","9059","Inventory","TechLogistics Corp","Direct Consumer"
"2026-03-16","13863","Sales Revenue","Global Office Ltd","Retail Giant A"
"2026-03-05","26232","Sales Revenue","Global Office Ltd","SmallBiz Inc"
"2026-01-07","12744","Sales Revenue","Global Office Ltd","Public Sector Dept"
"2026-01-16","24141","Rent","TechLogistics Corp","Retail Giant A"
"2026-03-12","31560","Tax Provision","TechLogistics Corp","Direct Consumer"
"2026-02-12","37041","Professional Fees","Prime Consulting","Retail Giant A"
"2026-01-26","31458","Rent","Azure Utilities","Direct Consumer"
"2026-03-14","46952","Professional Fees","Global Office Ltd","Direct Consumer"
"2026-03-24","33281","Rent","TechLogistics Corp","SmallBiz Inc"
"2026-03-30","27309","Tax Provision","Prime Consulting","Public Sector Dept"
"2026-03-20","12843","Tax Provision","TechLogistics Corp","SmallBiz Inc"
"2026-02-15","28619","Sales Revenue","Azure Utilities","Public Sector Dept"
"2026-02-17","38489","Rent","Prime Consulting","Retail Giant A"
"2026-03-10","37802","Tax Provision","Azure Utilities","Public Sector Dept"
"2026-01-30","11366","Sales Revenue","TechLogistics Corp","Direct Consumer"
"2026-03-12","16403","Rent","Prime Consulting","Retail Giant A"
"2026-03-27","14574","Professional Fees","Prime Consulting","Retail Giant A"
"2026-03-15","10015","Sales Revenue","TechLogistics Corp","Public Sector Dept"
"2026-02-11","23270","Tax Provision","Prime Consulting","SmallBiz Inc"
"2026-02-22","28189","Tax Provision","TechLogistics Corp","Direct Consumer"
"2026-02-28","15467","Rent","Azure Utilities","Direct Consumer"
"2026-01-11","22537","Professional Fees","Prime Consulting","Public Sector Dept"
"2026-01-28","20761","Rent","Azure Utilities","SmallBiz Inc"
"2026-02-15","42561","Rent","TechLogistics Corp","Direct Consumer"
"2026-02-21","28044","Professional Fees","Azure Utilities","Public Sector Dept"
"2026-02-08","26034","Professional Fees","TechLogistics Corp","Retail Giant A"
"2026-01-15","18815","Professional Fees","TechLogistics Corp","Direct Consumer"
"2026-01-13","31911","Rent","Global Office Ltd","SmallBiz Inc"
"2026-02-18","7061","Sales Revenue","Prime Consulting","SmallBiz Inc"
"2026-03-26","21904","Tax Provision","Prime Consulting","Direct Consumer"
"2026-02-04","42055","Rent","TechLogistics Corp","SmallBiz Inc"
"2026-02-26","35750","Tax Provision","Global Office Ltd","Direct Consumer"
"2026-02-18","10494","Tax Provision","Azure Utilities","Direct Consumer"
"2026-01-17","30737","Inventory","Azure Utilities","Public Sector Dept"
"2026-03-07","24588","Tax Provision","Azure Utilities","SmallBiz Inc"
"2026-02-04","40223","Professional Fees","Azure Utilities","Public Sector Dept"
"2026-03-05","5116","Sales Revenue","Prime Consulting","Public Sector Dept"
"2026-01-14","12005","Sales Revenue","Global Office Ltd","Public Sector Dept"
"2026-02-10","15467","Tax Provision","Prime Consulting","Retail Giant A"
"2026-01-31","31082","Sales Revenue","Azure Utilities","SmallBiz Inc"
"2026-01-17","6195","Sales Revenue","TechLogistics Corp","Direct Consumer"
"2026-03-22","2037","Sales Revenue","TechLogistics Corp","Retail Giant A"
"2026-03-25","42680","Tax Provision","Azure Utilities","Retail Giant A"
"2026-02-17","30123","Sales Revenue","Azure Utilities","SmallBiz Inc"
"2026-03-16","41255","Inventory","Azure Utilities","Public Sector Dept"
"2026-02-25","43861","Rent","Azure Utilities","Retail Giant A"
"2026-03-12","20928","Rent","Prime Consulting","Retail Giant A"
"2026-02-13","30686","Rent","Prime Consulting","SmallBiz Inc"
"2026-03-23","42081","Tax Provision","Azure Utilities","SmallBiz Inc"
"2026-01-29","5937","Inventory","TechLogistics Corp","SmallBiz Inc"
"2026-01-25","29110","Tax Provision","Prime Consulting","Public Sector Dept"
"2026-01-06","48343","Inventory","Prime Consulting","Direct Consumer"
"2026-01-21","38152","Sales Revenue","TechLogistics Corp","Direct Consumer"
"2026-03-11","47558","Professional Fees","Prime Consulting","Direct Consumer"
"2026-01-25","25461","Inventory","TechLogistics Corp","Public Sector Dept"
"2026-03-23","7600","Professional Fees","Azure Utilities","Direct Consumer"
"2026-02-02","20072","Inventory","Prime Consulting","SmallBiz Inc"
"2026-03-16","31209","Professional Fees","Global Office Ltd","Public Sector Dept"
"2026-02-18","39531","Tax Provision","TechLogistics Corp","Direct Consumer"
"2026-02-24","24049","Tax Provision","Prime Consulting","Retail Giant A"
"2026-02-12","45878","Sales Revenue","TechLogistics Corp","SmallBiz Inc"
"2026-03-04","27790","Sales Revenue","Prime Consulting","Retail Giant A"
"2026-02-27","1240","Inventory","Global Office Ltd","Public Sector Dept"
"2026-02-18","24060","Inventory","Azure Utilities","Direct Consumer"
"2026-02-28","38443","Sales Revenue","Azure Utilities","Public Sector Dept"
"2026-03-05","34845","Inventory","Azure Utilities","Retail Giant A"
"2026-02-25","47411","Professional Fees","Azure Utilities","Direct Consumer"
"2026-01-16","29959","Sales Revenue","Azure Utilities","Public Sector Dept"
"2026-01-27","9443","Professional Fees","TechLogistics Corp","Public Sector Dept"
"2026-03-06","44985","Professional Fees","Global Office Ltd","Retail Giant A"
"2026-03-30","23081","Sales Revenue","Azure Utilities","Direct Consumer"
"2026-03-18","27078","Tax Provision","Prime Consulting","Retail Giant A"
"2026-02-12","20018","Professional Fees","Global Office Ltd","Retail Giant A"
"2026-03-12","8726","Sales Revenue","Prime Consulting","SmallBiz Inc"
"2026-01-08","47087","Inventory","Prime Consulting","SmallBiz Inc"
"2026-02-18","14843","Rent","Azure Utilities","Retail Giant A"
"2026-03-22","17469","Professional Fees","Global Office Ltd","Direct Consumer"
"2026-03-04","43243","Tax Provision","Prime Consulting","Public Sector Dept"
"2026-01-17","37202","Rent","Global Office Ltd","SmallBiz Inc"
"2026-03-03","18810","Rent","Prime Consulting","Public Sector Dept"
"2026-01-07","25687","Professional Fees","Prime Consulting","Public Sector Dept"
"2026-01-26","4959","Tax Provision","Prime Consulting","Direct Consumer"
"2026-01-24","19974","Inventory","Prime Consulting","SmallBiz Inc"
"2026-03-19","36301","Inventory","Azure Utilities","Public Sector Dept"
"2026-01-07","7417","Inventory","Azure Utilities","Public Sector Dept"
"2026-01-05","49373","Inventory","Azure Utilities","Public Sector Dept"
"2026-03-27","16162","Rent","Azure Utilities","Retail Giant A"
"2026-02-22","19486","Professional Fees","Global Office Ltd","SmallBiz Inc"
"2026-02-06","13273","Tax Provision","Azure Utilities","Retail Giant A"
"2026-02-15","44853","Inventory","TechLogistics Corp","SmallBiz Inc"
"2026-01-13","39605","Tax Provision","Prime Consulting","Public Sector Dept"
"2026-02-09","37204","Tax Provision","Global Office Ltd","Direct Consumer"
"2026-03-26","32568","Rent","TechLogistics Corp","Retail Giant A"
"2026-02-21","9411","Sales Revenue","Azure Utilities","Direct Consumer"
"2026-03-12","3062","Professional Fees","Azure Utilities","Direct Consumer"
"2026-03-19","49950","Rent","Azure Utilities","SmallBiz Inc"
"2026-03-25","44448","Tax Provision","Global Office Ltd","Direct Consumer"
"2026-02-24","7787","Sales Revenue","Azure Utilities","Direct Consumer"
"2026-02-24","40461","Inventory","TechLogistics Corp","Retail Giant A"
"2026-03-23","25747","Professional Fees","Global Office Ltd","Direct Consumer"
"2026-03-27","25505","Professional Fees","Global Office Ltd","Direct Consumer"
"2026-01-05","42537","Tax Provision","Prime Consulting","Retail Giant A"
"2026-01-01","30536","Inventory","Prime Consulting","Public Sector Dept"
"2026-02-17","9146","Rent","Global Office Ltd","SmallBiz Inc"
"2026-02-05","46775","Professional Fees","Azure Utilities","Retail Giant A"
"2026-03-09","36744","Tax Provision","Global Office Ltd","Retail Giant A"
"2026-01-06","17014","Rent","Prime Consulting","Public Sector Dept"
"2026-02-22","31945","Professional Fees","Prime Consulting","Direct Consumer"
"2026-03-19","30012","Sales Revenue","Global Office Ltd","Retail Giant A"
"2026-03-08","1789","Sales Revenue","Global Office Ltd","Direct Consumer"
"2026-01-14","7073","Professional Fees","Azure Utilities","SmallBiz Inc"
"2026-01-26","42949","Sales Revenue","Prime Consulting","Public Sector Dept"
"2026-01-21","46376","Rent","Global Office Ltd","Retail Giant A"
"2026-03-15","11820","Professional Fees","Azure Utilities","SmallBiz Inc"
"2026-03-06","5646","Sales Revenue","Azure Utilities","Public Sector Dept"
"2026-03-24","36050","Sales Revenue","Global Office Ltd","SmallBiz Inc"
"2026-02-22","9428","Professional Fees","TechLogistics Corp","Retail Giant A"
"2026-02-23","31949","Inventory","TechLogistics Corp","Direct Consumer"
"2026-02-02","2352","Inventory","Global Office Ltd","Public Sector Dept"
"2026-03-27","12165","Professional Fees","Azure Utilities","Public Sector Dept"
"2026-01-11","3027","Rent","Azure Utilities","Direct Consumer"
"2026-01-09","21101","Tax Provision","TechLogistics Corp","Retail Giant A"
"2026-01-06","14322","Tax Provision","TechLogistics Corp","SmallBiz Inc"
"2026-01-24","40507","Tax Provision","Prime Consulting","SmallBiz Inc"
"2026-02-02","18374","Tax Provision","Prime Consulting","Direct Consumer"
"2026-02-13","12242","Sales Revenue","Azure Utilities","Direct Consumer"
"2026-01-04","41324","Professional Fees","Azure Utilities","Direct Consumer"
"2026-02-22","49034","Inventory","Global Office Ltd","Retail Giant A"
"2026-01-14","47144","Rent","Azure Utilities","Direct Consumer"
"2026-01-26","27392","Rent","Prime Consulting","SmallBiz Inc"
"2026-01-21","26600","Rent","Global Office Ltd","Retail Giant A"
"2026-01-27","44534","Rent","TechLogistics Corp","Retail Giant A"
"2026-01-10","30938","Professional Fees","Global Office Ltd","Direct Consumer"
"2026-02-19","10719","Sales Revenue","Global Office Ltd","Retail Giant A"
"2026-02-12","45505","Inventory","TechLogistics Corp","Public Sector Dept"
"2026-01-19","36001","Tax Provision","Prime Consulting","Public Sector Dept"
"2026-01-14","34877","Sales Revenue","Global Office Ltd","Retail Giant A"
"2026-01-23","21490","Rent","Prime Consulting","Public Sector Dept"
"2026-03-07","47889","Professional Fees","TechLogistics Corp","Public Sector Dept"
"2026-01-01","31294","Rent","TechLogistics Corp","Retail Giant A"
"2026-01-09","31614","Professional Fees","Prime Consulting","Retail Giant A"
"2026-02-25","10828","Inventory","Azure Utilities","Direct Consumer"
"2026-02-01","9422","Rent","Global Office Ltd","Public Sector Dept"
"2026-01-27","33608","Sales Revenue","Global Office Ltd","Direct Consumer"
"2026-02-22","41856","Sales Revenue","Prime Consulting","Retail Giant A"
"2026-02-05","15250","Tax Provision","Azure Utilities","SmallBiz Inc"
"2026-03-09","39948","Rent","TechLogistics Corp","SmallBiz Inc"
"2026-01-10","30901","Rent","Global Office Ltd","Direct Consumer"
"2026-01-01","7246","Rent","Prime Consulting","SmallBiz Inc"
"2026-03-02","38186","Tax Provision","TechLogistics Corp","Direct Consumer"
"2026-01-11","17638","Tax Provision","TechLogistics Corp","Direct Consumer"
"2026-03-19","10796","Inventory","Prime Consulting","Public Sector Dept"
"2026-01-31","49739","Professional Fees","Prime Consulting","SmallBiz Inc"
"2026-03-15","15086","Rent","Global Office Ltd","Retail Giant A"
"2026-03-31","13985","Professional Fees","Global Office Ltd","SmallBiz Inc"
"2026-03-19","26910","Rent","Prime Consulting","SmallBiz Inc"
"2026-03-25","36038","Sales Revenue","Azure Utilities","Direct Consumer"
"2026-01-29","45288","Tax Provision","Global Office Ltd","Public Sector Dept"
"2026-01-14","25888","Sales Revenue","Global Office Ltd","Direct Consumer"
"2026-03-03","12478","Professional Fees","TechLogistics Corp","Direct Consumer"
"2026-03-10","44838","Inventory","Azure Utilities","Retail Giant A"
"2026-03-18","23199","Inventory","Prime Consulting","SmallBiz Inc"
"2026-01-12","19620","Professional Fees","Prime Consulting","Public Sector Dept"
"2026-02-09","29936","Professional Fees","Global Office Ltd","SmallBiz Inc"
"2026-02-21","1697","Sales Revenue","Global Office Ltd","Public Sector Dept"
"2026-01-07","43070","Tax Provision","Prime Consulting","Direct Consumer"
"2026-03-31","38618","Rent","Global Office Ltd","SmallBiz Inc"
"2026-03-07","23028","Professional Fees","TechLogistics Corp","Public Sector Dept"
"2026-02-12","26233","Rent","Global Office Ltd","Retail Giant A"
"2026-02-15","8746","Tax Provision","Azure Utilities","SmallBiz Inc"
"2026-03-17","37753","Tax Provision","Global Office Ltd","Public Sector Dept"
"2026-02-25","4788","Rent","TechLogistics Corp","Retail Giant A"
"2026-01-23","10221","Tax Provision","TechLogistics Corp","Public Sector Dept"
"2026-01-27","36967","Sales Revenue","Global Office Ltd","SmallBiz Inc"
"2026-03-24","28237","Tax Provision","Azure Utilities","Retail Giant A"
"2026-02-04","10987","Sales Revenue","Azure Utilities","Retail Giant A"
"2026-01-02","30880","Professional Fees","Azure Utilities","Public Sector Dept"
"2026-03-30","8445","Inventory","Prime Consulting","Retail Giant A"
"2026-01-24","29883","Tax Provision","TechLogistics Corp","SmallBiz Inc"
"2026-02-13","11983","Sales Revenue","Global Office Ltd","Public Sector Dept"
"2026-02-16","8992","Rent","TechLogistics Corp","SmallBiz Inc"
"2026-01-11","36299","Professional Fees","TechLogistics Corp","Direct Consumer"
"2026-02-21","16439","Sales Revenue","TechLogistics Corp","SmallBiz Inc"
"2026-01-08","11954","Sales Revenue","Global Office Ltd","Direct Consumer"
"2026-03-19","40251","Inventory","Prime Consulting","Public Sector Dept"
"2026-03-07","46203","Professional Fees","Prime Consulting","SmallBiz Inc"
"2026-01-24","22944","Tax Provision","Global Office Ltd","Direct Consumer"
"2026-02-17","20054","Tax Provision","Prime Consulting","SmallBiz Inc"
"2026-03-05","32842","Sales Revenue","TechLogistics Corp","Direct Consumer"
"2026-01-05","10349","Rent","Prime Consulting","SmallBiz Inc"
"2026-03-24","47480","Sales Revenue","Prime Consulting","Direct Consumer"
"2026-02-13","35346","Tax Provision","Prime Consulting","SmallBiz Inc"
"2026-01-11","47906","Rent","Global Office Ltd","Public Sector Dept"
"2026-03-26","23902","Tax Provision","Prime Consulting","Direct Consumer"
"2026-03-03","15712","Rent","TechLogistics Corp","SmallBiz Inc"
"2026-01-05","12516","Tax Provision","TechLogistics Corp","Public Sector Dept"
"2026-02-02","24416","Sales Revenue","Global Office Ltd","Direct Consumer"
"2026-01-01","38160","Tax Provision","Global Office Ltd","SmallBiz Inc"
"2026-03-10","40787","Inventory","Azure Utilities","Direct Consumer"
"2026-02-19","15480","Sales Revenue","TechLogistics Corp","Direct Consumer"
"2026-02-24","49114","Inventory","Prime Consulting","Direct Consumer"
"2026-02-04","45309","Professional Fees","Azure Utilities","Direct Consumer"
"2026-02-14","26655","Tax Provision","Global Office Ltd","SmallBiz Inc"
"2026-01-24","5484","Tax Provision","Prime Consulting","Direct Consumer"
"2026-03-10","41893","Sales Revenue","Prime Consulting","SmallBiz Inc"
"2026-03-04","24373","Tax Provision","TechLogistics Corp","SmallBiz Inc"
"2026-01-12","49874","Tax Provision","Global Office Ltd","Retail Giant A"
"2026-01-28","32322","Rent","Prime Consulting","SmallBiz Inc"
"2026-03-11","24877","Tax Provision","Global Office Ltd","SmallBiz Inc"
"2026-01-07","13752","Inventory","Prime Consulting","Direct Consumer"
"2026-03-16","11646","Sales Revenue","Prime Consulting","SmallBiz Inc"
"2026-01-25","45140","Sales Revenue","Azure Utilities","Retail Giant A"
"2026-02-27","3723","Rent","Global Office Ltd","Public Sector Dept"
"2026-02-04","20223","Sales Revenue","TechLogistics Corp","Direct Consumer"
"2026-02-13","40676","Tax Provision","Prime Consulting","Public Sector Dept"
"2026-03-25","22534","Tax Provision","Azure Utilities","Retail Giant A"
"2026-01-01","21494","Rent","Azure Utilities","Public Sector Dept"
"2026-03-03","17162","Tax Provision","Global Office Ltd","SmallBiz Inc"
"2026-02-14","47412","Tax Provision","Prime Consulting","Retail Giant A"
"2026-01-25","25424","Rent","Prime Consulting","Retail Giant A"
"2026-01-08","31812","Professional Fees","Prime Consulting","Direct Consumer"
"2026-03-05","24223","Rent","TechLogistics Corp","Retail Giant A"
"2026-03-02","4961","Rent","Prime Consulting","Direct Consumer"
"2026-03-06","49678","Tax Provision","Azure Utilities","SmallBiz Inc"
"2026-02-22","31945","Sales Revenue","Global Office Ltd","Direct Consumer"
"2026-01-08","25315","Rent","Prime Consulting","Retail Giant A"
"2026-03-28","17462","Tax Provision","TechLogistics Corp","SmallBiz Inc"
"2026-03-14","9034","Rent","Azure Utilities","Public Sector Dept"
"2026-01-14","38512","Tax Provision","Prime Consulting","Direct Consumer"
"2026-02-06","40711","Professional Fees","TechLogistics Corp","Direct Consumer"
"2026-01-25","46268","Sales Revenue","TechLogistics Corp","Direct Consumer"
"2026-02-02","10604","Inventory","Azure Utilities","Direct Consumer"
"2026-02-03","12900","Professional Fees","Azure Utilities","Retail Giant A"
"2026-03-10","26493","Professional Fees","Azure Utilities","Public Sector Dept"
"2026-01-13","42876","Sales Revenue","TechLogistics Corp","Public Sector Dept"
"2026-03-12","44705","Inventory","TechLogistics Corp","Public Sector Dept"
"2026-01-22","16139","Tax Provision","Azure Utilities","Public Sector Dept"
"2026-01-22","16424","Inventory","TechLogistics Corp","SmallBiz Inc"
"2026-03-15","1002","Tax Provision","Global Office Ltd","Retail Giant A"
"2026-03-10","23392","Sales Revenue","Azure Utilities","Public Sector Dept"
"2026-01-15","21175","Tax Provision","Azure Utilities","Direct Consumer"
"2026-01-11","33044","Tax Provision","Global Office Ltd","Retail Giant A"
"2026-03-07","25140","Tax Provision","Azure Utilities","Retail Giant A"
"2026-02-07","15663","Sales Revenue","Azure Utilities","SmallBiz Inc"
"2026-03-29","5665","Professional Fees","TechLogistics Corp","Public Sector Dept"
"2026-01-10","1683","Inventory","Prime Consulting","Public Sector Dept"
"2026-01-03","28605","Inventory","Prime Consulting","Public Sector Dept"
"2026-02-06","12599","Tax Provision","Prime Consulting","Retail Giant A"
"2026-02-26","43602","Professional Fees","Global Office Ltd","Retail Giant A"
"2026-02-08","29645","Professional Fees","Prime Consulting","SmallBiz Inc"
"2026-02-16","38931","Sales Revenue","Azure Utilities","Direct Consumer"
"2026-03-06","33920","Professional Fees","Prime Consulting","Public Sector Dept"
"2026-02-24","1936","Tax Provision","Prime Consulting","Retail Giant A"
"2026-01-27","6673","Inventory","Prime Consulting","SmallBiz Inc"
"2026-01-28","45801","Inventory","Azure Utilities","Retail Giant A"
"2026-01-29","18350","Tax Provision","Prime Consulting","SmallBiz Inc"
"2026-01-30","2414","Sales Revenue","Global Office Ltd","SmallBiz Inc"
"2026-01-14","17748","Tax Provision","Prime Consulting","Retail Giant A"
"2026-02-27","42286","Professional Fees","TechLogistics Corp","Public Sector Dept"
"2026-01-15","6960","Professional Fees","Global Office Ltd","Public Sector Dept"
"2026-01-06","34483","Tax Provision","Prime Consulting","SmallBiz Inc"
"2026-02-01","9087","Professional Fees","TechLogistics Corp","Public Sector Dept"
"2026-01-26","13368","Sales Revenue","Azure Utilities","SmallBiz Inc"
"2026-01-08","30237","Sales Revenue","Prime Consulting","Retail Giant A"
"2026-02-01","42203","Tax Provision","Global Office Ltd","Public Sector Dept"
"2026-02-01","24858","Sales Revenue","Azure Utilities","Public Sector Dept"
"2026-02-23","25145","Inventory","Prime Consulting","Direct Consumer"
"2026-02-20","4628","Tax Provision","Prime Consulting","Retail Giant A"
"2026-01-21","40823","Sales Revenue","Azure Utilities","Public Sector Dept"
"2026-02-27","18945","Inventory","Prime Consulting","Public Sector Dept"
"2026-01-21","35676","Tax Provision","Azure Utilities","SmallBiz Inc"
"2026-01-24","26918","Tax Provision","Prime Consulting","SmallBiz Inc"
"2026-03-22","37768","Professional Fees","TechLogistics Corp","Direct Consumer"
"2026-03-16","3598","Professional Fees","Prime Consulting","Direct Consumer"
"2026-03-15","46125","Sales Revenue","Global Office Ltd","Direct Consumer"
"2026-03-15","24468","Tax Provision","TechLogistics Corp","Direct Consumer"
"2026-01-30","12250","Inventory","Global Office Ltd","Public Sector Dept"
"2026-02-12","28847","Inventory","Global Office Ltd","SmallBiz Inc"
"2026-02-22","5326","Tax Provision","Global Office Ltd","Public Sector Dept"
"2026-02-26","30207","Sales Revenue","Prime Consulting","SmallBiz Inc"
"2026-03-19","45562","Sales Revenue","TechLogistics Corp","Direct Consumer"
"2026-01-06","38023","Tax Provision","Global Office Ltd","Retail Giant A"
"2026-01-31","23750","Sales Revenue","Azure Utilities","Retail Giant A"
"2026-02-18","28177","Professional Fees","Prime Consulting","Direct Consumer"
"2026-01-06","2658","Rent","Global Office Ltd","Public Sector Dept"
"2026-01-07","35925","Sales Revenue","Azure Utilities","Public Sector Dept"
"2026-01-23","31769","Tax Provision","Prime Consulting","Public Sector Dept"
"2026-02-01","43070","Tax Provision","TechLogistics Corp","Direct Consumer"
"2026-01-16","48790","Sales Revenue","TechLogistics Corp","Retail Giant A"
"2026-03-09","20568","Tax Provision","Prime Consulting","Retail Giant A"
"2026-01-02","24749","Rent","Azure Utilities","Public Sector Dept"
"2026-02-03","26157","Rent","Azure Utilities","Public Sector Dept"
"2026-02-08","43076","Inventory","Azure Utilities","Retail Giant A"
"2026-03-13","12782","Sales Revenue","TechLogistics Corp","Direct Consumer"
"2026-03-17","15788","Professional Fees","Azure Utilities","Public Sector Dept"
"2026-02-18","33934","Sales Revenue","Azure Utilities","Direct Consumer"
"2026-02-01","24832","Rent","Global Office Ltd","Public Sector Dept"
"2026-03-31","17484","Professional Fees","TechLogistics Corp","Public Sector Dept"
"2026-03-27","28668","Sales Revenue","Global Office Ltd","Public Sector Dept"
"2026-02-13","30299","Tax Provision","TechLogistics Corp","SmallBiz Inc"
"2026-03-14","35059","Inventory","TechLogistics Corp","Retail Giant A"
"2026-03-13","13281","Tax Provision","Prime Consulting","Public Sector Dept"
"2026-01-11","30479","Tax Provision","Prime Consulting","Retail Giant A"
"2026-02-04","16294","Rent","Azure Utilities","Public Sector Dept"
"2026-01-25","21513","Sales Revenue","Prime Consulting","SmallBiz Inc"
"2026-01-06","19720","Inventory","TechLogistics Corp","Retail Giant A"
"2026-02-17","35847","Sales Revenue","TechLogistics Corp","SmallBiz Inc"
"2026-02-13","18758","Professional Fees","Prime Consulting","SmallBiz Inc"
"2026-02-21","32638","Professional Fees","Prime Consulting","Retail Giant A"
"2026-03-23","36031","Inventory","Global Office Ltd","Direct Consumer"
"2026-02-09","21283","Rent","Azure Utilities","Direct Consumer"
"2026-01-04","30430","Inventory","Azure Utilities","Retail Giant A"
"2026-03-15","1771","Inventory","Azure Utilities","Direct Consumer"
"2026-03-27","5183","Inventory","Global Office Ltd","SmallBiz Inc"
"2026-02-13","46249","Professional Fees","Azure Utilities","Direct Consumer"
"2026-03-17","12833","Tax Provision","TechLogistics Corp","Retail Giant A"
"2026-02-10","36734","Inventory","TechLogistics Corp","Retail Giant A"
"2026-01-15","38455","Rent","Global Office Ltd","SmallBiz Inc"
"2026-02-26","15647","Professional Fees","TechLogistics Corp","SmallBiz Inc"
"2026-02-27","4596","Tax Provision","TechLogistics Corp","Public Sector Dept"
"2026-03-14","19610","Rent","Global Office Ltd","Retail Giant A"
"2026-02-23","35123","Tax Provision","TechLogistics Corp","Public Sector Dept"
"2026-03-10","7154","Sales Revenue","Prime Consulting","Direct Consumer"
"2026-02-02","13121","Sales Revenue","TechLogistics Corp","Direct Consumer"
"2026-03-12","32146","Tax Provision","Prime Consulting","SmallBiz Inc"
"2026-02-09","26819","Sales Revenue","Prime Consulting","Direct Consumer"
"2026-03-16","22914","Rent","Prime Consulting","Direct Consumer"
"2026-03-06","16451","Tax Provision","Global Office Ltd","Public Sector Dept"
"2026-01-19","25468","Tax Provision","Prime Consulting","Direct Consumer"
"2026-01-21","41717","Sales Revenue","TechLogistics Corp","Direct Consumer"
"2026-03-01","44845","Inventory","Prime Consulting","SmallBiz Inc"
"2026-01-12","36407","Rent","Azure Utilities","Retail Giant A"
"2026-01-03","19242","Rent","TechLogistics Corp","Retail Giant A"
"2026-02-01","46236","Tax Provision","Prime Consulting","Retail Giant A"
"2026-01-05","32867","Rent","Azure Utilities","Public Sector Dept"
"2026-02-22","44443","Professional Fees","TechLogistics Corp","Public Sector Dept"
"2026-01-26","27635","Inventory","Global Office Ltd","Direct Consumer"
"2026-02-01","6624","Tax Provision","Global Office Ltd","Direct Consumer"
"2026-01-12","10672","Professional Fees","Azure Utilities","Retail Giant A"
"2026-01-07","42579","Sales Revenue","Azure Utilities","SmallBiz Inc"
"2026-02-24","47843","Inventory","Global Office Ltd","Public Sector Dept"
"2026-01-12","2304","Tax Provision","Prime Consulting","Retail Giant A"
"2026-02-21","10985","Tax Provision","Prime Consulting","Public Sector Dept"
"2026-01-06","8824","Sales Revenue","Global Office Ltd","Public Sector Dept"
"2026-03-16","18010","Tax Provision","Prime Consulting","Direct Consumer"
"2026-03-27","34550","Tax Provision","TechLogistics Corp","Direct Consumer"
"2026-02-05","30112","Professional Fees","Prime Consulting","Direct Consumer"
"2026-01-09","5530","Tax Provision","TechLogistics Corp","SmallBiz Inc"
"2026-01-11","22876","Professional Fees","TechLogistics Corp","Public Sector Dept"
"2026-01-08","9606","Tax Provision","Global Office Ltd","SmallBiz Inc"
"2026-01-29","23538","Sales Revenue","Prime Consulting","Direct Consumer"
"2026-01-22","25920","Inventory","Prime Consulting","SmallBiz Inc"
"2026-01-28","23023","Professional Fees","Prime Consulting","Public Sector Dept"
"2026-01-13","34023","Tax Provision","Azure Utilities","SmallBiz Inc"
"2026-03-31","20994","Rent","Azure Utilities","Direct Consumer"
"2026-03-02","33289","Professional Fees","Prime Consulting","Retail Giant A"
"2026-03-02","36863","Rent","Global Office Ltd","Direct Consumer"
"2026-01-14","29746","Tax Provision","TechLogistics Corp","Retail Giant A"
"2026-01-09","7622","Inventory","TechLogistics Corp","Retail Giant A"
"2026-02-10","16570","Tax Provision","Azure Utilities","Direct Consumer"
"2026-03-05","23074","Professional Fees","Azure Utilities","Public Sector Dept"
"2026-02-13","31368","Professional Fees","Azure Utilities","Public Sector Dept"
"2026-02-26","2606","Sales Revenue","Prime Consulting","Public Sector Dept"
"2026-03-21","16494","Rent","Prime Consulting","Public Sector Dept"
"2026-02-09","26638","Inventory","Prime Consulting","Public Sector Dept"
"2026-01-22","28388","Professional Fees","TechLogistics Corp","Direct Consumer"
"2026-03-22","48698","Rent","Prime Consulting","Public Sector Dept"
"2026-02-08","16211","Tax Provision","Global Office Ltd","Public Sector Dept"
"2026-01-10","9274","Professional Fees","Prime Consulting","Retail Giant A"
"2026-01-22","28385","Tax Provision","Prime Consulting","Retail Giant A"
"2026-02-07","15028","Professional Fees","Global Office Ltd","Direct Consumer"
"2026-01-11","5917","Tax Provision","Prime Consulting","Retail Giant A"
"2026-01-02","1390","Sales Revenue","Azure Utilities","Public Sector Dept"
"2026-03-14","1676","Inventory","Azure Utilities","Retail Giant A"
"2026-03-20","28779","Tax Provision","Global Office Ltd","Direct Consumer"
"2026-03-31","11947","Inventory","Azure Utilities","SmallBiz Inc"
"2026-02-09","45595","Sales Revenue","Global Office Ltd","Public Sector Dept"
"2026-01-28","19894","Professional Fees","Prime Consulting","Direct Consumer"
"2026-02-05","44232","Tax Provision","Azure Utilities","Public Sector Dept"
"2026-03-05","24839","Professional Fees","Prime Consulting","SmallBiz Inc"
"2026-01-17","3124","Tax Provision","Prime Consulting","Public Sector Dept"
"2026-01-25","7667","Tax Provision","Global Office Ltd","SmallBiz Inc"
"2026-02-02","11350","Professional Fees","Azure Utilities","SmallBiz Inc"
"2026-02-19","24786","Professional Fees","Azure Utilities","SmallBiz Inc"
"2026-01-08","47165","Sales Revenue","Global Office Ltd","Retail Giant A"
"2026-02-07","16497","Inventory","Azure Utilities","Public Sector Dept"
"2026-03-13","1398","Inventory","TechLogistics Corp","SmallBiz Inc"
"2026-02-08","28038","Sales Revenue","Global Office Ltd","Retail Giant A"
"2026-03-07","34659","Inventory","Prime Consulting","SmallBiz Inc"
"2026-01-04","38331","Rent","TechLogistics Corp","Direct Consumer"
"2026-02-08","8858","Sales Revenue","TechLogistics Corp","SmallBiz Inc"
"2026-01-30","37346","Tax Provision","Global Office Ltd","Retail Giant A"
"2026-02-26","46569","Inventory","Azure Utilities","Retail Giant A"
"2026-02-11","13454","Tax Provision","Prime Consulting","Public Sector Dept"
"2026-02-19","16579","Professional Fees","Azure Utilities","Retail Giant A"
"2026-01-08","42023","Tax Provision","Global Office Ltd","Retail Giant A"
"2026-02-09","35620","Rent","Prime Consulting","Public Sector Dept"
"2026-03-16","14058","Inventory","Global Office Ltd","Public Sector Dept"
"2026-02-08","36390","Rent","TechLogistics Corp","SmallBiz Inc"
"2026-02-15","44511","Rent","TechLogistics Corp","Retail Giant A"
"2026-02-08","1610","Professional Fees","Azure Utilities","Retail Giant A"
"2026-03-07","32399","Inventory","Prime Consulting","Public Sector Dept"
"2026-02-22","41284","Professional Fees","Global Office Ltd","Direct Consumer"
"2026-02-10","5972","Inventory","TechLogistics Corp","Retail Giant A"
"2026-01-12","32184","Sales Revenue","Azure Utilities","SmallBiz Inc"
"2026-02-08","28259","Sales Revenue","Global Office Ltd","Retail Giant A"
"2026-01-23","1266","Professional Fees","Prime Consulting","SmallBiz Inc"
"2026-02-11","16267","Professional Fees","Global Office Ltd","Direct Consumer"
"2026-01-11","22943","Tax Provision","Azure Utilities","Public Sector Dept"
"2026-03-23","11986","Rent","TechLogistics Corp","SmallBiz Inc"
"2026-03-11","36110","Rent","TechLogistics Corp","Direct Consumer"
"2026-03-24","9537","Professional Fees","Prime Consulting","Retail Giant A"
"2026-03-27","6220","Rent","TechLogistics Corp","Direct Consumer"
"2026-02-18","29203","Sales Revenue","Prime Consulting","Public Sector Dept"
"2026-01-27","33319","Inventory","TechLogistics Corp","Retail Giant A"
"2026-03-20","35613","Inventory","Prime Consulting","SmallBiz Inc"
"2026-02-26","36322","Sales Revenue","Global Office Ltd","Direct Consumer"
"2026-02-11","33972","Inventory","Prime Consulting","Direct Consumer"
"2026-02-20","33474","Sales Revenue","Azure Utilities","SmallBiz Inc"
"2026-02-16","29848","Inventory","TechLogistics Corp","Direct Consumer"
"2026-01-16","37895","Rent","Azure Utilities","Retail Giant A"
"2026-01-21","28760","Inventory","TechLogistics Corp","SmallBiz Inc"
"2026-01-19","45274","Tax Provision","Global Office Ltd","SmallBiz Inc"
"2026-01-27","32945","Rent","Prime Consulting","Public Sector Dept"
"2026-02-08","13829","Sales Revenue","Prime Consulting","Public Sector Dept"
"2026-02-11","14638","Sales Revenue","Azure Utilities","Public Sector Dept"
"2026-03-17","5688","Sales Revenue","Global Office Ltd","SmallBiz Inc"
"2026-02-18","40920","Sales Revenue","Azure Utilities","Direct Consumer"
"2026-03-15","47911","Sales Revenue","Global Office Ltd","SmallBiz Inc"
"2026-01-22","35425","Tax Provision","Prime Consulting","SmallBiz Inc"
"2026-02-23","3413","Sales Revenue","Azure Utilities","Direct Consumer"
"2026-02-25","14672","Inventory","Prime Consulting","Retail Giant A"
"2026-03-21","43467","Professional Fees","Prime Consulting","Direct Consumer"
"2026-02-09","27955","Rent","Global Office Ltd","Public Sector Dept"
"2026-02-07","16120","Professional Fees","TechLogistics Corp","Direct Consumer"
"2026-03-05","48465","Professional Fees","TechLogistics Corp","Retail Giant A"
"2026-02-25","15334","Sales Revenue","TechLogistics Corp","Direct Consumer"
"2026-03-29","4759","Professional Fees","TechLogistics Corp","SmallBiz Inc"
"2026-02-25","12730","Sales Revenue","Azure Utilities","Retail Giant A"
"2026-02-15","4240","Sales Revenue","Global Office Ltd","Retail Giant A"
"2026-03-01","40990","Sales Revenue","TechLogistics Corp","Retail Giant A"
"2026-02-07","6787","Professional Fees","Global Office Ltd","Direct Consumer"
"2026-01-05","13612","Tax Provision","Prime Consulting","SmallBiz Inc"
"2026-01-03","22838","Sales Revenue","Prime Consulting","Direct Consumer"
"2026-02-11","36126","Professional Fees","TechLogistics Corp","Direct Consumer"
"2026-03-05","22548","Sales Revenue","Global Office Ltd","SmallBiz Inc"
"2026-03-18","9184","Tax Provision","Prime Consulting","Retail Giant A"
"2026-03-23","30724","Tax Provision","Global Office Ltd","Retail Giant A"
"2026-03-15","40711","Tax Provision","Azure Utilities","SmallBiz Inc"
"2026-02-13","2944","Sales Revenue","Azure Utilities","SmallBiz Inc"
"2026-01-12","16313","Rent","Global Office Ltd","Direct Consumer"
"2026-01-20","42451","Tax Provision","Azure Utilities","Direct Consumer"
"2026-01-24","40345","Rent","Global Office Ltd","Public Sector Dept"
"2026-01-07","22133","Professional Fees","Prime Consulting","Public Sector Dept"
"2026-01-17","16885","Professional Fees","Global Office Ltd","Retail Giant A"
"2026-01-18","7614","Inventory","Global Office Ltd","SmallBiz Inc"
"2026-01-02","48017","Sales Revenue","Global Office Ltd","SmallBiz Inc"
"2026-02-07","45166","Tax Provision","TechLogistics Corp","Direct Consumer"
"2026-03-08","28012","Inventory","Prime Consulting","SmallBiz Inc"
"2026-03-25","43901","Tax Provision","Prime Consulting","Retail Giant A"
"2026-03-02","41130","Rent","Prime Consulting","Retail Giant A"
"2026-01-02","44478","Professional Fees","Prime Consulting","SmallBiz Inc"
"2026-02-01","25247","Tax Provision","TechLogistics Corp","Direct Consumer"
"2026-01-03","4378","Inventory","Global Office Ltd","Public Sector Dept"
"2026-03-11","14029","Inventory","Prime Consulting","Public Sector Dept"
"2026-01-26","9687","Sales Revenue","Azure Utilities","Public Sector Dept"
"2026-01-23","5663","Rent","Global Office Ltd","Public Sector Dept"
"2026-03-02","46582","Inventory","Prime Consulting","Public Sector Dept"
"2026-01-08","14444","Inventory","Prime Consulting","Retail Giant A"
"2026-02-08","13379","Inventory","Prime Consulting","SmallBiz Inc"
"2026-03-06","8553","Tax Provision","Prime Consulting","Public Sector Dept"
"2026-01-05","3179","Inventory","Global Office Ltd","Public Sector Dept"
"2026-02-01","5961","Sales Revenue","TechLogistics Corp","Retail Giant A"
"2026-01-27","7822","Inventory","Global Office Ltd","Retail Giant A"
"2026-01-02","9021","Inventory","Azure Utilities","SmallBiz Inc"
"2026-02-22","33766","Sales Revenue","Azure Utilities","Direct Consumer"
"2026-01-20","2297","Sales Revenue","Azure Utilities","Retail Giant A"
"2026-03-01","1324","Sales Revenue","Global Office Ltd","Public Sector Dept"
"2026-02-01","4578","Sales Revenue","Prime Consulting","Direct Consumer"
"2026-03-15","16770","Sales Revenue","TechLogistics Corp","SmallBiz Inc"
"2026-03-16","31394","Inventory","TechLogistics Corp","Direct Consumer"
"2026-01-23","32890","Tax Provision","Azure Utilities","SmallBiz Inc"
"2026-01-12","2248","Tax Provision","Global Office Ltd","Public Sector Dept"
"2026-02-16","11961","Sales Revenue","Prime Consulting","Direct Consumer"
"2026-01-11","4888","Sales Revenue","Prime Consulting","SmallBiz Inc"
"2026-03-19","46712","Professional Fees","TechLogistics Corp","Public Sector Dept"
"2026-02-11","43825","Professional Fees","Global Office Ltd","Direct Consumer"
"2026-03-07","18719","Rent","Azure Utilities","Direct Consumer"
"2026-02-20","46416","Inventory","TechLogistics Corp","Direct Consumer"
"2026-02-17","7419","Sales Revenue","TechLogistics Corp","Direct Consumer"
"2026-03-30","32607","Sales Revenue","TechLogistics Corp","SmallBiz Inc"
"2026-02-22","35247","Tax Provision","TechLogistics Corp","SmallBiz Inc"
"2026-01-07","32894","Rent","Azure Utilities","Retail Giant A"
"2026-02-01","34530","Sales Revenue","Azure Utilities","SmallBiz Inc"
"2026-03-26","41279","Sales Revenue","Prime Consulting","Retail Giant A"
"2026-02-10","34994","Sales Revenue","Azure Utilities","Retail Giant A"
"2026-03-27","24937","Tax Provision","TechLogistics Corp","Public Sector Dept"
"2026-02-25","5859","Sales Revenue","TechLogistics Corp","Retail Giant A"
"2026-03-20","25045","Sales Revenue","Global Office Ltd","Public Sector Dept"
"2026-03-01","14013","Rent","TechLogistics Corp","Direct Consumer"
"2026-01-18","11988","Professional Fees","TechLogistics Corp","SmallBiz Inc"
"2026-02-11","28223","Sales Revenue","Prime Consulting","Retail Giant A"
"2026-02-06","37865","Rent","Global Office Ltd","Direct Consumer"
"2026-02-18","49800","Tax Provision","Azure Utilities","SmallBiz Inc"
"2026-03-09","25711","Tax Provision","Prime Consulting","SmallBiz Inc"
"2026-02-12","39408","Tax Provision","Global Office Ltd","Retail Giant A"
"2026-03-30","21121","Tax Provision","Global Office Ltd","SmallBiz Inc"
"2026-03-31","25188","Rent","TechLogistics Corp","Retail Giant A"
"2026-03-06","5338","Rent","Azure Utilities","Retail Giant A"
"2026-01-28","7873","Tax Provision","TechLogistics Corp","Retail Giant A"
"2026-02-13","33337","Professional Fees","Global Office Ltd","Public Sector Dept"
"2026-01-28","10890","Professional Fees","TechLogistics Corp","Direct Consumer"
"2026-01-03","27524","Tax Provision","Global Office Ltd","Retail Giant A"
"2026-03-09","2890","Rent","Global Office Ltd","Direct Consumer"
"2026-02-07","8027","Tax Provision","Azure Utilities","SmallBiz Inc"
"2026-02-24","11510","Inventory","Prime Consulting","Retail Giant A"
"2026-03-10","36118","Professional Fees","Azure Utilities","Direct Consumer"
"2026-02-03","7041","Rent","Prime Consulting","Public Sector Dept"
"2026-01-27","22153","Professional Fees","Azure Utilities","Retail Giant A"
"2026-03-27","23926","Tax Provision","Azure Utilities","Public Sector Dept"
"2026-03-12","20145","Sales Revenue","Global Office Ltd","SmallBiz Inc"
"2026-02-05","45979","Sales Revenue","Azure Utilities","Direct Consumer"
"2026-02-02","36571","Sales Revenue","Global Office Ltd","Retail Giant A"
"2026-02-21","31079","Professional Fees","Prime Consulting","Public Sector Dept"
"2026-01-20","16804","Professional Fees","Azure Utilities","Public Sector Dept"
"2026-03-16","9687","Inventory","Azure Utilities","Retail Giant A"
"2026-01-01","11144","Inventory","Azure Utilities","Direct Consumer"
"2026-02-12","6057","Sales Revenue","TechLogistics Corp","Direct Consumer"
"2026-01-16","6202","Tax Provision","TechLogistics Corp","SmallBiz Inc"
"2026-01-13","45512","Inventory","Global Office Ltd","Retail Giant A"
"2026-01-16","46264","Professional Fees","Global Office Ltd","SmallBiz Inc"
"2026-02-18","46583","Professional Fees","TechLogistics Corp","Retail Giant A"
"2026-01-02","16337","Inventory","Prime Consulting","Retail Giant A"
"2026-02-13","23534","Tax Provision","Global Office Ltd","Retail Giant A"
"2026-03-03","7218","Professional Fees","Prime Consulting","SmallBiz Inc"
"2026-03-27","27169","Rent","Prime Consulting","Direct Consumer"
"2026-01-01","2501","Rent","Azure Utilities","Direct Consumer"
"2026-03-19","22993","Professional Fees","Azure Utilities","Public Sector Dept"
"2026-01-29","15702","Inventory","Global Office Ltd","Retail Giant A"
"2026-03-27","7134","Sales Revenue","Prime Consulting","SmallBiz Inc"
"2026-02-22","27649","Rent","Prime Consulting","Direct Consumer"
"2026-02-18","16142","Tax Provision","Prime Consulting","Retail Giant A"
"2026-02-22","32271","Inventory","TechLogistics Corp","Direct Consumer"
"2026-03-31","35294","Sales Revenue","Azure Utilities","SmallBiz Inc"
"2026-03-26","19904","Tax Provision","Prime Consulting","Direct Consumer"
"2026-01-11","31487","Inventory","Prime Consulting","Public Sector Dept"
"2026-02-15","22179","Tax Provision","Global Office Ltd","Public Sector Dept"
"2026-01-01","12740","Sales Revenue","Global Office Ltd","Retail Giant A"
"2026-02-02","38623","Sales Revenue","Prime Consulting","Retail Giant A"
"2026-02-04","33249","Sales Revenue","TechLogistics Corp","SmallBiz Inc"
"2026-03-10","7331","Professional Fees","Global Office Ltd","SmallBiz Inc"
"2026-02-16","26373","Inventory","TechLogistics Corp","Retail Giant A"
"2026-03-05","32310","Tax Provision","TechLogistics Corp","Public Sector Dept"
"2026-03-30","39494","Rent","Prime Consulting","SmallBiz Inc"
"2026-03-16","35060","Rent","Azure Utilities","Public Sector Dept"
"2026-02-26","41562","Tax Provision","Prime Consulting","Direct Consumer"
"2026-02-18","45069","Professional Fees","Azure Utilities","Direct Consumer"
"2026-03-25","22017","Tax Provision","Global Office Ltd","Retail Giant A"
"2026-02-09","39575","Inventory","TechLogistics Corp","Retail Giant A"
"2026-02-01","17847","Inventory","Azure Utilities","SmallBiz Inc"
"2026-03-24","32656","Rent","Prime Consulting","SmallBiz Inc"
"2026-03-31","22187","Tax Provision","Global Office Ltd","Retail Giant A"
"2026-01-15","41843","Rent","Azure Utilities","Retail Giant A"
"2026-02-27","28903","Professional Fees","Azure Utilities","Public Sector Dept"
"2026-01-25","32164","Inventory","Global Office Ltd","SmallBiz Inc"
"2026-01-03","1615","Professional Fees","Prime Consulting","Direct Consumer"
"2026-03-05","28739","Professional Fees","Prime Consulting","Direct Consumer"
"2026-01-15","11857","Inventory","TechLogistics Corp","Public Sector Dept"
"2026-02-09","29917","Professional Fees","Global Office Ltd","Retail Giant A"
"2026-03-21","44910","Sales Revenue","TechLogistics Corp","SmallBiz Inc"
"2026-02-08","24369","Tax Provision","Prime Consulting","Direct Consumer"
"2026-01-24","17278","Professional Fees","Global Office Ltd","Public Sector Dept"
"2026-01-22","41341","Tax Provision","Global Office Ltd","Direct Consumer"
"2026-01-17","19154","Inventory","Prime Consulting","Direct Consumer"
"2026-01-23","11108","Rent","Global Office Ltd","Retail Giant A"
"2026-01-10","28893","Rent","TechLogistics Corp","SmallBiz Inc"
"2026-03-22","32702","Professional Fees","TechLogistics Corp","SmallBiz Inc"
"2026-02-15","44294","Sales Revenue","Prime Consulting","SmallBiz Inc"
"2026-01-16","32046","Tax Provision","Prime Consulting","Direct Consumer"
"2026-02-02","42365","Tax Provision","Azure Utilities","SmallBiz Inc"
"2026-01-31","31999","Professional Fees","Azure Utilities","Retail Giant A"
"2026-01-09","41271","Tax Provision","Azure Utilities","Retail Giant A"
"2026-02-03","2709","Tax Provision","Azure Utilities","Direct Consumer"
"2026-01-10","24841","Rent","Global Office Ltd","SmallBiz Inc"
"2026-02-06","1577","Inventory","Global Office Ltd","Retail Giant A"
"2026-02-21","49058","Inventory","TechLogistics Corp","Public Sector Dept"
"2026-01-28","46537","Tax Provision","Azure Utilities","Retail Giant A"
"2026-02-04","38332","Professional Fees","Global Office Ltd","Retail Giant A"
"2026-02-09","9823","Professional Fees","TechLogistics Corp","Direct Consumer"
"2026-03-13","39619","Rent","Azure Utilities","Retail Giant A"
"2026-03-20","6554","Rent","Global Office Ltd","Retail Giant A"
"2026-02-26","23772","Inventory","Prime Consulting","SmallBiz Inc"
"2026-03-07","21248","Tax Provision","TechLogistics Corp","Direct Consumer"
"2026-02-11","5118","Tax Provision","TechLogistics Corp","Direct Consumer"
"2026-02-19","31138","Rent","Azure Utilities","Public Sector Dept"
"2026-02-06","40417","Professional Fees","Azure Utilities","Public Sector Dept"
"2026-02-07","45789","Professional Fees","Azure Utilities","Public Sector Dept"
"2026-01-15","32627","Inventory","Azure Utilities","Retail Giant A"
"2026-03-16","32478","Professional Fees","Prime Consulting","Retail Giant A"
"2026-03-28","22884","Sales Revenue","Global Office Ltd","Direct Consumer"
"2026-03-22","35157","Inventory","Prime Consulting","SmallBiz Inc"
"2026-01-14","12938","Professional Fees","Azure Utilities","Public Sector Dept"
"2026-01-04","44943","Sales Revenue","Global Office Ltd","Public Sector Dept"
"2026-01-30","14884","Tax Provision","Azure Utilities","Public Sector Dept"
"2026-01-03","7519","Rent","Prime Consulting","SmallBiz Inc"
"2026-01-28","21813","Tax Provision","Prime Consulting","Retail Giant A"
"2026-03-19","27655","Professional Fees","Azure Utilities","Public Sector Dept"
"2026-02-21","18526","Inventory","Global Office Ltd","Direct Consumer"
"2026-01-06","43912","Inventory","Global Office Ltd","Direct Consumer"
"2026-01-03","8626","Inventory","TechLogistics Corp","SmallBiz Inc"
"2026-01-27","49542","Sales Revenue","Azure Utilities","Public Sector Dept"
"2026-02-07","22129","Inventory","TechLogistics Corp","SmallBiz Inc"
"2026-03-05","29345","Tax Provision","Azure Utilities","Retail Giant A"
"2026-02-02","46617","Rent","Global Office Ltd","SmallBiz Inc"
"2026-01-31","47052","Professional Fees","Global Office Ltd","Direct Consumer"
"2026-02-26","5181","Sales Revenue","Global Office Ltd","Retail Giant A"
"2026-01-23","43441","Tax Provision","Azure Utilities","Public Sector Dept"
"2026-03-23","38151","Tax Provision","Global Office Ltd","Retail Giant A"
"2026-03-22","48496","Sales Revenue","TechLogistics Corp","Public Sector Dept"
"2026-03-10","19840","Inventory","TechLogistics Corp","Retail Giant A"
"2026-03-22","45987","Rent","Global Office Ltd","Direct Consumer"
"2026-03-04","11964","Sales Revenue","Azure Utilities","Direct Consumer"
"2026-03-20","48993","Tax Provision","Azure Utilities","SmallBiz Inc"
"2026-01-07","17946","Tax Provision","TechLogistics Corp","Public Sector Dept"
"2026-02-20","47672","Tax Provision","Azure Utilities","Direct Consumer"
"2026-03-10","30216","Inventory","TechLogistics Corp","SmallBiz Inc"
"2026-03-21","47828","Rent","Global Office Ltd","Retail Giant A"
"2026-03-27","17200","Professional Fees","Azure Utilities","SmallBiz Inc"
"2026-03-17","40703","Sales Revenue","Global Office Ltd","Retail Giant A"
"2026-01-20","7492","Rent","TechLogistics Corp","SmallBiz Inc"
"2026-03-06","1714","Tax Provision","Azure Utilities","Direct Consumer"
"2026-02-20","18899","Professional Fees","TechLogistics Corp","Retail Giant A"
"2026-02-15","33381","Professional Fees","Global Office Ltd","Public Sector Dept"
"2026-01-18","16135","Tax Provision","TechLogistics Corp","SmallBiz Inc"
"2026-02-17","18114","Rent","TechLogistics Corp","Public Sector Dept"
"2026-02-12","15999","Inventory","Azure Utilities","Retail Giant A"
"2026-01-26","12171","Tax Provision","Azure Utilities","Public Sector Dept"
"2026-03-14","1394","Inventory","Prime Consulting","Public Sector Dept"
"2026-03-24","12209","Tax Provision","Azure Utilities","SmallBiz Inc"
"2026-02-22","7732","Tax Provision","Prime Consulting","Direct Consumer"
"2026-03-16","47075","Rent","Azure Utilities","Direct Consumer"
"2026-02-27","26662","Rent","Azure Utilities","Public Sector Dept"
"2026-01-24","5827","Sales Revenue","Prime Consulting","SmallBiz Inc"
"2026-02-19","11059","Inventory","Prime Consulting","Direct Consumer"
"2026-03-24","49098","Professional Fees","Prime Consulting","Direct Consumer"
"2026-03-30","24758","Sales Revenue","TechLogistics Corp","Direct Consumer"
"2026-01-24","30290","Rent","Global Office Ltd","Retail Giant A"
"2026-03-20","18993","Rent","Azure Utilities","SmallBiz Inc"
"2026-02-22","33196","Professional Fees","TechLogistics Corp","Direct Consumer"
"2026-01-28","10366","Professional Fees","Global Office Ltd","Direct Consumer"
"2026-01-14","35278","Professional Fees","TechLogistics Corp","Direct Consumer"
"2026-03-31","22884","Rent","TechLogistics Corp","Direct Consumer"
"2026-01-21","19818","Inventory","Global Office Ltd","Direct Consumer"
"2026-02-19","46063","Sales Revenue","Prime Consulting","SmallBiz Inc"
"2026-01-25","4301","Inventory","Prime Consulting","SmallBiz Inc"
"2026-03-31","28782","Inventory","Azure Utilities","Retail Giant A"
"2026-03-06","45512","Sales Revenue","Prime Consulting","Direct Consumer"
"2026-01-21","38072","Professional Fees","Global Office Ltd","Direct Consumer"
"2026-01-22","34474","Rent","Global Office Ltd","Public Sector Dept"
"2026-02-13","24906","Inventory","Prime Consulting","Retail Giant A"
"2026-02-19","32771","Sales Revenue","Azure Utilities","Direct Consumer"
"2026-03-24","11458","Inventory","TechLogistics Corp","Direct Consumer"
"2026-02-03","36867","Inventory","Global Office Ltd","SmallBiz Inc"
"2026-03-27","45728","Rent","Prime Consulting","Direct Consumer"
"2026-02-04","47394","Rent","Global Office Ltd","Direct Consumer"
"2026-01-06","32786","Sales Revenue","Prime Consulting","Retail Giant A"
"2026-02-20","16682","Tax Provision","Prime Consulting","Direct Consumer"
"2026-03-26","18482","Inventory","Global Office Ltd","Direct Consumer"
"2026-01-28","21034","Sales Revenue","Azure Utilities","Retail Giant A"
"2026-02-19","43449","Sales Revenue","TechLogistics Corp","Retail Giant A"
"2026-01-03","43008","Tax Provision","Prime Consulting","Retail Giant A"
"2026-01-29","37920","Rent","Prime Consulting","Public Sector Dept"
"2026-01-12","28338","Rent","Prime Consulting","SmallBiz Inc"
"2026-03-20","17691","Rent","TechLogistics Corp","Public Sector Dept"
"2026-03-31","19068","Professional Fees","Azure Utilities","SmallBiz Inc"
"2026-03-30","36783","Sales Revenue","Azure Utilities","Retail Giant A"
"2026-02-01","44343","Rent","Global Office Ltd","Public Sector Dept"
"2026-03-15","31912","Inventory","Prime Consulting","Public Sector Dept"
"2026-03-25","27107","Sales Revenue","Azure Utilities","Retail Giant A"
"2026-01-01","39920","Professional Fees","Azure Utilities","SmallBiz Inc"
"2026-02-11","9398","Tax Provision","TechLogistics Corp","Direct Consumer"
"2026-03-16","18626","Rent","TechLogistics Corp","Public Sector Dept"
"2026-02-12","32785","Professional Fees","TechLogistics Corp","Direct Consumer"
"2026-03-05","33439","Rent","Azure Utilities","Direct Consumer"
"2026-02-18","9477","Inventory","Global Office Ltd","SmallBiz Inc"
"2026-01-12","24487","Sales Revenue","Prime Consulting","Public Sector Dept"
"2026-02-09","4903","Rent","Azure Utilities","Public Sector Dept"
"2026-02-15","5835","Inventory","Azure Utilities","Public Sector Dept"
"2026-01-20","30034","Tax Provision","Global Office Ltd","Public Sector Dept"
"2026-01-18","4759","Professional Fees","TechLogistics Corp","Public Sector Dept"
"2026-03-13","43634","Sales Revenue","Azure Utilities","Retail Giant A"
"2026-01-03","49918","Professional Fees","Prime Consulting","Direct Consumer"
"2026-03-22","20472","Inventory","TechLogistics Corp","Public Sector Dept"
"2026-02-07","42475","Professional Fees","Azure Utilities","Direct Consumer"
"2026-02-18","21923","Tax Provision","Prime Consulting","Retail Giant A"
"2026-02-18","18041","Inventory","Prime Consulting","Direct Consumer"
"2026-01-26","13204","Rent","Prime Consulting","Public Sector Dept"
"2026-02-03","30969","Professional Fees","Prime Consulting","SmallBiz Inc"
"2026-01-22","4854","Tax Provision","Prime Consulting","Public Sector Dept"
"2026-03-30","19699","Professional Fees","Prime Consulting","Direct Consumer"
"2026-03-04","20746","Sales Revenue","TechLogistics Corp","Public Sector Dept"
"2026-03-03","19788","Professional Fees","Prime Consulting","Direct Consumer"
"2026-02-09","43491","Rent","TechLogistics Corp","Direct Consumer"
"2026-01-02","4817","Tax Provision","Prime Consulting","Direct Consumer"
"2026-02-15","35828","Professional Fees","TechLogistics Corp","Direct Consumer"
"2026-02-27","15200","Professional Fees","Global Office Ltd","SmallBiz Inc"
"2026-01-06","35731","Tax Provision","Prime Consulting","Public Sector Dept"
"2026-03-31","40189","Tax Provision","Prime Consulting","Public Sector Dept"
"2026-01-07","11802","Inventory","Prime Consulting","Public Sector Dept"
"2026-01-30","20101","Inventory","Azure Utilities","Direct Consumer"
"2026-03-28","1868","Inventory","TechLogistics Corp","Retail Giant A"
"2026-01-13","26007","Professional Fees","Azure Utilities","Public Sector Dept"
"2026-01-06","32691","Inventory","Azure Utilities","Public Sector Dept"
"2026-03-22","25087","Inventory","Prime Consulting","Retail Giant A"
"2026-03-08","16200","Professional Fees","Global Office Ltd","Public Sector Dept"
"2026-01-14","14418","Professional Fees","Global Office Ltd","Retail Giant A"
"2026-01-19","27102","Tax Provision","Global Office Ltd","Retail Giant A"
"2026-01-18","12071","Professional Fees","Prime Consulting","Retail Giant A"
"2026-01-28","5253","Inventory","Prime Consulting","Retail Giant A"
"2026-02-09","45808","Professional Fees","Prime Consulting","Direct Consumer"
"2026-01-22","30095","Rent","Global Office Ltd","Direct Consumer"
"2026-01-30","47157","Sales Revenue","Azure Utilities","Retail Giant A"
"2026-03-17","37779","Inventory","Azure Utilities","Public Sector Dept"
"2026-03-22","1750","Rent","TechLogistics Corp","SmallBiz Inc"
"2026-03-20","35646","Tax Provision","Azure Utilities","Direct Consumer"
"2026-03-02","4544","Sales Revenue","Azure Utilities","Direct Consumer"
"2026-03-25","1825","Sales Revenue","Azure Utilities","Direct Consumer"
"2026-02-28","42685","Tax Provision","Global Office Ltd","SmallBiz Inc"
"2026-02-23","19281","Inventory","Prime Consulting","SmallBiz Inc"
"2026-02-17","24286","Inventory","Prime Consulting","SmallBiz Inc"
"2026-02-23","17657","Tax Provision","Prime Consulting","Public Sector Dept"
"2026-03-23","29170","Rent","Prime Consulting","SmallBiz Inc"
"2026-03-10","37712","Tax Provision","Azure Utilities","SmallBiz Inc"
"2026-03-04","37053","Sales Revenue","Azure Utilities","Public Sector Dept"
"2026-01-15","36985","Tax Provision","Azure Utilities","Direct Consumer"
"2026-02-06","32474","Professional Fees","Prime Consulting","Retail Giant A"
"2026-03-29","8936","Inventory","Global Office Ltd","SmallBiz Inc"
"2026-03-15","34775","Tax Provision","Prime Consulting","Retail Giant A"
"2026-01-19","31380","Professional Fees","Azure Utilities","Direct Consumer"
"2026-01-27","44840","Rent","TechLogistics Corp","SmallBiz Inc"
"2026-03-30","30525","Inventory","TechLogistics Corp","SmallBiz Inc"
"2026-01-15","48538","Professional Fees","Global Office Ltd","Public Sector Dept"
"2026-03-25","15257","Tax Provision","Global Office Ltd","Public Sector Dept"
"2026-01-21","9591","Inventory","Global Office Ltd","SmallBiz Inc"
"2026-01-27","15912","Inventory","Azure Utilities","Retail Giant A"
"2026-03-03","26677","Tax Provision","Global Office Ltd","Public Sector Dept"
"2026-02-25","9127","Sales Revenue","Azure Utilities","Public Sector Dept"
"2026-02-12","38880","Sales Revenue","Global Office Ltd","SmallBiz Inc"
"2026-01-25","7507","Inventory","Prime Consulting","Public Sector Dept"
"2026-03-10","41820","Sales Revenue","Azure Utilities","Retail Giant A"
"2026-01-03","4376","Inventory","Azure Utilities","Retail Giant A"
"2026-03-04","46030","Rent","TechLogistics Corp","Retail Giant A"
"2026-03-04","20668","Inventory","Prime Consulting","Retail Giant A"
"2026-01-25","37221","Professional Fees","Prime Consulting","SmallBiz Inc"
"2026-03-03","13297","Professional Fees","TechLogistics Corp","Retail Giant A"
"2026-02-02","28124","Inventory","Prime Consulting","SmallBiz Inc"
"2026-02-11","7047","Rent","Azure Utilities","Public Sector Dept"
"2026-03-15","30013","Sales Revenue","Global Office Ltd","Public Sector Dept"
"2026-02-16","12562","Inventory","Prime Consulting","SmallBiz Inc"
"2026-03-29","18665","Tax Provision","Azure Utilities","Direct Consumer"
"2026-02-15","23820","Professional Fees","Azure Utilities","SmallBiz Inc"
"2026-02-22","10929","Sales Revenue","Global Office Ltd","Public Sector Dept"
"2026-02-04","7048","Inventory","TechLogistics Corp","SmallBiz Inc"
"2026-02-24","18144","Rent","Prime Consulting","Direct Consumer"
"2026-02-02","29496","Professional Fees","Prime Consulting","Public Sector Dept"
"2026-01-24","43684","Professional Fees","Azure Utilities","Direct Consumer"
"2026-01-16","1244","Sales Revenue","Azure Utilities","Direct Consumer"
"2026-01-16","36955","Professional Fees","Global Office Ltd","Direct Consumer"
"2026-01-22","30846","Rent","Prime Consulting","Retail Giant A"
"2026-03-29","3327","Sales Revenue","Azure Utilities","Public Sector Dept"
"2026-01-01","10688","Professional Fees","Azure Utilities","Public Sector Dept"
"2026-02-02","5889","Sales Revenue","Azure Utilities","Direct Consumer"
"2026-02-07","6430","Professional Fees","Prime Consulting","Retail Giant A"
"2026-02-05","17760","Sales Revenue","Prime Consulting","Public Sector Dept"
"2026-03-14","12801","Inventory","Azure Utilities","Public Sector Dept"
"2026-03-17","9287","Inventory","Global Office Ltd","Direct Consumer"
"2026-01-26","35321","Professional Fees","Prime Consulting","SmallBiz Inc"
"2026-03-06","39588","Professional Fees","Azure Utilities","SmallBiz Inc"
"2026-02-25","42864","Inventory","Prime Consulting","SmallBiz Inc"
"2026-03-29","25840","Professional Fees","TechLogistics Corp","SmallBiz Inc"
"2026-01-05","40024","Tax Provision","Global Office Ltd","SmallBiz Inc"
"2026-03-02","41212","Rent","Global Office Ltd","SmallBiz Inc"
"2026-03-26","25621","Inventory","Global Office Ltd","Retail Giant A"
"2026-02-17","41925","Tax Provision","Azure Utilities","Retail Giant A"
"2026-03-01","23593","Sales Revenue","Azure Utilities","Direct Consumer"
"2026-02-09","39416","Rent","Global Office Ltd","Public Sector Dept"
"2026-02-10","40087","Tax Provision","Global Office Ltd","Retail Giant A"
"2026-02-08","48062","Tax Provision","TechLogistics Corp","SmallBiz Inc"
"2026-03-31","22667","Inventory","Prime Consulting","SmallBiz Inc"
"2026-01-21","18023","Professional Fees","Prime Consulting","Public Sector Dept"
"2026-01-29","9838","Professional Fees","Prime Consulting","Direct Consumer"
"2026-03-30","27494","Sales Revenue","Global Office Ltd","Public Sector Dept"
"2026-01-18","13012","Sales Revenue","TechLogistics Corp","Public Sector Dept"
"2026-02-22","19511","Sales Revenue","Azure Utilities","Direct Consumer"
"2026-03-31","9403","Inventory","TechLogistics Corp","Public Sector Dept"
"2026-02-09","5287","Tax Provision","Prime Consulting","Public Sector Dept"
"2026-03-11","12385","Inventory","Prime Consulting","SmallBiz Inc"
"2026-02-20","22034","Inventory","TechLogistics Corp","Public Sector Dept"
"2026-03-23","35893","Tax Provision","TechLogistics Corp","Retail Giant A"
"2026-03-28","18714","Sales Revenue","Global Office Ltd","SmallBiz Inc"
"2026-02-20","26671","Professional Fees","Azure Utilities","Retail Giant A"
"2026-01-27","44023","Rent","Prime Consulting","SmallBiz Inc"
"2026-01-14","9477","Tax Provision","Azure Utilities","SmallBiz Inc"
"2026-02-23","3375","Inventory","Prime Consulting","Retail Giant A"
"2026-03-22","34697","Sales Revenue","Global Office Ltd","Public Sector Dept"
"2026-03-07","2075","Tax Provision","Global Office Ltd","Public Sector Dept"
"2026-03-16","4483","Rent","Global Office Ltd","Direct Consumer"
"2026-02-06","40767","Inventory","Global Office Ltd","SmallBiz Inc"
"2026-02-12","25160","Professional Fees","TechLogistics Corp","Retail Giant A"
"2026-02-10","11237","Rent","Global Office Ltd","Retail Giant A"
"2026-03-05","37141","Sales Revenue","TechLogistics Corp","Public Sector Dept"
"2026-02-24","48180","Sales Revenue","Azure Utilities","Direct Consumer"
"2026-03-15","34634","Professional Fees","TechLogistics Corp","SmallBiz Inc"
"2026-01-25","8994","Inventory","Azure Utilities","Public Sector Dept"
"2026-03-01","40060","Rent","Global Office Ltd","Public Sector Dept"
"2026-03-18","30329","Inventory","TechLogistics Corp","Public Sector Dept"
"2026-01-27","46328","Tax Provision","Prime Consulting","Public Sector Dept"
"2026-03-29","36849","Tax Provision","Azure Utilities","SmallBiz Inc"
"2026-01-28","2171","Sales Revenue","Prime Consulting","Direct Consumer"
"2026-02-27","19431","Rent","Prime Consulting","SmallBiz Inc"
"2026-02-25","21125","Sales Revenue","Prime Consulting","SmallBiz Inc"
"2026-01-17","36428","Tax Provision","TechLogistics Corp","Direct Consumer"
"2026-01-13","22487","Inventory","Azure Utilities","Direct Consumer"
"2026-03-19","5474","Professional Fees","Global Office Ltd","Retail Giant A"
"2026-03-30","25522","Professional Fees","TechLogistics Corp","Public Sector Dept"
"2026-01-19","30425","Sales Revenue","TechLogistics Corp","Direct Consumer"
"2026-02-14","43627","Professional Fees","Prime Consulting","Public Sector Dept"
"2026-01-26","23972","Tax Provision","Prime Consulting","Direct Consumer"
"2026-03-18","3046","Sales Revenue","Azure Utilities","SmallBiz Inc"
"2026-03-03","2564","Rent","TechLogistics Corp","Retail Giant A"
"2026-02-28","23137","Rent","Prime Consulting","Public Sector Dept"
"2026-03-27","30942","Professional Fees","Prime Consulting","Direct Consumer"
"2026-01-22","43197","Tax Provision","Global Office Ltd","SmallBiz Inc"
"2026-01-14","41728","Sales Revenue","TechLogistics Corp","Direct Consumer"
"2026-01-29","22508","Sales Revenue","TechLogistics Corp","Direct Consumer"
"2026-02-12","17535","Rent","Prime Consulting","Direct Consumer"
"2026-03-24","21604","Sales Revenue","Global Office Ltd","Direct Consumer"
"2026-02-27","12982","Sales Revenue","Azure Utilities","Public Sector Dept"
"2026-02-06","43410","Tax Provision","TechLogistics Corp","SmallBiz Inc"
"2026-03-16","1512","Tax Provision","Azure Utilities","Direct Consumer"
"2026-01-15","47459","Tax Provision","Prime Consulting","SmallBiz Inc"
"2026-03-01","7537","Sales Revenue","Prime Consulting","Public Sector Dept"
"2026-03-15","43873","Rent","Global Office Ltd","SmallBiz Inc"
"2026-03-01","22629","Tax Provision","Prime Consulting","Direct Consumer"
"2026-01-31","2941","Professional Fees","Azure Utilities","Public Sector Dept"
"2026-01-07","38546","Rent","Azure Utilities","Retail Giant A"
"2026-02-23","14229","Professional Fees","Azure Utilities","Retail Giant A"
"2026-01-20","21565","Professional Fees","Prime Consulting","Public Sector Dept"
"2026-01-02","1447","Sales Revenue","Global Office Ltd","Direct Consumer"
"2026-01-29","10154","Inventory","Prime Consulting","Direct Consumer"
"2026-03-19","26513","Professional Fees","Prime Consulting","Direct Consumer"
"2026-01-28","20329","Tax Provision","Prime Consulting","Direct Consumer"
"2026-01-18","19102","Professional Fees","Azure Utilities","SmallBiz Inc"
"2026-03-14","21789","Tax Provision","Global Office Ltd","Retail Giant A"
"2026-02-23","47131","Professional Fees","TechLogistics Corp","Retail Giant A"
"2026-01-03","46930","Professional Fees","Global Office Ltd","Retail Giant A"
"2026-01-28","12504","Sales Revenue","Prime Consulting","Direct Consumer"
"2026-02-03","25137","Professional Fees","Global Office Ltd","SmallBiz Inc"
"2026-03-28","30351","Rent","TechLogistics Corp","Retail Giant A"
"2026-02-11","46316","Inventory","Global Office Ltd","Retail Giant A"
"2026-01-04","29843","Professional Fees","Azure Utilities","Direct Consumer"
"2026-03-10","34159","Sales Revenue","TechLogistics Corp","SmallBiz Inc"
"2026-02-22","42749","Inventory","TechLogistics Corp","Retail Giant A"
"2026-02-09","42528","Professional Fees","Prime Consulting","Retail Giant A"
"2026-01-03","39046","Tax Provision","TechLogistics Corp","SmallBiz Inc"
"2026-02-18","48618","Tax Provision","TechLogistics Corp","Direct Consumer"
"2026-03-23","27670","Sales Revenue","Global Office Ltd","Retail Giant A"
"2026-03-13","4087","Professional Fees","Azure Utilities","Direct Consumer"
"2026-02-19","21144","Sales Revenue","Azure Utilities","Direct Consumer"
"2026-03-28","26025","Inventory","Prime Consulting","Retail Giant A"
"2026-01-16","42700","Sales Revenue","Prime Consulting","SmallBiz Inc"
"2026-02-23","49433","Inventory","Azure Utilities","Direct Consumer"
"2026-01-23","20740","Rent","TechLogistics Corp","Retail Giant A"
"2026-01-13","15594","Tax Provision","Global Office Ltd","Public Sector Dept"
"2026-01-10","49012","Sales Revenue","Azure Utilities","Direct Consumer"
"2026-01-23","49876","Tax Provision","Prime Consulting","Direct Consumer"
"2026-01-27","46309","Rent","Prime Consulting","Direct Consumer"
"2026-02-27","45462","Professional Fees","TechLogistics Corp","Direct Consumer"
"2026-01-09","4670","Tax Provision","Azure Utilities","Direct Consumer"
"2026-02-27","36163","Professional Fees","Azure Utilities","Retail Giant A"
"2026-02-12","12553","Sales Revenue","Global Office Ltd","Retail Giant A"
"2026-02-28","2302","Rent","Prime Consulting","Retail Giant A"
"2026-02-28","41671","Inventory","Azure Utilities","Public Sector Dept"
"2026-03-31","23249","Professional Fees","Azure Utilities","SmallBiz Inc"
"2026-02-07","30197","Rent","Azure Utilities","Public Sector Dept"
"2026-03-16","40650","Sales Revenue","Azure Utilities","Direct Consumer"
"2026-02-17","2411","Professional Fees","TechLogistics Corp","Direct Consumer"
"2026-02-19","45355","Sales Revenue","TechLogistics Corp","Retail Giant A"
"2026-03-12","43520","Tax Provision","Prime Consulting","Direct Consumer"
"2026-01-01","10436","Rent","Global Office Ltd","Direct Consumer"
"2026-01-18","24265","Rent","TechLogistics Corp","Direct Consumer"
"2026-01-12","48925","Rent","Azure Utilities","Direct Consumer"
"2026-01-28","20313","Rent","Global Office Ltd","Direct Consumer"
"2026-03-20","12549","Inventory","Azure Utilities","Direct Consumer"
"2026-02-01","13365","Inventory","TechLogistics Corp","Retail Giant A"
"2026-01-05","10820","Sales Revenue","Global Office Ltd","Direct Consumer"
"2026-01-10","40749","Professional Fees","Azure Utilities","Retail Giant A"
"2026-03-09","45559","Tax Provision","Azure Utilities","Retail Giant A"
"2026-02-15","14494","Sales Revenue","Azure Utilities","Retail Giant A"
"2026-03-18","36308","Tax Provision","Global Office Ltd","Retail Giant A"
"2026-02-27","19198","Rent","Prime Consulting","Public Sector Dept"
"2026-01-30","37607","Inventory","Azure Utilities","SmallBiz Inc"
"2026-03-22","49664","Rent","TechLogistics Corp","Retail Giant A"
"2026-03-09","8395","Sales Revenue","Prime Consulting","Retail Giant A"
"2026-03-17","33629","Professional Fees","Azure Utilities","Retail Giant A"
"2026-01-22","29972","Sales Revenue","TechLogistics Corp","Public Sector Dept"
"2026-01-26","32161","Inventory","Azure Utilities","Retail Giant A"
"2026-03-21","4861","Sales Revenue","Global Office Ltd","Retail Giant A"
"2026-01-05","17411","Rent","TechLogistics Corp","Retail Giant A"
"2026-02-16","6959","Inventory","Global Office Ltd","Public Sector Dept"
"2026-01-10","35902","Rent","Prime Consulting","Retail Giant A"
"2026-02-21","43653","Inventory","TechLogistics Corp","Direct Consumer"
"2026-02-07","15507","Inventory","Prime Consulting","Public Sector Dept"
"2026-03-06","4261","Sales Revenue","Global Office Ltd","Public Sector Dept"
"2026-02-01","13368","Tax Provision","TechLogistics Corp","Retail Giant A"
"2026-01-09","3060","Sales Revenue","Azure Utilities","Direct Consumer"
"2026-03-03","43800","Sales Revenue","Global Office Ltd","Retail Giant A"
"2026-01-15","15198","Inventory","TechLogistics Corp","Retail Giant A"
"2026-01-27","35340","Rent","Global Office Ltd","Retail Giant A"
"2026-01-11","33209","Tax Provision","Prime Consulting","SmallBiz Inc"
"2026-02-19","5396","Sales Revenue","Azure Utilities","Retail Giant A"
"2026-03-20","18416","Tax Provision","Prime Consulting","Direct Consumer"
"2026-01-08","17951","Professional Fees","Azure Utilities","Public Sector Dept"
"2026-01-13","46941","Tax Provision","Prime Consulting","SmallBiz Inc"
"2026-01-18","1298","Professional Fees","Global Office Ltd","SmallBiz Inc"
"2026-01-17","21727","Professional Fees","Prime Consulting","SmallBiz Inc"
"2026-01-19","22128","Professional Fees","TechLogistics Corp","Retail Giant A"
"2026-03-18","6625","Inventory","Global Office Ltd","Public Sector Dept"
"2026-01-05","43273","Professional Fees","Azure Utilities","SmallBiz Inc"
"2026-03-12","45398","Professional Fees","Prime Consulting","Public Sector Dept"
"2026-02-03","18160","Sales Revenue","TechLogistics Corp","Public Sector Dept"
"2026-03-24","19336","Sales Revenue","Global Office Ltd","Direct Consumer"
"2026-01-22","14724","Professional Fees","Prime Consulting","SmallBiz Inc"
"2026-01-05","17204","Rent","Global Office Ltd","SmallBiz Inc"
"2026-03-24","36235","Tax Provision","Azure Utilities","Retail Giant A"
"2026-01-13","9011","Inventory","Global Office Ltd","Retail Giant A"
"2026-03-30","4748","Tax Provision","TechLogistics Corp","Retail Giant A"
"2026-03-17","32820","Inventory","Global Office Ltd","Public Sector Dept"
"2026-03-26","9185","Inventory","Prime Consulting","Public Sector Dept"
"2026-03-13","42580","Sales Revenue","Global Office Ltd","SmallBiz Inc"
"2026-02-13","40987","Inventory","TechLogistics Corp","Public Sector Dept"
"2026-02-23","41474","Sales Revenue","Azure Utilities","SmallBiz Inc"
"2026-03-29","11850","Rent","Prime Consulting","Direct Consumer"
"2026-01-12","43867","Inventory","Azure Utilities","Retail Giant A"
"2026-01-01","40615","Tax Provision","Prime Consulting","Public Sector Dept"
"2026-01-09","22520","Tax Provision","Global Office Ltd","Direct Consumer"
"2026-01-18","39727","Professional Fees","Azure Utilities","Direct Consumer"
"2026-02-22","32896","Inventory","Azure Utilities","Direct Consumer"
"2026-03-28","6770","Tax Provision","TechLogistics Corp","Public Sector Dept"
"2026-02-12","46365","Inventory","Global Office Ltd","Retail Giant A"
"2026-03-30","36306","Sales Revenue","TechLogistics Corp","Direct Consumer"
"2026-02-05","46956","Professional Fees","Global Office Ltd","Public Sector Dept"
"2026-03-03","46823","Rent","Prime Consulting","Public Sector Dept"
"2026-01-28","34355","Inventory","Azure Utilities","Public Sector Dept"
"2026-03-08","24934","Sales Revenue","Azure Utilities","Retail Giant A"
"2026-02-13","4325","Inventory","Global Office Ltd","Direct Consumer"
"2026-03-19","17142","Inventory","TechLogistics Corp","Public Sector Dept"
"2026-01-25","23481","Rent","Azure Utilities","Direct Consumer"
"2026-01-20","41474","Inventory","Global Office Ltd","Public Sector Dept"
"2026-01-09","5343","Inventory","TechLogistics Corp","SmallBiz Inc"
"2026-03-18","20873","Tax Provision","Prime Consulting","SmallBiz Inc"
"2026-03-31","19652","Inventory","Global Office Ltd","SmallBiz Inc"
"2026-02-11","12392","Rent","Prime Consulting","Retail Giant A"
"2026-03-26","38120","Tax Provision","Azure Utilities","Public Sector Dept"
"2026-01-15","46565","Sales Revenue","Prime Consulting","Retail Giant A"
"2026-01-22","30015","Inventory","Global Office Ltd","SmallBiz Inc"
"2026-03-13","1276","Inventory","Azure Utilities","Public Sector Dept"
"2026-03-11","45282","Inventory","TechLogistics Corp","Public Sector Dept"
"2026-01-12","40224","Professional Fees","Prime Consulting","Retail Giant A"
"2026-01-06","39374","Rent","Global Office Ltd","SmallBiz Inc"
"2026-02-23","41579","Inventory","TechLogistics Corp","Public Sector Dept"
"2026-01-24","6217","Tax Provision","Global Office Ltd","Retail Giant A"
"2026-01-13","37172","Inventory","Prime Consulting","Direct Consumer"
"2026-03-31","29756","Inventory","Azure Utilities","Public Sector Dept"
"2026-01-20","16505","Professional Fees","Prime Consulting","Direct Consumer"
"2026-01-30","16864","Sales Revenue","Global Office Ltd","Direct Consumer"
"2026-02-10","12885","Professional Fees","Azure Utilities","SmallBiz Inc"
"2026-03-14","36921","Tax Provision","TechLogistics Corp","Public Sector Dept"
"2026-01-06","37909","Inventory","TechLogistics Corp","Direct Consumer"
"2026-01-05","33127","Tax Provision","TechLogistics Corp","Direct Consumer"
"2026-02-01","20263","Inventory","Azure Utilities","Direct Consumer"
"2026-02-16","28091","Professional Fees","TechLogistics Corp","SmallBiz Inc"
"2026-01-07","46767","Rent","Global Office Ltd","SmallBiz Inc"
"2026-01-18","23082","Tax Provision","Global Office Ltd","Retail Giant A"
"2026-02-02","3015","Inventory","TechLogistics Corp","Direct Consumer"
"2026-03-31","30217","Professional Fees","Global Office Ltd","Retail Giant A"
"2026-01-15","21787","Rent","Prime Consulting","Direct Consumer"
"2026-02-21","49952","Professional Fees","Global Office Ltd","Direct Consumer"
"2026-02-22","31763","Professional Fees","TechLogistics Corp","Public Sector Dept"
"2026-01-29","5144","Inventory","Global Office Ltd","Retail Giant A"
"2026-03-27","45157","Professional Fees","Azure Utilities","Public Sector Dept"
"2026-03-01","20006","Sales Revenue","TechLogistics Corp","SmallBiz Inc"
"2026-02-22","23322","Rent","Prime Consulting","Public Sector Dept"
"2026-02-16","43953","Sales Revenue","Global Office Ltd","SmallBiz Inc"
"2026-01-28","37470","Professional Fees","Prime Consulting","Retail Giant A"
"2026-02-21","32236","Inventory","Global Office Ltd","Direct Consumer"
"2026-03-30","29782","Rent","Global Office Ltd","Public Sector Dept"
"2026-02-17","44915","Rent","TechLogistics Corp","Retail Giant A"
"2026-02-12","24319","Inventory","Prime Consulting","Retail Giant A"
"2026-01-16","40471","Inventory","Prime Consulting","Public Sector Dept"
"2026-01-16","27143","Rent","Azure Utilities","SmallBiz Inc"
"2026-02-03","27494","Tax Provision","Global Office Ltd","SmallBiz Inc"
"2026-01-20","3819","Rent","Global Office Ltd","Direct Consumer"
"2026-03-15","25005","Professional Fees","Global Office Ltd","SmallBiz Inc"
"2026-02-10","45702","Rent","Azure Utilities","Retail Giant A"
"2026-01-30","38076","Tax Provision","TechLogistics Corp","Retail Giant A"
"2026-01-02","35405","Tax Provision","Prime Consulting","Direct Consumer"
"2026-03-24","32302","Inventory","Prime Consulting","Public Sector Dept"
"2026-01-01","20772","Inventory","Global Office Ltd","Direct Consumer"
"2026-01-02","43092","Inventory","TechLogistics Corp","SmallBiz Inc"
"2026-02-17","20132","Sales Revenue","Azure Utilities","Retail Giant A"
"2026-01-19","24033","Professional Fees","Prime Consulting","Public Sector Dept"
"2026-03-26","2125","Rent","Azure Utilities","Retail Giant A"
"2026-01-03","17423","Inventory","TechLogistics Corp","Retail Giant A"
"2026-02-07","6867","Sales Revenue","TechLogistics Corp","Direct Consumer"
"2026-02-19","28277","Tax Provision","Global Office Ltd","Direct Consumer"
"2026-03-08","12499","Tax Provision","TechLogistics Corp","SmallBiz Inc"
"2026-01-13","33098","Sales Revenue","TechLogistics Corp","Retail Giant A"
"2026-03-21","19090","Sales Revenue","Prime Consulting","Public Sector Dept"
"2026-03-04","6922","Tax Provision","Global Office Ltd","Direct Consumer"
"2026-02-18","33792","Inventory","Prime Consulting","Retail Giant A"
"2026-02-08","26900","Inventory","Azure Utilities","Direct Consumer"
"2026-02-23","14323","Inventory","TechLogistics Corp","SmallBiz Inc"
"2026-02-20","33511","Inventory","TechLogistics Corp","Direct Consumer"
"2026-03-04","37859","Sales Revenue","Global Office Ltd","Public Sector Dept"
"2026-01-27","5741","Tax Provision","Azure Utilities","Public Sector Dept"
"2026-03-20","43694","Rent","Global Office Ltd","Retail Giant A"
"2026-01-15","11734","Professional Fees","Azure Utilities","Public Sector Dept"
"2026-01-07","49011","Tax Provision","Azure Utilities","Public Sector Dept"
"2026-02-19","5816","Tax Provision","Azure Utilities","Public Sector Dept"
"2026-02-09","35338","Rent","TechLogistics Corp","SmallBiz Inc"
"2026-01-28","42161","Rent","Global Office Ltd","Retail Giant A"
"2026-02-10","1476","Rent","Prime Consulting","Public Sector Dept"
"2026-02-12","16203","Sales Revenue","Azure Utilities","SmallBiz Inc"
"2026-03-13","3053","Professional Fees","Global Office Ltd","Public Sector Dept"
"2026-02-24","13496","Professional Fees","Prime Consulting","Public Sector Dept"
"2026-02-02","35609","Inventory","Global Office Ltd","SmallBiz Inc"
"2026-01-10","30002","Rent","Prime Consulting","Public Sector Dept"
"2026-02-17","46876","Tax Provision","Prime Consulting","Direct Consumer"
"2026-02-18","14940","Professional Fees","Azure Utilities","Retail Giant A"
"2026-01-03","47843","Inventory","Global Office Ltd","SmallBiz Inc"
"2026-02-15","22415","Rent","Prime Consulting","Direct Consumer"
"2026-01-08","21271","Rent","Azure Utilities","Direct Consumer"
"2026-02-04","27863","Sales Revenue","TechLogistics Corp","Direct Consumer"
"2026-01-17","47470","Professional Fees","Prime Consulting","Direct Consumer"
"2026-02-02","42422","Sales Revenue","TechLogistics Corp","Retail Giant A"
"2026-02-16","39893","Tax Provision","Azure Utilities","Direct Consumer"
"2026-01-29","1613","Tax Provision","TechLogistics Corp","Direct Consumer"
"2026-03-21","30384","Professional Fees","Azure Utilities","Direct Consumer"
"2026-02-18","49627","Professional Fees","Prime Consulting","Retail Giant A"
"2026-01-27","34279","Sales Revenue","Prime Consulting","Retail Giant A"
"2026-03-23","19941","Sales Revenue","Prime Consulting","Direct Consumer"
"2026-03-01","46413","Rent","Azure Utilities","Direct Consumer"
"2026-01-13","47954","Inventory","Prime Consulting","Direct Consumer"
"2026-02-26","40875","Tax Provision","Azure Utilities","Retail Giant A"
"2026-01-31","39555","Inventory","TechLogistics Corp","Direct Consumer"
"2026-01-04","1771","Rent","Prime Consulting","Public Sector Dept"
"2026-03-01","6442","Rent","Azure Utilities","Public Sector Dept"
"2026-01-24","38294","Inventory","Azure Utilities","Direct Consumer"
"2026-01-21","30731","Professional Fees","Prime Consulting","Retail Giant A"
"2026-03-21","12755","Rent","Global Office Ltd","Public Sector Dept"
"2026-01-02","30530","Inventory","Prime Consulting","Direct Consumer"
"2026-02-26","24214","Inventory","Global Office Ltd","SmallBiz Inc"
"2026-01-19","9596","Sales Revenue","Global Office Ltd","Direct Consumer"
"2026-02-13","44518","Sales Revenue","Prime Consulting","Retail Giant A"
"2026-03-19","43873","Sales Revenue","Prime Consulting","Retail Giant A"
"2026-02-22","19526","Rent","TechLogistics Corp","Public Sector Dept"
"2026-02-08","20171","Tax Provision","Global Office Ltd","Retail Giant A"
"2026-02-17","5917","Professional Fees","TechLogistics Corp","SmallBiz Inc"
"2026-01-07","12786","Inventory","TechLogistics Corp","SmallBiz Inc"
"2026-01-05","1333","Professional Fees","Azure Utilities","Retail Giant A"
"2026-02-07","40024","Tax Provision","TechLogistics Corp","Direct Consumer"
"2026-03-19","37012","Professional Fees","TechLogistics Corp","SmallBiz Inc"
"2026-02-27","21726","Inventory","Global Office Ltd","SmallBiz Inc"
"2026-01-23","17636","Sales Revenue","Prime Consulting","Retail Giant A"
"2026-03-14","25970","Inventory","Azure Utilities","Retail Giant A"
"2026-01-29","37777","Sales Revenue","Azure Utilities","Direct Consumer"
"2026-03-28","40233","Rent","Prime Consulting","SmallBiz Inc"
"2026-01-22","31440","Tax Provision","Global Office Ltd","Retail Giant A"
"2026-02-19","15940","Inventory","Global Office Ltd","Public Sector Dept"
"2026-01-30","3137","Inventory","TechLogistics Corp","Public Sector Dept"
"2026-02-26","10739","Sales Revenue","Azure Utilities","Retail Giant A"
"2026-01-31","29367","Inventory","Global Office Ltd","Direct Consumer"
"2026-02-09","49531","Rent","Global Office Ltd","Direct Consumer"
"2026-02-18","10259","Sales Revenue","TechLogistics Corp","Public Sector Dept"
"2026-03-22","8231","Rent","Global Office Ltd","Retail Giant A"
"2026-02-11","19175","Inventory","Prime Consulting","SmallBiz Inc"
"2026-01-17","2736","Tax Provision","Prime Consulting","Direct Consumer"
"2026-02-21","6782","Tax Provision","Global Office Ltd","Direct Consumer"
"2026-02-03","29405","Rent","Azure Utilities","Retail Giant A"
"2026-02-02","11740","Professional Fees","Prime Consulting","Retail Giant A"
"2026-03-04","18170","Sales Revenue","TechLogistics Corp","Public Sector Dept"
"2026-01-20","4779","Rent","TechLogistics Corp","Public Sector Dept"
"2026-03-09","35715","Inventory","Azure Utilities","SmallBiz Inc"
"2026-03-16","12695","Sales Revenue","TechLogistics Corp","Retail Giant A"
"2026-02-21","5598","Tax Provision","TechLogistics Corp","Retail Giant A"
"2026-01-31","21428","Tax Provision","TechLogistics Corp","Public Sector Dept"
"2026-03-31","36983","Sales Revenue","Prime Consulting","Public Sector Dept"
"2026-02-26","41204","Sales Revenue","Azure Utilities","SmallBiz Inc"
"2026-02-14","45408","Rent","Prime Consulting","SmallBiz Inc"
"2026-03-13","34612","Rent","Global Office Ltd","Retail Giant A"
"2026-02-26","8864","Tax Provision","Prime Consulting","Direct Consumer"
"2026-02-16","5733","Professional Fees","Global Office Ltd","Public Sector Dept"
"2026-03-30","7540","Rent","TechLogistics Corp","Retail Giant A"
"2026-01-08","23860","Professional Fees","Prime Consulting","Public Sector Dept"
"2026-03-14","36612","Sales Revenue","TechLogistics Corp","Retail Giant A"
"2026-01-17","20075","Tax Provision","Global Office Ltd","Direct Consumer"
"2026-03-06","20303","Professional Fees","TechLogistics Corp","Public Sector Dept"
"2026-03-30","5188","Professional Fees","Prime Consulting","Public Sector Dept"
"2026-03-05","15725","Tax Provision","Prime Consulting","Direct Consumer"
"2026-03-19","13069","Sales Revenue","Prime Consulting","Retail Giant A"
"2026-03-22","7789","Rent","TechLogistics Corp","Retail Giant A"
"2026-02-22","43774","Tax Provision","Azure Utilities","Retail Giant A"
"2026-01-08","13734","Inventory","TechLogistics Corp","Direct Consumer"
"2026-02-11","12138","Tax Provision","TechLogistics Corp","SmallBiz Inc"
"2026-02-03","33738","Rent","TechLogistics Corp","SmallBiz Inc"
"2026-03-23","2977","Rent","Prime Consulting","Public Sector Dept"
"2026-03-23","42532","Sales Revenue","TechLogistics Corp","Direct Consumer"
"2026-01-16","39821","Sales Revenue","Azure Utilities","Retail Giant A"
"2026-02-01","22604","Inventory","Global Office Ltd","Direct Consumer"
"2026-01-19","36955","Inventory","Azure Utilities","Public Sector Dept"
"2026-03-29","43617","Professional Fees","TechLogistics Corp","Public Sector Dept"
"2026-01-09","44225","Rent","TechLogistics Corp","Retail Giant A"
"2026-01-20","22603","Professional Fees","Prime Consulting","Direct Consumer"
"2026-01-02","34740","Tax Provision","Azure Utilities","SmallBiz Inc"
"2026-03-18","28034","Tax Provision","TechLogistics Corp","Public Sector Dept"
"2026-03-07","12286","Professional Fees","TechLogistics Corp","SmallBiz Inc"
"2026-03-11","14525","Tax Provision","Prime Consulting","Retail Giant A"
"2026-03-19","47176","Inventory","Global Office Ltd","Direct Consumer"
"2026-02-07","22594","Professional Fees","Global Office Ltd","SmallBiz Inc"
"2026-03-11","49434","Tax Provision","Prime Consulting","Direct Consumer"
"2026-01-01","38354","Rent","Global Office Ltd","SmallBiz Inc"
"2026-01-18","6502","Inventory","Azure Utilities","SmallBiz Inc"
"2026-02-10","20357","Professional Fees","Azure Utilities","SmallBiz Inc"
"2026-01-16","12920","Inventory","TechLogistics Corp","Direct Consumer"
"2026-02-10","42104","Inventory","Global Office Ltd","SmallBiz Inc"
"2026-03-11","15111","Rent","Azure Utilities","Retail Giant A"
"2026-03-13","30671","Tax Provision","Azure Utilities","Direct Consumer"
"2026-02-14","10504","Rent","Prime Consulting","SmallBiz Inc"
"2026-03-18","6445","Professional Fees","Global Office Ltd","Retail Giant A"
"2026-01-07","41034","Inventory","Global Office Ltd","Retail Giant A"
"2026-03-30","16530","Tax Provision","TechLogistics Corp","Retail Giant A"
"2026-03-23","20717","Rent","Global Office Ltd","SmallBiz Inc"
"2026-01-17","22094","Tax Provision","Prime Consulting","Direct Consumer"
"2026-01-22","25418","Professional Fees","TechLogistics Corp","Retail Giant A"
"2026-02-02","18727","Rent","Prime Consulting","SmallBiz Inc"
"2026-01-21","9276","Tax Provision","TechLogistics Corp","Public Sector Dept"
"2026-03-18","5137","Sales Revenue","Azure Utilities","Retail Giant A"
"2026-02-28","29455","Rent","Prime Consulting","Public Sector Dept"
"2026-03-31","33866","Rent","Prime Consulting","Retail Giant A"
"2026-02-09","4690","Sales Revenue","Prime Consulting","SmallBiz Inc"
"2026-01-17","8264","Sales Revenue","Global Office Ltd","SmallBiz Inc"
"2026-02-09","14125","Rent","TechLogistics Corp","Public Sector Dept"
"2026-01-01","10023","Sales Revenue","TechLogistics Corp","Direct Consumer"
"2026-02-03","1057","Professional Fees","Azure Utilities","SmallBiz Inc"
"2026-02-16","18504","Rent","Global Office Ltd","Retail Giant A"
"2026-01-01","39791","Tax Provision","Prime Consulting","Direct Consumer"
"2026-01-30","23697","Professional Fees","Global Office Ltd","Public Sector Dept"
"2026-02-27","23598","Inventory","Global Office Ltd","Public Sector Dept"
"2026-02-03","31453","Professional Fees","Prime Consulting","Public Sector Dept"
"2026-03-20","12470","Sales Revenue","Global Office Ltd","SmallBiz Inc"
"2026-03-18","6012","Inventory","Prime Consulting","Public Sector Dept"
"2026-01-14","42910","Tax Provision","Prime Consulting","SmallBiz Inc"
"2026-02-07","26634","Inventory","TechLogistics Corp","Public Sector Dept"
"2026-01-12","45993","Rent","TechLogistics Corp","SmallBiz Inc"
"2026-01-31","6956","Tax Provision","TechLogistics Corp","Public Sector Dept"
"2026-03-02","12118","Professional Fees","Prime Consulting","SmallBiz Inc"
"2026-02-24","2288","Professional Fees","Global Office Ltd","Direct Consumer"
"2026-03-08","22493","Rent","Global Office Ltd","Retail Giant A"
"2026-01-28","42879","Sales Revenue","Global Office Ltd","Direct Consumer"
"2026-03-28","4357","Inventory","Global Office Ltd","Direct Consumer"
"2026-03-31","27261","Tax Provision","Global Office Ltd","SmallBiz Inc"
"2026-01-27","25610","Professional Fees","Global Office Ltd","Retail Giant A"
"2026-01-31","49541","Sales Revenue","Azure Utilities","Direct Consumer"
"2026-03-09","40655","Rent","Global Office Ltd","Direct Consumer"
"2026-02-25","11506","Rent","Global Office Ltd","Public Sector Dept"
"2026-03-29","24541","Inventory","Prime Consulting","Public Sector Dept"
"2026-01-05","15842","Rent","Global Office Ltd","Direct Consumer"
"2026-02-02","33810","Professional Fees","Prime Consulting","Direct Consumer"
"2026-02-16","47077","Professional Fees","Global Office Ltd","SmallBiz Inc"
"2026-01-24","17998","Professional Fees","Azure Utilities","Retail Giant A"
"2026-01-18","12762","Inventory","Global Office Ltd","Public Sector Dept"
"2026-02-26","5758","Tax Provision","Global Office Ltd","SmallBiz Inc"
"2026-03-26","41104","Tax Provision","TechLogistics Corp","SmallBiz Inc"
"2026-01-03","5526","Professional Fees","Prime Consulting","Direct Consumer"
"2026-01-14","35419","Inventory","TechLogistics Corp","Direct Consumer"
"2026-01-17","15701","Rent","Prime Consulting","Direct Consumer"
"2026-03-08","16083","Rent","Azure Utilities","Retail Giant A"
"2026-01-11","46048","Rent","Azure Utilities","Retail Giant A"
"2026-02-28","3292","Professional Fees","TechLogistics Corp","Public Sector Dept"
"2026-02-23","4385","Professional Fees","Prime Consulting","SmallBiz Inc"
"2026-01-28","8570","Professional Fees","Prime Consulting","SmallBiz Inc"
"2026-03-02","48571","Rent","TechLogistics Corp","Public Sector Dept"
"2026-02-23","16885","Tax Provision","Prime Consulting","SmallBiz Inc"
"2026-02-28","30340","Sales Revenue","Azure Utilities","Retail Giant A"
"2026-02-06","49356","Tax Provision","Prime Consulting","Public Sector Dept"
"2026-02-16","25733","Inventory","TechLogistics Corp","SmallBiz Inc"
"2026-01-10","1679","Inventory","Azure Utilities","SmallBiz Inc"
"2026-02-14","3999","Tax Provision","Global Office Ltd","Direct Consumer"
"2026-02-18","23256","Inventory","TechLogistics Corp","Retail Giant A"
"2026-01-02","1520","Professional Fees","Prime Consulting","Public Sector Dept"
"2026-02-20","19891","Sales Revenue","Global Office Ltd","Public Sector Dept"
"2026-03-11","21636","Rent","TechLogistics Corp","Direct Consumer"
"2026-02-15","25826","Professional Fees","Azure Utilities","Direct Consumer"
"2026-02-03","25012","Professional Fees","Azure Utilities","Direct Consumer"
"2026-01-27","4399","Inventory","Prime Consulting","Retail Giant A"
"2026-02-10","12829","Sales Revenue","TechLogistics Corp","SmallBiz Inc"
"2026-03-14","26447","Tax Provision","Azure Utilities","Retail Giant A"
"2026-02-26","11437","Sales Revenue","Global Office Ltd","Direct Consumer"
"2026-01-04","16950","Sales Revenue","Azure Utilities","SmallBiz Inc"
"2026-02-10","20517","Sales Revenue","Prime Consulting","Direct Consumer"
"2026-02-15","10653","Professional Fees","TechLogistics Corp","Public Sector Dept"
"2026-01-31","3637","Sales Revenue","TechLogistics Corp","SmallBiz Inc"
"2026-03-19","29869","Inventory","Global Office Ltd","Direct Consumer"
"2026-01-29","3326","Inventory","Azure Utilities","Retail Giant A"
"2026-02-14","44869","Rent","TechLogistics Corp","Public Sector Dept"
"2026-01-12","42973","Professional Fees","TechLogistics Corp","Retail Giant A"
"2026-02-18","17288","Inventory","Azure Utilities","Public Sector Dept"
"2026-01-15","30762","Tax Provision","Global Office Ltd","Direct Consumer"
"2026-03-12","16431","Sales Revenue","Prime Consulting","SmallBiz Inc"
"2026-01-11","32163","Professional Fees","Global Office Ltd","Direct Consumer"
"2026-03-22","25590","Rent","Prime Consulting","Retail Giant A"
"2026-02-11","5820","Tax Provision","TechLogistics Corp","Public Sector Dept"
"2026-03-06","1023","Rent","Global Office Ltd","Public Sector Dept"
"2026-03-19","35327","Rent","Azure Utilities","SmallBiz Inc"
"2026-03-22","21144","Professional Fees","Global Office Ltd","Public Sector Dept"
"2026-03-12","31456","Tax Provision","TechLogistics Corp","SmallBiz Inc"
"2026-02-15","2027","Inventory","TechLogistics Corp","Public Sector Dept"
"2026-02-22","26140","Sales Revenue","Azure Utilities","Public Sector Dept"
"2026-01-01","18296","Inventory","TechLogistics Corp","Public Sector Dept"
"2026-02-22","49476","Tax Provision","TechLogistics Corp","Public Sector Dept"
"2026-03-16","19367","Sales Revenue","Global Office Ltd","Retail Giant A"
"2026-02-27","24279","Sales Revenue","TechLogistics Corp","Retail Giant A"
"2026-02-20","38928","Inventory","Azure Utilities","SmallBiz Inc"
"2026-01-14","37687","Sales Revenue","TechLogistics Corp","Retail Giant A"
"2026-01-26","45653","Sales Revenue","Prime Consulting","Retail Giant A"
"2026-02-28","19044","Sales Revenue","Prime Consulting","SmallBiz Inc"
"2026-01-05","36671","Sales Revenue","Azure Utilities","Public Sector Dept"
"2026-03-27","19394","Sales Revenue","Azure Utilities","SmallBiz Inc"
"2026-03-03","29254","Inventory","Prime Consulting","Public Sector Dept"
"2026-02-25","16817","Professional Fees","Prime Consulting","Public Sector Dept"
"2026-03-25","28774","Inventory","Azure Utilities","Public Sector Dept"
"2026-02-23","20986","Sales Revenue","Prime Consulting","Public Sector Dept"
"2026-01-01","9251","Sales Revenue","Prime Consulting","Retail Giant A"
"2026-03-22","32623","Professional Fees","Global Office Ltd","SmallBiz Inc"
"2026-02-20","13711","Inventory","Global Office Ltd","Direct Consumer"
"2026-01-18","11666","Sales Revenue","Prime Consulting","SmallBiz Inc"
"2026-02-11","4516","Professional Fees","Prime Consulting","Public Sector Dept"
"2026-02-16","12536","Professional Fees","Global Office Ltd","Retail Giant A"
"2026-01-30","45163","Inventory","Prime Consulting","Public Sector Dept"
"2026-02-01","7670","Tax Provision","Global Office Ltd","SmallBiz Inc"
"2026-03-05","37754","Tax Provision","Prime Consulting","Direct Consumer"
"2026-02-15","31522","Sales Revenue","Azure Utilities","Public Sector Dept"
"2026-01-18","10561","Sales Revenue","Prime Consulting","Direct Consumer"
"2026-03-25","40514","Rent","TechLogistics Corp","Direct Consumer"
"2026-01-31","30401","Sales Revenue","Azure Utilities","Public Sector Dept"
"2026-03-16","27892","Tax Provision","Global Office Ltd","SmallBiz Inc"
"2026-02-11","36613","Professional Fees","Prime Consulting","Retail Giant A"
"2026-03-25","22129","Rent","Azure Utilities","Public Sector Dept"
"2026-01-11","22555","Inventory","Prime Consulting","Direct Consumer"
"2026-02-01","1993","Inventory","Azure Utilities","Retail Giant A"
"2026-03-21","45728","Tax Provision","Global Office Ltd","Public Sector Dept"
"2026-02-23","9741","Rent","Prime Consulting","Direct Consumer"
"2026-01-23","41967","Tax Provision","Prime Consulting","Retail Giant A"
"2026-01-02","49920","Sales Revenue","Azure Utilities","Direct Consumer"
"2026-01-19","11033","Rent","Prime Consulting","Direct Consumer"
"2026-01-03","8608","Sales Revenue","TechLogistics Corp","SmallBiz Inc"
"2026-03-30","25426","Rent","TechLogistics Corp","SmallBiz Inc"
"2026-03-22","35536","Sales Revenue","TechLogistics Corp","Retail Giant A"
"2026-02-25","19705","Professional Fees","Azure Utilities","Retail Giant A"
"2026-02-20","21402","Inventory","Prime Consulting","Public Sector Dept"
"2026-01-20","43424","Inventory","Prime Consulting","SmallBiz Inc"
"2026-03-06","21918","Professional Fees","Azure Utilities","Direct Consumer"
"2026-03-01","3745","Sales Revenue","Global Office Ltd","Direct Consumer"
"2026-02-19","3313","Professional Fees","TechLogistics Corp","Retail Giant A"
"2026-02-23","12203","Tax Provision","Prime Consulting","Public Sector Dept"
"2026-02-17","5712","Tax Provision","Prime Consulting","Retail Giant A"
"2026-03-31","23550","Inventory","Azure Utilities","SmallBiz Inc"
"2026-02-19","42502","Professional Fees","Prime Consulting","Direct Consumer"
"2026-01-22","30550","Sales Revenue","Global Office Ltd","Retail Giant A"
"2026-02-06","34052","Professional Fees","Prime Consulting","Public Sector Dept"
"2026-02-14","24348","Professional Fees","Azure Utilities","Retail Giant A"
"2026-01-11","8394","Tax Provision","Prime Consulting","Retail Giant A"
"2026-03-31","8107","Tax Provision","TechLogistics Corp","Retail Giant A"
"2026-01-11","44589","Tax Provision","Prime Consulting","Retail Giant A"
"2026-01-23","18843","Tax Provision","Azure Utilities","Direct Consumer"
"2026-02-16","26089","Professional Fees","Global Office Ltd","Retail Giant A"
"2026-01-08","14010","Rent","Prime Consulting","Direct Consumer"
"2026-02-05","16391","Tax Provision","TechLogistics Corp","Direct Consumer"
"2026-01-11","28992","Professional Fees","Prime Consulting","SmallBiz Inc"
"2026-01-03","34324","Sales Revenue","Azure Utilities","Public Sector Dept"
"2026-01-24","29703","Rent","Azure Utilities","Direct Consumer"
"2026-03-06","21734","Rent","Azure Utilities","Direct Consumer"
"2026-03-07","43553","Sales Revenue","Azure Utilities","Public Sector Dept"
"2026-03-07","15383","Tax Provision","Azure Utilities","SmallBiz Inc"
"2026-03-05","8915","Tax Provision","Azure Utilities","Direct Consumer"
"2026-03-24","18182","Rent","Azure Utilities","SmallBiz Inc"
"2026-02-16","1043","Inventory","TechLogistics Corp","Public Sector Dept"
"2026-03-24","24849","Professional Fees","Prime Consulting","SmallBiz Inc"
"2026-02-01","44018","Inventory","Azure Utilities","Public Sector Dept"
"2026-01-14","9403","Tax Provision","Prime Consulting","Retail Giant A"
"2026-02-07","19279","Professional Fees","Prime Consulting","Public Sector Dept"
"2026-01-12","2194","Rent","Prime Consulting","Direct Consumer"
"2026-01-28","47533","Inventory","TechLogistics Corp","Public Sector Dept"
"2026-01-05","31193","Sales Revenue","Prime Consulting","Direct Consumer"
"2026-01-06","41054","Professional Fees","Global Office Ltd","Public Sector Dept"
"2026-02-15","19621","Rent","Prime Consulting","Public Sector Dept"
"2026-01-12","20311","Rent","Azure Utilities","Retail Giant A"
"2026-01-31","24758","Sales Revenue","TechLogistics Corp","SmallBiz Inc"
"2026-01-28","7073","Professional Fees","Prime Consulting","Retail Giant A"
"2026-01-27","13853","Inventory","TechLogistics Corp","Direct Consumer"
"2026-01-21","25052","Professional Fees","Prime Consulting","SmallBiz Inc"
"2026-03-09","48011","Professional Fees","Prime Consulting","SmallBiz Inc"
"2026-01-24","23501","Inventory","Prime Consulting","Retail Giant A"
"2026-01-31","3739","Professional Fees","TechLogistics Corp","Public Sector Dept"
"2026-02-04","36888","Tax Provision","Global Office Ltd","Retail Giant A"
"2026-02-26","1683","Sales Revenue","Azure Utilities","Public Sector Dept"
"2026-02-14","26475","Tax Provision","Prime Consulting","SmallBiz Inc"
"2026-03-13","14219","Professional Fees","Global Office Ltd","Direct Consumer"
"2026-01-06","18812","Professional Fees","Global Office Ltd","Public Sector Dept"
"2026-01-15","18662","Tax Provision","Global Office Ltd","Retail Giant A"
"2026-02-19","15217","Tax Provision","Global Office Ltd","SmallBiz Inc"
"2026-02-14","36248","Professional Fees","Azure Utilities","Direct Consumer"
"2026-03-04","49382","Tax Provision","Azure Utilities","Direct Consumer"
"2026-02-01","47235","Inventory","Azure Utilities","SmallBiz Inc"
"2026-01-10","40244","Sales Revenue","Azure Utilities","SmallBiz Inc"
"2026-01-20","46389","Rent","Azure Utilities","Direct Consumer"
"2026-02-06","38272","Professional Fees","Global Office Ltd","Public Sector Dept"
"2026-03-10","25754","Sales Revenue","TechLogistics Corp","Public Sector Dept"
"2026-01-16","49804","Inventory","Global Office Ltd","Direct Consumer"
"2026-03-29","15182","Professional Fees","Global Office Ltd","Direct Consumer"
"2026-01-23","20623","Rent","Global Office Ltd","Public Sector Dept"
"2026-02-03","43399","Rent","Azure Utilities","Retail Giant A"
"2026-03-11","27912","Rent","Global Office Ltd","Public Sector Dept"
"2026-01-31","23901","Rent","Prime Consulting","Direct Consumer"
"2026-01-17","22030","Sales Revenue","TechLogistics Corp","Public Sector Dept"
"2026-03-20","26067","Rent","Global Office Ltd","Direct Consumer"
"2026-03-29","42845","Professional Fees","TechLogistics Corp","Public Sector Dept"
"2026-01-08","9974","Rent","TechLogistics Corp","Retail Giant A"
"2026-01-18","2523","Sales Revenue","Prime Consulting","Direct Consumer"
"2026-02-20","5744","Tax Provision","Azure Utilities","Direct Consumer"
"2026-01-21","18995","Rent","Prime Consulting","Direct Consumer"
"2026-03-20","30168","Tax Provision","TechLogistics Corp","Public Sector Dept"
"2026-01-15","42633","Professional Fees","Prime Consulting","Direct Consumer"
"2026-01-02","9180","Inventory","Azure Utilities","SmallBiz Inc"
"2026-02-16","15819","Rent","Global Office Ltd","Public Sector Dept"
"2026-02-17","37021","Professional Fees","Global Office Ltd","Retail Giant A"
"2026-01-27","29178","Inventory","Prime Consulting","Public Sector Dept"
"2026-02-25","2828","Rent","Prime Consulting","Direct Consumer"
"2026-01-31","13911","Professional Fees","Azure Utilities","Direct Consumer"
"2026-02-06","19893","Rent","Global Office Ltd","Retail Giant A"
"2026-02-01","28257","Sales Revenue","Azure Utilities","Retail Giant A"
"2026-03-14","12998","Rent","Prime Consulting","Retail Giant A"
"2026-03-25","36229","Rent","Prime Consulting","Retail Giant A"
"2026-02-25","45240","Tax Provision","Global Office Ltd","SmallBiz Inc"
"2026-01-30","26626","Inventory","TechLogistics Corp","Direct Consumer"
"2026-02-17","45142","Professional Fees","Prime Consulting","Retail Giant A"
"2026-01-31","41708","Sales Revenue","Azure Utilities","Public Sector Dept"
"2026-02-20","18182","Tax Provision","Prime Consulting","Direct Consumer"
"2026-01-18","45381","Sales Revenue","TechLogistics Corp","Public Sector Dept"
"2026-02-09","31847","Sales Revenue","Global Office Ltd","Direct Consumer"
"2026-03-12","25351","Inventory","Global Office Ltd","Direct Consumer"
"2026-03-27","42146","Sales Revenue","Prime Consulting","Retail Giant A"
"2026-01-15","42246","Sales Revenue","Prime Consulting","SmallBiz Inc"
"2026-03-15","41955","Rent","Global Office Ltd","SmallBiz Inc"
"2026-02-07","17438","Rent","Azure Utilities","Public Sector Dept"
"2026-03-20","42119","Inventory","TechLogistics Corp","Retail Giant A"
"2026-02-16","10499","Professional Fees","Global Office Ltd","Direct Consumer"
"2026-03-18","33111","Tax Provision","Prime Consulting","Direct Consumer"
"2026-01-17","49006","Sales Revenue","Global Office Ltd","Retail Giant A"
"2026-02-04","31457","Sales Revenue","Azure Utilities","Public Sector Dept"
"2026-01-17","32370","Sales Revenue","TechLogistics Corp","Direct Consumer"
"2026-02-23","3899","Rent","Azure Utilities","Direct Consumer"
"2026-02-28","2944","Rent","Prime Consulting","Public Sector Dept"
"2026-01-29","11741","Sales Revenue","Azure Utilities","Public Sector Dept"
"2026-03-07","28920","Professional Fees","Prime Consulting","Retail Giant A"
"2026-02-14","47489","Rent","Prime Consulting","Public Sector Dept"
"2026-01-01","8044","Sales Revenue","Prime Consulting","Direct Consumer"
"2026-02-22","4616","Sales Revenue","Azure Utilities","Public Sector Dept"
"2026-01-23","6081","Professional Fees","Prime Consulting","Retail Giant A"
"2026-02-02","44452","Rent","TechLogistics Corp","Direct Consumer"
"2026-03-19","11667","Inventory","Prime Consulting","Retail Giant A"
"2026-03-30","49764","Tax Provision","Global Office Ltd","Public Sector Dept"
"2026-01-18","5596","Professional Fees","Global Office Ltd","Public Sector Dept"
"2026-01-19","23392","Tax Provision","Prime Consulting","SmallBiz Inc"
"2026-02-12","9626","Rent","TechLogistics Corp","Public Sector Dept"
"2026-03-21","11750","Rent","TechLogistics Corp","Public Sector Dept"
"2026-01-30","33364","Professional Fees","Global Office Ltd","Public Sector Dept"
"2026-02-02","11756","Inventory","TechLogistics Corp","Public Sector Dept"
"2026-01-29","13086","Rent","Global Office Ltd","Retail Giant A"
"2026-02-16","9744","Inventory","Global Office Ltd","Retail Giant A"
"2026-03-02","21664","Tax Provision","Prime Consulting","Retail Giant A"
"2026-01-25","45284","Sales Revenue","Azure Utilities","Public Sector Dept"
"2026-03-30","26144","Sales Revenue","TechLogistics Corp","Public Sector Dept"
"2026-02-03","34171","Sales Revenue","TechLogistics Corp","Direct Consumer"
"2026-01-10","25783","Rent","Azure Utilities","SmallBiz Inc"
"2026-03-22","37023","Tax Provision","Global Office Ltd","Retail Giant A"
"2026-03-02","19918","Rent","Azure Utilities","Direct Consumer"
"2026-03-22","28551","Professional Fees","Prime Consulting","Direct Consumer"
"2026-02-04","35172","Sales Revenue","Prime Consulting","Direct Consumer"
"2026-03-03","38354","Inventory","TechLogistics Corp","Retail Giant A"
"2026-03-02","11851","Sales Revenue","Azure Utilities","SmallBiz Inc"
"2026-03-14","19582","Inventory","Prime Consulting","Direct Consumer"
"2026-01-15","12296","Inventory","TechLogistics Corp","Public Sector Dept"
"2026-01-13","45677","Inventory","Prime Consulting","Direct Consumer"
"2026-01-02","10414","Professional Fees","Global Office Ltd","Direct Consumer"
"2026-01-05","10291","Inventory","Global Office Ltd","SmallBiz Inc"
"2026-02-22","44499","Sales Revenue","TechLogistics Corp","SmallBiz Inc"
"2026-02-06","16204","Rent","TechLogistics Corp","Direct Consumer"
"2026-01-29","5159","Inventory","Prime Consulting","Public Sector Dept"
"2026-02-07","44218","Rent","TechLogistics Corp","Retail Giant A"
"2026-01-03","15787","Sales Revenue","Azure Utilities","Direct Consumer"
"2026-01-14","13464","Tax Provision","TechLogistics Corp","Direct Consumer"
"2026-02-23","6359","Inventory","Prime Consulting","SmallBiz Inc"
"2026-03-12","11959","Inventory","Azure Utilities","SmallBiz Inc"
"2026-01-05","9897","Inventory","Global Office Ltd","Direct Consumer"
"2026-01-16","15738","Sales Revenue","TechLogistics Corp","Retail Giant A"
"2026-02-22","34552","Rent","Global Office Ltd","Direct Consumer"
"2026-02-21","47622","Inventory","Azure Utilities","Public Sector Dept"
"2026-01-19","20675","Professional Fees","Prime Consulting","Retail Giant A"
"2026-03-27","43654","Inventory","TechLogistics Corp","Retail Giant A"
"2026-02-18","32494","Inventory","Prime Consulting","SmallBiz Inc"
"2026-02-05","45416","Tax Provision","Global Office Ltd","SmallBiz Inc"
"2026-02-06","25399","Sales Revenue","TechLogistics Corp","Direct Consumer"
"2026-02-05","25477","Inventory","Prime Consulting","Public Sector Dept"
"2026-02-02","47527","Tax Provision","Prime Consulting","Retail Giant A"
"2026-01-01","9909","Professional Fees","Azure Utilities","Direct Consumer"
"2026-03-25","12768","Sales Revenue","Azure Utilities","Direct Consumer"
"2026-02-14","15744","Tax Provision","Azure Utilities","Retail Giant A"
"2026-01-15","12083","Inventory","Azure Utilities","Direct Consumer"
"2026-01-31","17060","Sales Revenue","Global Office Ltd","Retail Giant A"
"2026-03-27","34431","Rent","Azure Utilities","Retail Giant A"
"2026-03-17","44142","Sales Revenue","TechLogistics Corp","Retail Giant A"
"2026-03-09","16782","Tax Provision","TechLogistics Corp","Public Sector Dept"
"2026-03-14","47614","Rent","TechLogistics Corp","Public Sector Dept"
"2026-01-28","27934","Sales Revenue","Global Office Ltd","Direct Consumer"
"2026-01-25","34503","Tax Provision","Azure Utilities","Retail Giant A"
"2026-02-01","19807","Tax Provision","Azure Utilities","Public Sector Dept"
"2026-01-30","11542","Professional Fees","Global Office Ltd","Direct Consumer"
"2026-02-01","40399","Tax Provision","TechLogistics Corp","SmallBiz Inc"
"2026-03-16","37806","Rent","TechLogistics Corp","Direct Consumer"
