Date,Amount,Category,Vendor,Customer
2026-03-11,8170.59,Tax Provision,Azure Utilities,Retail Giant A
2026-03-10,5155.52,Professional Fees,TechLogistics Corp,Direct Consumer
2026-02-05,7986.71,Rent,Azure Utilities,Public Sector Dept
2026-01-28,7592.46,Inventory,Prime Consulting,SmallBiz Inc
2026-02-15,7103.91,Tax Provision,Azure Utilities,SmallBiz Inc
2026-03-13,6074.02,Inventory,Azure Utilities,Retail Giant A
2026-03-08,8793.84,Sales Revenue,Global Office Ltd,SmallBiz Inc
2026-02-26,7674.48,Sales Revenue,Global Office Ltd,Retail Giant A
2026-02-06,6074.49,Tax Provision,TechLogistics Corp,Public Sector Dept
2026-03-07,7147.24,Inventory,Global Office Ltd,Retail Giant A
2026-03-09,6581.94,Sales Revenue,TechLogistics Corp,Public Sector Dept
2026-02-01,10414.66,Sales Revenue,Global Office Ltd,Retail Giant A
2026-01-13,7963.48,Professional Fees,Global Office Ltd,Retail Giant A
2026-03-12,7019.98,Inventory,TechLogistics Corp,Direct Consumer
2026-01-13,11581.93,Sales Revenue,Azure Utilities,SmallBiz Inc
2026-01-11,9784.91,Sales Revenue,TechLogistics Corp,Direct Consumer
2026-02-18,8467.01,Tax Provision,Global Office Ltd,Direct Consumer
2026-01-11,9544.61,Tax Provision,Prime Consulting,SmallBiz Inc
2026-03-04,9308.03,Sales Revenue,Azure Utilities,SmallBiz Inc
2026-01-05,7956.1,Sales Revenue,Prime Consulting,Direct Consumer
2026-03-26,5415.44,Professional Fees,Global Office Ltd,Retail Giant A
2026-02-24,7688.93,Tax Provision,Prime Consulting,Direct Consumer
2026-01-21,6812.66,Tax Provision,TechLogistics Corp,Direct Consumer
2026-03-10,6316.68,Tax Provision,Prime Consulting,SmallBiz Inc
2026-02-01,8441.05,Inventory,Global Office Ltd,Public Sector Dept
2026-01-07,6177.4,Rent,Global Office Ltd,SmallBiz Inc
2026-01-17,10341.38,Rent,Global Office Ltd,Public Sector Dept
2026-02-14,8137.93,Professional Fees,TechLogistics Corp,Direct Consumer
2026-01-04,8665.02,Tax Provision,Global Office Ltd,Retail Giant A
2026-02-04,9663.01,Inventory,TechLogistics Corp,Direct Consumer
2026-01-08,6777.02,Rent,Global Office Ltd,Public Sector Dept
2026-03-23,7165.19,Tax Provision,Azure Utilities,SmallBiz Inc
2026-02-28,8711.76,Tax Provision,Azure Utilities,SmallBiz Inc
2026-01-19,8325.69,Tax Provision,TechLogistics Corp,Public Sector Dept
2026-03-12,6617.92,Sales Revenue,TechLogistics Corp,Direct Consumer
2026-03-15,10357.66,Tax Provision,Azure Utilities,SmallBiz Inc
2026-03-31,8865.46,Tax Provision,Azure Utilities,SmallBiz Inc
2026-01-12,7384.69,Rent,Azure Utilities,SmallBiz Inc
2026-01-27,8941.54,Sales Revenue,TechLogistics Corp,Public Sector Dept
2026-01-26,7814.07,Tax Provision,Global Office Ltd,Public Sector Dept
2026-02-10,4853.46,Professional Fees,Global Office Ltd,Public Sector Dept
2026-03-15,-7541.37,Tax Provision,Azure Utilities,SmallBiz Inc
2026-03-14,10902.96,Inventory,Prime Consulting,Public Sector Dept
2026-01-06,10771.3,Professional Fees,TechLogistics Corp,SmallBiz Inc
2026-01-03,6018.81,Sales Revenue,Global Office Ltd,SmallBiz Inc
2026-03-12,10340.39,Inventory,Azure Utilities,Direct Consumer
2026-03-12,9414.64,Rent,Azure Utilities,Public Sector Dept
2026-03-05,9132.2,Professional Fees,Azure Utilities,Retail Giant A
2026-02-07,6547.6,Professional Fees,Prime Consulting,SmallBiz Inc
2026-03-16,8322.03,Inventory,Global Office Ltd,Direct Consumer
2026-03-17,8553.85,Inventory,Global Office Ltd,SmallBiz Inc
2026-03-24,10770.19,Rent,Prime Consulting,Direct Consumer
2026-03-17,5496.37,Sales Revenue,Global Office Ltd,Public Sector Dept
2026-02-10,6733.82,Inventory,Global Office Ltd,Public Sector Dept
2026-01-21,9846.55,Rent,TechLogistics Corp,Retail Giant A
2026-02-19,8015.17,Inventory,Prime Consulting,Direct Consumer
2026-02-18,9381.49,Professional Fees,Azure Utilities,Direct Consumer
2026-01-29,10985.67,Tax Provision,Global Office Ltd,SmallBiz Inc
2026-03-12,11949.99,Sales Revenue,Global Office Ltd,SmallBiz Inc
2026-02-14,8940.33,Tax Provision,Azure Utilities,Public Sector Dept
2026-01-07,8316.13,Tax Provision,Prime Consulting,Direct Consumer
2026-02-22,6859.66,Rent,Azure Utilities,Direct Consumer
2026-02-10,9075.98,Rent,Azure Utilities,Retail Giant A
2026-03-20,7926.31,Inventory,Azure Utilities,Direct Consumer
2026-01-01,5263.84,Sales Revenue,Global Office Ltd,Direct Consumer
2026-01-24,8473.95,Tax Provision,Global Office Ltd,SmallBiz Inc
2026-02-12,8213.36,Tax Provision,TechLogistics Corp,Retail Giant A
2026-01-03,8433.21,Rent,Azure Utilities,Retail Giant A
2026-01-03,8909.44,Tax Provision,Global Office Ltd,Direct Consumer
2026-01-07,8292.5,Inventory,Azure Utilities,Retail Giant A
2026-03-02,6905.07,Rent,Global Office Ltd,Public Sector Dept
2026-03-04,9049.91,Rent,Prime Consulting,Public Sector Dept
2026-03-01,7202.12,Rent,TechLogistics Corp,Direct Consumer
2026-01-05,7845.74,Inventory,Global Office Ltd,Retail Giant A
2026-02-06,4372.35,Inventory,Azure Utilities,Direct Consumer
2026-01-31,7968.04,Professional Fees,Prime Consulting,Retail Giant A
2026-02-14,5535.21,Inventory,Global Office Ltd,Direct Consumer
2026-03-12,10754.94,Tax Provision,Azure Utilities,Public Sector Dept
2026-03-02,7065.11,Sales Revenue,Azure Utilities,Public Sector Dept
2026-01-06,6420.1,Tax Provision,Azure Utilities,SmallBiz Inc
2026-02-23,8945.06,Tax Provision,Global Office Ltd,Public Sector Dept
2026-03-02,8330.57,Tax Provision,Global Office Ltd,SmallBiz Inc
2026-03-07,6469.82,Rent,TechLogistics Corp,SmallBiz Inc
2026-01-18,11158.41,Tax Provision,Prime Consulting,Direct Consumer
2026-03-05,9801.54,Inventory,Global Office Ltd,Public Sector Dept
2026-03-01,8854.33,Inventory,TechLogistics Corp,Direct Consumer
2026-01-15,7778.48,Inventory,TechLogistics Corp,Public Sector Dept
2026-01-30,8755.74,Tax Provision,TechLogistics Corp,Retail Giant A
2026-01-28,8494.39,Inventory,Azure Utilities,Public Sector Dept
2026-01-19,3921.77,Rent,Azure Utilities,Retail Giant A
2026-02-23,6655.09,Sales Revenue,Global Office Ltd,Public Sector Dept
2026-02-11,9088.66,Rent,TechLogistics Corp,Retail Giant A
2026-02-04,5951.31,Professional Fees,Azure Utilities,Public Sector Dept
2026-03-24,7929.46,Inventory,Azure Utilities,Public Sector Dept
2026-01-05,5022.87,Rent,Global Office Ltd,Retail Giant A
2026-02-14,10235.99,Tax Provision,TechLogistics Corp,Public Sector Dept
2026-02-23,6588.65,Sales Revenue,TechLogistics Corp,Retail Giant A
2026-02-12,8977.24,Professional Fees,Prime Consulting,Public Sector Dept
2026-01-20,10224.59,Rent,Global Office Ltd,SmallBiz Inc
2026-01-19,9175.01,Tax Provision,Azure Utilities,Public Sector Dept
2026-03-07,7308.86,Sales Revenue,Azure Utilities,Direct Consumer
2026-01-08,7895.21,Inventory,TechLogistics Corp,Public Sector Dept
2026-03-22,4754.48,Professional Fees,TechLogistics Corp,SmallBiz Inc
2026-03-14,9019.04,Inventory,TechLogistics Corp,SmallBiz Inc
2026-01-29,8994.52,Professional Fees,Prime Consulting,Retail Giant A
2026-02-11,10278.05,Tax Provision,Global Office Ltd,Direct Consumer
2026-03-17,8849.92,Inventory,Prime Consulting,SmallBiz Inc
2026-01-17,7032.01,Tax Provision,Global Office Ltd,Direct Consumer
2026-02-06,8343.73,Sales Revenue,Prime Consulting,Public Sector Dept
2026-01-28,8073.2,Rent,Prime Consulting,Retail Giant A
2026-01-15,8903.98,Tax Provision,Global Office Ltd,SmallBiz Inc
2026-01-04,9628.06,Rent,Prime Consulting,SmallBiz Inc
2026-02-25,11993.1,Professional Fees,Azure Utilities,Retail Giant A
2026-01-26,6183.14,Tax Provision,Azure Utilities,Public Sector Dept
2026-01-29,9578.15,Tax Provision,TechLogistics Corp,Public Sector Dept
2026-03-30,8734.33,Sales Revenue,TechLogistics Corp,Direct Consumer
2026-02-25,6072.19,Tax Provision,Global Office Ltd,Public Sector Dept
2026-03-14,11364.73,Rent,Prime Consulting,Retail Giant A
2026-01-17,8716.72,Rent,TechLogistics Corp,Public Sector Dept
2026-03-09,6186.75,Tax Provision,Azure Utilities,Public Sector Dept
2026-01-22,11377.19,Rent,Azure Utilities,SmallBiz Inc
2026-02-26,7272.77,Tax Provision,TechLogistics Corp,SmallBiz Inc
2026-03-02,7752.61,Professional Fees,Prime Consulting,SmallBiz Inc
2026-01-27,5557.33,Professional Fees,Prime Consulting,Public Sector Dept
2026-02-27,11274.44,Sales Revenue,Azure Utilities,Retail Giant A
2026-03-18,6130.79,Professional Fees,TechLogistics Corp,Public Sector Dept
2026-03-20,3993.04,Sales Revenue,TechLogistics Corp,SmallBiz Inc
2026-03-10,6013.07,Sales Revenue,Azure Utilities,Public Sector Dept
2026-02-15,5834.15,Rent,TechLogistics Corp,SmallBiz Inc
2026-02-26,7657.73,Professional Fees,Global Office Ltd,Direct Consumer
2026-03-02,4880.57,Rent,Prime Consulting,Direct Consumer
2026-02-13,9355.0,Sales Revenue,TechLogistics Corp,Retail Giant A
2026-01-30,8387.07,Professional Fees,Prime Consulting,SmallBiz Inc
2026-03-29,8843.38,Tax Provision,TechLogistics Corp,TechLogistics Corp
2026-03-13,8903.29,Sales Revenue,Prime Consulting,SmallBiz Inc
2026-02-16,8083.37,Professional Fees,Global Office Ltd,Direct Consumer
2026-02-15,-9386.33,Tax Provision,TechLogistics Corp,SmallBiz Inc
2026-02-18,8303.42,Tax Provision,Prime Consulting,SmallBiz Inc
2026-02-19,12518.14,Sales Revenue,Azure Utilities,SmallBiz Inc
2026-01-17,2226.43,Tax Provision,Azure Utilities,Direct Consumer
2026-01-14,6797.85,Rent,Azure Utilities,Public Sector Dept
2026-02-08,8497.47,Sales Revenue,Azure Utilities,Direct Consumer
2026-01-10,8036.05,Rent,Prime Consulting,Retail Giant A
2026-01-27,6050.63,Rent,TechLogistics Corp,Retail Giant A
2026-02-18,6197.09,Inventory,Azure Utilities,SmallBiz Inc
2026-03-08,10139.68,Sales Revenue,Global Office Ltd,SmallBiz Inc
2026-03-06,7607.78,Professional Fees,Azure Utilities,Public Sector Dept
2026-01-17,2443.61,Rent,Global Office Ltd,Retail Giant A
2026-01-31,5430.42,Rent,Azure Utilities,SmallBiz Inc
2026-01-23,8217.84,Tax Provision,TechLogistics Corp,Public Sector Dept
2026-02-18,6965.44,Rent,Global Office Ltd,Direct Consumer
2026-01-28,7857.77,Sales Revenue,Prime Consulting,Prime Consulting
2026-01-02,6904.26,Inventory,TechLogistics Corp,Retail Giant A
2026-02-18,9465.49,Professional Fees,TechLogistics Corp,Direct Consumer
2026-03-24,8599.9,Inventory,Global Office Ltd,Retail Giant A
2026-02-23,10559.95,Tax Provision,Prime Consulting,Public Sector Dept
2026-01-27,8535.19,Rent,Prime Consulting,Retail Giant A
2026-03-14,4885.31,Rent,Azure Utilities,Public Sector Dept
2026-01-30,6489.95,Professional Fees,Global Office Ltd,Direct Consumer
2026-03-11,9782.32,Inventory,Global Office Ltd,Direct Consumer
2026-03-11,6412.06,Rent,Prime Consulting,Retail Giant A
2026-02-10,9233.81,Professional Fees,Azure Utilities,SmallBiz Inc
2026-01-06,4849.12,Rent,Global Office Ltd,Retail Giant A
2026-01-10,7267.13,Professional Fees,Azure Utilities,SmallBiz Inc
2026-01-04,12544.88,Professional Fees,TechLogistics Corp,SmallBiz Inc
2026-01-23,4625.87,Sales Revenue,Global Office Ltd,Retail Giant A
2026-03-04,4675.14,Professional Fees,TechLogistics Corp,Public Sector Dept
2026-01-02,6454.54,Inventory,Azure Utilities,Direct Consumer
2026-02-21,5062.74,Inventory,Global Office Ltd,Direct Consumer
2026-02-05,6083.36,Sales Revenue,Global Office Ltd,SmallBiz Inc
2026-02-25,7440.4,Tax Provision,Azure Utilities,Direct Consumer
2026-02-25,7456.98,Inventory,Prime Consulting,Public Sector Dept
2026-03-15,3675.64,Sales Revenue,Global Office Ltd,Public Sector Dept
2026-01-17,9008.38,Inventory,Global Office Ltd,SmallBiz Inc
2026-02-02,8146.56,Sales Revenue,TechLogistics Corp,Retail Giant A
2026-03-28,7352.04,Rent,Azure Utilities,Retail Giant A
2026-02-19,8196.19,Professional Fees,Azure Utilities,SmallBiz Inc
2026-03-07,8348.99,Inventory,Global Office Ltd,Public Sector Dept
2026-01-26,8463.84,Professional Fees,Global Office Ltd,Retail Giant A
2026-01-16,9545.29,Tax Provision,Azure Utilities,Direct Consumer
2026-03-06,7076.27,Professional Fees,Azure Utilities,SmallBiz Inc
2026-03-16,5841.97,Inventory,TechLogistics Corp,SmallBiz Inc
2026-01-07,7427.55,Tax Provision,Global Office Ltd,Retail Giant A
2026-03-19,4542.54,Inventory,Global Office Ltd,Direct Consumer
2026-01-23,7581.98,Professional Fees,Global Office Ltd,Retail Giant A
2026-03-17,9968.36,Rent,Global Office Ltd,Direct Consumer
2026-01-04,10352.5,Tax Provision,Global Office Ltd,Public Sector Dept
2026-01-25,9529.6,Professional Fees,Global Office Ltd,Direct Consumer
2026-02-24,8857.67,Inventory,TechLogistics Corp,SmallBiz Inc
2026-01-23,5994.12,Inventory,Prime Consulting,SmallBiz Inc
2026-01-21,6472.35,Rent,TechLogistics Corp,Public Sector Dept
2026-02-03,5415.59,Sales Revenue,Global Office Ltd,Retail Giant A
2026-02-10,7731.79,Inventory,Azure Utilities,SmallBiz Inc
2026-01-05,6052.84,Rent,Global Office Ltd,Public Sector Dept
2026-02-20,9044.62,Professional Fees,Global Office Ltd,Public Sector Dept
2026-01-24,9456.12,Tax Provision,Azure Utilities,Direct Consumer
2026-02-06,8884.35,Sales Revenue,Global Office Ltd,Retail Giant A
2026-01-12,9295.94,Professional Fees,TechLogistics Corp,Public Sector Dept
2026-03-28,9461.63,Inventory,TechLogistics Corp,SmallBiz Inc
2026-02-18,6148.96,Professional Fees,Azure Utilities,Public Sector Dept
2026-03-28,5675.68,Sales Revenue,Azure Utilities,Retail Giant A
2026-02-16,7780.69,Professional Fees,Global Office Ltd,Direct Consumer
2026-01-31,11313.58,Sales Revenue,Prime Consulting,SmallBiz Inc
2026-02-20,5455.01,Sales Revenue,Global Office Ltd,Direct Consumer
2026-03-07,8852.69,Inventory,TechLogistics Corp,Public Sector Dept
2026-03-14,7489.12,Rent,Prime Consulting,Retail Giant A
2026-01-02,10895.43,Tax Provision,Prime Consulting,Public Sector Dept
2026-03-13,7139.08,Tax Provision,Global Office Ltd,Retail Giant A
2026-03-05,9274.37,Rent,Global Office Ltd,SmallBiz Inc
2026-02-26,5390.98,Sales Revenue,Prime Consulting,Public Sector Dept
2026-03-15,8028.98,Professional Fees,Azure Utilities,Direct Consumer
2026-03-10,8648.26,Sales Revenue,Global Office Ltd,Direct Consumer
2026-01-23,7910.78,Inventory,Prime Consulting,Direct Consumer
2026-03-02,11812.88,Professional Fees,TechLogistics Corp,Retail Giant A
2026-01-26,7912.38,Sales Revenue,Azure Utilities,Direct Consumer
2026-03-11,6762.16,Rent,Prime Consulting,Direct Consumer
2026-03-04,5296.02,Sales Revenue,Global Office Ltd,Public Sector Dept
2026-01-10,9662.07,Rent,Prime Consulting,Public Sector Dept
2026-03-18,8417.26,Tax Provision,TechLogistics Corp,Retail Giant A
2026-03-09,9956.76,Inventory,Prime Consulting,Direct Consumer
2026-02-08,8212.94,Rent,TechLogistics Corp,Direct Consumer
2026-01-06,8027.47,Rent,Azure Utilities,Direct Consumer
2026-01-13,7970.55,Inventory,Global Office Ltd,SmallBiz Inc
2026-03-30,8106.68,Inventory,Azure Utilities,Direct Consumer
2026-03-08,9884.95,Professional Fees,TechLogistics Corp,Public Sector Dept
2026-01-08,6739.43,Rent,Prime Consulting,Public Sector Dept
2026-01-10,7686.42,Sales Revenue,TechLogistics Corp,Retail Giant A
2026-02-15,7147.99,Rent,Azure Utilities,Retail Giant A
2026-02-27,6559.11,Professional Fees,TechLogistics Corp,Retail Giant A
2026-01-12,8843.01,Tax Provision,TechLogistics Corp,SmallBiz Inc
2026-02-17,8201.16,Tax Provision,Global Office Ltd,Retail Giant A
2026-02-17,7288.03,Inventory,Prime Consulting,Retail Giant A
2026-03-10,7934.63,Rent,TechLogistics Corp,Retail Giant A
2026-03-23,9172.74,Tax Provision,Prime Consulting,Retail Giant A
2026-03-15,8133.78,Professional Fees,Azure Utilities,SmallBiz Inc
2026-02-20,10555.1,Rent,Azure Utilities,Retail Giant A
2026-01-20,9191.05,Professional Fees,Prime Consulting,Direct Consumer
2026-02-14,9817.57,Rent,Global Office Ltd,Retail Giant A
2026-01-20,5441.59,Sales Revenue,Prime Consulting,Retail Giant A
2026-03-14,4267.11,Inventory,Azure Utilities,SmallBiz Inc
2026-01-19,7299.52,Professional Fees,TechLogistics Corp,Direct Consumer
2026-02-08,10156.08,Rent,Global Office Ltd,Public Sector Dept
2026-01-06,6442.12,Tax Provision,Global Office Ltd,Retail Giant A
2026-02-23,9086.44,Inventory,Prime Consulting,Retail Giant A
2026-01-31,8084.05,Tax Provision,TechLogistics Corp,Public Sector Dept
2026-02-28,11438.99,Sales Revenue,Global Office Ltd,Retail Giant A
2026-03-17,8710.5,Rent,Global Office Ltd,Retail Giant A
2026-02-03,7014.25,Rent,TechLogistics Corp,SmallBiz Inc
2026-03-19,10186.54,Rent,TechLogistics Corp,SmallBiz Inc
2026-02-27,8592.06,Rent,Global Office Ltd,SmallBiz Inc
2026-02-10,8063.93,Sales Revenue,Prime Consulting,Public Sector Dept
2026-02-12,9472.51,Professional Fees,Azure Utilities,SmallBiz Inc
2026-01-11,9651.89,Sales Revenue,Global Office Ltd,Public Sector Dept
2026-02-04,11572.08,Rent,Global Office Ltd,SmallBiz Inc
2026-02-26,4913.63,Sales Revenue,Global Office Ltd,Retail Giant A
2026-03-02,5883.58,Inventory,TechLogistics Corp,Public Sector Dept
2026-01-29,10117.89,Tax Provision,Prime Consulting,Retail Giant A
2026-03-13,8148.49,Rent,Prime Consulting,Direct Consumer
2026-01-30,8630.31,Sales Revenue,TechLogistics Corp,Retail Giant A
2026-02-09,9925.54,Sales Revenue,Prime Consulting,Public Sector Dept
2026-03-27,10489.67,Professional Fees,Azure Utilities,Retail Giant A
2026-03-23,6551.51,Professional Fees,Prime Consulting,Public Sector Dept
2026-02-14,10797.05,Rent,Prime Consulting,Retail Giant A
2026-01-15,6871.57,Professional Fees,Azure Utilities,SmallBiz Inc
2026-02-17,8041.87,Professional Fees,Global Office Ltd,Retail Giant A
2026-01-07,7201.18,Inventory,Azure Utilities,Retail Giant A
2026-02-17,8945.77,Rent,TechLogistics Corp,Public Sector Dept
2026-01-17,8583.84,Sales Revenue,Azure Utilities,SmallBiz Inc
2026-01-15,2632.52,Rent,Azure Utilities,SmallBiz Inc
2026-01-04,7382.44,Sales Revenue,TechLogistics Corp,Public Sector Dept
2026-02-25,9725.27,Rent,Global Office Ltd,SmallBiz Inc
2026-02-02,5458.7,Sales Revenue,Prime Consulting,Retail Giant A
2026-03-14,8976.96,Inventory,Azure Utilities,SmallBiz Inc
2026-02-04,4056.99,Rent,TechLogistics Corp,Public Sector Dept
2026-01-11,6663.51,Inventory,Prime Consulting,Direct Consumer
2026-01-24,7658.68,Rent,Global Office Ltd,Public Sector Dept
2026-01-24,7623.2,Sales Revenue,Prime Consulting,Retail Giant A
2026-03-06,8877.88,Tax Provision,TechLogistics Corp,Public Sector Dept
2026-03-28,9443.3,Rent,Global Office Ltd,Public Sector Dept
2026-01-05,2964.37,Inventory,Global Office Ltd,Public Sector Dept
2026-02-21,8745.29,Inventory,TechLogistics Corp,Public Sector Dept
2026-02-07,9642.91,Professional Fees,Prime Consulting,Direct Consumer
2026-03-28,4400.16,Sales Revenue,Azure Utilities,Public Sector Dept
2026-03-04,12791.99,Rent,Azure Utilities,Public Sector Dept
2026-01-08,2773.15,Tax Provision,Global Office Ltd,Public Sector Dept
2026-03-21,6071.8,Sales Revenue,Prime Consulting,SmallBiz Inc
2026-01-02,6518.64,Inventory,Prime Consulting,Retail Giant A
2026-02-11,8988.7,Tax Provision,Prime Consulting,Direct Consumer
2026-01-31,7723.05,Professional Fees,TechLogistics Corp,Public Sector Dept
2026-03-05,11662.78,Inventory,Prime Consulting,Direct Consumer
2026-02-11,4525.48,Inventory,Global Office Ltd,Public Sector Dept
2026-03-25,5986.57,Inventory,Global Office Ltd,Public Sector Dept
2026-03-18,7790.8,Tax Provision,Prime Consulting,Retail Giant A
2026-01-26,8874.38,Sales Revenue,Azure Utilities,Direct Consumer
2026-03-14,9760.82,Rent,Prime Consulting,Public Sector Dept
2026-02-08,9468.5,Tax Provision,Prime Consulting,Public Sector Dept
2026-02-14,12186.54,Inventory,TechLogistics Corp,Public Sector Dept
2026-03-13,7757.4,Tax Provision,TechLogistics Corp,Direct Consumer
2026-02-22,5103.17,Tax Provision,Global Office Ltd,Retail Giant A
2026-02-01,8320.84,Sales Revenue,Azure Utilities,SmallBiz Inc
2026-03-01,9623.47,Professional Fees,Global Office Ltd,Public Sector Dept
2026-01-02,8934.61,Rent,Azure Utilities,Direct Consumer
2026-01-04,9487.11,Sales Revenue,TechLogistics Corp,Public Sector Dept
2026-01-30,9445.73,Professional Fees,Azure Utilities,SmallBiz Inc
2026-02-02,9075.12,Sales Revenue,Prime Consulting,Direct Consumer
2026-03-23,8470.45,Inventory,TechLogistics Corp,SmallBiz Inc
2026-03-07,7667.12,Rent,Global Office Ltd,SmallBiz Inc
2026-01-16,9646.56,Inventory,Azure Utilities,Retail Giant A
2026-01-03,8262.09,Rent,TechLogistics Corp,TechLogistics Corp
2026-02-13,11482.92,Rent,Global Office Ltd,SmallBiz Inc
2026-03-18,11727.86,Rent,Azure Utilities,SmallBiz Inc
2026-02-03,9169.05,Sales Revenue,Azure Utilities,Public Sector Dept
2026-03-15,8937.01,Tax Provision,Global Office Ltd,Public Sector Dept
2026-01-25,8270.25,Professional Fees,Global Office Ltd,SmallBiz Inc
2026-01-17,9266.14,Professional Fees,Prime Consulting,Public Sector Dept
2026-01-18,7057.16,Inventory,Azure Utilities,Retail Giant A
2026-03-21,5999.72,Professional Fees,Azure Utilities,Public Sector Dept
2026-01-23,9500.66,Professional Fees,Prime Consulting,Retail Giant A
2026-02-22,6247.69,Tax Provision,Azure Utilities,Retail Giant A
2026-01-26,9110.83,Tax Provision,Azure Utilities,Retail Giant A
2026-02-19,6404.08,Sales Revenue,Prime Consulting,SmallBiz Inc
2026-02-24,4723.13,Rent,Global Office Ltd,SmallBiz Inc
2026-01-12,11406.85,Tax Provision,TechLogistics Corp,SmallBiz Inc
2026-01-14,4795.73,Rent,TechLogistics Corp,Public Sector Dept
2026-01-20,9119.43,Sales Revenue,Global Office Ltd,SmallBiz Inc
2026-01-09,7748.12,Tax Provision,TechLogistics Corp,Direct Consumer
2026-01-15,4752.68,Professional Fees,Global Office Ltd,Direct Consumer
2026-01-04,8317.28,Inventory,Prime Consulting,SmallBiz Inc
2026-03-24,8692.67,Professional Fees,Prime Consulting,Retail Giant A
2026-02-21,5103.4,Rent,Prime Consulting,Public Sector Dept
2026-01-24,7576.54,Tax Provision,Global Office Ltd,Direct Consumer
2026-03-09,8137.03,Inventory,Global Office Ltd,Public Sector Dept
2026-02-24,9194.31,Sales Revenue,Global Office Ltd,Public Sector Dept
2026-02-28,8689.0,Inventory,Azure Utilities,SmallBiz Inc
2026-01-13,8359.16,Sales Revenue,TechLogistics Corp,Retail Giant A
2026-01-25,9380.8,Rent,Prime Consulting,Public Sector Dept
2026-01-15,999999.99,Sales Revenue,Azure Utilities,Direct Consumer
2026-01-31,6627.56,Sales Revenue,Prime Consulting,SmallBiz Inc
2026-01-06,7142.7,Professional Fees,Prime Consulting,Retail Giant A
2026-01-18,6694.02,Sales Revenue,TechLogistics Corp,Retail Giant A
2026-01-04,9749.68,Rent,Global Office Ltd,Direct Consumer
2026-01-18,5923.42,Tax Provision,Azure Utilities,Public Sector Dept
2026-03-20,-4770.53,Professional Fees,Global Office Ltd,Public Sector Dept
2026-02-07,6524.98,Sales Revenue,Global Office Ltd,Retail Giant A
2026-03-14,5924.94,Tax Provision,TechLogistics Corp,SmallBiz Inc
2026-03-09,5550.98,Inventory,Global Office Ltd,Retail Giant A
2026-01-28,8208.18,Sales Revenue,Azure Utilities,Direct Consumer
2026-02-07,8625.59,Tax Provision,TechLogistics Corp,Direct Consumer
2026-03-15,11042.76,Tax Provision,Global Office Ltd,Retail Giant A
2026-03-27,8468.67,Professional Fees,Prime Consulting,Retail Giant A
2026-01-03,6957.39,Tax Provision,Global Office Ltd,Public Sector Dept
2026-01-25,6891.5,Professional Fees,Prime Consulting,Public Sector Dept
2026-01-05,8302.79,Inventory,Global Office Ltd,Public Sector Dept
2026-01-12,11244.71,Tax Provision,TechLogistics Corp,Direct Consumer
2026-02-05,6921.57,Tax Provision,Azure Utilities,Direct Consumer
2026-03-17,2693.87,Tax Provision,TechLogistics Corp,Retail Giant A
2026-03-07,6307.76,Professional Fees,Global Office Ltd,Retail Giant A
2026-01-06,11110.51,Professional Fees,Azure Utilities,Retail Giant A
2026-01-01,-7787.12,Tax Provision,TechLogistics Corp,Retail Giant A
2026-01-22,8301.18,Sales Revenue,Prime Consulting,Direct Consumer
2026-01-20,8567.35,Inventory,Prime Consulting,Retail Giant A
2026-01-27,10516.67,Inventory,Prime Consulting,Retail Giant A
2026-02-05,10239.17,Tax Provision,Global Office Ltd,Public Sector Dept
2026-02-23,4568.31,Professional Fees,Global Office Ltd,SmallBiz Inc
2026-03-16,10840.05,Professional Fees,Prime Consulting,Direct Consumer
2026-03-24,9786.65,Inventory,Global Office Ltd,Direct Consumer
2026-01-27,5944.45,Sales Revenue,Prime Consulting,SmallBiz Inc
2026-03-06,7827.09,Rent,Global Office Ltd,Public Sector Dept
2026-03-09,3328.79,Sales Revenue,Prime Consulting,Public Sector Dept
2026-02-05,6775.14,Professional Fees,Prime Consulting,Direct Consumer
2026-01-22,10252.4,Professional Fees,Azure Utilities,Retail Giant A
2026-02-07,7805.45,Professional Fees,Azure Utilities,Public Sector Dept
2026-03-19,4976.62,Rent,Azure Utilities,Direct Consumer
2026-01-21,9577.0,Rent,Azure Utilities,SmallBiz Inc
2026-03-04,8035.02,Inventory,Azure Utilities,SmallBiz Inc
2026-01-21,7247.93,Rent,Azure Utilities,Azure Utilities
2026-01-15,10991.99,Professional Fees,Global Office Ltd,SmallBiz Inc
2026-02-07,7518.84,Tax Provision,TechLogistics Corp,Direct Consumer
2026-03-19,7964.78,Rent,Azure Utilities,Retail Giant A
2026-03-03,6869.36,Inventory,Global Office Ltd,Direct Consumer
2026-03-17,8000.16,Rent,Global Office Ltd,Public Sector Dept
2026-02-20,8121.43,Inventory,Global Office Ltd,SmallBiz Inc
2026-02-22,8115.17,Tax Provision,Azure Utilities,Retail Giant A
2026-02-09,7991.62,Inventory,Prime Consulting,Direct Consumer
2026-03-16,9616.96,Rent,Azure Utilities,SmallBiz Inc
2026-03-03,9968.65,Professional Fees,TechLogistics Corp,Public Sector Dept
2026-01-03,11349.01,Rent,Prime Consulting,Public Sector Dept
2026-03-06,6227.79,Sales Revenue,TechLogistics Corp,SmallBiz Inc
2026-01-13,7082.22,Tax Provision,TechLogistics Corp,Retail Giant A
2026-02-22,7455.39,Rent,TechLogistics Corp,Public Sector Dept
2026-02-25,6467.18,Inventory,Azure Utilities,Public Sector Dept
2026-03-01,6297.26,Tax Provision,Prime Consulting,Direct Consumer
2026-02-03,5500.68,Professional Fees,Azure Utilities,SmallBiz Inc
2026-01-16,5174.46,Tax Provision,Azure Utilities,Public Sector Dept
2026-01-24,7847.04,Inventory,Azure Utilities,Retail Giant A
2026-01-31,8191.12,Inventory,Global Office Ltd,SmallBiz Inc
2026-02-16,10250.49,Tax Provision,TechLogistics Corp,SmallBiz Inc
2026-03-27,3826.52,Sales Revenue,Azure Utilities,Public Sector Dept
2026-03-02,6711.67,Professional Fees,Azure Utilities,Retail Giant A
2026-02-28,4139.27,Inventory,TechLogistics Corp,Direct Consumer
2026-01-23,4330.04,Inventory,Prime Consulting,Direct Consumer
2026-01-06,10395.32,Sales Revenue,TechLogistics Corp,SmallBiz Inc
2026-02-09,5606.09,Rent,TechLogistics Corp,Direct Consumer
2026-03-09,8619.53,Rent,Global Office Ltd,Retail Giant A
2026-02-03,9837.42,Tax Provision,Prime Consulting,SmallBiz Inc
2026-03-14,9002.21,Sales Revenue,Global Office Ltd,Direct Consumer
2026-03-09,5757.17,Professional Fees,Azure Utilities,Public Sector Dept
2026-03-13,10080.67,Professional Fees,TechLogistics Corp,Public Sector Dept
2026-03-14,6734.32,Inventory,TechLogistics Corp,Public Sector Dept
2026-02-16,8423.6,Rent,Global Office Ltd,Retail Giant A
2026-01-06,8714.53,Rent,Prime Consulting,SmallBiz Inc
2026-02-14,9309.49,Rent,Global Office Ltd,Public Sector Dept
2026-02-02,9589.89,Rent,Global Office Ltd,Direct Consumer
2026-02-25,5696.81,Tax Provision,Prime Consulting,Retail Giant A
2026-03-05,5966.26,Sales Revenue,Prime Consulting,Direct Consumer
2026-01-06,7535.1,Sales Revenue,Azure Utilities,Public Sector Dept
2026-01-03,9810.0,Professional Fees,Azure Utilities,Direct Consumer
2026-01-10,4920.76,Rent,Azure Utilities,Direct Consumer
2026-03-02,6657.83,Sales Revenue,Azure Utilities,Public Sector Dept
2026-01-03,9505.43,Inventory,TechLogistics Corp,Retail Giant A
2026-01-08,6596.79,Professional Fees,Global Office Ltd,Retail Giant A
2026-02-03,9361.09,Tax Provision,Azure Utilities,SmallBiz Inc
2026-01-13,8969.04,Rent,Global Office Ltd,Retail Giant A
2026-03-28,4659.52,Rent,Prime Consulting,Retail Giant A
2026-01-02,9624.09,Professional Fees,Azure Utilities,SmallBiz Inc
2026-03-13,8698.69,Professional Fees,Azure Utilities,Public Sector Dept
2026-02-19,10456.18,Professional Fees,Global Office Ltd,Retail Giant A
2026-03-25,9069.78,Professional Fees,Prime Consulting,Retail Giant A
2026-02-28,9070.9,Inventory,Global Office Ltd,Retail Giant A
2026-03-09,4376.22,Professional Fees,TechLogistics Corp,Direct Consumer
2026-03-08,8210.71,Sales Revenue,TechLogistics Corp,SmallBiz Inc
2026-01-14,8380.99,Tax Provision,Azure Utilities,Direct Consumer
2026-01-30,7381.78,Inventory,Global Office Ltd,Public Sector Dept
2026-03-31,10839.81,Inventory,TechLogistics Corp,Public Sector Dept
2026-02-22,7619.57,Rent,Global Office Ltd,Public Sector Dept
2026-03-30,8177.67,Rent,TechLogistics Corp,Direct Consumer
2026-03-10,10435.19,Rent,Prime Consulting,SmallBiz Inc
2026-01-27,6541.69,Tax Provision,Global Office Ltd,Retail Giant A
2026-03-18,5751.83,Professional Fees,Global Office Ltd,Retail Giant A
2026-01-23,7049.18,Rent,Prime Consulting,Direct Consumer
2026-02-10,8420.92,Professional Fees,TechLogistics Corp,SmallBiz Inc
2026-01-24,8436.62,Rent,Global Office Ltd,SmallBiz Inc
2026-03-16,8136.75,Rent,Prime Consulting,Retail Giant A
2026-03-01,8142.4,Rent,TechLogistics Corp,SmallBiz Inc
2026-03-21,7553.83,Professional Fees,Azure Utilities,Public Sector Dept
2026-02-08,3422.0,Tax Provision,Global Office Ltd,Direct Consumer
2026-02-27,10491.11,Professional Fees,Prime Consulting,Direct Consumer
2026-02-17,7976.7,Sales Revenue,Prime Consulting,Retail Giant A
2026-03-21,7896.74,Rent,TechLogistics Corp,SmallBiz Inc
2026-02-13,5941.95,Inventory,TechLogistics Corp,SmallBiz Inc
2026-02-11,10772.72,Professional Fees,Prime Consulting,Public Sector Dept
2026-02-05,6116.74,Professional Fees,Azure Utilities,Retail Giant A
2026-03-22,8311.14,Tax Provision,Global Office Ltd,Public Sector Dept
2026-01-19,8696.73,Sales Revenue,Azure Utilities,Direct Consumer
2026-03-20,6806.56,Inventory,Azure Utilities,Direct Consumer
2026-01-14,3456.99,Professional Fees,Prime Consulting,Retail Giant A
2026-03-13,6243.87,Rent,Azure Utilities,Public Sector Dept
2026-02-20,6297.58,Inventory,TechLogistics Corp,Public Sector Dept
2026-02-28,7670.1,Inventory,TechLogistics Corp,Public Sector Dept
2026-02-26,9703.85,Professional Fees,Prime Consulting,Direct Consumer
2026-03-20,12084.17,Inventory,Azure Utilities,Public Sector Dept
2026-01-10,9674.44,Inventory,Prime Consulting,Public Sector Dept
2026-01-03,7824.98,Professional Fees,Azure Utilities,Public Sector Dept
2026-02-27,10310.0,Rent,Global Office Ltd,Public Sector Dept
2026-02-14,10051.82,Inventory,Prime Consulting,Direct Consumer
2026-03-27,10469.19,Rent,Azure Utilities,SmallBiz Inc
2026-02-13,11063.63,Rent,Azure Utilities,Retail Giant A
2026-02-18,8170.54,Inventory,Azure Utilities,SmallBiz Inc
2026-01-25,7153.34,Sales Revenue,Azure Utilities,Direct Consumer
2026-02-15,8149.35,Rent,Prime Consulting,Retail Giant A
2026-03-04,10803.61,Rent,Azure Utilities,Direct Consumer
2026-03-31,6260.48,Tax Provision,Prime Consulting,Public Sector Dept
2026-02-12,9797.68,Tax Provision,Azure Utilities,SmallBiz Inc
2026-03-30,10056.51,Rent,Global Office Ltd,Retail Giant A
2026-03-20,8704.74,Inventory,TechLogistics Corp,Retail Giant A
2026-03-09,8272.0,Rent,TechLogistics Corp,Direct Consumer
2026-03-31,8678.68,Sales Revenue,Global Office Ltd,SmallBiz Inc
2026-03-18,9593.77,Rent,Azure Utilities,Public Sector Dept
2026-02-21,6341.92,Inventory,TechLogistics Corp,Retail Giant A
2026-01-27,10942.33,Professional Fees,Prime Consulting,Public Sector Dept
2026-02-17,8822.2,Tax Provision,Prime Consulting,Direct Consumer
2026-01-17,7710.68,Tax Provision,Prime Consulting,Retail Giant A
2026-01-16,8890.33,Rent,Azure Utilities,Direct Consumer
2026-01-11,6523.31,Tax Provision,Global Office Ltd,Public Sector Dept
2026-01-10,10457.73,Rent,Global Office Ltd,Direct Consumer
2026-01-03,7031.85,Professional Fees,Global Office Ltd,Public Sector Dept
2026-03-20,10778.35,Inventory,Global Office Ltd,Retail Giant A
2026-03-12,8374.38,Professional Fees,Prime Consulting,Public Sector Dept
2026-03-24,5189.01,Tax Provision,Prime Consulting,SmallBiz Inc
2026-02-07,6228.68,Sales Revenue,Prime Consulting,SmallBiz Inc
2026-02-08,7946.66,Rent,Azure Utilities,Retail Giant A
2026-01-11,10619.37,Sales Revenue,TechLogistics Corp,SmallBiz Inc
2026-01-20,9732.67,Tax Provision,TechLogistics Corp,Public Sector Dept
2026-01-29,9687.26,Rent,Global Office Ltd,Direct Consumer
2026-03-11,11275.26,Inventory,Prime Consulting,Public Sector Dept
2026-02-19,8282.4,Tax Provision,Prime Consulting,Public Sector Dept
2026-03-23,7895.22,Professional Fees,Prime Consulting,Public Sector Dept
2026-01-21,9502.42,Tax Provision,Azure Utilities,SmallBiz Inc
2026-02-25,7569.67,Inventory,Prime Consulting,SmallBiz Inc
2026-01-28,8410.92,Inventory,Global Office Ltd,Global Office Ltd
2026-02-28,10938.36,Sales Revenue,Azure Utilities,SmallBiz Inc
2026-03-31,3546.1,Professional Fees,TechLogistics Corp,SmallBiz Inc
2026-02-13,8492.11,Professional Fees,Prime Consulting,Public Sector Dept
2026-01-02,6246.01,Sales Revenue,Azure Utilities,Public Sector Dept
2026-03-25,7876.29,Inventory,TechLogistics Corp,Public Sector Dept
2026-01-09,9907.86,Sales Revenue,Azure Utilities,Direct Consumer
2026-02-04,7367.71,Inventory,Global Office Ltd,SmallBiz Inc
2026-03-05,12243.08,Professional Fees,Global Office Ltd,Direct Consumer
2026-02-21,5450.66,Sales Revenue,Azure Utilities,SmallBiz Inc
2026-01-18,6314.85,Professional Fees,Global Office Ltd,Retail Giant A
2026-01-15,11840.38,Inventory,Global Office Ltd,Retail Giant A
2026-03-11,8380.95,Professional Fees,Global Office Ltd,SmallBiz Inc
2026-01-20,10255.36,Professional Fees,Global Office Ltd,Public Sector Dept
2026-03-13,9122.9,Sales Revenue,TechLogistics Corp,Direct Consumer
2026-03-25,8515.17,Professional Fees,Global Office Ltd,Retail Giant A
2026-03-21,8975.04,Sales Revenue,Prime Consulting,Direct Consumer
2026-01-20,5277.9,Tax Provision,Global Office Ltd,Direct Consumer
2026-03-09,6955.95,Professional Fees,Azure Utilities,Direct Consumer
2026-01-29,6960.11,Rent,Azure Utilities,Retail Giant A
2026-03-28,8269.09,Rent,Prime Consulting,Retail Giant A
2026-01-10,6601.05,Professional Fees,TechLogistics Corp,Public Sector Dept
2026-02-01,11961.7,Inventory,TechLogistics Corp,SmallBiz Inc
2026-02-17,8043.21,Inventory,TechLogistics Corp,Public Sector Dept
2026-01-16,7046.65,Tax Provision,Global Office Ltd,Direct Consumer
2026-03-09,12142.25,Tax Provision,Global Office Ltd,Public Sector Dept
2026-03-24,8485.59,Tax Provision,Azure Utilities,Retail Giant A
2026-03-05,9225.67,Tax Provision,Global Office Ltd,SmallBiz Inc
2026-01-07,7045.82,Professional Fees,Azure Utilities,SmallBiz Inc
2026-01-04,7922.45,Professional Fees,Global Office Ltd,Direct Consumer
2026-01-23,7592.35,Inventory,TechLogistics Corp,Public Sector Dept
2026-03-09,9438.51,Professional Fees,TechLogistics Corp,Direct Consumer
2026-02-26,10170.37,Inventory,Global Office Ltd,SmallBiz Inc
2026-01-16,2303.09,Sales Revenue,TechLogistics Corp,Retail Giant A
2026-02-15,5897.44,Professional Fees,TechLogistics Corp,SmallBiz Inc
2026-03-12,9825.16,Tax Provision,TechLogistics Corp,Retail Giant A
2026-01-16,6001.3,Inventory,Prime Consulting,Direct Consumer
2026-03-11,8562.74,Rent,Prime Consulting,Prime Consulting
2026-02-03,8315.94,Rent,Global Office Ltd,Public Sector Dept
2026-01-12,3851.15,Inventory,Prime Consulting,Direct Consumer
2026-03-13,9996.37,Sales Revenue,TechLogistics Corp,SmallBiz Inc
2026-03-26,10102.26,Professional Fees,Azure Utilities,Direct Consumer
2026-01-26,7977.12,Sales Revenue,TechLogistics Corp,SmallBiz Inc
2026-03-24,6408.82,Sales Revenue,Global Office Ltd,Retail Giant A
2026-03-26,11853.86,Professional Fees,Azure Utilities,Public Sector Dept
2026-02-28,6555.39,Tax Provision,Global Office Ltd,Public Sector Dept
2026-02-15,7471.5,Sales Revenue,Prime Consulting,Retail Giant A
2026-01-24,7016.19,Inventory,Global Office Ltd,Public Sector Dept
2026-03-02,9624.05,Tax Provision,Azure Utilities,Public Sector Dept
2026-01-27,8760.74,Inventory,Prime Consulting,Direct Consumer
2026-03-01,8441.89,Tax Provision,Global Office Ltd,Retail Giant A
2026-03-24,2911.8,Sales Revenue,Azure Utilities,Retail Giant A
2026-02-05,6755.58,Sales Revenue,Global Office Ltd,Retail Giant A
2026-02-28,8193.99,Professional Fees,TechLogistics Corp,Direct Consumer
2026-01-20,9197.72,Sales Revenue,Azure Utilities,Azure Utilities
2026-02-06,7626.2,Tax Provision,Prime Consulting,Direct Consumer
2026-02-24,8116.8,Rent,Azure Utilities,SmallBiz Inc
2026-03-30,10927.63,Sales Revenue,Azure Utilities,SmallBiz Inc
2026-01-05,7378.1,Inventory,TechLogistics Corp,Retail Giant A
2026-01-31,9608.32,Rent,TechLogistics Corp,Retail Giant A
2026-01-01,9531.53,Rent,TechLogistics Corp,Retail Giant A
2026-03-15,7867.95,Inventory,Azure Utilities,Retail Giant A
2026-02-09,7590.7,Inventory,TechLogistics Corp,Public Sector Dept
2026-02-12,7496.96,Professional Fees,Prime Consulting,Public Sector Dept
2026-03-12,5708.33,Professional Fees,Prime Consulting,SmallBiz Inc
2026-03-16,8195.58,Tax Provision,TechLogistics Corp,Direct Consumer
2026-01-25,8041.92,Sales Revenue,Global Office Ltd,Direct Consumer
2026-02-18,9496.58,Tax Provision,TechLogistics Corp,Retail Giant A
2026-02-21,8948.52,Sales Revenue,Azure Utilities,Direct Consumer
2026-02-21,8681.81,Inventory,TechLogistics Corp,Direct Consumer
2026-03-14,5584.58,Sales Revenue,Prime Consulting,Public Sector Dept
2026-01-21,9717.48,Professional Fees,Global Office Ltd,Retail Giant A
2026-01-05,8391.93,Rent,TechLogistics Corp,Public Sector Dept
2026-01-22,4526.75,Rent,Global Office Ltd,Global Office Ltd
2026-03-18,8312.99,Inventory,Azure Utilities,Public Sector Dept
2026-02-18,10047.53,Professional Fees,Prime Consulting,SmallBiz Inc
2026-01-24,4701.96,Professional Fees,Azure Utilities,SmallBiz Inc
2026-02-17,8550.18,Tax Provision,TechLogistics Corp,SmallBiz Inc
2026-01-13,9724.21,Professional Fees,Global Office Ltd,Retail Giant A
2026-02-16,4167.84,Rent,Azure Utilities,Retail Giant A
2026-03-23,6503.9,Sales Revenue,Azure Utilities,Retail Giant A
2026-03-27,8050.02,Rent,Azure Utilities,SmallBiz Inc
2026-01-13,8179.75,Professional Fees,Azure Utilities,SmallBiz Inc
2026-01-29,8921.89,Inventory,Global Office Ltd,SmallBiz Inc
2026-03-04,7601.9,Sales Revenue,Global Office Ltd,Direct Consumer
2026-01-30,7056.78,Rent,Global Office Ltd,Global Office Ltd
2026-03-26,11098.63,Professional Fees,Prime Consulting,SmallBiz Inc
2026-03-08,7636.05,Tax Provision,Azure Utilities,SmallBiz Inc
2026-03-14,9013.11,Tax Provision,Global Office Ltd,Retail Giant A
2026-01-28,8255.63,Professional Fees,TechLogistics Corp,Public Sector Dept
2026-01-10,6350.12,Professional Fees,Azure Utilities,Public Sector Dept
2026-01-29,7565.12,Sales Revenue,Global Office Ltd,Retail Giant A
2026-01-10,8073.31,Rent,TechLogistics Corp,Retail Giant A
2026-01-08,9953.17,Inventory,Prime Consulting,Retail Giant A
2026-03-05,11823.17,Sales Revenue,Global Office Ltd,Retail Giant A
2026-03-31,7242.15,Inventory,Global Office Ltd,Retail Giant A
2026-02-22,10490.48,Professional Fees,Azure Utilities,Direct Consumer
2026-03-07,7148.22,Inventory,Global Office Ltd,SmallBiz Inc
2026-03-22,5594.71,Professional Fees,Global Office Ltd,Direct Consumer
2026-01-27,8140.17,Sales Revenue,Prime Consulting,Retail Giant A
2026-03-08,5249.66,Rent,Global Office Ltd,SmallBiz Inc
2026-02-20,5867.36,Sales Revenue,TechLogistics Corp,Retail Giant A
2026-02-04,8302.81,Inventory,Azure Utilities,Public Sector Dept
2026-03-06,5736.77,Rent,Prime Consulting,Retail Giant A
2026-01-01,8013.73,Tax Provision,Azure Utilities,Retail Giant A
2026-01-03,9114.07,Rent,TechLogistics Corp,Public Sector Dept
2026-02-05,10157.81,Professional Fees,Global Office Ltd,Retail Giant A
2026-03-17,8865.56,Professional Fees,TechLogistics Corp,Direct Consumer
2026-01-28,5938.62,Inventory,TechLogistics Corp,SmallBiz Inc
2026-03-23,9202.4,Tax Provision,Global Office Ltd,Public Sector Dept
2026-03-01,8274.94,Rent,TechLogistics Corp,Direct Consumer
2026-02-07,6305.67,Professional Fees,Azure Utilities,Public Sector Dept
2026-02-04,10091.54,Tax Provision,TechLogistics Corp,Retail Giant A
2026-03-02,9795.38,Rent,Prime Consulting,Direct Consumer
2026-03-13,11390.62,Inventory,Global Office Ltd,Direct Consumer
2026-03-12,3808.16,Inventory,Prime Consulting,Direct Consumer
2026-01-13,6862.47,Sales Revenue,Global Office Ltd,Retail Giant A
2026-01-02,8375.38,Tax Provision,TechLogistics Corp,SmallBiz Inc
2026-03-11,5834.49,Sales Revenue,Prime Consulting,SmallBiz Inc
2026-03-10,11824.46,Tax Provision,Global Office Ltd,Retail Giant A
2026-01-17,7615.51,Professional Fees,TechLogistics Corp,Retail Giant A
2026-01-09,7471.02,Rent,TechLogistics Corp,Public Sector Dept
2026-03-21,5470.27,Inventory,Global Office Ltd,Retail Giant A
2026-03-26,6733.86,Professional Fees,Azure Utilities,Direct Consumer
2026-03-11,8427.74,Sales Revenue,Prime Consulting,Direct Consumer
2026-03-22,9420.55,Inventory,TechLogistics Corp,Retail Giant A
2026-02-28,8448.28,Tax Provision,Azure Utilities,Direct Consumer
2026-01-07,9827.25,Inventory,TechLogistics Corp,Public Sector Dept
2026-01-31,6297.63,Professional Fees,Azure Utilities,SmallBiz Inc
2026-03-26,10056.59,Inventory,TechLogistics Corp,Public Sector Dept
2026-01-25,7212.84,Rent,TechLogistics Corp,Public Sector Dept
2026-03-17,6107.38,Inventory,Global Office Ltd,SmallBiz Inc
2026-03-08,10228.52,Sales Revenue,Azure Utilities,Public Sector Dept
2026-02-18,6886.01,Rent,TechLogistics Corp,Public Sector Dept
2026-01-28,11005.37,Professional Fees,Prime Consulting,Retail Giant A
2026-01-16,6558.11,Inventory,Prime Consulting,SmallBiz Inc
2026-03-09,8842.25,Tax Provision,Global Office Ltd,Direct Consumer
2026-02-19,10688.66,Inventory,Global Office Ltd,Direct Consumer
2026-01-12,10227.86,Rent,Global Office Ltd,Direct Consumer
2026-01-20,6839.41,Sales Revenue,TechLogistics Corp,Public Sector Dept
2026-03-28,8270.76,Tax Provision,TechLogistics Corp,SmallBiz Inc
2026-01-26,9618.48,Inventory,Azure Utilities,SmallBiz Inc
2026-03-27,8011.35,Tax Provision,Prime Consulting,Direct Consumer
2026-03-13,11699.09,Inventory,Global Office Ltd,Retail Giant A
2026-01-24,5379.58,Sales Revenue,TechLogistics Corp,Public Sector Dept
2026-01-22,7903.57,Rent,Prime Consulting,Direct Consumer
2026-01-13,7750.54,Professional Fees,TechLogistics Corp,Public Sector Dept
2026-02-07,7626.75,Rent,Prime Consulting,Retail Giant A
2026-01-11,8856.18,Rent,TechLogistics Corp,SmallBiz Inc
2026-02-07,5632.97,Tax Provision,Prime Consulting,SmallBiz Inc
2026-02-02,7985.78,Professional Fees,Prime Consulting,Public Sector Dept
2026-02-28,10151.82,Professional Fees,Prime Consulting,Public Sector Dept
2026-03-07,7133.35,Inventory,Prime Consulting,Direct Consumer
2026-03-17,7337.84,Tax Provision,Prime Consulting,Public Sector Dept
2026-01-12,14043.59,Professional Fees,Global Office Ltd,Retail Giant A
2026-03-03,4379.02,Rent,Prime Consulting,Direct Consumer
2026-02-23,6811.59,Tax Provision,Azure Utilities,Retail Giant A
2026-03-14,7369.71,Inventory,Global Office Ltd,Retail Giant A
2026-02-24,7035.68,Tax Provision,Prime Consulting,Retail Giant A
2026-01-06,9268.52,Inventory,Azure Utilities,Retail Giant A
2026-03-13,6049.78,Professional Fees,Azure Utilities,Direct Consumer
2026-02-04,10155.36,Inventory,Global Office Ltd,Public Sector Dept
2026-03-31,7883.3,Professional Fees,Global Office Ltd,Public Sector Dept
2026-03-05,9528.59,Professional Fees,Prime Consulting,Public Sector Dept
2026-01-19,6909.18,Rent,Prime Consulting,SmallBiz Inc
2026-03-06,8069.39,Tax Provision,TechLogistics Corp,SmallBiz Inc
2026-03-06,9897.02,Sales Revenue,Global Office Ltd,Retail Giant A
2026-02-27,10031.95,Sales Revenue,Prime Consulting,Public Sector Dept
2026-03-21,8055.11,Rent,Azure Utilities,SmallBiz Inc
2026-02-08,9695.35,Rent,Prime Consulting,SmallBiz Inc
2026-03-29,7890.75,Sales Revenue,Azure Utilities,SmallBiz Inc
2026-01-21,6142.56,Inventory,Prime Consulting,Retail Giant A
2026-02-08,9027.21,Professional Fees,Global Office Ltd,SmallBiz Inc
2026-02-08,7843.57,Inventory,Prime Consulting,Public Sector Dept
2026-01-30,6902.18,Sales Revenue,TechLogistics Corp,Public Sector Dept
2026-01-02,10663.07,Rent,Global Office Ltd,Public Sector Dept
2026-02-28,8128.49,Tax Provision,Azure Utilities,Public Sector Dept
2026-03-26,7850.36,Rent,TechLogistics Corp,Retail Giant A
2026-03-01,8745.01,Tax Provision,Prime Consulting,Direct Consumer
2026-01-29,6580.1,Inventory,Prime Consulting,Retail Giant A
2026-01-28,5531.48,Inventory,Global Office Ltd,Direct Consumer
2026-03-12,6935.43,Inventory,Azure Utilities,Public Sector Dept
2026-01-27,8823.76,Inventory,Azure Utilities,SmallBiz Inc
2026-03-29,5305.38,Inventory,Azure Utilities,Retail Giant A
2026-03-18,8674.96,Sales Revenue,TechLogistics Corp,SmallBiz Inc
2026-03-22,11261.48,Inventory,Azure Utilities,Retail Giant A
2026-02-06,4357.8,Sales Revenue,Azure Utilities,Direct Consumer
2026-03-13,9546.63,Tax Provision,Prime Consulting,Direct Consumer
2026-01-14,8171.97,Inventory,TechLogistics Corp,SmallBiz Inc
2026-02-11,8356.46,Tax Provision,Prime Consulting,Retail Giant A
2026-02-06,4769.27,Sales Revenue,Prime Consulting,SmallBiz Inc
2026-03-17,7524.6,Sales Revenue,Azure Utilities,SmallBiz Inc
2026-01-04,6294.69,Tax Provision,Prime Consulting,Public Sector Dept
2026-01-04,6817.98,Tax Provision,TechLogistics Corp,Public Sector Dept
2026-02-11,7769.53,Professional Fees,Azure Utilities,Public Sector Dept
2026-02-09,4895.58,Inventory,Prime Consulting,SmallBiz Inc
2026-01-03,5928.59,Inventory,Azure Utilities,Public Sector Dept
2026-02-23,8271.28,Sales Revenue,Prime Consulting,Public Sector Dept
2026-03-11,10180.55,Rent,TechLogistics Corp,Public Sector Dept
2026-02-02,3630.72,Inventory,Global Office Ltd,SmallBiz Inc
2026-01-14,8404.03,Rent,Azure Utilities,Direct Consumer
2026-01-25,8644.01,Tax Provision,Global Office Ltd,Public Sector Dept
2026-02-07,9346.18,Professional Fees,Global Office Ltd,Retail Giant A
2026-01-01,11352.46,Tax Provision,Global Office Ltd,Retail Giant A
2026-03-25,8323.47,Sales Revenue,TechLogistics Corp,Direct Consumer
2026-02-02,7613.41,Sales Revenue,Azure Utilities,Retail Giant A
2026-03-24,6207.4,Inventory,Azure Utilities,SmallBiz Inc
2026-01-20,2289.86,Tax Provision,TechLogistics Corp,SmallBiz Inc
2026-02-28,7649.85,Tax Provision,TechLogistics Corp,Direct Consumer
2026-01-01,7485.0,Inventory,Global Office Ltd,Retail Giant A
2026-03-12,8653.97,Inventory,TechLogistics Corp,SmallBiz Inc
2026-02-28,7143.13,Rent,Azure Utilities,Direct Consumer
2026-03-25,5206.97,Rent,Azure Utilities,Retail Giant A
2026-01-08,7499.83,Inventory,Prime Consulting,Retail Giant A
2026-03-21,8521.48,Inventory,Azure Utilities,Retail Giant A
2026-01-12,8343.69,Tax Provision,Azure Utilities,Retail Giant A
2026-02-14,5854.34,Sales Revenue,TechLogistics Corp,Direct Consumer
2026-02-07,7304.89,Professional Fees,TechLogistics Corp,Public Sector Dept
2026-02-23,6598.19,Rent,TechLogistics Corp,Direct Consumer
2026-02-18,6543.58,Rent,Azure Utilities,Retail Giant A
2026-03-26,8128.46,Sales Revenue,Global Office Ltd,Retail Giant A
2026-03-10,6527.09,Tax Provision,Azure Utilities,Direct Consumer
2026-01-29,8777.19,Sales Revenue,TechLogistics Corp,Public Sector Dept
2026-02-27,9714.45,Tax Provision,Azure Utilities,SmallBiz Inc
2026-03-22,7556.86,Tax Provision,TechLogistics Corp,SmallBiz Inc
2026-02-17,4654.29,Tax Provision,Global Office Ltd,Public Sector Dept
2026-02-23,11022.4,Tax Provision,TechLogistics Corp,Direct Consumer
2026-01-30,6142.82,Professional Fees,Azure Utilities,SmallBiz Inc
2026-01-23,6138.09,Inventory,Prime Consulting,Direct Consumer
2026-03-18,7600.08,Sales Revenue,TechLogistics Corp,Direct Consumer
2026-03-16,5663.12,Rent,TechLogistics Corp,SmallBiz Inc
2026-03-09,6204.82,Professional Fees,TechLogistics Corp,Direct Consumer
2026-01-21,5402.95,Sales Revenue,TechLogistics Corp,SmallBiz Inc
2026-03-13,7657.25,Sales Revenue,TechLogistics Corp,Direct Consumer
2026-03-05,6099.76,Rent,Global Office Ltd,Direct Consumer
2026-03-15,10370.49,Professional Fees,Global Office Ltd,Direct Consumer
2026-02-22,6653.12,Inventory,Azure Utilities,Direct Consumer
2026-03-24,9155.35,Tax Provision,TechLogistics Corp,Public Sector Dept
2026-01-16,7019.72,Tax Provision,Azure Utilities,Direct Consumer
2026-01-01,5313.88,Tax Provision,Prime Consulting,Retail Giant A
2026-02-17,7641.02,Professional Fees,TechLogistics Corp,Public Sector Dept
2026-01-22,2643.25,Inventory,Azure Utilities,SmallBiz Inc
2026-02-14,7541.75,Rent,TechLogistics Corp,Direct Consumer
2026-01-04,9185.81,Rent,Prime Consulting,Public Sector Dept
2026-02-18,6324.34,Rent,Prime Consulting,Retail Giant A
2026-02-15,8900.8,Tax Provision,Global Office Ltd,Retail Giant A
2026-03-21,12090.26,Inventory,Global Office Ltd,Public Sector Dept
2026-03-01,6669.64,Rent,TechLogistics Corp,SmallBiz Inc
2026-02-23,9837.02,Inventory,Global Office Ltd,Retail Giant A
2026-01-18,4591.93,Professional Fees,Prime Consulting,SmallBiz Inc
2026-03-29,7587.79,Rent,Prime Consulting,Public Sector Dept
2026-03-12,10986.43,Tax Provision,Azure Utilities,Direct Consumer
2026-01-27,7503.27,Sales Revenue,Azure Utilities,SmallBiz Inc
2026-02-03,5881.15,Professional Fees,Global Office Ltd,Public Sector Dept
2026-01-26,4147.13,Rent,Prime Consulting,Retail Giant A
2026-02-20,7560.0,Inventory,Azure Utilities,SmallBiz Inc
2026-01-04,9375.46,Tax Provision,TechLogistics Corp,Retail Giant A
2026-03-19,5603.45,Sales Revenue,Global Office Ltd,Retail Giant A
2026-01-30,11137.85,Rent,Global Office Ltd,Public Sector Dept
2026-01-24,9320.32,Inventory,Azure Utilities,SmallBiz Inc
2026-01-11,5609.26,Sales Revenue,Azure Utilities,SmallBiz Inc
2026-03-17,8223.07,Rent,TechLogistics Corp,Retail Giant A
2026-02-01,5098.06,Professional Fees,Prime Consulting,Public Sector Dept
2026-01-15,7838.8,Tax Provision,Azure Utilities,SmallBiz Inc
2026-03-24,11763.81,Tax Provision,Prime Consulting,SmallBiz Inc
2026-01-19,8955.36,Inventory,TechLogistics Corp,Public Sector Dept
2026-03-02,6806.67,Rent,Azure Utilities,Public Sector Dept
2026-02-18,6269.83,Inventory,Azure Utilities,Retail Giant A
2026-03-02,12142.77,Tax Provision,Global Office Ltd,Retail Giant A
2026-02-16,12326.14,Tax Provision,Prime Consulting,Retail Giant A
2026-03-11,6085.45,Tax Provision,Prime Consulting,SmallBiz Inc
2026-02-26,10030.17,Professional Fees,Prime Consulting,SmallBiz Inc
2026-01-01,7920.53,Tax Provision,Prime Consulting,SmallBiz Inc
2026-02-15,14290.76,Professional Fees,Global Office Ltd,Retail Giant A
2026-03-20,8095.9,Sales Revenue,Global Office Ltd,Direct Consumer
2026-03-16,6817.7,Tax Provision,TechLogistics Corp,Public Sector Dept
2026-02-14,3437.24,Tax Provision,Global Office Ltd,SmallBiz Inc
2026-01-07,7184.35,Tax Provision,Azure Utilities,SmallBiz Inc
2026-01-22,9105.99,Tax Provision,TechLogistics Corp,Retail Giant A
2026-03-23,9454.9,Tax Provision,Azure Utilities,Direct Consumer
2026-01-26,6724.52,Inventory,TechLogistics Corp,SmallBiz Inc
2026-01-23,8779.69,Rent,Prime Consulting,Direct Consumer
2026-03-14,9960.53,Rent,Prime Consulting,Public Sector Dept
2026-03-30,9848.07,Professional Fees,Azure Utilities,Public Sector Dept
2026-03-14,7072.43,Professional Fees,Global Office Ltd,SmallBiz Inc
2026-02-13,10588.23,Professional Fees,TechLogistics Corp,Public Sector Dept
2026-03-12,7032.65,Rent,Global Office Ltd,Public Sector Dept
2026-03-23,5690.48,Professional Fees,Azure Utilities,Direct Consumer
2026-03-16,7347.94,Inventory,TechLogistics Corp,Direct Consumer
2026-02-22,2730.72,Rent,Global Office Ltd,SmallBiz Inc
2026-02-17,7141.74,Rent,TechLogistics Corp,Retail Giant A
2026-01-31,12683.43,Sales Revenue,TechLogistics Corp,Public Sector Dept
2026-03-16,6925.69,Professional Fees,Prime Consulting,Retail Giant A
2026-01-17,4983.34,Sales Revenue,Prime Consulting,Public Sector Dept
2026-03-07,8543.01,Tax Provision,TechLogistics Corp,SmallBiz Inc
2026-02-03,12299.32,Professional Fees,Prime Consulting,Public Sector Dept
2026-02-15,8948.07,Tax Provision,Prime Consulting,Retail Giant A
2026-02-15,8323.49,Tax Provision,Prime Consulting,Direct Consumer
2026-02-21,11558.73,Rent,Azure Utilities,SmallBiz Inc
2026-03-11,8578.65,Inventory,Global Office Ltd,Public Sector Dept
2026-02-04,8610.35,Tax Provision,TechLogistics Corp,Direct Consumer
2026-03-19,10114.29,Sales Revenue,Azure Utilities,SmallBiz Inc
2026-02-24,7670.29,Sales Revenue,Azure Utilities,SmallBiz Inc
2026-03-20,7912.04,Rent,Azure Utilities,Direct Consumer
2026-02-06,11651.99,Inventory,Azure Utilities,SmallBiz Inc
2026-03-12,9268.57,Rent,Global Office Ltd,Public Sector Dept
2026-01-29,10808.39,Tax Provision,Global Office Ltd,Public Sector Dept
2026-01-23,8698.78,Professional Fees,Global Office Ltd,Retail Giant A
2026-01-22,8194.78,Sales Revenue,Azure Utilities,Retail Giant A
2026-03-23,7597.77,Professional Fees,Prime Consulting,Direct Consumer
2026-01-25,11076.51,Sales Revenue,Prime Consulting,Public Sector Dept
2026-01-20,5268.13,Professional Fees,TechLogistics Corp,Retail Giant A
2026-01-11,8305.8,Sales Revenue,Prime Consulting,SmallBiz Inc
2026-01-13,9911.91,Sales Revenue,Global Office Ltd,Direct Consumer
2026-03-15,8322.8,Professional Fees,Azure Utilities,Public Sector Dept
2026-01-04,10175.43,Tax Provision,TechLogistics Corp,SmallBiz Inc
2026-02-14,8855.88,Sales Revenue,Prime Consulting,SmallBiz Inc
2026-03-15,7171.65,Professional Fees,TechLogistics Corp,Public Sector Dept
2026-01-04,6069.92,Professional Fees,Global Office Ltd,Public Sector Dept
2026-02-21,3532.71,Inventory,Global Office Ltd,Retail Giant A
2026-02-02,3427.55,Rent,Global Office Ltd,Public Sector Dept
2026-02-08,6956.23,Tax Provision,Azure Utilities,Direct Consumer
2026-03-29,7304.05,Sales Revenue,Global Office Ltd,Retail Giant A
2026-03-04,9372.28,Professional Fees,Azure Utilities,Retail Giant A
2026-02-22,7486.6,Inventory,Prime Consulting,Public Sector Dept
2026-03-12,10528.18,Inventory,Prime Consulting,SmallBiz Inc
2026-02-13,8221.99,Tax Provision,Azure Utilities,SmallBiz Inc
2026-03-04,6209.04,Professional Fees,Prime Consulting,SmallBiz Inc
2026-01-21,7591.28,Professional Fees,Global Office Ltd,Retail Giant A
2026-03-06,12521.64,Rent,Global Office Ltd,Retail Giant A
2026-03-17,8230.26,Inventory,Azure Utilities,Retail Giant A
2026-02-10,9208.79,Sales Revenue,Prime Consulting,Retail Giant A
2026-02-21,5709.81,Tax Provision,Global Office Ltd,Retail Giant A
2026-02-01,10302.89,Professional Fees,Prime Consulting,Public Sector Dept
2026-01-10,7369.26,Professional Fees,Prime Consulting,Direct Consumer
2026-03-17,9604.18,Inventory,Azure Utilities,Retail Giant A
2026-03-13,7802.52,Inventory,Global Office Ltd,SmallBiz Inc
2026-02-04,9324.16,Tax Provision,TechLogistics Corp,Direct Consumer
2026-03-06,10157.93,Professional Fees,Prime Consulting,Direct Consumer
2026-02-11,6148.54,Tax Provision,Prime Consulting,Retail Giant A
2026-01-06,6651.34,Professional Fees,Azure Utilities,Public Sector Dept
2026-01-19,7657.68,Rent,Azure Utilities,Retail Giant A
2026-02-28,7003.74,Rent,Prime Consulting,Retail Giant A
2026-03-14,5887.29,Professional Fees,Azure Utilities,Retail Giant A
2026-01-12,8507.09,Professional Fees,Prime Consulting,Public Sector Dept
2026-01-31,4801.07,Rent,Prime Consulting,Direct Consumer
2026-01-25,6053.15,Inventory,Azure Utilities,Public Sector Dept
2026-01-14,4927.33,Professional Fees,Global Office Ltd,Direct Consumer
2026-02-20,8170.89,Sales Revenue,Global Office Ltd,SmallBiz Inc
2026-01-20,9402.27,Professional Fees,TechLogistics Corp,SmallBiz Inc
2026-02-27,5157.38,Sales Revenue,Azure Utilities,Retail Giant A
2026-01-06,5604.71,Sales Revenue,Global Office Ltd,Direct Consumer
2026-01-27,5326.4,Professional Fees,Azure Utilities,SmallBiz Inc
2026-02-13,7918.44,Professional Fees,Global Office Ltd,Retail Giant A
2026-02-27,7010.34,Tax Provision,Prime Consulting,Retail Giant A
2026-03-29,8796.25,Inventory,Prime Consulting,Public Sector Dept
2026-03-25,8028.98,Inventory,Prime Consulting,Public Sector Dept
2026-02-04,4523.29,Professional Fees,TechLogistics Corp,Direct Consumer
2026-01-18,9839.14,Tax Provision,Prime Consulting,SmallBiz Inc
2026-01-23,8304.35,Sales Revenue,Global Office Ltd,SmallBiz Inc
2026-02-26,10867.21,Sales Revenue,Global Office Ltd,SmallBiz Inc
2026-01-08,8144.7,Tax Provision,Global Office Ltd,Retail Giant A
2026-03-26,7322.26,Tax Provision,Global Office Ltd,Retail Giant A
2026-01-27,4265.78,Tax Provision,TechLogistics Corp,TechLogistics Corp
2026-01-24,8417.03,Inventory,Prime Consulting,Direct Consumer
2026-03-20,6282.47,Professional Fees,TechLogistics Corp,Retail Giant A
2026-01-06,8089.13,Tax Provision,Global Office Ltd,SmallBiz Inc
2026-01-24,7435.44,Professional Fees,Global Office Ltd,Public Sector Dept
2026-03-25,10796.36,Tax Provision,Azure Utilities,SmallBiz Inc
2026-03-28,8813.09,Rent,TechLogistics Corp,Retail Giant A
2026-02-01,10242.15,Sales Revenue,Global Office Ltd,Direct Consumer
2026-01-08,8709.76,Tax Provision,Prime Consulting,Public Sector Dept
2026-02-27,8898.9,Inventory,Prime Consulting,Retail Giant A
2026-02-25,4795.44,Sales Revenue,Global Office Ltd,Retail Giant A
2026-01-10,7228.0,Professional Fees,TechLogistics Corp,Direct Consumer
2026-02-16,8174.9,Rent,Prime Consulting,Direct Consumer
2026-01-05,8627.97,Professional Fees,TechLogistics Corp,Retail Giant A
2026-01-14,9230.35,Sales Revenue,TechLogistics Corp,Retail Giant A
2026-03-10,7409.04,Professional Fees,TechLogistics Corp,Public Sector Dept
2026-02-01,9032.47,Inventory,TechLogistics Corp,Retail Giant A
2026-01-11,5266.67,Inventory,Global Office Ltd,SmallBiz Inc
2026-01-08,3860.12,Inventory,Azure Utilities,Direct Consumer
2026-02-09,8670.55,Tax Provision,Prime Consulting,Public Sector Dept
2026-02-24,10461.74,Tax Provision,TechLogistics Corp,Public Sector Dept
2026-03-17,9157.59,Professional Fees,Azure Utilities,Retail Giant A
2026-01-30,7739.95,Tax Provision,TechLogistics Corp,Retail Giant A
2026-02-27,9341.67,Rent,Prime Consulting,Retail Giant A
2026-02-04,9260.64,Sales Revenue,Prime Consulting,Retail Giant A
2026-02-07,7036.93,Inventory,TechLogistics Corp,SmallBiz Inc
2026-01-28,6980.61,Professional Fees,TechLogistics Corp,Public Sector Dept
2026-02-27,7305.52,Tax Provision,Prime Consulting,Public Sector Dept
2026-03-28,10238.62,Rent,TechLogistics Corp,Retail Giant A
2026-01-07,10675.68,Rent,Azure Utilities,SmallBiz Inc
2026-01-06,7370.36,Tax Provision,Azure Utilities,Public Sector Dept
2026-01-02,8096.12,Professional Fees,Global Office Ltd,SmallBiz Inc
2026-03-19,6650.82,Inventory,Global Office Ltd,Direct Consumer
2026-03-05,8811.89,Inventory,Prime Consulting,Public Sector Dept
2026-01-15,6159.33,Inventory,Global Office Ltd,Public Sector Dept
2026-03-28,7312.46,Tax Provision,Prime Consulting,SmallBiz Inc
2026-02-04,7362.78,Professional Fees,Prime Consulting,Public Sector Dept
2026-01-24,9283.6,Sales Revenue,Global Office Ltd,Retail Giant A
2026-02-15,6175.42,Rent,TechLogistics Corp,Retail Giant A
2026-02-25,8821.22,Professional Fees,Azure Utilities,Public Sector Dept
2026-01-13,12052.74,Rent,Azure Utilities,Public Sector Dept
2026-02-11,8410.8,Inventory,Prime Consulting,Public Sector Dept
2026-01-28,7936.02,Inventory,TechLogistics Corp,Retail Giant A
2026-02-18,8140.77,Professional Fees,Azure Utilities,SmallBiz Inc
2026-02-25,10250.42,Professional Fees,Prime Consulting,Direct Consumer
2026-02-02,6703.17,Inventory,TechLogistics Corp,Public Sector Dept
2026-03-22,11656.93,Tax Provision,Global Office Ltd,SmallBiz Inc
2026-03-02,6350.67,Rent,TechLogistics Corp,Direct Consumer
2026-02-01,6130.32,Tax Provision,Prime Consulting,Public Sector Dept
2026-01-21,8336.91,Inventory,Prime Consulting,Retail Giant A
2026-02-15,6658.19,Professional Fees,Azure Utilities,Retail Giant A
2026-03-26,7147.58,Professional Fees,TechLogistics Corp,Public Sector Dept
2026-01-19,8153.87,Sales Revenue,Azure Utilities,Retail Giant A
2026-03-07,7166.46,Sales Revenue,Azure Utilities,Retail Giant A
2026-01-14,7690.13,Sales Revenue,TechLogistics Corp,SmallBiz Inc
2026-01-21,9954.8,Tax Provision,Global Office Ltd,SmallBiz Inc
2026-02-21,8948.44,Tax Provision,Azure Utilities,Direct Consumer
2026-03-29,6739.02,Rent,Azure Utilities,SmallBiz Inc
2026-01-25,7567.88,Rent,Prime Consulting,SmallBiz Inc
2026-03-27,10292.11,Rent,TechLogistics Corp,Direct Consumer
2026-01-07,9697.05,Tax Provision,Global Office Ltd,Retail Giant A
2026-03-04,6004.26,Rent,Global Office Ltd,Retail Giant A
2026-03-18,8581.34,Rent,Global Office Ltd,SmallBiz Inc
2026-01-04,9753.37,Professional Fees,Global Office Ltd,Retail Giant A
2026-02-16,5582.08,Inventory,Azure Utilities,Direct Consumer
2026-01-14,5897.91,Inventory,Azure Utilities,SmallBiz Inc
2026-02-24,6666.88,Tax Provision,TechLogistics Corp,Retail Giant A
2026-01-22,7625.02,Sales Revenue,TechLogistics Corp,Retail Giant A
2026-01-26,10023.03,Sales Revenue,TechLogistics Corp,Direct Consumer
2026-02-22,8206.9,Tax Provision,Prime Consulting,Retail Giant A
2026-01-22,6189.02,Professional Fees,Prime Consulting,Direct Consumer
2026-03-19,7401.73,Inventory,Global Office Ltd,Direct Consumer
2026-03-02,9436.2,Inventory,Azure Utilities,Azure Utilities
2026-03-28,9914.87,Professional Fees,Global Office Ltd,Public Sector Dept
2026-03-23,4012.38,Sales Revenue,Prime Consulting,SmallBiz Inc
2026-01-05,11158.38,Inventory,TechLogistics Corp,Public Sector Dept
2026-02-22,8362.9,Sales Revenue,Azure Utilities,Retail Giant A
2026-01-13,10381.26,Sales Revenue,TechLogistics Corp,Direct Consumer
2026-02-05,8863.68,Rent,Prime Consulting,Direct Consumer
2026-03-20,10351.46,Inventory,Prime Consulting,Retail Giant A
2026-03-14,6799.87,Tax Provision,Prime Consulting,SmallBiz Inc
2026-01-30,8507.25,Professional Fees,Prime Consulting,Public Sector Dept
2026-01-25,6339.96,Tax Provision,Global Office Ltd,Direct Consumer
2026-02-25,10264.15,Professional Fees,TechLogistics Corp,Public Sector Dept
2026-01-11,8833.28,Rent,TechLogistics Corp,Public Sector Dept
2026-01-28,8536.81,Professional Fees,TechLogistics Corp,Public Sector Dept
2026-01-29,8783.72,Inventory,Prime Consulting,Retail Giant A
2026-03-28,11246.08,Inventory,Azure Utilities,Retail Giant A
2026-02-22,9148.8,Tax Provision,Prime Consulting,Public Sector Dept
2026-02-16,6404.85,Rent,Prime Consulting,Retail Giant A
2026-03-19,4817.93,Inventory,Azure Utilities,SmallBiz Inc
2026-01-09,9394.37,Rent,TechLogistics Corp,Retail Giant A
2026-03-17,9856.1,Rent,TechLogistics Corp,Public Sector Dept
2026-02-20,5028.05,Inventory,Global Office Ltd,Retail Giant A
2026-01-07,9790.38,Inventory,Prime Consulting,Retail Giant A
2026-03-23,6214.9,Professional Fees,Azure Utilities,Public Sector Dept
2026-03-25,8008.99,Sales Revenue,TechLogistics Corp,Direct Consumer
2026-02-20,10955.56,Rent,Azure Utilities,SmallBiz Inc
2026-03-31,8660.16,Sales Revenue,Global Office Ltd,Direct Consumer
2026-02-23,12185.04,Inventory,Azure Utilities,Direct Consumer
2026-02-24,8668.42,Tax Provision,Azure Utilities,Direct Consumer
2026-03-09,7320.25,Professional Fees,Global Office Ltd,SmallBiz Inc
2026-01-28,5444.67,Professional Fees,Prime Consulting,Direct Consumer
2026-01-03,6069.52,Professional Fees,Global Office Ltd,Retail Giant A
2026-02-08,9142.12,Rent,Prime Consulting,SmallBiz Inc
2026-03-15,7617.56,Tax Provision,Prime Consulting,Public Sector Dept
2026-02-11,7571.2,Rent,Prime Consulting,SmallBiz Inc
2026-02-22,7125.79,Professional Fees,Azure Utilities,Azure Utilities
2026-03-28,10479.71,Rent,Global Office Ltd,SmallBiz Inc
2026-02-22,7792.93,Professional Fees,Prime Consulting,Direct Consumer
2026-02-16,11207.13,Sales Revenue,Prime Consulting,SmallBiz Inc
2026-01-20,11070.58,Inventory,Prime Consulting,Retail Giant A
2026-02-10,3830.56,Rent,TechLogistics Corp,Retail Giant A
2026-02-24,10828.03,Professional Fees,Prime Consulting,Public Sector Dept
2026-01-28,6092.44,Tax Provision,Prime Consulting,Public Sector Dept
2026-02-13,5456.24,Rent,Prime Consulting,SmallBiz Inc
2026-03-02,4240.18,Rent,TechLogistics Corp,Retail Giant A
2026-03-12,8507.53,Professional Fees,Azure Utilities,Public Sector Dept
2026-02-22,10243.25,Professional Fees,Prime Consulting,Public Sector Dept
2026-01-24,7204.82,Inventory,Prime Consulting,SmallBiz Inc
2026-03-23,9755.94,Rent,TechLogistics Corp,Retail Giant A
2026-01-04,8423.63,Inventory,Prime Consulting,Direct Consumer
2026-03-30,9417.93,Rent,Prime Consulting,SmallBiz Inc
2026-03-09,7093.34,Inventory,Global Office Ltd,Public Sector Dept
2026-02-16,6567.26,Rent,TechLogistics Corp,Direct Consumer
2026-03-03,10529.32,Professional Fees,Azure Utilities,Retail Giant A
2026-01-07,6911.98,Rent,Global Office Ltd,Public Sector Dept
2026-02-01,11884.74,Tax Provision,Global Office Ltd,Public Sector Dept
2026-03-05,4544.8,Sales Revenue,Azure Utilities,Retail Giant A
2026-03-24,8493.08,Professional Fees,Global Office Ltd,Direct Consumer
2026-01-11,6571.69,Sales Revenue,Global Office Ltd,SmallBiz Inc
2026-02-17,9809.38,Professional Fees,Global Office Ltd,Public Sector Dept
2026-02-28,10093.09,Sales Revenue,Prime Consulting,Retail Giant A
2026-03-04,9423.61,Professional Fees,Global Office Ltd,SmallBiz Inc
2026-03-12,8619.85,Sales Revenue,TechLogistics Corp,SmallBiz Inc
2026-01-24,10122.86,Sales Revenue,Azure Utilities,Retail Giant A
2026-01-03,9532.66,Sales Revenue,Azure Utilities,Public Sector Dept
2026-02-12,6744.02,Rent,Azure Utilities,SmallBiz Inc
2026-02-17,6246.1,Sales Revenue,Azure Utilities,Public Sector Dept
2026-01-21,7561.41,Inventory,TechLogistics Corp,Direct Consumer
2026-02-16,5885.6,Rent,TechLogistics Corp,SmallBiz Inc
2026-03-30,8432.96,Rent,Prime Consulting,SmallBiz Inc
2026-02-25,7533.08,Tax Provision,Prime Consulting,SmallBiz Inc
2026-03-29,11130.65,Professional Fees,Prime Consulting,SmallBiz Inc
2026-02-15,6872.21,Tax Provision,Prime Consulting,SmallBiz Inc
2026-01-20,9282.93,Professional Fees,Prime Consulting,Public Sector Dept
2026-01-26,5476.05,Professional Fees,Prime Consulting,SmallBiz Inc
2026-01-16,9434.82,Inventory,Prime Consulting,Direct Consumer
2026-03-30,10523.19,Rent,Azure Utilities,Retail Giant A
2026-01-21,8665.87,Sales Revenue,Azure Utilities,Public Sector Dept
2026-03-08,12840.33,Inventory,Azure Utilities,Direct Consumer
2026-03-27,5660.54,Professional Fees,Prime Consulting,SmallBiz Inc
2026-01-19,7477.71,Rent,Prime Consulting,Retail Giant A
2026-01-24,12885.29,Inventory,TechLogistics Corp,Public Sector Dept
2026-03-19,5222.37,Tax Provision,Prime Consulting,Retail Giant A
2026-01-27,6313.3,Sales Revenue,Azure Utilities,Direct Consumer
2026-03-19,6172.65,Tax Provision,Global Office Ltd,SmallBiz Inc
2026-01-23,6672.64,Sales Revenue,Azure Utilities,Public Sector Dept
2026-02-20,4738.72,Professional Fees,Global Office Ltd,Public Sector Dept
2026-03-01,9733.97,Sales Revenue,Prime Consulting,Public Sector Dept
2026-01-25,11246.61,Inventory,Prime Consulting,Direct Consumer
2026-01-14,9281.79,Tax Provision,Global Office Ltd,SmallBiz Inc
2026-02-03,5427.59,Rent,Prime Consulting,Direct Consumer
2026-03-11,5424.83,Inventory,Azure Utilities,SmallBiz Inc
2026-02-08,7455.76,Professional Fees,Prime Consulting,SmallBiz Inc
2026-03-17,7450.85,Sales Revenue,Global Office Ltd,Retail Giant A
2026-02-10,7608.84,Tax Provision,Global Office Ltd,Retail Giant A
2026-02-27,7381.7,Professional Fees,TechLogistics Corp,SmallBiz Inc
2026-02-20,11309.77,Inventory,Global Office Ltd,SmallBiz Inc
2026-02-21,7019.4,Inventory,Azure Utilities,Retail Giant A
2026-02-27,11423.34,Tax Provision,Azure Utilities,Public Sector Dept
2026-02-16,10033.35,Inventory,Prime Consulting,Public Sector Dept
2026-03-28,6009.16,Inventory,Prime Consulting,Direct Consumer
2026-01-12,5967.46,Rent,Global Office Ltd,Retail Giant A
2026-02-06,8394.53,Inventory,Prime Consulting,Direct Consumer
2026-02-11,6023.03,Sales Revenue,TechLogistics Corp,Direct Consumer
2026-03-04,9225.23,Professional Fees,Global Office Ltd,Direct Consumer
2026-01-21,7581.48,Sales Revenue,TechLogistics Corp,Public Sector Dept
2026-03-08,4964.82,Sales Revenue,Global Office Ltd,Public Sector Dept
2026-03-25,10572.42,Professional Fees,Prime Consulting,Direct Consumer
2026-01-25,6390.88,Inventory,Azure Utilities,Public Sector Dept
2026-03-31,7455.05,Inventory,Prime Consulting,Direct Consumer
2026-03-09,8953.08,Rent,Azure Utilities,SmallBiz Inc
2026-02-24,6945.39,Sales Revenue,Prime Consulting,Public Sector Dept
2026-01-03,7302.56,Professional Fees,Prime Consulting,SmallBiz Inc
2026-01-14,8587.22,Tax Provision,Azure Utilities,Retail Giant A
2026-02-09,9620.89,Rent,Global Office Ltd,SmallBiz Inc
2026-01-05,8787.64,Tax Provision,Prime Consulting,Retail Giant A
2026-01-31,6394.01,Inventory,Azure Utilities,Retail Giant A
2026-03-30,7076.11,Inventory,TechLogistics Corp,Public Sector Dept
2026-01-27,6035.43,Inventory,Global Office Ltd,Retail Giant A
2026-02-01,7900.05,Inventory,Azure Utilities,Public Sector Dept
2026-03-01,9235.32,Professional Fees,Global Office Ltd,SmallBiz Inc
2026-03-12,2519.31,Tax Provision,Azure Utilities,Public Sector Dept
2026-01-14,7461.46,Tax Provision,Azure Utilities,Retail Giant A
2026-01-19,6931.48,Inventory,Global Office Ltd,Public Sector Dept
2026-03-20,10622.56,Rent,Azure Utilities,Direct Consumer
2026-02-10,5961.02,Tax Provision,TechLogistics Corp,Public Sector Dept
2026-02-09,10039.02,Rent,TechLogistics Corp,Retail Giant A
2026-02-02,4094.26,Rent,Azure Utilities,SmallBiz Inc
2026-03-29,8511.56,Sales Revenue,TechLogistics Corp,SmallBiz Inc
2026-03-13,6497.27,Sales Revenue,Prime Consulting,SmallBiz Inc
2026-03-17,7625.13,Rent,Global Office Ltd,Retail Giant A
2026-03-12,7912.42,Rent,Prime Consulting,Retail Giant A
2026-02-13,9309.89,Professional Fees,Global Office Ltd,Direct Consumer
2026-03-18,12495.53,Tax Provision,Prime Consulting,SmallBiz Inc
2026-01-23,13033.94,Inventory,TechLogistics Corp,Public Sector Dept
2026-02-17,4917.16,Tax Provision,Prime Consulting,Public Sector Dept
2026-02-28,7896.81,Tax Provision,Prime Consulting,Direct Consumer
2026-03-01,6146.73,Sales Revenue,TechLogistics Corp,SmallBiz Inc
2026-02-16,7989.38,Tax Provision,TechLogistics Corp,Retail Giant A
2026-03-29,7085.63,Sales Revenue,Azure Utilities,SmallBiz Inc
2026-03-18,6409.46,Sales Revenue,Azure Utilities,Public Sector Dept
2026-01-27,9341.87,Tax Provision,Prime Consulting,Retail Giant A
2026-01-24,8635.01,Inventory,Azure Utilities,Direct Consumer
2026-02-18,6519.25,Sales Revenue,Global Office Ltd,Public Sector Dept
2026-01-27,4952.48,Rent,Prime Consulting,Public Sector Dept
2026-02-13,7680.72,Tax Provision,Prime Consulting,Direct Consumer
2026-03-04,9293.38,Tax Provision,Prime Consulting,Direct Consumer
2026-01-23,7344.64,Sales Revenue,Azure Utilities,Public Sector Dept
2026-03-20,6648.89,Inventory,Global Office Ltd,Public Sector Dept
2026-02-18,5675.06,Rent,Global Office Ltd,Direct Consumer
2026-01-20,6050.9,Inventory,Azure Utilities,SmallBiz Inc
2026-02-23,6435.95,Rent,Prime Consulting,SmallBiz Inc
2026-03-25,5529.24,Sales Revenue,Global Office Ltd,SmallBiz Inc
2026-03-08,5905.46,Inventory,Prime Consulting,Retail Giant A
2026-01-16,6467.08,Tax Provision,Prime Consulting,SmallBiz Inc
2026-01-02,7305.48,Inventory,Global Office Ltd,Public Sector Dept
2026-02-07,8992.68,Sales Revenue,TechLogistics Corp,SmallBiz Inc
2026-03-08,8463.92,Tax Provision,Global Office Ltd,Direct Consumer
2026-01-18,5459.07,Tax Provision,Azure Utilities,Public Sector Dept
2026-01-30,10726.03,Rent,Prime Consulting,Public Sector Dept
2026-02-02,7744.88,Rent,Prime Consulting,SmallBiz Inc
2026-03-03,8298.51,Professional Fees,TechLogistics Corp,Public Sector Dept
2026-02-27,6226.03,Professional Fees,Azure Utilities,Direct Consumer
2026-01-13,7754.86,Inventory,Azure Utilities,Public Sector Dept
2026-03-09,4223.55,Rent,Global Office Ltd,Public Sector Dept
2026-01-15,10028.38,Sales Revenue,Global Office Ltd,Direct Consumer
2026-02-13,7147.55,Professional Fees,TechLogistics Corp,SmallBiz Inc
2026-03-04,8194.92,Tax Provision,TechLogistics Corp,Direct Consumer
2026-03-23,7304.58,Tax Provision,Azure Utilities,SmallBiz Inc
2026-01-15,8945.48,Inventory,Prime Consulting,SmallBiz Inc
2026-02-08,6561.97,Rent,Prime Consulting,Direct Consumer
2026-02-04,9850.18,Sales Revenue,TechLogistics Corp,Direct Consumer
2026-01-14,6479.08,Sales Revenue,Global Office Ltd,SmallBiz Inc
2026-03-05,8642.3,Tax Provision,TechLogistics Corp,SmallBiz Inc
2026-01-08,6080.54,Sales Revenue,Azure Utilities,Retail Giant A
2026-03-10,8159.89,Professional Fees,Azure Utilities,Public Sector Dept
2026-02-23,12989.5,Tax Provision,TechLogistics Corp,Public Sector Dept
2026-01-05,8198.11,Inventory,TechLogistics Corp,Public Sector Dept
2026-03-24,7884.67,Professional Fees,Prime Consulting,SmallBiz Inc
2026-01-24,9816.63,Professional Fees,Azure Utilities,Direct Consumer
2026-03-08,5736.52,Sales Revenue,Azure Utilities,SmallBiz Inc
2026-01-03,12171.26,Professional Fees,Global Office Ltd,SmallBiz Inc
2026-03-27,6073.25,Professional Fees,Azure Utilities,Direct Consumer
2026-03-29,7080.9,Professional Fees,Global Office Ltd,Retail Giant A
2026-01-04,8346.48,Tax Provision,Prime Consulting,Direct Consumer
2026-02-12,7800.23,Professional Fees,TechLogistics Corp,SmallBiz Inc
2026-03-03,10058.06,Inventory,TechLogistics Corp,Public Sector Dept
2026-03-18,6980.81,Sales Revenue,TechLogistics Corp,Public Sector Dept
2026-03-08,7788.29,Sales Revenue,TechLogistics Corp,Retail Giant A
2026-03-13,6486.07,Rent,Global Office Ltd,SmallBiz Inc
2026-01-10,3796.78,Inventory,Prime Consulting,Public Sector Dept
2026-01-02,7745.49,Inventory,Global Office Ltd,Direct Consumer
2026-01-22,6068.38,Inventory,Azure Utilities,SmallBiz Inc
2026-01-07,6529.8,Tax Provision,TechLogistics Corp,Retail Giant A
2026-02-12,5842.27,Sales Revenue,Prime Consulting,Public Sector Dept
2026-02-28,8408.68,Rent,TechLogistics Corp,Direct Consumer
2026-02-15,4942.72,Professional Fees,TechLogistics Corp,Public Sector Dept
2026-01-14,10784.94,Rent,Global Office Ltd,Retail Giant A
2026-02-11,10435.77,Professional Fees,TechLogistics Corp,SmallBiz Inc
2026-03-13,8293.74,Rent,TechLogistics Corp,Public Sector Dept
2026-03-31,6748.71,Sales Revenue,Prime Consulting,SmallBiz Inc
2026-03-12,8990.19,Sales Revenue,Global Office Ltd,SmallBiz Inc
2026-02-16,5054.06,Professional Fees,TechLogistics Corp,Direct Consumer
2026-01-03,7721.05,Tax Provision,Prime Consulting,Retail Giant A
2026-03-20,7886.51,Professional Fees,Prime Consulting,Public Sector Dept
2026-02-19,8192.19,Sales Revenue,Azure Utilities,Direct Consumer
2026-01-28,6935.0,Professional Fees,Global Office Ltd,SmallBiz Inc
2026-03-29,9295.25,Inventory,Global Office Ltd,SmallBiz Inc
2026-02-15,8320.64,Professional Fees,TechLogistics Corp,Retail Giant A
2026-02-11,8958.06,Sales Revenue,Prime Consulting,SmallBiz Inc
2026-01-10,9282.21,Inventory,Prime Consulting,SmallBiz Inc
2026-01-27,7646.7,Professional Fees,Azure Utilities,Direct Consumer
2026-02-08,8158.11,Inventory,Azure Utilities,Retail Giant A
2026-02-13,4627.62,Tax Provision,Prime Consulting,Retail Giant A
2026-01-07,8920.56,Tax Provision,Prime Consulting,SmallBiz Inc
2026-02-21,10108.88,Rent,Prime Consulting,Public Sector Dept
2026-02-01,5868.83,Inventory,Prime Consulting,Direct Consumer
2026-01-06,6878.83,Sales Revenue,Global Office Ltd,Public Sector Dept
2026-02-25,7845.51,Professional Fees,Global Office Ltd,Retail Giant A
2026-02-26,7894.16,Rent,Azure Utilities,Retail Giant A
2026-01-25,7346.6,Professional Fees,Azure Utilities,Direct Consumer
2026-02-02,5091.53,Inventory,Global Office Ltd,Public Sector Dept
2026-03-02,8585.08,Tax Provision,Azure Utilities,SmallBiz Inc
2026-03-12,8229.82,Tax Provision,Prime Consulting,SmallBiz Inc
2026-03-10,8327.08,Professional Fees,TechLogistics Corp,SmallBiz Inc
2026-03-27,9717.41,Inventory,Azure Utilities,Public Sector Dept
2026-03-27,9632.24,Tax Provision,TechLogistics Corp,Direct Consumer
2026-01-13,9818.44,Rent,Azure Utilities,SmallBiz Inc
2026-02-27,10194.48,Professional Fees,TechLogistics Corp,Direct Consumer
2026-02-08,5543.03,Inventory,Prime Consulting,Public Sector Dept
2026-01-21,9202.44,Rent,Global Office Ltd,SmallBiz Inc
2026-01-11,8937.81,Inventory,Prime Consulting,Retail Giant A
2026-02-21,8720.55,Tax Provision,Global Office Ltd,Public Sector Dept
2026-01-22,6397.91,Inventory,Prime Consulting,SmallBiz Inc
2026-01-12,8781.0,Inventory,Prime Consulting,Retail Giant A
2026-01-28,8004.83,Tax Provision,TechLogistics Corp,Retail Giant A
2026-03-18,9812.97,Inventory,TechLogistics Corp,SmallBiz Inc
2026-01-13,8884.66,Inventory,Prime Consulting,SmallBiz Inc
2026-03-23,9434.26,Tax Provision,Global Office Ltd,Public Sector Dept
2026-01-09,5206.11,Sales Revenue,Global Office Ltd,Retail Giant A
2026-01-05,7520.61,Inventory,Global Office Ltd,SmallBiz Inc
2026-02-01,7156.24,Tax Provision,TechLogistics Corp,SmallBiz Inc
2026-01-08,6096.05,Inventory,Azure Utilities,SmallBiz Inc
2026-02-20,8859.9,Sales Revenue,TechLogistics Corp,Public Sector Dept
2026-03-13,9155.08,Sales Revenue,Global Office Ltd,Retail Giant A
2026-01-17,9468.26,Professional Fees,TechLogistics Corp,Public Sector Dept
2026-03-28,9181.05,Rent,Prime Consulting,Direct Consumer
2026-01-17,6642.35,Rent,Prime Consulting,Public Sector Dept
2026-01-29,8206.64,Sales Revenue,TechLogistics Corp,Public Sector Dept
2026-03-06,7058.15,Rent,Global Office Ltd,Direct Consumer
2026-02-20,8381.96,Professional Fees,Azure Utilities,Retail Giant A
2026-01-11,7713.86,Tax Provision,Global Office Ltd,Retail Giant A
2026-02-07,8599.43,Rent,Global Office Ltd,Direct Consumer
2026-01-21,8693.31,Rent,Azure Utilities,Direct Consumer
2026-03-12,9566.12,Inventory,Global Office Ltd,Retail Giant A
2026-01-10,9021.18,Professional Fees,Azure Utilities,Direct Consumer
2026-02-18,8611.44,Inventory,Azure Utilities,SmallBiz Inc
2026-03-08,9036.11,Tax Provision,Azure Utilities,Public Sector Dept
2026-02-26,10365.06,Professional Fees,Prime Consulting,Direct Consumer
2026-02-04,8235.95,Sales Revenue,Azure Utilities,Retail Giant A
2026-01-27,13185.59,Tax Provision,Global Office Ltd,Public Sector Dept
2026-02-15,13385.45,Tax Provision,Prime Consulting,Direct Consumer
2026-02-24,7130.54,Inventory,Global Office Ltd,SmallBiz Inc
2026-01-27,9804.42,Sales Revenue,Prime Consulting,Retail Giant A
2026-02-04,10127.07,Inventory,Prime Consulting,SmallBiz Inc
2026-02-21,9542.75,Tax Provision,Global Office Ltd,Direct Consumer
2026-01-26,8724.61,Rent,TechLogistics Corp,Direct Consumer
2026-02-23,8451.92,Rent,TechLogistics Corp,Retail Giant A
2026-01-10,9068.67,Sales Revenue,Prime Consulting,Retail Giant A
2026-01-07,10421.38,Sales Revenue,Azure Utilities,Azure Utilities
2026-01-28,9604.61,Tax Provision,TechLogistics Corp,Retail Giant A
2026-03-19,8975.19,Sales Revenue,Global Office Ltd,Public Sector Dept
2026-01-01,7832.22,Inventory,Prime Consulting,Public Sector Dept
2026-03-04,7407.23,Professional Fees,TechLogistics Corp,Retail Giant A
2026-01-26,6575.12,Tax Provision,Azure Utilities,Retail Giant A
2026-02-05,4559.36,Sales Revenue,Global Office Ltd,Public Sector Dept
2026-01-26,8885.18,Inventory,Global Office Ltd,Retail Giant A
2026-02-28,7978.66,Professional Fees,Global Office Ltd,Direct Consumer
2026-02-14,12799.12,Rent,Global Office Ltd,Direct Consumer
2026-01-21,7052.79,Professional Fees,Global Office Ltd,Retail Giant A
2026-01-03,9558.52,Professional Fees,Prime Consulting,Retail Giant A
2026-02-24,7583.02,Sales Revenue,Prime Consulting,SmallBiz Inc
2026-03-21,5186.95,Professional Fees,Prime Consulting,SmallBiz Inc
2026-03-13,9262.16,Professional Fees,TechLogistics Corp,SmallBiz Inc
2026-02-17,6332.08,Professional Fees,TechLogistics Corp,Public Sector Dept
2026-01-01,12207.71,Professional Fees,Global Office Ltd,SmallBiz Inc
2026-03-22,7488.07,Sales Revenue,Azure Utilities,Retail Giant A
2026-03-29,9725.77,Sales Revenue,Prime Consulting,Retail Giant A
2026-01-03,7838.35,Professional Fees,Global Office Ltd,Public Sector Dept
2026-03-27,8581.76,Sales Revenue,Global Office Ltd,SmallBiz Inc
2026-03-13,7893.96,Inventory,Global Office Ltd,Public Sector Dept
2026-02-06,8675.47,Inventory,Global Office Ltd,Public Sector Dept
2026-03-22,9041.74,Tax Provision,Prime Consulting,Public Sector Dept
2026-02-21,9523.15,Rent,Azure Utilities,Retail Giant A
2026-01-07,10869.89,Rent,Global Office Ltd,Direct Consumer
2026-03-01,9734.08,Rent,TechLogistics Corp,Retail Giant A
2026-02-07,7428.36,Sales Revenue,TechLogistics Corp,Retail Giant A
2026-01-12,6158.37,Tax Provision,TechLogistics Corp,Direct Consumer
2026-01-29,10564.82,Sales Revenue,TechLogistics Corp,Direct Consumer
2026-01-15,8392.47,Professional Fees,Azure Utilities,Retail Giant A
2026-03-09,7326.4,Sales Revenue,Prime Consulting,Direct Consumer
2026-03-10,8141.22,Inventory,TechLogistics Corp,Direct Consumer
2026-02-11,11591.86,Rent,Global Office Ltd,Retail Giant A
2026-02-16,9586.76,Professional Fees,TechLogistics Corp,SmallBiz Inc
2026-01-18,9376.49,Rent,Prime Consulting,SmallBiz Inc
2026-02-20,7488.7,Rent,TechLogistics Corp,Public Sector Dept
2026-03-10,7329.11,Sales Revenue,Prime Consulting,SmallBiz Inc
2026-03-07,9439.59,Professional Fees,Azure Utilities,SmallBiz Inc
2026-03-20,11110.98,Professional Fees,TechLogistics Corp,Retail Giant A
2026-02-01,7129.97,Tax Provision,Global Office Ltd,Retail Giant A
2026-02-19,10844.68,Inventory,TechLogistics Corp,SmallBiz Inc
2026-03-24,4105.68,Inventory,Prime Consulting,Direct Consumer
2026-01-15,10419.88,Tax Provision,TechLogistics Corp,SmallBiz Inc
2026-02-20,7092.23,Sales Revenue,Global Office Ltd,Retail Giant A
2026-02-09,7937.05,Tax Provision,Global Office Ltd,Direct Consumer
2026-02-26,10498.65,Sales Revenue,Global Office Ltd,Public Sector Dept
2026-02-04,5487.74,Tax Provision,Global Office Ltd,Direct Consumer
2026-02-03,9090.94,Professional Fees,Prime Consulting,Public Sector Dept
2026-02-20,9890.1,Sales Revenue,Prime Consulting,SmallBiz Inc
2026-03-26,7068.37,Professional Fees,Global Office Ltd,Direct Consumer
2026-03-24,12048.81,Professional Fees,Azure Utilities,SmallBiz Inc
2026-03-20,10545.72,Sales Revenue,Global Office Ltd,Public Sector Dept
2026-03-20,9047.78,Rent,Global Office Ltd,Direct Consumer
2026-03-26,6716.14,Inventory,Global Office Ltd,Public Sector Dept
2026-03-07,4704.73,Sales Revenue,Global Office Ltd,SmallBiz Inc
2026-02-06,7101.24,Professional Fees,TechLogistics Corp,Direct Consumer
2026-03-08,9478.6,Tax Provision,Prime Consulting,Public Sector Dept
2026-03-31,8146.69,Inventory,Prime Consulting,Direct Consumer
2026-02-07,10379.31,Rent,Azure Utilities,Public Sector Dept
2026-02-10,7504.36,Tax Provision,Azure Utilities,Retail Giant A
2026-02-14,6971.87,Rent,Global Office Ltd,Direct Consumer
2026-01-28,9980.27,Inventory,Prime Consulting,Public Sector Dept
2026-01-01,7630.15,Professional Fees,Global Office Ltd,Retail Giant A
2026-01-16,9014.19,Tax Provision,Prime Consulting,Retail Giant A
2026-02-27,10069.49,Inventory,TechLogistics Corp,Retail Giant A
2026-02-13,5831.61,Professional Fees,Azure Utilities,SmallBiz Inc
2026-01-21,8511.4,Rent,TechLogistics Corp,Direct Consumer
2026-03-30,7330.91,Tax Provision,TechLogistics Corp,SmallBiz Inc
2026-03-17,4000.63,Rent,Azure Utilities,SmallBiz Inc
2026-03-14,7752.69,Inventory,Global Office Ltd,SmallBiz Inc
2026-01-03,8263.84,Sales Revenue,Azure Utilities,Public Sector Dept
2026-01-09,7959.74,Tax Provision,Prime Consulting,Retail Giant A
2026-02-28,10338.35,Tax Provision,Azure Utilities,Public Sector Dept
2026-01-11,8308.63,Tax Provision,TechLogistics Corp,Direct Consumer
2026-01-05,8230.35,Professional Fees,Global Office Ltd,Public Sector Dept
2026-03-06,6468.04,Inventory,Azure Utilities,Azure Utilities
2026-01-17,8684.29,Sales Revenue,Prime Consulting,Direct Consumer
2026-01-14,9403.29,Tax Provision,Prime Consulting,Public Sector Dept
2026-02-27,10838.12,Rent,Azure Utilities,SmallBiz Inc
2026-02-10,8989.48,Tax Provision,Azure Utilities,Direct Consumer
2026-01-10,5098.45,Professional Fees,Global Office Ltd,Direct Consumer
2026-02-26,5531.11,Rent,Azure Utilities,Direct Consumer
2026-02-04,7124.09,Professional Fees,Global Office Ltd,Retail Giant A
2026-03-19,10146.61,Sales Revenue,Global Office Ltd,Retail Giant A
2026-03-23,4871.18,Inventory,TechLogistics Corp,SmallBiz Inc
2026-02-04,6369.49,Inventory,Prime Consulting,Retail Giant A
2026-03-07,8405.79,Professional Fees,Azure Utilities,SmallBiz Inc
2026-03-21,7013.23,Professional Fees,Global Office Ltd,Direct Consumer
2026-03-31,6757.95,Inventory,TechLogistics Corp,Retail Giant A
2026-03-31,7677.87,Professional Fees,Prime Consulting,SmallBiz Inc
2026-03-12,9472.03,Rent,Azure Utilities,SmallBiz Inc
2026-03-18,8509.69,Rent,Global Office Ltd,SmallBiz Inc
2026-03-29,8067.3,Tax Provision,Prime Consulting,Retail Giant A
2026-01-16,6861.75,Professional Fees,Azure Utilities,Direct Consumer
2026-02-03,8246.24,Professional Fees,Prime Consulting,Direct Consumer
2026-03-29,7892.06,Professional Fees,Global Office Ltd,Public Sector Dept
2026-03-14,6517.86,Sales Revenue,TechLogistics Corp,SmallBiz Inc
2026-01-14,6461.94,Inventory,Prime Consulting,Retail Giant A
2026-02-26,5306.76,Tax Provision,TechLogistics Corp,Public Sector Dept
2026-02-16,4763.67,Sales Revenue,TechLogistics Corp,Direct Consumer
2026-03-23,5207.36,Professional Fees,TechLogistics Corp,Public Sector Dept
2026-01-22,8967.5,Professional Fees,Azure Utilities,Retail Giant A
2026-03-03,5136.96,Inventory,Azure Utilities,Direct Consumer
2026-03-21,3293.81,Tax Provision,Azure Utilities,Retail Giant A
2026-03-25,7586.31,Rent,Global Office Ltd,Public Sector Dept
2026-03-24,9966.92,Tax Provision,Prime Consulting,Retail Giant A
2026-01-27,8824.92,Inventory,Prime Consulting,Retail Giant A
2026-01-18,9741.71,Tax Provision,TechLogistics Corp,SmallBiz Inc
2026-02-02,7879.13,Inventory,TechLogistics Corp,Retail Giant A
2026-01-30,2698.06,Inventory,Azure Utilities,Retail Giant A
2026-02-24,8801.51,Rent,Global Office Ltd,Public Sector Dept
2026-01-03,11212.45,Professional Fees,TechLogistics Corp,Direct Consumer
2026-03-01,8909.7,Rent,TechLogistics Corp,Retail Giant A
2026-02-19,9816.89,Rent,TechLogistics Corp,SmallBiz Inc
2026-02-01,4080.36,Tax Provision,Prime Consulting,Public Sector Dept
2026-01-05,5357.1,Rent,Azure Utilities,Public Sector Dept
2026-02-14,9733.87,Rent,Azure Utilities,Retail Giant A
2026-02-02,7886.85,Professional Fees,Prime Consulting,Public Sector Dept
2026-02-06,-7627.44,Rent,Prime Consulting,Retail Giant A
2026-01-07,9062.53,Tax Provision,TechLogistics Corp,Retail Giant A
2026-03-17,8523.72,Inventory,Azure Utilities,Direct Consumer
2026-03-30,7724.94,Tax Provision,Azure Utilities,SmallBiz Inc
2026-02-28,7033.87,Rent,TechLogistics Corp,Public Sector Dept
2026-02-03,5472.2,Sales Revenue,Azure Utilities,Retail Giant A
2026-01-29,6330.53,Inventory,Prime Consulting,Direct Consumer
2026-02-03,7667.54,Tax Provision,Global Office Ltd,SmallBiz Inc
2026-03-30,5264.01,Sales Revenue,Prime Consulting,Retail Giant A
2026-03-07,11050.36,Professional Fees,Azure Utilities,Retail Giant A
2026-02-04,7910.28,Sales Revenue,Prime Consulting,Retail Giant A
2026-01-08,8350.58,Inventory,Global Office Ltd,Retail Giant A
2026-03-18,5239.81,Professional Fees,TechLogistics Corp,Direct Consumer
2026-02-26,7920.62,Rent,Global Office Ltd,Public Sector Dept
2026-01-01,7181.5,Inventory,Azure Utilities,Direct Consumer
2026-01-24,8856.63,Sales Revenue,Global Office Ltd,Retail Giant A
2026-01-02,5943.57,Tax Provision,Prime Consulting,Direct Consumer
2026-02-14,4522.61,Professional Fees,Global Office Ltd,Retail Giant A
2026-03-15,8877.27,Sales Revenue,Prime Consulting,Retail Giant A
2026-03-12,7287.24,Inventory,Prime Consulting,SmallBiz Inc
2026-03-28,4546.58,Sales Revenue,Global Office Ltd,SmallBiz Inc
2026-03-23,7361.68,Tax Provision,TechLogistics Corp,SmallBiz Inc
2026-02-22,8368.6,Rent,Global Office Ltd,Direct Consumer
2026-03-12,6853.8,Sales Revenue,Azure Utilities,SmallBiz Inc
2026-02-24,7593.63,Inventory,Azure Utilities,Public Sector Dept
2026-03-25,10331.14,Inventory,Prime Consulting,Direct Consumer
2026-02-22,6724.0,Sales Revenue,TechLogistics Corp,Direct Consumer
2026-02-21,4286.47,Inventory,Azure Utilities,Public Sector Dept
2026-02-22,7680.37,Sales Revenue,Prime Consulting,Direct Consumer
2026-03-20,9088.94,Tax Provision,Global Office Ltd,SmallBiz Inc
2026-01-31,8111.14,Sales Revenue,Prime Consulting,Public Sector Dept
2026-02-10,11624.85,Rent,Azure Utilities,Direct Consumer
2026-03-16,8981.04,Sales Revenue,Prime Consulting,Public Sector Dept
2026-01-09,8520.98,Professional Fees,Prime Consulting,Retail Giant A
2026-03-18,9059.47,Sales Revenue,TechLogistics Corp,Direct Consumer
2026-02-23,8227.57,Rent,Prime Consulting,Retail Giant A
2026-03-16,10685.35,Tax Provision,Global Office Ltd,Retail Giant A
2026-01-23,8400.04,Tax Provision,Azure Utilities,SmallBiz Inc
2026-01-24,8514.17,Inventory,TechLogistics Corp,Retail Giant A
2026-01-21,8390.63,Sales Revenue,Azure Utilities,Direct Consumer
2026-03-07,7286.82,Inventory,TechLogistics Corp,SmallBiz Inc
2026-01-07,8324.25,Sales Revenue,TechLogistics Corp,Direct Consumer
2026-03-10,10110.91,Rent,Prime Consulting,Direct Consumer
2026-03-07,7090.23,Rent,Prime Consulting,SmallBiz Inc
2026-02-09,7609.98,Rent,Azure Utilities,Public Sector Dept
2026-03-03,9647.81,Professional Fees,Prime Consulting,SmallBiz Inc
2026-03-07,6982.22,Rent,Azure Utilities,SmallBiz Inc
2026-01-23,6730.76,Tax Provision,Azure Utilities,SmallBiz Inc
2026-02-01,8829.75,Professional Fees,TechLogistics Corp,Retail Giant A
2026-03-05,4826.07,Tax Provision,Prime Consulting,Public Sector Dept
2026-03-28,6742.93,Tax Provision,Global Office Ltd,Public Sector Dept
2026-01-06,5904.06,Professional Fees,Prime Consulting,SmallBiz Inc
2026-01-21,5978.02,Inventory,Prime Consulting,Retail Giant A
2026-01-09,6201.88,Sales Revenue,TechLogistics Corp,Public Sector Dept
2026-03-27,8390.51,Tax Provision,Global Office Ltd,Public Sector Dept
2026-02-28,13355.19,Rent,Global Office Ltd,Global Office Ltd
2026-03-05,4626.83,Rent,TechLogistics Corp,Public Sector Dept
2026-01-18,9680.26,Sales Revenue,Azure Utilities,Public Sector Dept
2026-02-19,8443.73,Inventory,TechLogistics Corp,Public Sector Dept
2026-01-23,7858.53,Rent,Prime Consulting,Direct Consumer
2026-01-11,9175.27,Tax Provision,TechLogistics Corp,SmallBiz Inc
2026-01-06,9176.92,Rent,Prime Consulting,Retail Giant A
2026-01-11,10077.91,Inventory,Global Office Ltd,Direct Consumer
2026-01-28,6102.21,Tax Provision,Azure Utilities,Public Sector Dept
2026-03-30,13091.64,Sales Revenue,Prime Consulting,Public Sector Dept
2026-01-15,7749.35,Tax Provision,Azure Utilities,Public Sector Dept
2026-02-09,7479.89,Professional Fees,Prime Consulting,Public Sector Dept
2026-03-14,10340.77,Inventory,Azure Utilities,Public Sector Dept
2026-01-14,5889.86,Tax Provision,Prime Consulting,SmallBiz Inc
2026-01-05,8689.28,Sales Revenue,Azure Utilities,Retail Giant A
2026-03-14,-10140.34,Inventory,Prime Consulting,Public Sector Dept
2026-02-07,10326.53,Sales Revenue,TechLogistics Corp,SmallBiz Inc
2026-02-24,11848.48,Rent,Prime Consulting,Retail Giant A
2026-02-10,10188.97,Tax Provision,Prime Consulting,Direct Consumer
2026-02-04,9722.8,Sales Revenue,Prime Consulting,SmallBiz Inc
2026-01-31,8404.84,Inventory,Global Office Ltd,Direct Consumer
2026-02-22,9592.97,Professional Fees,Prime Consulting,Direct Consumer
2026-02-22,9080.24,Rent,TechLogistics Corp,Public Sector Dept
2026-02-16,9529.09,Tax Provision,TechLogistics Corp,Direct Consumer
2026-01-17,10810.27,Sales Revenue,TechLogistics Corp,Retail Giant A
2026-02-24,6716.74,Tax Provision,TechLogistics Corp,Retail Giant A
2026-02-22,9794.55,Tax Provision,Global Office Ltd,Public Sector Dept
2026-02-18,5693.89,Rent,Prime Consulting,Direct Consumer
2026-02-20,8545.86,Inventory,Global Office Ltd,SmallBiz Inc
2026-02-07,-9119.12,Rent,Global Office Ltd,Public Sector Dept
2026-03-23,6287.52,Rent,Global Office Ltd,Public Sector Dept
2026-02-02,10907.88,Rent,Azure Utilities,SmallBiz Inc
2026-03-17,11181.27,Tax Provision,Azure Utilities,Retail Giant A
2026-01-17,5918.41,Tax Provision,Prime Consulting,Direct Consumer
2026-03-11,10090.73,Rent,Azure Utilities,Direct Consumer
2026-03-08,7778.92,Rent,TechLogistics Corp,Direct Consumer
2026-02-03,8639.6,Sales Revenue,TechLogistics Corp,SmallBiz Inc
2026-03-02,10581.54,Tax Provision,Global Office Ltd,Direct Consumer
2026-03-23,8130.67,Rent,Global Office Ltd,Public Sector Dept
2026-01-31,7927.72,Sales Revenue,Azure Utilities,SmallBiz Inc
2026-01-27,7240.44,Inventory,Prime Consulting,Direct Consumer
2026-02-05,4813.13,Inventory,TechLogistics Corp,Direct Consumer
2026-03-03,7269.24,Professional Fees,TechLogistics Corp,Direct Consumer
2026-03-20,7971.53,Professional Fees,Global Office Ltd,Retail Giant A
2026-03-29,6641.12,Tax Provision,Prime Consulting,SmallBiz Inc
2026-02-13,6896.87,Sales Revenue,Prime Consulting,Retail Giant A
2026-01-10,7532.37,Inventory,Global Office Ltd,SmallBiz Inc
2026-01-29,6492.11,Inventory,TechLogistics Corp,TechLogistics Corp
2026-03-15,5364.8,Tax Provision,Prime Consulting,Retail Giant A
2026-03-14,6585.52,Rent,Global Office Ltd,Public Sector Dept
2026-01-08,9391.7,Tax Provision,TechLogistics Corp,Retail Giant A
2026-02-28,12154.83,Inventory,TechLogistics Corp,Retail Giant A
2026-03-25,9664.38,Inventory,TechLogistics Corp,Direct Consumer
2026-03-14,7316.26,Inventory,Global Office Ltd,SmallBiz Inc
2026-01-18,10965.66,Sales Revenue,Azure Utilities,Public Sector Dept
2026-02-21,9705.94,Sales Revenue,Azure Utilities,SmallBiz Inc
2026-02-22,8861.61,Professional Fees,TechLogistics Corp,SmallBiz Inc
2026-02-17,6435.4,Professional Fees,Global Office Ltd,Public Sector Dept
2026-03-11,4732.99,Inventory,Azure Utilities,SmallBiz Inc
2026-02-18,7811.25,Inventory,Global Office Ltd,Retail Giant A
2026-02-22,7637.54,Inventory,TechLogistics Corp,Public Sector Dept
2026-01-08,8527.32,Sales Revenue,TechLogistics Corp,Direct Consumer
2026-01-20,10188.18,Sales Revenue,Azure Utilities,Public Sector Dept
2026-03-13,7702.81,Sales Revenue,Global Office Ltd,Public Sector Dept
2026-01-12,7974.84,Tax Provision,Azure Utilities,Public Sector Dept
2026-02-23,8060.03,Sales Revenue,Global Office Ltd,Retail Giant A
2026-03-02,4851.98,Sales Revenue,Prime Consulting,Public Sector Dept
2026-03-22,11675.43,Sales Revenue,Azure Utilities,SmallBiz Inc
2026-02-22,8712.63,Inventory,TechLogistics Corp,SmallBiz Inc
2026-01-29,10814.61,Professional Fees,TechLogistics Corp,Public Sector Dept
2026-01-25,7796.84,Rent,Azure Utilities,SmallBiz Inc
2026-02-16,8297.63,Inventory,Azure Utilities,Public Sector Dept
2026-03-04,5914.69,Professional Fees,TechLogistics Corp,Direct Consumer
2026-01-22,5360.17,Tax Provision,Azure Utilities,Direct Consumer
2026-02-28,10254.12,Sales Revenue,Prime Consulting,Retail Giant A
2026-03-10,11573.21,Inventory,TechLogistics Corp,SmallBiz Inc
2026-03-04,9517.64,Professional Fees,Global Office Ltd,Retail Giant A
2026-01-25,8870.75,Tax Provision,TechLogistics Corp,SmallBiz Inc
2026-03-08,9260.63,Professional Fees,Prime Consulting,Direct Consumer
2026-01-23,10827.96,Rent,Global Office Ltd,Retail Giant A
2026-01-03,6373.35,Sales Revenue,Azure Utilities,Direct Consumer
2026-01-08,5101.73,Rent,Global Office Ltd,Direct Consumer
2026-03-11,11236.75,Rent,Global Office Ltd,Direct Consumer
2026-03-15,7660.47,Sales Revenue,Azure Utilities,Direct Consumer
2026-01-03,8239.28,Inventory,TechLogistics Corp,Public Sector Dept
2026-02-03,6310.93,Inventory,Global Office Ltd,Retail Giant A
2026-03-22,11891.21,Sales Revenue,Azure Utilities,Public Sector Dept
2026-02-14,10971.56,Rent,TechLogistics Corp,Public Sector Dept
2026-02-04,9586.9,Sales Revenue,Global Office Ltd,Retail Giant A
2026-03-20,10288.37,Rent,TechLogistics Corp,SmallBiz Inc
2026-03-06,3937.5,Sales Revenue,TechLogistics Corp,Direct Consumer
2026-02-04,7775.19,Sales Revenue,Global Office Ltd,Public Sector Dept
2026-02-10,11019.9,Inventory,Global Office Ltd,Retail Giant A
2026-03-14,10568.63,Sales Revenue,Global Office Ltd,Retail Giant A
2026-02-17,8959.67,Professional Fees,TechLogistics Corp,SmallBiz Inc
2026-02-08,10781.59,Tax Provision,TechLogistics Corp,Retail Giant A
2026-01-31,10271.05,Sales Revenue,Global Office Ltd,Public Sector Dept
2026-01-06,7473.32,Rent,Global Office Ltd,Retail Giant A
2026-03-11,9067.99,Sales Revenue,Azure Utilities,Retail Giant A
2026-02-28,7812.39,Tax Provision,TechLogistics Corp,Public Sector Dept
2026-02-09,11211.06,Rent,TechLogistics Corp,TechLogistics Corp
2026-02-08,6463.34,Sales Revenue,TechLogistics Corp,Public Sector Dept
2026-03-24,7403.78,Professional Fees,Global Office Ltd,SmallBiz Inc
2026-03-22,10438.63,Rent,Azure Utilities,Public Sector Dept
2026-02-01,8279.22,Professional Fees,Azure Utilities,Retail Giant A
2026-02-23,11820.19,Tax Provision,Prime Consulting,Public Sector Dept
2026-03-17,9900.53,Rent,Global Office Ltd,Direct Consumer
2026-03-09,7145.92,Rent,Prime Consulting,Direct Consumer
2026-03-12,7281.95,Inventory,Prime Consulting,Public Sector Dept
2026-02-12,6426.19,Professional Fees,Azure Utilities,Azure Utilities
2026-02-04,9732.74,Inventory,Azure Utilities,Public Sector Dept
2026-02-19,9534.84,Professional Fees,Global Office Ltd,Public Sector Dept
2026-02-27,5485.74,Inventory,TechLogistics Corp,SmallBiz Inc
2026-01-21,8630.34,Tax Provision,Prime Consulting,SmallBiz Inc
2026-01-31,9435.27,Inventory,Global Office Ltd,SmallBiz Inc
2026-01-21,6828.4,Rent,TechLogistics Corp,Direct Consumer
2026-01-19,9204.75,Sales Revenue,Prime Consulting,Retail Giant A
2026-02-06,10268.53,Rent,TechLogistics Corp,Public Sector Dept
2026-01-11,8641.63,Sales Revenue,Prime Consulting,Public Sector Dept
2026-03-21,11660.21,Rent,Global Office Ltd,Public Sector Dept
2026-01-22,5436.03,Rent,Azure Utilities,Public Sector Dept
2026-03-14,7318.26,Tax Provision,Azure Utilities,Public Sector Dept
2026-03-17,7850.44,Rent,Azure Utilities,Direct Consumer
2026-02-01,5467.46,Professional Fees,Prime Consulting,SmallBiz Inc
2026-03-20,7580.21,Inventory,Azure Utilities,Retail Giant A
2026-02-06,3562.47,Sales Revenue,Global Office Ltd,Public Sector Dept
2026-01-30,6737.68,Tax Provision,TechLogistics Corp,Retail Giant A
2026-02-27,5242.96,Tax Provision,Azure Utilities,SmallBiz Inc
2026-03-17,8558.53,Tax Provision,Global Office Ltd,Direct Consumer
2026-02-24,5042.64,Inventory,Prime Consulting,SmallBiz Inc
2026-03-11,9085.61,Inventory,Azure Utilities,Public Sector Dept
2026-01-13,7010.06,Tax Provision,Azure Utilities,SmallBiz Inc
2026-03-05,5778.23,Professional Fees,Global Office Ltd,Direct Consumer
2026-03-04,11180.69,Sales Revenue,Prime Consulting,Direct Consumer
2026-01-16,6531.33,Tax Provision,Azure Utilities,Retail Giant A
2026-02-01,9448.6,Tax Provision,Prime Consulting,Retail Giant A
2026-03-11,5714.73,Inventory,Global Office Ltd,SmallBiz Inc
2026-03-28,5568.18,Sales Revenue,Azure Utilities,Retail Giant A
2026-01-17,7190.15,Professional Fees,Azure Utilities,Direct Consumer
2026-01-01,9579.03,Sales Revenue,Azure Utilities,Public Sector Dept
2026-03-19,4677.5,Sales Revenue,Prime Consulting,Public Sector Dept
2026-01-24,9136.36,Tax Provision,Prime Consulting,Retail Giant A
2026-03-27,8584.02,Inventory,Azure Utilities,Public Sector Dept
2026-03-10,7692.34,Professional Fees,Azure Utilities,SmallBiz Inc
2026-03-12,5971.27,Rent,Global Office Ltd,Public Sector Dept
2026-01-04,4730.36,Tax Provision,Global Office Ltd,Retail Giant A
2026-02-02,10012.26,Inventory,Global Office Ltd,Retail Giant A
2026-02-24,4189.03,Inventory,TechLogistics Corp,SmallBiz Inc
2026-02-18,6022.47,Rent,Global Office Ltd,Retail Giant A
2026-01-27,8421.38,Tax Provision,Prime Consulting,SmallBiz Inc
2026-01-02,10301.71,Tax Provision,Azure Utilities,Direct Consumer
2026-01-25,5416.07,Rent,TechLogistics Corp,Public Sector Dept
2026-02-23,5233.05,Professional Fees,Azure Utilities,Public Sector Dept
2026-03-28,8996.44,Rent,Prime Consulting,Direct Consumer
2026-02-07,10145.46,Rent,TechLogistics Corp,Direct Consumer
2026-01-28,4433.37,Tax Provision,Prime Consulting,Retail Giant A
2026-01-19,10919.78,Professional Fees,Azure Utilities,Direct Consumer
2026-03-04,9187.16,Inventory,Prime Consulting,Public Sector Dept
2026-01-03,4070.73,Rent,Azure Utilities,Direct Consumer
2026-03-14,8614.71,Inventory,Azure Utilities,SmallBiz Inc
2026-01-02,8386.2,Tax Provision,Global Office Ltd,Retail Giant A
2026-01-17,8794.94,Rent,TechLogistics Corp,SmallBiz Inc
2026-02-21,7278.17,Sales Revenue,Global Office Ltd,Direct Consumer
2026-01-30,6756.33,Rent,Global Office Ltd,Direct Consumer
2026-03-13,8760.53,Tax Provision,Global Office Ltd,Direct Consumer
2026-03-02,9951.64,Tax Provision,Azure Utilities,Direct Consumer
2026-03-25,7790.77,Rent,Azure Utilities,Direct Consumer
2026-02-14,6179.5,Rent,Prime Consulting,SmallBiz Inc
2026-03-17,6546.71,Professional Fees,TechLogistics Corp,Retail Giant A
2026-03-17,6760.2,Rent,Azure Utilities,Direct Consumer
2026-03-28,10066.59,Tax Provision,Global Office Ltd,SmallBiz Inc
2026-03-14,8334.88,Inventory,TechLogistics Corp,Retail Giant A
2026-02-03,5654.7,Sales Revenue,Prime Consulting,Retail Giant A
2026-02-15,7453.54,Professional Fees,Azure Utilities,Public Sector Dept
2026-01-11,4657.1,Professional Fees,Azure Utilities,SmallBiz Inc
2026-01-07,12734.39,Tax Provision,TechLogistics Corp,SmallBiz Inc
2026-01-03,9189.41,Rent,TechLogistics Corp,Retail Giant A
2026-01-05,8495.15,Inventory,TechLogistics Corp,Direct Consumer
2026-01-17,7286.97,Professional Fees,TechLogistics Corp,Retail Giant A
2026-03-02,3297.73,Tax Provision,Azure Utilities,Direct Consumer
2026-03-06,11664.88,Professional Fees,Azure Utilities,Direct Consumer
2026-01-03,9711.57,Rent,Azure Utilities,SmallBiz Inc
2026-01-22,7993.65,Sales Revenue,Global Office Ltd,SmallBiz Inc
2026-02-07,8581.77,Sales Revenue,TechLogistics Corp,Public Sector Dept
2026-03-07,9469.18,Inventory,Global Office Ltd,SmallBiz Inc
2026-03-08,6164.51,Inventory,Global Office Ltd,Direct Consumer
2026-02-26,10237.18,Sales Revenue,TechLogistics Corp,Direct Consumer
2026-01-22,6997.41,Inventory,TechLogistics Corp,SmallBiz Inc
2026-03-26,4520.22,Tax Provision,Global Office Ltd,Retail Giant A
2026-01-22,9740.97,Inventory,Global Office Ltd,Public Sector Dept
2026-01-10,8607.72,Rent,Azure Utilities,Public Sector Dept
2026-03-16,9935.46,Sales Revenue,Azure Utilities,Retail Giant A
2026-02-05,8166.51,Tax Provision,Global Office Ltd,Retail Giant A
2026-03-24,11300.52,Rent,Global Office Ltd,Public Sector Dept
2026-02-21,12035.58,Inventory,TechLogistics Corp,Public Sector Dept
2026-01-13,6298.73,Sales Revenue,Global Office Ltd,Public Sector Dept
2026-01-05,6333.41,Sales Revenue,TechLogistics Corp,Retail Giant A
2026-01-23,7196.39,Professional Fees,TechLogistics Corp,Public Sector Dept
2026-03-14,9452.56,Tax Provision,TechLogistics Corp,Public Sector Dept
2026-01-31,7205.87,Sales Revenue,Azure Utilities,Public Sector Dept
2026-01-13,7051.3,Professional Fees,Prime Consulting,Public Sector Dept
2026-03-02,8947.49,Sales Revenue,Global Office Ltd,SmallBiz Inc
2026-02-28,6622.98,Rent,Global Office Ltd,Direct Consumer
2026-03-19,7856.01,Inventory,TechLogistics Corp,SmallBiz Inc
2026-03-15,7957.67,Professional Fees,Azure Utilities,SmallBiz Inc
2026-03-17,11245.48,Inventory,Prime Consulting,Retail Giant A
2026-01-13,7818.8,Tax Provision,TechLogistics Corp,Public Sector Dept
2026-02-14,11835.54,Professional Fees,Global Office Ltd,Retail Giant A
2026-01-01,10445.89,Tax Provision,Prime Consulting,Retail Giant A
2026-03-24,6125.8,Professional Fees,Azure Utilities,SmallBiz Inc
2026-01-22,5323.19,Rent,TechLogistics Corp,Public Sector Dept
2026-03-08,6670.91,Inventory,TechLogistics Corp,Public Sector Dept
2026-03-22,7962.87,Rent,Azure Utilities,SmallBiz Inc
2026-01-06,6300.08,Professional Fees,Azure Utilities,Retail Giant A
2026-01-07,8508.39,Inventory,Azure Utilities,SmallBiz Inc
2026-01-22,9737.33,Rent,TechLogistics Corp,Retail Giant A
2026-02-25,7327.8,Professional Fees,TechLogistics Corp,Retail Giant A
2026-02-01,8602.51,Rent,Prime Consulting,Public Sector Dept
2026-03-26,9374.64,Tax Provision,Global Office Ltd,Direct Consumer
2026-03-15,9663.69,Rent,Global Office Ltd,SmallBiz Inc
2026-03-25,7942.41,Sales Revenue,TechLogistics Corp,Direct Consumer
2026-01-10,7411.67,Rent,TechLogistics Corp,SmallBiz Inc
2026-02-16,10998.14,Rent,Azure Utilities,Retail Giant A
2026-01-05,6924.4,Inventory,Global Office Ltd,Public Sector Dept
2026-03-28,10328.61,Inventory,Azure Utilities,Retail Giant A
2026-03-21,10158.41,Inventory,TechLogistics Corp,Direct Consumer
2026-02-16,6893.51,Tax Provision,TechLogistics Corp,SmallBiz Inc
2026-01-12,8759.52,Professional Fees,TechLogistics Corp,Retail Giant A
2026-01-11,7491.89,Tax Provision,Prime Consulting,SmallBiz Inc
2026-01-28,8639.15,Professional Fees,Azure Utilities,Direct Consumer
2026-01-02,12330.81,Sales Revenue,Global Office Ltd,Public Sector Dept
2026-03-18,6128.25,Sales Revenue,TechLogistics Corp,Direct Consumer
2026-01-13,6555.84,Professional Fees,Azure Utilities,Retail Giant A
2026-02-05,5603.2,Inventory,Azure Utilities,Direct Consumer
2026-02-14,8174.22,Rent,Azure Utilities,Retail Giant A
2026-03-03,6017.02,Tax Provision,Azure Utilities,Retail Giant A
2026-01-06,7003.84,Inventory,Global Office Ltd,Retail Giant A
2026-01-04,10686.29,Inventory,TechLogistics Corp,Retail Giant A
2026-02-26,9848.39,Inventory,Prime Consulting,Public Sector Dept
2026-03-15,4956.0,Inventory,Global Office Ltd,Retail Giant A
2026-01-14,6386.61,Sales Revenue,Prime Consulting,SmallBiz Inc
2026-03-12,8848.55,Sales Revenue,Global Office Ltd,Public Sector Dept
2026-01-20,9723.01,Rent,TechLogistics Corp,Public Sector Dept
2026-03-15,8165.55,Sales Revenue,Azure Utilities,Direct Consumer
2026-03-05,8031.19,Sales Revenue,TechLogistics Corp,Retail Giant A
2026-02-19,7604.42,Tax Provision,Global Office Ltd,SmallBiz Inc
2026-03-29,9063.44,Tax Provision,Azure Utilities,Direct Consumer
2026-01-12,8264.15,Inventory,TechLogistics Corp,SmallBiz Inc
2026-01-13,7638.32,Sales Revenue,TechLogistics Corp,SmallBiz Inc
2026-03-02,12678.91,Rent,Prime Consulting,Direct Consumer
2026-01-14,5760.91,Tax Provision,Prime Consulting,Public Sector Dept
2026-02-05,11626.09,Inventory,Prime Consulting,SmallBiz Inc
2026-03-24,4632.81,Professional Fees,Azure Utilities,Retail Giant A
2026-03-13,9441.55,Tax Provision,Global Office Ltd,Global Office Ltd
2026-01-23,9537.37,Sales Revenue,Global Office Ltd,Public Sector Dept
2026-02-22,8878.0,Professional Fees,Azure Utilities,SmallBiz Inc
2026-03-23,10465.24,Sales Revenue,TechLogistics Corp,Retail Giant A
2026-02-28,7207.88,Professional Fees,Prime Consulting,Direct Consumer
2026-03-23,5912.05,Professional Fees,TechLogistics Corp,Public Sector Dept
2026-03-06,10066.96,Rent,TechLogistics Corp,SmallBiz Inc
2026-01-14,5134.16,Tax Provision,Azure Utilities,Direct Consumer
2026-01-19,7789.41,Rent,Prime Consulting,Public Sector Dept
2026-02-07,7110.96,Inventory,Global Office Ltd,Public Sector Dept
2026-02-27,6274.01,Professional Fees,Prime Consulting,SmallBiz Inc
2026-01-16,5302.92,Sales Revenue,Global Office Ltd,SmallBiz Inc
2026-01-21,9648.62,Tax Provision,Azure Utilities,Retail Giant A
2026-01-09,8223.79,Sales Revenue,Prime Consulting,SmallBiz Inc
2026-02-07,6764.19,Inventory,Prime Consulting,Retail Giant A
2026-01-31,8147.74,Rent,Azure Utilities,Public Sector Dept
2026-03-31,8868.93,Inventory,Global Office Ltd,Public Sector Dept
2026-01-22,9545.35,Inventory,Azure Utilities,Direct Consumer
2026-02-09,8995.34,Sales Revenue,Global Office Ltd,SmallBiz Inc
2026-03-15,5613.4,Tax Provision,TechLogistics Corp,SmallBiz Inc
2026-02-18,9007.07,Rent,Prime Consulting,Public Sector Dept
2026-02-06,7584.5,Sales Revenue,Global Office Ltd,Direct Consumer
2026-01-26,8347.59,Sales Revenue,Global Office Ltd,SmallBiz Inc
2026-03-05,9083.9,Professional Fees,Global Office Ltd,Direct Consumer
2026-03-03,7124.32,Inventory,Prime Consulting,Direct Consumer
2026-02-22,10059.09,Sales Revenue,Global Office Ltd,Retail Giant A
2026-02-22,5478.34,Professional Fees,TechLogistics Corp,Public Sector Dept
2026-02-09,8381.85,Rent,TechLogistics Corp,Direct Consumer
2026-03-15,11622.27,Rent,Global Office Ltd,SmallBiz Inc
2026-03-04,9092.9,Tax Provision,TechLogistics Corp,Retail Giant A
2026-02-07,5972.66,Rent,Global Office Ltd,Public Sector Dept
2026-02-24,5729.64,Professional Fees,Azure Utilities,SmallBiz Inc
2026-03-17,8841.27,Tax Provision,Global Office Ltd,Retail Giant A
2026-02-03,9086.71,Tax Provision,TechLogistics Corp,SmallBiz Inc
2026-02-08,8463.79,Inventory,TechLogistics Corp,Public Sector Dept
2026-03-10,8080.63,Sales Revenue,Prime Consulting,Retail Giant A
2026-01-17,5931.78,Sales Revenue,Global Office Ltd,Retail Giant A
2026-01-02,4969.7,Tax Provision,Global Office Ltd,Retail Giant A
2026-03-14,7520.74,Tax Provision,Azure Utilities,Direct Consumer
2026-02-06,9827.27,Inventory,TechLogistics Corp,Public Sector Dept
2026-03-09,11330.53,Sales Revenue,TechLogistics Corp,SmallBiz Inc
2026-02-09,9844.13,Rent,Azure Utilities,Retail Giant A
2026-03-11,8046.56,Professional Fees,Prime Consulting,Direct Consumer
2026-03-25,5831.6,Sales Revenue,Prime Consulting,SmallBiz Inc
2026-01-23,5291.13,Tax Provision,Global Office Ltd,Retail Giant A
2026-03-23,12457.06,Professional Fees,Azure Utilities,Retail Giant A
2026-01-09,11183.6,Inventory,Azure Utilities,Retail Giant A
2026-02-04,6909.71,Sales Revenue,TechLogistics Corp,Retail Giant A
2026-01-06,7364.09,Inventory,Prime Consulting,SmallBiz Inc
2026-02-26,8059.22,Rent,Azure Utilities,SmallBiz Inc
2026-02-03,6518.68,Inventory,Prime Consulting,SmallBiz Inc
2026-02-22,6802.71,Professional Fees,Prime Consulting,SmallBiz Inc
2026-01-20,9449.41,Rent,Azure Utilities,Retail Giant A
2026-03-06,9368.86,Inventory,Azure Utilities,Direct Consumer
2026-02-17,10436.76,Sales Revenue,Prime Consulting,Direct Consumer
2026-02-07,7847.59,Inventory,Azure Utilities,Public Sector Dept
2026-01-24,7249.69,Professional Fees,Azure Utilities,Direct Consumer
2026-01-15,3253.53,Professional Fees,Global Office Ltd,SmallBiz Inc
2026-01-28,6669.46,Professional Fees,Global Office Ltd,Public Sector Dept
2026-01-10,8294.28,Rent,TechLogistics Corp,Retail Giant A
2026-01-10,8854.05,Inventory,Global Office Ltd,SmallBiz Inc
2026-03-31,4239.02,Rent,Global Office Ltd,Public Sector Dept
2026-01-05,7414.47,Sales Revenue,Prime Consulting,SmallBiz Inc
2026-01-30,9443.57,Sales Revenue,Prime Consulting,SmallBiz Inc
2026-02-02,5637.4,Sales Revenue,Global Office Ltd,Direct Consumer
2026-02-06,8229.13,Professional Fees,Prime Consulting,Retail Giant A
2026-03-13,7002.31,Tax Provision,Prime Consulting,Direct Consumer
2026-03-30,8455.93,Professional Fees,TechLogistics Corp,Retail Giant A
2026-02-28,9838.01,Professional Fees,TechLogistics Corp,Direct Consumer
2026-02-05,8757.73,Rent,Prime Consulting,SmallBiz Inc
2026-02-12,9134.25,Tax Provision,TechLogistics Corp,Direct Consumer
2026-02-23,7158.9,Inventory,Global Office Ltd,Direct Consumer
2026-02-20,10696.51,Rent,Prime Consulting,Direct Consumer
2026-03-30,7807.34,Inventory,TechLogistics Corp,Retail Giant A
2026-03-21,11363.26,Sales Revenue,Global Office Ltd,Public Sector Dept
2026-03-30,12608.27,Inventory,Prime Consulting,Public Sector Dept
2026-01-27,6646.42,Rent,TechLogistics Corp,Direct Consumer
2026-03-20,5003.85,Tax Provision,Azure Utilities,SmallBiz Inc
2026-02-27,6599.9,Sales Revenue,Azure Utilities,Retail Giant A
2026-01-10,9025.09,Sales Revenue,Prime Consulting,Retail Giant A
2026-02-01,4915.93,Inventory,TechLogistics Corp,Public Sector Dept
2026-03-17,7233.23,Rent,Azure Utilities,SmallBiz Inc
2026-01-04,6443.62,Rent,Global Office Ltd,Retail Giant A
2026-01-12,8074.11,Inventory,Prime Consulting,SmallBiz Inc
2026-02-01,9251.1,Rent,Prime Consulting,Retail Giant A
2026-01-24,5596.74,Tax Provision,Global Office Ltd,Direct Consumer
2026-02-19,6659.61,Tax Provision,Azure Utilities,Public Sector Dept
2026-02-05,6873.87,Sales Revenue,Global Office Ltd,Public Sector Dept
2026-02-10,7462.72,Inventory,TechLogistics Corp,SmallBiz Inc
2026-01-06,6430.38,Sales Revenue,Azure Utilities,Retail Giant A
2026-02-15,11009.0,Sales Revenue,Azure Utilities,Direct Consumer
2026-02-04,8000.77,Sales Revenue,Azure Utilities,Direct Consumer
2026-02-14,5551.69,Rent,Azure Utilities,Public Sector Dept
2026-02-23,5524.78,Professional Fees,Global Office Ltd,Public Sector Dept
2026-01-17,8042.94,Inventory,Azure Utilities,Retail Giant A
2026-02-09,6913.27,Inventory,Global Office Ltd,Public Sector Dept
2026-02-04,5378.8,Professional Fees,Global Office Ltd,Public Sector Dept
2026-03-09,10571.56,Inventory,Global Office Ltd,Public Sector Dept
2026-01-05,8057.49,Rent,Prime Consulting,SmallBiz Inc
2026-02-22,7080.77,Inventory,Prime Consulting,SmallBiz Inc
2026-01-11,3795.99,Rent,Azure Utilities,SmallBiz Inc
2026-01-24,6581.27,Inventory,Azure Utilities,Direct Consumer
2026-02-03,8202.57,Professional Fees,Global Office Ltd,Public Sector Dept
2026-03-07,5914.65,Professional Fees,Azure Utilities,Public Sector Dept
2026-03-21,4422.39,Inventory,Azure Utilities,Retail Giant A
2026-02-16,9227.7,Sales Revenue,TechLogistics Corp,Retail Giant A
2026-03-12,8828.59,Professional Fees,TechLogistics Corp,Public Sector Dept
2026-01-31,7960.67,Sales Revenue,Prime Consulting,Retail Giant A
2026-03-14,5271.83,Rent,Azure Utilities,Direct Consumer
2026-03-01,6602.32,Tax Provision,Prime Consulting,Public Sector Dept
2026-02-05,6821.1,Inventory,Global Office Ltd,Direct Consumer
2026-03-17,9942.22,Tax Provision,Azure Utilities,SmallBiz Inc
2026-02-18,11391.29,Inventory,Azure Utilities,Public Sector Dept
2026-01-10,9586.82,Professional Fees,Azure Utilities,SmallBiz Inc
2026-02-22,8427.2,Rent,TechLogistics Corp,Direct Consumer
2026-03-15,12070.31,Sales Revenue,TechLogistics Corp,SmallBiz Inc
2026-03-27,8565.94,Rent,TechLogistics Corp,Direct Consumer
2026-03-09,5989.78,Rent,Global Office Ltd,Public Sector Dept
2026-01-04,8537.29,Sales Revenue,Global Office Ltd,Direct Consumer
2026-01-14,5170.96,Inventory,Prime Consulting,Direct Consumer
2026-03-06,8086.84,Tax Provision,Prime Consulting,SmallBiz Inc
2026-03-16,5584.03,Rent,Prime Consulting,Direct Consumer
2026-01-04,7387.88,Rent,Global Office Ltd,SmallBiz Inc
2026-02-28,6836.05,Tax Provision,Azure Utilities,Retail Giant A
2026-02-01,7732.41,Tax Provision,Global Office Ltd,Public Sector Dept
2026-03-19,8846.01,Professional Fees,TechLogistics Corp,SmallBiz Inc
2026-02-01,5313.64,Inventory,TechLogistics Corp,Retail Giant A
2026-02-07,8598.72,Sales Revenue,Azure Utilities,Retail Giant A
2026-01-10,10117.46,Sales Revenue,TechLogistics Corp,SmallBiz Inc
2026-03-03,10835.62,Professional Fees,Prime Consulting,SmallBiz Inc
2026-02-16,7467.72,Tax Provision,Azure Utilities,SmallBiz Inc
2026-02-18,3296.33,Sales Revenue,Prime Consulting,Prime Consulting
2026-01-12,8158.17,Tax Provision,Azure Utilities,Public Sector Dept
2026-01-25,7655.9,Sales Revenue,TechLogistics Corp,Retail Giant A
2026-01-04,5670.62,Sales Revenue,Azure Utilities,SmallBiz Inc
2026-02-28,9467.03,Tax Provision,Prime Consulting,Direct Consumer
2026-02-08,10080.9,Professional Fees,Global Office Ltd,Retail Giant A
2026-01-06,10373.09,Professional Fees,TechLogistics Corp,SmallBiz Inc
2026-03-20,6501.77,Tax Provision,Prime Consulting,Direct Consumer
2026-02-10,8422.46,Tax Provision,Azure Utilities,Retail Giant A
2026-02-23,9163.72,Sales Revenue,Azure Utilities,SmallBiz Inc
2026-01-07,7540.31,Sales Revenue,Global Office Ltd,Direct Consumer
2026-01-09,11996.02,Tax Provision,Azure Utilities,Retail Giant A
2026-03-29,6100.02,Rent,Global Office Ltd,Public Sector Dept
2026-03-11,8451.79,Sales Revenue,Azure Utilities,Public Sector Dept
2026-01-16,8610.52,Tax Provision,TechLogistics Corp,Direct Consumer
2026-03-31,5452.92,Rent,TechLogistics Corp,Direct Consumer
2026-02-14,8988.05,Professional Fees,Global Office Ltd,Public Sector Dept
2026-03-11,8526.04,Professional Fees,Global Office Ltd,Public Sector Dept
2026-01-08,9292.8,Tax Provision,TechLogistics Corp,SmallBiz Inc
2026-03-02,9709.47,Rent,Global Office Ltd,Retail Giant A
2026-02-11,10225.62,Sales Revenue,Global Office Ltd,Retail Giant A
2026-01-21,11229.17,Professional Fees,Prime Consulting,SmallBiz Inc
2026-02-19,7188.28,Tax Provision,TechLogistics Corp,SmallBiz Inc
2026-03-16,7275.69,Rent,Azure Utilities,Direct Consumer
2026-02-08,5907.45,Sales Revenue,Azure Utilities,SmallBiz Inc
2026-03-13,9200.82,Rent,Global Office Ltd,SmallBiz Inc
2026-03-22,6624.23,Professional Fees,Prime Consulting,Direct Consumer
2026-03-24,5968.11,Rent,Azure Utilities,SmallBiz Inc
2026-01-05,8020.39,Inventory,Global Office Ltd,SmallBiz Inc
2026-01-30,7034.78,Professional Fees,TechLogistics Corp,Retail Giant A
2026-02-05,7363.58,Sales Revenue,Azure Utilities,Public Sector Dept
2026-02-03,7834.01,Tax Provision,Prime Consulting,SmallBiz Inc
2026-03-08,8504.86,Tax Provision,Global Office Ltd,SmallBiz Inc
2026-03-17,6749.33,Tax Provision,TechLogistics Corp,Direct Consumer
2026-01-09,10602.53,Tax Provision,Prime Consulting,Public Sector Dept
2026-01-11,9297.41,Inventory,Azure Utilities,Direct Consumer
2026-03-02,7853.13,Professional Fees,TechLogistics Corp,SmallBiz Inc
2026-02-04,5455.4,Tax Provision,Prime Consulting,SmallBiz Inc
2026-03-31,8540.88,Rent,Global Office Ltd,Public Sector Dept
2026-01-23,6957.96,Inventory,Azure Utilities,Direct Consumer
2026-02-01,10402.57,Professional Fees,Azure Utilities,Direct Consumer
2026-03-20,9029.7,Sales Revenue,Prime Consulting,Prime Consulting
2026-01-03,6221.22,Sales Revenue,TechLogistics Corp,SmallBiz Inc
2026-01-29,6700.98,Rent,TechLogistics Corp,Retail Giant A
2026-02-24,8020.66,Professional Fees,TechLogistics Corp,Retail Giant A
2026-03-08,4351.23,Inventory,Global Office Ltd,Direct Consumer
2026-03-06,10339.01,Rent,Global Office Ltd,SmallBiz Inc
2026-01-05,6227.58,Professional Fees,TechLogistics Corp,SmallBiz Inc
2026-03-21,6524.54,Sales Revenue,Global Office Ltd,Direct Consumer
2026-01-23,8861.16,Rent,Prime Consulting,Retail Giant A
2026-01-24,6485.33,Rent,Prime Consulting,Public Sector Dept
2026-02-07,12415.42,Inventory,TechLogistics Corp,Direct Consumer
2026-01-17,9891.58,Professional Fees,Azure Utilities,Retail Giant A
2026-01-10,7877.97,Inventory,TechLogistics Corp,SmallBiz Inc
2026-02-15,8879.15,Sales Revenue,TechLogistics Corp,Direct Consumer
2026-02-11,7749.43,Rent,Azure Utilities,Public Sector Dept
2026-02-18,5991.77,Sales Revenue,Azure Utilities,Retail Giant A
2026-02-27,9606.78,Inventory,Global Office Ltd,Retail Giant A
2026-02-26,7823.11,Rent,TechLogistics Corp,Retail Giant A
2026-03-14,4545.7,Rent,TechLogistics Corp,Public Sector Dept
2026-03-09,9112.58,Professional Fees,Prime Consulting,Public Sector Dept
2026-01-12,7580.8,Inventory,Prime Consulting,Public Sector Dept
2026-02-04,6555.5,Professional Fees,TechLogistics Corp,Retail Giant A
2026-02-24,5782.02,Professional Fees,TechLogistics Corp,Direct Consumer
2026-01-06,2126.18,Rent,TechLogistics Corp,Retail Giant A
2026-03-08,4352.68,Professional Fees,Azure Utilities,Direct Consumer
2026-02-09,6326.94,Rent,Prime Consulting,Public Sector Dept
2026-02-25,6339.64,Inventory,TechLogistics Corp,Public Sector Dept
2026-03-08,8052.56,Professional Fees,Global Office Ltd,Retail Giant A
2026-02-19,7874.44,Rent,TechLogistics Corp,Retail Giant A
2026-02-24,5034.96,Professional Fees,TechLogistics Corp,Direct Consumer
2026-01-29,9276.86,Inventory,Global Office Ltd,Retail Giant A
2026-03-30,8433.83,Professional Fees,Prime Consulting,SmallBiz Inc
2026-01-03,6334.11,Professional Fees,Azure Utilities,Direct Consumer
2026-01-26,7211.92,Tax Provision,Prime Consulting,Retail Giant A
2026-03-19,9653.05,Professional Fees,Global Office Ltd,Retail Giant A
2026-02-26,6056.36,Inventory,Azure Utilities,Retail Giant A
2026-02-20,9036.06,Inventory,Global Office Ltd,Public Sector Dept
2026-01-30,7457.14,Professional Fees,Azure Utilities,Direct Consumer
2026-01-20,7587.56,Rent,Azure Utilities,Retail Giant A
2026-01-03,3880.46,Inventory,Global Office Ltd,Direct Consumer
2026-02-25,6479.78,Rent,Prime Consulting,Direct Consumer
2026-01-17,8034.31,Sales Revenue,Global Office Ltd,Public Sector Dept
2026-01-19,8717.21,Inventory,Prime Consulting,Public Sector Dept
2026-01-26,11517.22,Inventory,Azure Utilities,SmallBiz Inc
2026-03-14,9393.76,Inventory,TechLogistics Corp,Direct Consumer
2026-01-25,7104.3,Tax Provision,Azure Utilities,Public Sector Dept
2026-03-17,13143.58,Professional Fees,Prime Consulting,Direct Consumer
2026-03-29,9144.62,Sales Revenue,Prime Consulting,Direct Consumer
2026-02-10,8314.86,Inventory,Global Office Ltd,Global Office Ltd
2026-01-07,9841.52,Inventory,TechLogistics Corp,Retail Giant A
2026-02-01,8160.23,Professional Fees,Global Office Ltd,Retail Giant A
2026-02-15,6351.24,Sales Revenue,TechLogistics Corp,Direct Consumer
2026-01-05,8704.6,Rent,Prime Consulting,Direct Consumer
2026-01-18,6377.25,Professional Fees,TechLogistics Corp,Public Sector Dept
2026-01-14,-6683.86,Rent,Prime Consulting,Public Sector Dept
2026-02-15,8192.42,Professional Fees,Prime Consulting,Public Sector Dept
2026-03-25,8302.05,Tax Provision,Azure Utilities,SmallBiz Inc
2026-01-20,9158.03,Inventory,Global Office Ltd,SmallBiz Inc
2026-03-29,9944.05,Tax Provision,Global Office Ltd,Retail Giant A
2026-02-08,7070.03,Tax Provision,Prime Consulting,Retail Giant A
2026-03-12,7563.4,Inventory,Global Office Ltd,SmallBiz Inc
2026-02-16,2349.85,Sales Revenue,TechLogistics Corp,Retail Giant A
2026-01-13,9141.99,Professional Fees,Azure Utilities,SmallBiz Inc
2026-01-25,7050.06,Sales Revenue,TechLogistics Corp,SmallBiz Inc
2026-03-14,9837.4,Professional Fees,TechLogistics Corp,Retail Giant A
2026-02-15,6084.61,Tax Provision,Global Office Ltd,Public Sector Dept
2026-03-06,10993.16,Tax Provision,Prime Consulting,SmallBiz Inc
2026-02-15,6294.45,Tax Provision,Azure Utilities,Direct Consumer
2026-03-08,9833.92,Professional Fees,TechLogistics Corp,Public Sector Dept
2026-03-17,8141.86,Professional Fees,Azure Utilities,Retail Giant A
2026-01-28,6773.47,Sales Revenue,TechLogistics Corp,Public Sector Dept
2026-01-28,6423.18,Rent,Prime Consulting,Public Sector Dept
2026-01-02,6980.67,Sales Revenue,Azure Utilities,SmallBiz Inc
2026-01-11,9035.04,Professional Fees,TechLogistics Corp,Retail Giant A
2026-01-05,6738.97,Rent,Global Office Ltd,SmallBiz Inc
2026-02-28,5826.23,Rent,Azure Utilities,Retail Giant A
2026-01-06,9850.79,Professional Fees,TechLogistics Corp,Public Sector Dept
2026-02-02,9072.5,Rent,Azure Utilities,Retail Giant A
2026-03-28,4931.28,Rent,Prime Consulting,Retail Giant A
2026-03-30,4350.75,Rent,TechLogistics Corp,Retail Giant A
2026-03-23,7997.93,Rent,Global Office Ltd,Retail Giant A
2026-03-04,7644.71,Sales Revenue,TechLogistics Corp,SmallBiz Inc
2026-03-11,12805.54,Inventory,TechLogistics Corp,Direct Consumer
2026-03-22,9234.73,Rent,Prime Consulting,Public Sector Dept
2026-03-21,8839.43,Rent,Global Office Ltd,Retail Giant A
2026-02-10,8406.17,Tax Provision,TechLogistics Corp,SmallBiz Inc
2026-01-13,5436.66,Professional Fees,Global Office Ltd,SmallBiz Inc
2026-01-26,11408.1,Professional Fees,TechLogistics Corp,SmallBiz Inc
2026-03-15,8310.23,Tax Provision,TechLogistics Corp,SmallBiz Inc
2026-01-08,9644.28,Professional Fees,Azure Utilities,SmallBiz Inc
2026-03-28,9223.71,Inventory,Prime Consulting,Public Sector Dept
2026-03-18,8143.58,Inventory,Prime Consulting,Direct Consumer
2026-03-01,7446.39,Inventory,Azure Utilities,Direct Consumer
2026-03-16,7384.91,Inventory,TechLogistics Corp,Retail Giant A
2026-02-25,7290.22,Tax Provision,Global Office Ltd,Public Sector Dept
2026-01-01,6763.49,Inventory,Prime Consulting,Retail Giant A
2026-03-30,6276.23,Sales Revenue,TechLogistics Corp,Retail Giant A
2026-03-13,10363.16,Sales Revenue,Prime Consulting,SmallBiz Inc
2026-03-15,8276.06,Sales Revenue,TechLogistics Corp,Retail Giant A
2026-03-07,7091.08,Inventory,Azure Utilities,Public Sector Dept
2026-02-07,7599.69,Rent,Azure Utilities,Retail Giant A
2026-02-27,7314.22,Rent,TechLogistics Corp,Direct Consumer
2026-01-19,7415.17,Rent,Azure Utilities,SmallBiz Inc
2026-01-13,7306.59,Sales Revenue,Azure Utilities,SmallBiz Inc
2026-01-16,8808.59,Tax Provision,Prime Consulting,Retail Giant A
2026-01-07,11006.5,Tax Provision,Prime Consulting,Retail Giant A
2026-03-04,8707.65,Sales Revenue,Azure Utilities,Public Sector Dept
2026-02-25,8872.77,Rent,Prime Consulting,SmallBiz Inc
2026-01-11,6885.31,Tax Provision,TechLogistics Corp,SmallBiz Inc
2026-01-28,7350.37,Rent,Prime Consulting,Public Sector Dept
2026-03-24,8398.74,Inventory,Prime Consulting,Direct Consumer
2026-02-23,6369.09,Sales Revenue,Azure Utilities,Direct Consumer
2026-01-15,7806.28,Tax Provision,TechLogistics Corp,Retail Giant A
2026-02-22,8574.3,Professional Fees,Azure Utilities,Retail Giant A
2026-01-27,9508.91,Sales Revenue,Prime Consulting,Public Sector Dept
2026-02-04,944.95,Inventory,Global Office Ltd,Direct Consumer
2026-01-11,8962.76,Tax Provision,Azure Utilities,Public Sector Dept
2026-02-26,9309.35,Inventory,Prime Consulting,Direct Consumer
2026-01-05,5897.6,Tax Provision,TechLogistics Corp,Direct Consumer
2026-01-14,8476.6,Sales Revenue,Global Office Ltd,SmallBiz Inc
2026-01-05,8922.67,Inventory,Prime Consulting,Public Sector Dept
2026-03-03,13048.87,Tax Provision,TechLogistics Corp,SmallBiz Inc
2026-02-23,10353.6,Tax Provision,Prime Consulting,Direct Consumer
2026-02-26,8719.03,Inventory,Azure Utilities,Retail Giant A
2026-01-01,9061.29,Tax Provision,Azure Utilities,SmallBiz Inc
2026-01-14,6465.28,Professional Fees,Azure Utilities,Direct Consumer
2026-01-19,5359.66,Rent,Azure Utilities,Retail Giant A
2026-03-13,10914.62,Inventory,Azure Utilities,Public Sector Dept
2026-01-21,9668.77,Professional Fees,TechLogistics Corp,Retail Giant A
2026-02-05,9449.74,Inventory,Azure Utilities,Direct Consumer
2026-02-14,6670.4,Tax Provision,Prime Consulting,Public Sector Dept
2026-01-13,10608.94,Sales Revenue,Global Office Ltd,Public Sector Dept
2026-01-29,11705.23,Tax Provision,Global Office Ltd,Public Sector Dept
2026-02-03,10125.54,Rent,Azure Utilities,Public Sector Dept
2026-02-19,8127.41,Rent,TechLogistics Corp,Public Sector Dept
2026-01-30,5772.07,Tax Provision,Global Office Ltd,Public Sector Dept
2026-02-23,7767.68,Professional Fees,TechLogistics Corp,Retail Giant A
2026-03-12,7942.5,Inventory,TechLogistics Corp,SmallBiz Inc
2026-01-27,5557.33,Professional Fees,Prime Consulting,Public Sector Dept
2026-01-30,10868.81,Rent,TechLogistics Corp,Direct Consumer
2026-03-27,8026.4,Rent,Global Office Ltd,Public Sector Dept
2026-02-03,5351.87,Professional Fees,Azure Utilities,Direct Consumer
2026-03-24,3698.34,Sales Revenue,Global Office Ltd,SmallBiz Inc
2026-03-14,6446.32,Professional Fees,Prime Consulting,Public Sector Dept
2026-02-25,6862.96,Rent,Global Office Ltd,Direct Consumer
2026-03-20,7095.71,Inventory,Global Office Ltd,Public Sector Dept
2026-02-22,6726.5,Tax Provision,Azure Utilities,Azure Utilities
2026-03-19,7298.3,Rent,Azure Utilities,Public Sector Dept
2026-03-02,9153.47,Tax Provision,Azure Utilities,SmallBiz Inc
2026-03-31,7549.41,Sales Revenue,Global Office Ltd,Retail Giant A
2026-03-08,5905.75,Sales Revenue,Prime Consulting,Direct Consumer
2026-02-09,6066.83,Sales Revenue,Prime Consulting,SmallBiz Inc
2026-03-13,7481.4,Tax Provision,TechLogistics Corp,Direct Consumer
2026-03-22,6035.09,Sales Revenue,TechLogistics Corp,Retail Giant A
2026-02-12,5736.02,Professional Fees,Azure Utilities,Retail Giant A
2026-01-05,7335.3,Professional Fees,TechLogistics Corp,Public Sector Dept
2026-02-12,7685.19,Tax Provision,TechLogistics Corp,SmallBiz Inc
2026-01-17,8243.63,Tax Provision,Prime Consulting,Public Sector Dept
2026-03-08,7256.18,Inventory,Azure Utilities,Public Sector Dept
2026-03-14,6708.32,Inventory,Prime Consulting,Direct Consumer
2026-02-28,5537.62,Sales Revenue,Azure Utilities,Direct Consumer
2026-02-22,5366.06,Inventory,Global Office Ltd,Direct Consumer
2026-01-23,7012.89,Inventory,Prime Consulting,Retail Giant A
2026-02-03,8378.85,Tax Provision,Prime Consulting,SmallBiz Inc
2026-03-24,9434.89,Professional Fees,Azure Utilities,Public Sector Dept
2026-01-27,6032.26,Inventory,TechLogistics Corp,Retail Giant A
2026-03-24,9858.33,Tax Provision,Prime Consulting,Public Sector Dept
2026-01-09,999999.99,Rent,Prime Consulting,SmallBiz Inc
2026-02-26,3280.03,Sales Revenue,Prime Consulting,Direct Consumer
2026-01-03,8437.85,Sales Revenue,TechLogistics Corp,Public Sector Dept
2026-03-09,8349.09,Rent,Azure Utilities,Retail Giant A
2026-02-11,9228.15,Rent,TechLogistics Corp,Public Sector Dept
2026-01-04,7647.62,Sales Revenue,Global Office Ltd,SmallBiz Inc
2026-01-24,5261.34,Inventory,Azure Utilities,Retail Giant A
2026-02-04,7478.93,Rent,Global Office Ltd,SmallBiz Inc
2026-02-05,6149.95,Inventory,Prime Consulting,Retail Giant A
2026-02-15,13041.67,Inventory,TechLogistics Corp,SmallBiz Inc
2026-02-19,8563.8,Rent,Azure Utilities,Direct Consumer
2026-02-16,9974.78,Professional Fees,TechLogistics Corp,Retail Giant A
2026-01-12,10326.6,Tax Provision,Global Office Ltd,Public Sector Dept
2026-01-16,3483.82,Professional Fees,Prime Consulting,Retail Giant A
2026-02-08,5755.22,Inventory,Azure Utilities,Retail Giant A
2026-01-18,9409.04,Tax Provision,TechLogistics Corp,SmallBiz Inc
2026-02-10,7874.37,Rent,Prime Consulting,SmallBiz Inc
2026-01-17,10624.99,Professional Fees,Azure Utilities,SmallBiz Inc
2026-01-14,6997.2,Tax Provision,Prime Consulting,Direct Consumer
2026-03-04,10733.24,Rent,Azure Utilities,Direct Consumer
2026-01-28,7895.94,Inventory,TechLogistics Corp,Retail Giant A
2026-01-08,10974.48,Sales Revenue,Azure Utilities,Retail Giant A
2026-01-02,8096.97,Rent,Global Office Ltd,Direct Consumer
2026-02-22,6780.58,Sales Revenue,TechLogistics Corp,Retail Giant A
2026-02-08,8953.9,Rent,Azure Utilities,Public Sector Dept
2026-03-29,9031.3,Rent,Global Office Ltd,SmallBiz Inc
2026-01-07,5671.11,Tax Provision,Global Office Ltd,Public Sector Dept
2026-03-10,10022.39,Sales Revenue,TechLogistics Corp,Public Sector Dept
2026-02-25,8352.31,Professional Fees,TechLogistics Corp,Public Sector Dept
2026-03-16,7598.87,Inventory,Prime Consulting,Direct Consumer
2026-02-25,5755.88,Rent,Azure Utilities,Retail Giant A
2026-03-01,7626.77,Rent,Global Office Ltd,SmallBiz Inc
2026-03-26,10438.92,Professional Fees,Global Office Ltd,Public Sector Dept
2026-01-29,8720.46,Sales Revenue,Prime Consulting,Direct Consumer
2026-01-18,5826.19,Rent,Azure Utilities,Retail Giant A
2026-03-28,10864.82,Professional Fees,Azure Utilities,Direct Consumer
2026-02-19,9459.29,Tax Provision,TechLogistics Corp,Direct Consumer
2026-01-13,7572.12,Rent,Global Office Ltd,Direct Consumer
2026-03-06,7945.07,Rent,Global Office Ltd,SmallBiz Inc
2026-01-25,8615.18,Rent,Azure Utilities,Direct Consumer
2026-02-06,6440.08,Professional Fees,Azure Utilities,SmallBiz Inc
2026-02-17,8133.31,Professional Fees,Global Office Ltd,Public Sector Dept
2026-01-09,7677.14,Sales Revenue,TechLogistics Corp,Retail Giant A
2026-03-17,8234.05,Sales Revenue,Prime Consulting,Direct Consumer
2026-02-27,6072.93,Tax Provision,Global Office Ltd,Retail Giant A
2026-03-23,9092.39,Professional Fees,TechLogistics Corp,Public Sector Dept
2026-02-01,7379.79,Professional Fees,Prime Consulting,Direct Consumer
2026-03-16,7103.77,Sales Revenue,Global Office Ltd,Public Sector Dept
2026-01-08,5272.53,Professional Fees,Global Office Ltd,SmallBiz Inc
2026-01-17,7152.4,Tax Provision,Global Office Ltd,Retail Giant A
2026-01-18,7359.64,Rent,Azure Utilities,Public Sector Dept
2026-02-26,8686.95,Inventory,Global Office Ltd,Public Sector Dept
2026-03-25,7377.01,Sales Revenue,Prime Consulting,Prime Consulting
2026-01-30,8276.64,Sales Revenue,Prime Consulting,Direct Consumer
2026-02-19,8990.92,Inventory,Azure Utilities,Retail Giant A
2026-02-01,4455.53,Professional Fees,Azure Utilities,Direct Consumer
2026-03-08,7472.49,Sales Revenue,TechLogistics Corp,Direct Consumer
2026-03-10,6926.87,Tax Provision,Global Office Ltd,Public Sector Dept
2026-01-23,6696.95,Inventory,Prime Consulting,Direct Consumer
2026-02-18,6110.42,Inventory,Prime Consulting,Public Sector Dept
2026-02-15,10216.66,Tax Provision,TechLogistics Corp,SmallBiz Inc
2026-01-13,9802.62,Professional Fees,Azure Utilities,Public Sector Dept
2026-01-28,7493.06,Inventory,TechLogistics Corp,SmallBiz Inc
2026-03-30,6436.6,Inventory,Global Office Ltd,Retail Giant A
2026-02-22,6786.67,Tax Provision,TechLogistics Corp,Retail Giant A
2026-03-08,10180.97,Sales Revenue,Global Office Ltd,Direct Consumer
2026-01-29,8974.61,Tax Provision,Global Office Ltd,Direct Consumer
2026-01-17,5029.46,Sales Revenue,TechLogistics Corp,Direct Consumer
2026-03-06,13549.38,Inventory,Azure Utilities,Public Sector Dept
2026-02-28,7390.99,Sales Revenue,Azure Utilities,Retail Giant A
2026-02-06,8443.26,Rent,TechLogistics Corp,Public Sector Dept
2026-03-12,6037.55,Rent,Global Office Ltd,Direct Consumer
2026-03-05,8236.68,Rent,TechLogistics Corp,Direct Consumer
2026-02-18,4252.94,Rent,TechLogistics Corp,Public Sector Dept
2026-01-26,8131.84,Rent,Azure Utilities,Public Sector Dept
2026-02-27,10145.63,Rent,Azure Utilities,Retail Giant A
2026-01-20,6555.62,Professional Fees,Global Office Ltd,Public Sector Dept
2026-03-01,6220.88,Rent,TechLogistics Corp,Public Sector Dept
2026-03-10,-11392.21,Sales Revenue,Prime Consulting,Retail Giant A
2026-01-03,11381.48,Tax Provision,TechLogistics Corp,Direct Consumer
2026-02-18,5165.45,Professional Fees,Global Office Ltd,SmallBiz Inc
2026-02-02,14099.05,Rent,Global Office Ltd,Retail Giant A
2026-02-28,5761.94,Inventory,Global Office Ltd,Public Sector Dept
2026-03-02,8175.25,Professional Fees,Prime Consulting,SmallBiz Inc
2026-02-14,4477.44,Rent,Global Office Ltd,Direct Consumer
2026-02-12,11272.5,Inventory,Azure Utilities,Retail Giant A
2026-03-23,9462.31,Inventory,Azure Utilities,Retail Giant A
2026-02-25,8133.99,Rent,TechLogistics Corp,SmallBiz Inc
2026-01-06,10451.85,Sales Revenue,Global Office Ltd,Retail Giant A
2026-03-29,7300.43,Inventory,Azure Utilities,Public Sector Dept
2026-02-26,6855.16,Sales Revenue,Prime Consulting,SmallBiz Inc
2026-02-07,5535.89,Professional Fees,TechLogistics Corp,SmallBiz Inc
2026-01-12,7288.59,Sales Revenue,Global Office Ltd,Public Sector Dept
2026-03-14,4442.93,Tax Provision,TechLogistics Corp,SmallBiz Inc
2026-02-01,5393.53,Inventory,Azure Utilities,Direct Consumer
2026-03-30,8130.66,Inventory,Prime Consulting,Retail Giant A
2026-02-20,5637.52,Sales Revenue,Global Office Ltd,Retail Giant A
2026-02-28,10001.88,Sales Revenue,Global Office Ltd,SmallBiz Inc
2026-01-07,8975.39,Sales Revenue,TechLogistics Corp,Retail Giant A
2026-02-16,9979.42,Inventory,Azure Utilities,SmallBiz Inc
2026-02-16,4849.55,Sales Revenue,Azure Utilities,Public Sector Dept
2026-02-16,5025.76,Sales Revenue,Azure Utilities,SmallBiz Inc
2026-01-19,9102.55,Sales Revenue,TechLogistics Corp,SmallBiz Inc
2026-03-30,9338.23,Tax Provision,TechLogistics Corp,SmallBiz Inc
2026-02-12,7947.54,Tax Provision,Global Office Ltd,Retail Giant A
2026-02-04,11738.87,Rent,Azure Utilities,Retail Giant A
2026-01-29,5706.89,Tax Provision,Global Office Ltd,SmallBiz Inc
2026-02-25,10886.91,Professional Fees,Prime Consulting,SmallBiz Inc
2026-02-07,8704.23,Tax Provision,Azure Utilities,Direct Consumer
2026-01-20,6387.77,Rent,Azure Utilities,Direct Consumer
2026-02-09,10302.19,Professional Fees,TechLogistics Corp,Retail Giant A
2026-01-12,4882.18,Rent,TechLogistics Corp,Direct Consumer
2026-01-20,8615.75,Tax Provision,Global Office Ltd,Direct Consumer
2026-01-30,9278.88,Professional Fees,Azure Utilities,SmallBiz Inc
2026-01-11,7994.49,Inventory,Azure Utilities,Direct Consumer
2026-02-18,11367.9,Inventory,Azure Utilities,Public Sector Dept
2026-03-08,8090.36,Rent,Azure Utilities,SmallBiz Inc
2026-01-19,-10085.58,Inventory,Global Office Ltd,Direct Consumer
2026-03-11,5606.79,Inventory,Azure Utilities,Direct Consumer
2026-02-14,11938.06,Inventory,Global Office Ltd,SmallBiz Inc
2026-02-21,8533.19,Professional Fees,Global Office Ltd,SmallBiz Inc
2026-03-05,7766.5,Sales Revenue,Global Office Ltd,Public Sector Dept
2026-01-07,7417.05,Rent,Prime Consulting,SmallBiz Inc
2026-01-29,2163.72,Inventory,TechLogistics Corp,SmallBiz Inc
2026-03-16,6833.92,Tax Provision,TechLogistics Corp,Retail Giant A
2026-01-31,7428.44,Tax Provision,Prime Consulting,Retail Giant A
2026-03-04,6414.03,Inventory,Global Office Ltd,SmallBiz Inc
2026-01-26,-7865.26,Professional Fees,TechLogistics Corp,SmallBiz Inc
2026-02-11,8428.61,Sales Revenue,Azure Utilities,Retail Giant A
2026-01-11,7937.93,Rent,Azure Utilities,Retail Giant A
2026-03-18,7191.45,Tax Provision,Prime Consulting,Retail Giant A
2026-02-08,9992.2,Inventory,TechLogistics Corp,Retail Giant A
2026-02-24,9573.64,Rent,Azure Utilities,Public Sector Dept
2026-01-15,8922.93,Sales Revenue,TechLogistics Corp,Public Sector Dept
2026-02-02,9899.0,Rent,Global Office Ltd,Direct Consumer
2026-03-11,7360.86,Professional Fees,TechLogistics Corp,Direct Consumer
2026-01-10,7898.69,Inventory,Prime Consulting,Direct Consumer
2026-02-08,9002.13,Tax Provision,Azure Utilities,Retail Giant A
2026-02-03,8601.41,Sales Revenue,Azure Utilities,Public Sector Dept
2026-02-19,8749.21,Rent,Azure Utilities,SmallBiz Inc
2026-01-05,11718.58,Rent,Azure Utilities,Retail Giant A
2026-03-08,7622.64,Tax Provision,Prime Consulting,Public Sector Dept
2026-01-01,9144.29,Tax Provision,Global Office Ltd,Retail Giant A
2026-02-03,9289.17,Sales Revenue,TechLogistics Corp,SmallBiz Inc
2026-03-20,10072.89,Tax Provision,Global Office Ltd,SmallBiz Inc
2026-01-04,7412.03,Rent,TechLogistics Corp,Retail Giant A
2026-03-19,7896.03,Rent,Azure Utilities,Direct Consumer
2026-03-22,7461.79,Tax Provision,Global Office Ltd,Retail Giant A
2026-02-25,10472.09,Sales Revenue,Prime Consulting,SmallBiz Inc
2026-03-13,9782.48,Professional Fees,Prime Consulting,SmallBiz Inc
2026-01-16,9397.0,Professional Fees,Prime Consulting,SmallBiz Inc
2026-02-03,6664.6,Sales Revenue,Global Office Ltd,Retail Giant A
2026-02-06,8301.3,Professional Fees,Azure Utilities,Direct Consumer
2026-02-09,11162.89,Sales Revenue,Global Office Ltd,SmallBiz Inc
2026-03-14,12258.0,Rent,Azure Utilities,SmallBiz Inc
2026-02-18,6273.39,Inventory,TechLogistics Corp,Direct Consumer
2026-01-05,6851.28,Sales Revenue,Prime Consulting,Direct Consumer
2026-03-19,5803.51,Professional Fees,Prime Consulting,Retail Giant A
2026-03-02,7897.05,Professional Fees,Azure Utilities,Direct Consumer
2026-02-27,9473.14,Rent,Azure Utilities,SmallBiz Inc
2026-01-07,7701.55,Professional Fees,Global Office Ltd,Retail Giant A
2026-02-05,5913.46,Professional Fees,Azure Utilities,Retail Giant A
2026-01-14,7383.31,Professional Fees,Prime Consulting,Direct Consumer
2026-01-21,8502.64,Sales Revenue,TechLogistics Corp,Retail Giant A
2026-01-09,7118.34,Tax Provision,Azure Utilities,Public Sector Dept
2026-02-19,5897.62,Professional Fees,Azure Utilities,Public Sector Dept
2026-01-16,7757.05,Tax Provision,TechLogistics Corp,Direct Consumer
2026-03-14,9185.01,Sales Revenue,Azure Utilities,Retail Giant A
2026-01-13,5289.67,Tax Provision,Global Office Ltd,Direct Consumer
2026-02-28,8489.94,Sales Revenue,Prime Consulting,Retail Giant A
2026-03-01,5175.56,Professional Fees,Global Office Ltd,SmallBiz Inc
2026-02-05,6289.58,Sales Revenue,TechLogistics Corp,Direct Consumer
2026-03-17,6228.77,Sales Revenue,Global Office Ltd,Direct Consumer
2026-01-04,11833.95,Professional Fees,Azure Utilities,Retail Giant A
2026-02-12,7921.87,Professional Fees,Prime Consulting,Public Sector Dept
2026-01-22,5163.87,Tax Provision,Prime Consulting,Retail Giant A
2026-03-10,9352.35,Professional Fees,Prime Consulting,Direct Consumer
2026-02-24,10661.49,Tax Provision,Global Office Ltd,Retail Giant A
2026-01-26,7410.45,Rent,Prime Consulting,SmallBiz Inc
2026-01-06,6285.56,Inventory,Azure Utilities,Direct Consumer
2026-03-10,10074.26,Rent,Global Office Ltd,Direct Consumer
2026-02-13,7453.1,Professional Fees,Azure Utilities,Retail Giant A
2026-02-09,9021.46,Sales Revenue,TechLogistics Corp,Direct Consumer
2026-03-30,7826.95,Rent,TechLogistics Corp,Retail Giant A
2026-01-27,5412.01,Sales Revenue,Azure Utilities,Retail Giant A
2026-01-20,11033.43,Professional Fees,Prime Consulting,Direct Consumer
2026-01-29,8818.16,Inventory,Prime Consulting,SmallBiz Inc
2026-01-13,6144.07,Sales Revenue,TechLogistics Corp,Retail Giant A
2026-02-13,9437.25,Professional Fees,TechLogistics Corp,Retail Giant A
2026-01-23,9515.62,Sales Revenue,TechLogistics Corp,SmallBiz Inc
2026-01-19,7680.19,Inventory,TechLogistics Corp,SmallBiz Inc
2026-01-20,8422.15,Professional Fees,Global Office Ltd,Public Sector Dept
2026-02-25,6790.89,Inventory,Azure Utilities,Direct Consumer
2026-03-05,8678.98,Tax Provision,Prime Consulting,Direct Consumer
2026-02-21,5589.63,Sales Revenue,TechLogistics Corp,Retail Giant A
2026-01-21,10882.32,Inventory,Azure Utilities,Public Sector Dept
2026-01-30,7049.22,Professional Fees,Global Office Ltd,Direct Consumer
2026-01-09,4873.05,Inventory,Global Office Ltd,Direct Consumer
2026-03-10,4636.12,Tax Provision,Prime Consulting,Retail Giant A
2026-01-03,6228.48,Professional Fees,Azure Utilities,Retail Giant A
2026-01-07,9174.7,Professional Fees,Azure Utilities,SmallBiz Inc
2026-02-11,10597.69,Professional Fees,Global Office Ltd,Direct Consumer
2026-02-14,8092.0,Tax Provision,Azure Utilities,Retail Giant A
2026-01-22,9332.15,Professional Fees,Azure Utilities,SmallBiz Inc
2026-02-27,12159.88,Professional Fees,TechLogistics Corp,Retail Giant A
2026-01-08,7565.23,Professional Fees,Global Office Ltd,Retail Giant A
2026-02-19,9923.68,Tax Provision,Prime Consulting,Public Sector Dept
2026-03-25,8406.91,Professional Fees,Global Office Ltd,Retail Giant A
2026-02-14,3650.46,Tax Provision,Azure Utilities,SmallBiz Inc
2026-03-17,8329.06,Sales Revenue,Prime Consulting,Public Sector Dept
2026-03-11,7512.4,Sales Revenue,Global Office Ltd,Retail Giant A
2026-01-03,6616.16,Professional Fees,Azure Utilities,SmallBiz Inc
2026-03-31,14023.47,Inventory,Global Office Ltd,Direct Consumer
2026-03-25,10097.13,Sales Revenue,Azure Utilities,Retail Giant A
2026-02-16,6116.95,Tax Provision,Azure Utilities,SmallBiz Inc
2026-01-23,5075.83,Sales Revenue,Global Office Ltd,Public Sector Dept
2026-03-28,6569.84,Sales Revenue,Global Office Ltd,Public Sector Dept
2026-01-09,8377.36,Rent,TechLogistics Corp,Public Sector Dept
2026-02-02,5509.25,Professional Fees,Azure Utilities,SmallBiz Inc
2026-03-14,8366.52,Professional Fees,Global Office Ltd,Public Sector Dept
2026-02-16,8374.03,Inventory,Prime Consulting,Retail Giant A
2026-01-14,7265.71,Rent,TechLogistics Corp,Retail Giant A
2026-03-18,8074.42,Professional Fees,Azure Utilities,Retail Giant A
2026-01-13,9363.75,Tax Provision,Global Office Ltd,Retail Giant A
2026-03-29,9572.36,Tax Provision,Prime Consulting,Retail Giant A
2026-03-03,8598.33,Professional Fees,Azure Utilities,Public Sector Dept
2026-01-22,8605.46,Professional Fees,Global Office Ltd,Direct Consumer
2026-01-24,6840.22,Tax Provision,Global Office Ltd,SmallBiz Inc
2026-03-08,5182.24,Sales Revenue,Azure Utilities,Direct Consumer
2026-03-14,7728.89,Professional Fees,Global Office Ltd,SmallBiz Inc
2026-03-22,6893.59,Sales Revenue,Global Office Ltd,SmallBiz Inc
2026-01-02,6177.14,Professional Fees,Prime Consulting,Direct Consumer
2026-01-16,8839.12,Inventory,Azure Utilities,Retail Giant A
2026-03-25,8799.42,Inventory,TechLogistics Corp,Retail Giant A
2026-02-01,5931.02,Sales Revenue,TechLogistics Corp,Public Sector Dept
2026-02-21,8711.82,Inventory,Global Office Ltd,Retail Giant A
2026-01-07,9423.96,Sales Revenue,TechLogistics Corp,Retail Giant A
2026-03-11,8039.62,Tax Provision,Prime Consulting,Public Sector Dept
2026-03-21,8353.07,Tax Provision,Prime Consulting,SmallBiz Inc
2026-02-25,999999.99,Professional Fees,Global Office Ltd,Retail Giant A
2026-03-17,7812.02,Tax Provision,Azure Utilities,Public Sector Dept
2026-02-01,4841.61,Sales Revenue,Prime Consulting,Retail Giant A
2026-01-01,6817.6,Professional Fees,Azure Utilities,Retail Giant A
2026-02-13,11904.79,Rent,TechLogistics Corp,Direct Consumer
2026-01-30,5674.68,Inventory,Prime Consulting,Direct Consumer
2026-03-26,8244.68,Sales Revenue,TechLogistics Corp,Retail Giant A
2026-01-09,5299.28,Professional Fees,Global Office Ltd,Retail Giant A
2026-02-05,6142.31,Tax Provision,TechLogistics Corp,Public Sector Dept
2026-01-16,8915.7,Sales Revenue,Azure Utilities,SmallBiz Inc
2026-01-23,8668.13,Rent,TechLogistics Corp,Direct Consumer
2026-03-22,8481.16,Sales Revenue,Prime Consulting,Direct Consumer
2026-03-30,11484.14,Sales Revenue,TechLogistics Corp,Direct Consumer
2026-03-16,5766.45,Inventory,Prime Consulting,Retail Giant A
2026-01-04,7650.93,Inventory,Global Office Ltd,Retail Giant A
2026-03-27,6643.37,Professional Fees,Azure Utilities,SmallBiz Inc
2026-03-11,8151.04,Rent,Azure Utilities,Retail Giant A
2026-02-23,5183.95,Sales Revenue,Prime Consulting,Public Sector Dept
2026-02-26,9299.51,Sales Revenue,TechLogistics Corp,Retail Giant A
2026-02-14,8054.68,Inventory,Global Office Ltd,Retail Giant A
2026-01-13,5561.17,Inventory,Global Office Ltd,Retail Giant A
2026-02-10,9690.41,Professional Fees,Prime Consulting,Direct Consumer
2026-01-02,4157.75,Professional Fees,TechLogistics Corp,Direct Consumer
2026-02-06,5008.19,Inventory,Prime Consulting,Direct Consumer
2026-02-05,6900.13,Rent,Prime Consulting,SmallBiz Inc
2026-02-13,8417.25,Rent,TechLogistics Corp,Direct Consumer
2026-01-02,7371.28,Rent,Global Office Ltd,Public Sector Dept
2026-03-09,8967.08,Inventory,Azure Utilities,Public Sector Dept
2026-03-06,10206.88,Sales Revenue,TechLogistics Corp,Retail Giant A
2026-03-11,3628.14,Inventory,Azure Utilities,Retail Giant A
2026-02-26,7693.75,Rent,TechLogistics Corp,Direct Consumer
2026-01-10,7325.01,Sales Revenue,Global Office Ltd,SmallBiz Inc
2026-01-02,10107.15,Professional Fees,TechLogistics Corp,SmallBiz Inc
2026-03-20,5003.62,Professional Fees,Global Office Ltd,Public Sector Dept
2026-03-01,8111.13,Sales Revenue,Azure Utilities,Direct Consumer
2026-03-03,5132.05,Professional Fees,Prime Consulting,Public Sector Dept
2026-03-19,6397.88,Rent,Global Office Ltd,SmallBiz Inc
2026-03-23,5841.15,Sales Revenue,Azure Utilities,SmallBiz Inc
2026-03-19,8342.99,Inventory,Azure Utilities,Direct Consumer
2026-03-02,9321.32,Tax Provision,TechLogistics Corp,Public Sector Dept
2026-03-15,9841.95,Tax Provision,Prime Consulting,Direct Consumer
2026-02-18,4994.24,Sales Revenue,Global Office Ltd,Public Sector Dept
2026-01-10,7085.04,Sales Revenue,Prime Consulting,Public Sector Dept
2026-03-05,7664.42,Sales Revenue,Prime Consulting,Public Sector Dept
2026-02-20,6607.75,Rent,Prime Consulting,SmallBiz Inc
2026-03-19,8808.68,Inventory,Azure Utilities,Public Sector Dept
2026-01-14,4907.87,Rent,Global Office Ltd,SmallBiz Inc
2026-03-23,9522.39,Inventory,Prime Consulting,Public Sector Dept
2026-01-03,9732.0,Professional Fees,Azure Utilities,SmallBiz Inc
2026-01-14,9736.44,Professional Fees,Azure Utilities,SmallBiz Inc
2026-02-26,10539.33,Inventory,Prime Consulting,Direct Consumer
2026-01-31,7836.75,Rent,Prime Consulting,Retail Giant A
2026-03-15,9185.37,Inventory,Azure Utilities,Public Sector Dept
2026-03-10,5879.52,Inventory,Global Office Ltd,Direct Consumer
2026-03-01,8881.08,Inventory,Global Office Ltd,Direct Consumer
2026-03-13,8964.02,Inventory,Azure Utilities,SmallBiz Inc
2026-02-05,8907.49,Professional Fees,Global Office Ltd,Retail Giant A
2026-02-09,5051.42,Inventory,TechLogistics Corp,SmallBiz Inc
2026-01-02,6635.59,Sales Revenue,Prime Consulting,Public Sector Dept
2026-01-06,9046.48,Tax Provision,TechLogistics Corp,Retail Giant A
2026-01-20,6580.93,Tax Provision,Azure Utilities,Retail Giant A
2026-02-07,9248.33,Tax Provision,Global Office Ltd,Direct Consumer
2026-02-12,5741.69,Professional Fees,Prime Consulting,Public Sector Dept
2026-01-10,6027.54,Professional Fees,Azure Utilities,SmallBiz Inc
2026-01-18,9831.34,Rent,Azure Utilities,Public Sector Dept
2026-03-19,6879.89,Professional Fees,Azure Utilities,Public Sector Dept
2026-01-30,12166.51,Professional Fees,Prime Consulting,SmallBiz Inc
2026-01-15,10702.6,Sales Revenue,TechLogistics Corp,Retail Giant A
2026-01-22,10572.74,Rent,TechLogistics Corp,Public Sector Dept
2026-03-29,5056.93,Rent,Azure Utilities,Retail Giant A
2026-01-19,8294.94,Professional Fees,TechLogistics Corp,SmallBiz Inc
2026-03-03,9177.96,Tax Provision,Global Office Ltd,SmallBiz Inc
2026-02-22,6365.6,Inventory,Azure Utilities,SmallBiz Inc
2026-03-09,6368.79,Inventory,TechLogistics Corp,Retail Giant A
2026-02-25,12175.29,Professional Fees,TechLogistics Corp,Retail Giant A
2026-02-24,12111.5,Professional Fees,Global Office Ltd,SmallBiz Inc
2026-02-22,7995.52,Tax Provision,Global Office Ltd,Direct Consumer
2026-03-15,8415.29,Tax Provision,Global Office Ltd,Retail Giant A
2026-03-14,7284.87,Rent,Azure Utilities,Retail Giant A
2026-03-10,8404.36,Tax Provision,Prime Consulting,SmallBiz Inc
2026-03-05,8281.32,Sales Revenue,TechLogistics Corp,TechLogistics Corp
2026-01-31,7134.83,Professional Fees,Azure Utilities,SmallBiz Inc
2026-02-24,7732.04,Inventory,Prime Consulting,SmallBiz Inc
2026-02-11,9834.45,Rent,Global Office Ltd,SmallBiz Inc
2026-03-09,7931.34,Professional Fees,Global Office Ltd,Direct Consumer
2026-01-20,5398.3,Professional Fees,Azure Utilities,Direct Consumer
2026-02-01,10372.97,Tax Provision,Global Office Ltd,Direct Consumer
2026-01-24,8091.51,Sales Revenue,Prime Consulting,Prime Consulting
2026-03-24,9924.82,Inventory,Azure Utilities,Retail Giant A
2026-02-26,9167.27,Sales Revenue,Global Office Ltd,SmallBiz Inc
2026-03-25,8029.43,Sales Revenue,Azure Utilities,SmallBiz Inc
2026-02-04,10861.57,Professional Fees,Prime Consulting,SmallBiz Inc
2026-02-05,5652.59,Inventory,Azure Utilities,Public Sector Dept
2026-01-27,8851.55,Professional Fees,Prime Consulting,Direct Consumer
2026-03-17,6409.16,Inventory,Prime Consulting,SmallBiz Inc
2026-03-10,5220.73,Rent,Global Office Ltd,SmallBiz Inc
2026-02-26,4064.45,Tax Provision,Prime Consulting,Public Sector Dept
2026-02-17,7846.64,Inventory,Global Office Ltd,Public Sector Dept
2026-02-24,7596.74,Sales Revenue,Prime Consulting,SmallBiz Inc
2026-01-06,6427.5,Inventory,TechLogistics Corp,Direct Consumer
2026-01-27,10653.68,Rent,Prime Consulting,Public Sector Dept
2026-03-01,7461.41,Tax Provision,TechLogistics Corp,Public Sector Dept
2026-02-22,6832.74,Inventory,Global Office Ltd,SmallBiz Inc
2026-02-08,9968.0,Tax Provision,Prime Consulting,SmallBiz Inc
2026-02-13,6301.08,Professional Fees,Global Office Ltd,SmallBiz Inc
2026-02-24,11413.9,Rent,TechLogistics Corp,Public Sector Dept
2026-03-17,7941.68,Sales Revenue,Global Office Ltd,Retail Giant A
2026-02-14,6087.24,Professional Fees,Prime Consulting,Retail Giant A
2026-02-01,6054.61,Professional Fees,TechLogistics Corp,TechLogistics Corp
2026-03-31,8386.49,Inventory,Azure Utilities,Direct Consumer
2026-02-22,5457.21,Professional Fees,Azure Utilities,Retail Giant A
2026-01-09,9188.68,Tax Provision,Global Office Ltd,Public Sector Dept
2026-02-08,-11064.61,Rent,Global Office Ltd,Public Sector Dept
2026-02-01,10423.35,Rent,Azure Utilities,SmallBiz Inc
2026-03-06,8391.42,Tax Provision,TechLogistics Corp,Retail Giant A
2026-02-07,8670.48,Professional Fees,Global Office Ltd,Direct Consumer
2026-03-30,8584.11,Tax Provision,TechLogistics Corp,Direct Consumer
2026-03-13,3403.42,Sales Revenue,Global Office Ltd,Public Sector Dept
2026-03-02,6138.46,Tax Provision,Global Office Ltd,Public Sector Dept
2026-03-05,11119.4,Sales Revenue,Prime Consulting,Retail Giant A
2026-03-19,4935.27,Inventory,TechLogistics Corp,Direct Consumer
2026-03-12,6209.07,Inventory,Prime Consulting,Direct Consumer
2026-03-14,8786.43,Sales Revenue,Prime Consulting,SmallBiz Inc
2026-03-01,4978.18,Sales Revenue,Azure Utilities,Public Sector Dept
2026-02-27,6278.03,Rent,TechLogistics Corp,Public Sector Dept
2026-03-06,8430.55,Inventory,Global Office Ltd,Direct Consumer
2026-02-20,6397.61,Professional Fees,Prime Consulting,Public Sector Dept
2026-02-12,9104.94,Rent,Prime Consulting,SmallBiz Inc
2026-03-17,10420.53,Professional Fees,Azure Utilities,Retail Giant A
2026-02-16,9380.01,Inventory,Prime Consulting,Public Sector Dept
2026-01-06,8051.42,Tax Provision,Prime Consulting,Direct Consumer
2026-02-18,7975.79,Sales Revenue,Global Office Ltd,Retail Giant A
2026-02-19,5883.46,Tax Provision,Azure Utilities,Public Sector Dept
2026-02-24,10484.62,Rent,TechLogistics Corp,Direct Consumer
2026-01-31,7743.99,Professional Fees,Prime Consulting,SmallBiz Inc
2026-02-23,10701.02,Sales Revenue,TechLogistics Corp,Public Sector Dept
2026-03-17,6556.01,Professional Fees,Global Office Ltd,SmallBiz Inc
2026-01-27,5545.53,Professional Fees,Prime Consulting,Retail Giant A
2026-03-05,5508.54,Inventory,Global Office Ltd,SmallBiz Inc
2026-03-13,5585.57,Rent,Prime Consulting,Retail Giant A
2026-02-07,9427.7,Sales Revenue,Azure Utilities,SmallBiz Inc
2026-02-15,7925.65,Tax Provision,Azure Utilities,SmallBiz Inc
2026-01-19,9150.69,Professional Fees,Global Office Ltd,Public Sector Dept
2026-03-01,9693.02,Inventory,Prime Consulting,Retail Giant A
2026-01-24,9010.74,Professional Fees,Prime Consulting,Retail Giant A
2026-01-14,9100.91,Inventory,Prime Consulting,SmallBiz Inc
2026-01-29,10195.84,Tax Provision,TechLogistics Corp,Public Sector Dept
2026-02-27,6423.13,Professional Fees,Global Office Ltd,Public Sector Dept
2026-01-27,6887.48,Rent,Global Office Ltd,SmallBiz Inc
2026-03-19,7238.8,Inventory,Prime Consulting,Public Sector Dept
2026-02-28,8255.79,Sales Revenue,Azure Utilities,SmallBiz Inc
2026-02-07,6311.0,Professional Fees,Azure Utilities,Direct Consumer
2026-03-16,11664.44,Tax Provision,TechLogistics Corp,SmallBiz Inc
2026-01-03,9380.31,Rent,TechLogistics Corp,SmallBiz Inc
2026-02-01,9362.48,Rent,Global Office Ltd,SmallBiz Inc
2026-02-20,10412.61,Tax Provision,Global Office Ltd,Direct Consumer
2026-02-11,7579.07,Tax Provision,TechLogistics Corp,Direct Consumer
2026-03-20,6572.48,Inventory,TechLogistics Corp,Public Sector Dept
2026-03-06,9015.5,Sales Revenue,TechLogistics Corp,Direct Consumer
2026-01-16,4566.8,Rent,Global Office Ltd,Direct Consumer
2026-01-15,7457.62,Professional Fees,Prime Consulting,Public Sector Dept
2026-01-03,8995.0,Inventory,Global Office Ltd,Direct Consumer
2026-02-14,9627.79,Sales Revenue,TechLogistics Corp,Direct Consumer
2026-03-04,6637.49,Tax Provision,Azure Utilities,Retail Giant A
2026-03-26,9214.29,Inventory,TechLogistics Corp,SmallBiz Inc
2026-03-30,9513.45,Inventory,Global Office Ltd,Retail Giant A
2026-03-21,8160.87,Inventory,Azure Utilities,SmallBiz Inc
2026-03-22,9949.8,Inventory,Azure Utilities,SmallBiz Inc
2026-02-04,5497.04,Sales Revenue,Global Office Ltd,SmallBiz Inc
2026-03-26,9434.18,Sales Revenue,Global Office Ltd,SmallBiz Inc
2026-01-18,11542.61,Rent,Azure Utilities,Public Sector Dept
2026-03-01,2766.18,Tax Provision,Azure Utilities,Public Sector Dept
2026-03-13,10087.92,Rent,Global Office Ltd,Direct Consumer
2026-03-12,7249.94,Sales Revenue,Prime Consulting,Retail Giant A
2026-02-07,9779.27,Sales Revenue,Prime Consulting,SmallBiz Inc
2026-02-14,8458.47,Rent,TechLogistics Corp,SmallBiz Inc
2026-03-24,7515.87,Tax Provision,Azure Utilities,Direct Consumer
2026-03-10,10159.49,Rent,TechLogistics Corp,Public Sector Dept
2026-03-19,9487.73,Tax Provision,Global Office Ltd,Direct Consumer
2026-02-27,9076.95,Sales Revenue,Azure Utilities,Direct Consumer
2026-01-08,9031.43,Tax Provision,Azure Utilities,SmallBiz Inc
2026-03-18,10115.25,Professional Fees,TechLogistics Corp,Retail Giant A
2026-01-26,10515.28,Tax Provision,Global Office Ltd,Retail Giant A
2026-02-21,12524.42,Sales Revenue,Azure Utilities,Direct Consumer
2026-03-16,2560.83,Sales Revenue,Global Office Ltd,SmallBiz Inc
2026-03-17,5545.29,Sales Revenue,Azure Utilities,Direct Consumer
2026-03-09,10329.2,Inventory,Prime Consulting,Public Sector Dept
2026-01-31,9533.78,Tax Provision,Prime Consulting,Retail Giant A
2026-03-23,4244.4,Rent,Prime Consulting,Direct Consumer
2026-02-04,12752.31,Professional Fees,Azure Utilities,Public Sector Dept
2026-03-08,5611.97,Sales Revenue,TechLogistics Corp,Public Sector Dept
2026-01-26,9122.53,Professional Fees,Prime Consulting,SmallBiz Inc
2026-01-31,7893.05,Professional Fees,Prime Consulting,Public Sector Dept
2026-03-29,8739.58,Professional Fees,Global Office Ltd,Public Sector Dept
2026-02-16,8308.57,Professional Fees,Prime Consulting,Retail Giant A
2026-02-28,6071.38,Tax Provision,Global Office Ltd,Retail Giant A
2026-01-04,6812.96,Inventory,TechLogistics Corp,Retail Giant A
2026-02-27,8689.8,Sales Revenue,TechLogistics Corp,Direct Consumer
2026-03-09,10823.17,Professional Fees,Prime Consulting,Retail Giant A
2026-03-19,9054.0,Tax Provision,Global Office Ltd,Retail Giant A
2026-02-13,10268.84,Tax Provision,Global Office Ltd,Retail Giant A
2026-01-13,4933.26,Inventory,Global Office Ltd,Retail Giant A
2026-01-21,7156.37,Rent,Global Office Ltd,SmallBiz Inc
2026-03-15,7693.37,Professional Fees,Global Office Ltd,Direct Consumer
2026-02-19,6909.33,Rent,Prime Consulting,Public Sector Dept
2026-01-30,8739.31,Tax Provision,Azure Utilities,SmallBiz Inc
2026-02-19,8101.13,Sales Revenue,Global Office Ltd,SmallBiz Inc
2026-01-09,8191.95,Tax Provision,Azure Utilities,SmallBiz Inc
2026-02-25,13333.39,Rent,TechLogistics Corp,Public Sector Dept
2026-03-02,11769.26,Sales Revenue,Global Office Ltd,SmallBiz Inc
2026-02-06,6142.5,Rent,TechLogistics Corp,TechLogistics Corp
2026-02-22,10633.53,Sales Revenue,Prime Consulting,Direct Consumer
2026-02-28,7367.39,Professional Fees,TechLogistics Corp,SmallBiz Inc
2026-02-04,9426.9,Rent,Global Office Ltd,Public Sector Dept
2026-03-25,9815.57,Inventory,TechLogistics Corp,Direct Consumer
2026-01-25,11492.74,Sales Revenue,Azure Utilities,Direct Consumer
2026-02-07,10068.24,Rent,TechLogistics Corp,Retail Giant A
2026-02-21,7655.86,Sales Revenue,TechLogistics Corp,Direct Consumer
2026-03-03,6681.29,Inventory,Global Office Ltd,SmallBiz Inc
2026-03-05,6139.05,Sales Revenue,Prime Consulting,Retail Giant A
2026-02-02,-8500.12,Rent,TechLogistics Corp,SmallBiz Inc
2026-02-08,4909.25,Inventory,Prime Consulting,SmallBiz Inc
2026-03-12,6472.04,Sales Revenue,Global Office Ltd,Global Office Ltd
2026-03-17,10363.26,Professional Fees,TechLogistics Corp,Public Sector Dept
2026-02-08,6557.53,Rent,TechLogistics Corp,SmallBiz Inc
2026-03-20,9568.43,Sales Revenue,Global Office Ltd,Retail Giant A
2026-02-07,8224.5,Rent,Global Office Ltd,Public Sector Dept
2026-01-28,7579.35,Tax Provision,TechLogistics Corp,Direct Consumer
2026-01-10,8274.41,Inventory,Azure Utilities,Retail Giant A
2026-01-13,3418.44,Tax Provision,Prime Consulting,Retail Giant A
2026-03-19,8430.76,Inventory,Azure Utilities,Direct Consumer
2026-03-05,8731.19,Rent,TechLogistics Corp,Retail Giant A
2026-02-05,7970.75,Inventory,Azure Utilities,SmallBiz Inc
2026-02-14,6735.67,Sales Revenue,TechLogistics Corp,SmallBiz Inc
2026-02-25,7028.13,Tax Provision,Global Office Ltd,Direct Consumer
2026-03-12,6540.37,Sales Revenue,Global Office Ltd,Direct Consumer
2026-02-06,6321.32,Inventory,Azure Utilities,Direct Consumer
2026-01-09,8045.59,Professional Fees,Azure Utilities,Public Sector Dept
2026-02-20,11994.42,Professional Fees,Azure Utilities,Retail Giant A
2026-03-12,6348.99,Sales Revenue,Global Office Ltd,Public Sector Dept
2026-02-01,5969.23,Rent,Global Office Ltd,Direct Consumer
2026-02-27,9021.97,Professional Fees,TechLogistics Corp,SmallBiz Inc
2026-02-17,2887.57,Professional Fees,Azure Utilities,Direct Consumer
2026-01-31,10928.42,Rent,TechLogistics Corp,Retail Giant A
2026-01-16,11356.14,Sales Revenue,TechLogistics Corp,Retail Giant A
2026-03-04,13068.7,Professional Fees,Global Office Ltd,SmallBiz Inc
2026-02-25,10492.52,Rent,Azure Utilities,SmallBiz Inc
2026-03-22,8600.49,Tax Provision,Global Office Ltd,SmallBiz Inc
2026-03-30,8262.4,Sales Revenue,Prime Consulting,Retail Giant A
2026-03-29,9602.46,Professional Fees,Prime Consulting,Retail Giant A
2026-03-06,8766.29,Tax Provision,Azure Utilities,Retail Giant A
2026-02-04,9746.92,Sales Revenue,TechLogistics Corp,Public Sector Dept
2026-02-16,9265.09,Inventory,Global Office Ltd,Global Office Ltd
2026-03-30,6860.89,Inventory,TechLogistics Corp,Retail Giant A
2026-02-11,6418.27,Professional Fees,TechLogistics Corp,Direct Consumer
2026-01-31,5859.16,Rent,Prime Consulting,SmallBiz Inc
2026-02-06,6628.65,Tax Provision,Global Office Ltd,Public Sector Dept
2026-02-23,9490.52,Sales Revenue,Global Office Ltd,Retail Giant A
2026-01-01,5231.78,Sales Revenue,TechLogistics Corp,SmallBiz Inc
2026-03-15,8755.21,Rent,Global Office Ltd,Direct Consumer
2026-01-25,7903.52,Professional Fees,TechLogistics Corp,SmallBiz Inc
2026-03-12,8993.95,Inventory,Global Office Ltd,Retail Giant A
2026-03-12,6296.9,Inventory,Global Office Ltd,SmallBiz Inc
2026-02-13,8751.09,Professional Fees,TechLogistics Corp,Retail Giant A
2026-02-04,5463.7,Professional Fees,Prime Consulting,Retail Giant A
2026-01-07,4523.38,Professional Fees,Global Office Ltd,Direct Consumer
2026-01-02,7277.47,Rent,Azure Utilities,Direct Consumer
2026-03-18,6935.45,Rent,TechLogistics Corp,Direct Consumer
2026-02-24,6321.93,Professional Fees,Prime Consulting,Retail Giant A
2026-01-05,6361.14,Sales Revenue,Azure Utilities,SmallBiz Inc
2026-02-03,11989.26,Tax Provision,Azure Utilities,Direct Consumer
2026-02-03,5755.98,Tax Provision,Global Office Ltd,Retail Giant A
2026-03-30,7125.48,Sales Revenue,TechLogistics Corp,Direct Consumer
2026-02-18,10121.96,Sales Revenue,Global Office Ltd,Public Sector Dept
2026-03-18,4027.42,Tax Provision,Prime Consulting,Public Sector Dept
2026-02-13,6982.44,Professional Fees,TechLogistics Corp,Public Sector Dept
2026-03-06,8250.31,Rent,Prime Consulting,SmallBiz Inc
2026-03-12,5171.55,Rent,TechLogistics Corp,Direct Consumer
2026-03-19,6802.11,Professional Fees,Global Office Ltd,Public Sector Dept
2026-03-16,5242.55,Professional Fees,Global Office Ltd,Direct Consumer
2026-03-19,8188.96,Rent,Global Office Ltd,Public Sector Dept
2026-02-05,4567.29,Professional Fees,TechLogistics Corp,Public Sector Dept
2026-03-06,10612.2,Sales Revenue,TechLogistics Corp,Retail Giant A
2026-03-10,9239.6,Tax Provision,Azure Utilities,Retail Giant A
2026-01-28,7371.22,Rent,Global Office Ltd,SmallBiz Inc
2026-03-17,6783.74,Tax Provision,Global Office Ltd,Direct Consumer
2026-01-04,7619.49,Tax Provision,Global Office Ltd,SmallBiz Inc
2026-03-18,6529.86,Rent,Prime Consulting,Public Sector Dept
2026-03-08,9329.85,Inventory,Global Office Ltd,SmallBiz Inc
2026-01-04,11810.97,Inventory,TechLogistics Corp,Public Sector Dept
2026-02-11,7772.77,Sales Revenue,Global Office Ltd,Public Sector Dept
2026-01-29,6043.31,Sales Revenue,Prime Consulting,SmallBiz Inc
2026-01-12,9401.89,Sales Revenue,Azure Utilities,Retail Giant A
2026-02-18,9768.73,Sales Revenue,Prime Consulting,Public Sector Dept
2026-01-24,10145.96,Inventory,Azure Utilities,Retail Giant A
2026-01-26,5829.46,Professional Fees,Prime Consulting,Direct Consumer
2026-03-13,6843.09,Rent,Azure Utilities,Direct Consumer
2026-03-29,-5747.92,Tax Provision,Global Office Ltd,Public Sector Dept
2026-01-05,7326.25,Tax Provision,Prime Consulting,Retail Giant A
2026-03-20,7447.44,Rent,Prime Consulting,Public Sector Dept
2026-02-15,6675.23,Inventory,Azure Utilities,SmallBiz Inc
2026-01-08,11315.94,Inventory,Prime Consulting,SmallBiz Inc
2026-03-28,7891.18,Tax Provision,Azure Utilities,SmallBiz Inc
2026-03-19,10415.0,Sales Revenue,Global Office Ltd,Retail Giant A
2026-03-09,9891.23,Tax Provision,Azure Utilities,Direct Consumer
2026-01-09,6265.39,Tax Provision,Prime Consulting,Retail Giant A
2026-02-20,7343.58,Inventory,Global Office Ltd,Retail Giant A
2026-03-21,6248.64,Professional Fees,Prime Consulting,Public Sector Dept
2026-02-13,11133.03,Professional Fees,Global Office Ltd,Retail Giant A
2026-02-04,7052.35,Inventory,Azure Utilities,Public Sector Dept
2026-03-18,5103.32,Professional Fees,Prime Consulting,SmallBiz Inc
2026-03-22,5890.43,Professional Fees,Prime Consulting,Public Sector Dept
2026-01-25,10313.58,Rent,Global Office Ltd,Public Sector Dept
2026-03-31,6462.73,Sales Revenue,Azure Utilities,Retail Giant A
2026-03-05,7980.83,Inventory,Azure Utilities,Retail Giant A
2026-03-05,8274.03,Sales Revenue,TechLogistics Corp,Public Sector Dept
2026-01-22,6744.96,Tax Provision,Prime Consulting,Retail Giant A
2026-01-22,8053.63,Rent,Prime Consulting,Public Sector Dept
2026-01-30,7520.82,Sales Revenue,Global Office Ltd,Global Office Ltd
2026-03-12,-8332.55,Rent,Global Office Ltd,Retail Giant A
2026-03-28,8610.48,Tax Provision,Global Office Ltd,Retail Giant A
2026-02-21,8938.14,Sales Revenue,TechLogistics Corp,SmallBiz Inc
2026-02-15,6475.07,Inventory,TechLogistics Corp,Public Sector Dept
2026-01-08,9970.22,Tax Provision,TechLogistics Corp,Retail Giant A
2026-03-10,10380.8,Tax Provision,TechLogistics Corp,Retail Giant A
2026-02-06,8283.91,Inventory,TechLogistics Corp,Retail Giant A
2026-02-13,8057.13,Sales Revenue,TechLogistics Corp,Direct Consumer
2026-03-29,4870.85,Tax Provision,Global Office Ltd,Public Sector Dept
2026-02-02,7662.34,Rent,Azure Utilities,SmallBiz Inc
2026-03-26,4106.83,Rent,Prime Consulting,SmallBiz Inc
2026-02-26,7078.72,Inventory,Azure Utilities,Public Sector Dept
2026-02-28,8348.7,Professional Fees,Global Office Ltd,Retail Giant A
2026-01-21,9311.0,Tax Provision,Global Office Ltd,Public Sector Dept
2026-02-23,4912.07,Rent,Global Office Ltd,Direct Consumer
2026-03-08,9678.57,Rent,Prime Consulting,SmallBiz Inc
2026-01-31,10144.38,Professional Fees,Prime Consulting,SmallBiz Inc
2026-03-19,8398.38,Rent,Azure Utilities,Direct Consumer
2026-01-11,8227.3,Rent,Global Office Ltd,Retail Giant A
2026-02-15,7735.3,Inventory,Prime Consulting,SmallBiz Inc
2026-01-14,11525.54,Professional Fees,Prime Consulting,SmallBiz Inc
2026-02-16,10668.57,Professional Fees,Global Office Ltd,Direct Consumer
2026-02-17,6075.3,Sales Revenue,Prime Consulting,SmallBiz Inc
2026-03-15,7708.87,Sales Revenue,Prime Consulting,Public Sector Dept
2026-03-13,8485.94,Inventory,TechLogistics Corp,Direct Consumer
2026-02-03,6934.93,Rent,TechLogistics Corp,Direct Consumer
2026-03-21,7026.59,Rent,Azure Utilities,Public Sector Dept
2026-01-08,10220.27,Rent,Prime Consulting,Direct Consumer
2026-02-28,6309.25,Rent,Prime Consulting,Direct Consumer
2026-03-13,5295.72,Rent,TechLogistics Corp,SmallBiz Inc
2026-02-01,7412.68,Rent,Prime Consulting,Public Sector Dept
2026-02-28,8734.19,Sales Revenue,Prime Consulting,SmallBiz Inc
2026-01-05,8304.29,Tax Provision,Global Office Ltd,SmallBiz Inc
2026-03-12,12181.77,Inventory,TechLogistics Corp,Retail Giant A
2026-02-17,7536.75,Sales Revenue,Azure Utilities,SmallBiz Inc
2026-01-02,10756.57,Rent,TechLogistics Corp,Public Sector Dept
2026-03-31,7893.99,Sales Revenue,TechLogistics Corp,SmallBiz Inc
2026-02-06,7117.01,Inventory,TechLogistics Corp,Direct Consumer
2026-03-12,11425.4,Tax Provision,Prime Consulting,Retail Giant A
2026-03-30,5485.25,Tax Provision,Prime Consulting,SmallBiz Inc
2026-02-01,7791.08,Sales Revenue,Azure Utilities,Retail Giant A
2026-03-06,5293.76,Sales Revenue,Global Office Ltd,SmallBiz Inc
2026-01-06,8215.31,Tax Provision,Prime Consulting,Public Sector Dept
2026-02-22,8843.24,Tax Provision,TechLogistics Corp,Direct Consumer
2026-02-19,7620.11,Sales Revenue,Global Office Ltd,Public Sector Dept
2026-03-14,5879.49,Rent,Prime Consulting,Retail Giant A
2026-03-12,10599.99,Sales Revenue,TechLogistics Corp,Direct Consumer
2026-01-18,9072.36,Tax Provision,Azure Utilities,Retail Giant A
2026-01-04,6307.0,Inventory,Azure Utilities,Retail Giant A
2026-03-25,6040.11,Professional Fees,Global Office Ltd,Public Sector Dept
2026-01-23,10974.21,Tax Provision,Azure Utilities,Direct Consumer
2026-03-10,9216.67,Tax Provision,Global Office Ltd,Retail Giant A
2026-03-08,6723.47,Inventory,TechLogistics Corp,SmallBiz Inc
2026-01-06,10013.38,Professional Fees,TechLogistics Corp,Direct Consumer
2026-02-17,8405.17,Rent,Prime Consulting,SmallBiz Inc
2026-03-27,6870.14,Professional Fees,Global Office Ltd,Public Sector Dept
2026-03-16,9025.67,Sales Revenue,Global Office Ltd,Public Sector Dept
2026-01-02,7649.94,Rent,Global Office Ltd,Direct Consumer
2026-01-12,6542.71,Inventory,TechLogistics Corp,SmallBiz Inc
2026-02-01,7328.3,Rent,Prime Consulting,Retail Giant A
2026-01-13,9029.92,Inventory,Azure Utilities,Public Sector Dept
2026-03-04,7635.75,Tax Provision,Global Office Ltd,Retail Giant A
2026-01-20,5066.39,Inventory,Azure Utilities,Retail Giant A
2026-02-21,12576.34,Rent,Global Office Ltd,Retail Giant A
2026-03-04,7902.1,Rent,Azure Utilities,Retail Giant A
2026-03-01,11301.12,Rent,TechLogistics Corp,SmallBiz Inc
2026-01-04,8744.56,Rent,Prime Consulting,SmallBiz Inc
2026-03-15,8878.26,Inventory,TechLogistics Corp,Public Sector Dept
2026-01-02,8354.4,Professional Fees,Global Office Ltd,Retail Giant A
2026-03-29,7609.28,Rent,Azure Utilities,Public Sector Dept
2026-02-02,5056.88,Sales Revenue,Prime Consulting,Direct Consumer
2026-01-11,8465.02,Inventory,Global Office Ltd,Retail Giant A
2026-03-07,9277.13,Inventory,Azure Utilities,SmallBiz Inc
2026-01-15,7029.54,Tax Provision,Azure Utilities,Direct Consumer
2026-03-24,5483.49,Professional Fees,Azure Utilities,Direct Consumer
2026-03-22,4654.7,Tax Provision,TechLogistics Corp,Retail Giant A
2026-02-16,10238.09,Rent,Azure Utilities,Retail Giant A
2026-02-02,7416.04,Inventory,Global Office Ltd,SmallBiz Inc
2026-01-30,8979.71,Inventory,TechLogistics Corp,Direct Consumer
2026-03-19,5117.16,Professional Fees,TechLogistics Corp,Public Sector Dept
2026-02-21,11808.41,Inventory,TechLogistics Corp,Direct Consumer
2026-03-06,7555.64,Inventory,TechLogistics Corp,Direct Consumer
2026-01-06,9863.0,Professional Fees,TechLogistics Corp,Direct Consumer
2026-02-22,10314.98,Inventory,TechLogistics Corp,SmallBiz Inc
2026-03-12,4301.17,Professional Fees,Prime Consulting,Direct Consumer
2026-01-08,5185.06,Tax Provision,Prime Consulting,Retail Giant A
2026-03-16,3945.33,Tax Provision,TechLogistics Corp,Retail Giant A
2026-02-08,6190.2,Tax Provision,TechLogistics Corp,SmallBiz Inc
2026-03-03,5062.46,Rent,Prime Consulting,Direct Consumer
2026-01-16,9868.06,Professional Fees,Prime Consulting,Retail Giant A
2026-01-29,7386.55,Sales Revenue,Prime Consulting,Retail Giant A
2026-03-18,7019.63,Tax Provision,Azure Utilities,Retail Giant A
2026-03-31,7680.97,Rent,Prime Consulting,Direct Consumer
2026-03-03,13585.73,Inventory,Global Office Ltd,SmallBiz Inc
2026-03-24,10379.39,Sales Revenue,Azure Utilities,Direct Consumer
2026-03-15,11000.5,Rent,TechLogistics Corp,Retail Giant A
2026-02-03,9276.46,Professional Fees,Prime Consulting,Direct Consumer
2026-01-05,6527.87,Professional Fees,Azure Utilities,Azure Utilities
2026-01-04,9375.46,Tax Provision,TechLogistics Corp,Retail Giant A
2026-02-21,6519.96,Tax Provision,TechLogistics Corp,Direct Consumer
2026-03-18,7299.7,Inventory,Global Office Ltd,Direct Consumer
2026-01-14,6913.97,Sales Revenue,TechLogistics Corp,Retail Giant A
2026-03-24,6795.86,Inventory,TechLogistics Corp,Public Sector Dept
2026-02-14,8322.26,Professional Fees,Global Office Ltd,Retail Giant A
2026-02-27,7354.01,Rent,Azure Utilities,Public Sector Dept
2026-01-05,3127.71,Sales Revenue,TechLogistics Corp,Public Sector Dept
2026-01-20,11213.09,Sales Revenue,Azure Utilities,Public Sector Dept
2026-01-27,10624.17,Inventory,Azure Utilities,SmallBiz Inc
2026-02-16,8993.35,Sales Revenue,Global Office Ltd,Retail Giant A
2026-01-09,5727.55,Professional Fees,TechLogistics Corp,Retail Giant A
2026-01-14,7372.83,Professional Fees,Azure Utilities,Retail Giant A
2026-03-18,8670.15,Rent,Global Office Ltd,Retail Giant A
2026-01-25,6074.61,Sales Revenue,Prime Consulting,Direct Consumer
2026-01-23,8544.79,Sales Revenue,Azure Utilities,SmallBiz Inc
2026-02-17,6146.13,Inventory,Prime Consulting,Retail Giant A
2026-02-06,11360.16,Rent,TechLogistics Corp,SmallBiz Inc
2026-03-22,8905.61,Professional Fees,Prime Consulting,Retail Giant A
2026-02-24,8473.0,Tax Provision,TechLogistics Corp,SmallBiz Inc
2026-03-10,8767.34,Tax Provision,Global Office Ltd,Direct Consumer
2026-03-01,10797.85,Rent,Azure Utilities,SmallBiz Inc
2026-01-29,5695.19,Professional Fees,Global Office Ltd,Global Office Ltd
2026-03-28,8736.94,Sales Revenue,TechLogistics Corp,Direct Consumer
2026-01-19,9564.86,Tax Provision,Prime Consulting,Public Sector Dept
2026-03-17,5711.99,Inventory,Prime Consulting,Public Sector Dept
2026-03-15,10926.77,Professional Fees,TechLogistics Corp,Retail Giant A
2026-01-11,8182.35,Tax Provision,Global Office Ltd,Public Sector Dept
2026-01-22,6767.3,Tax Provision,Azure Utilities,SmallBiz Inc
2026-01-21,8763.22,Sales Revenue,TechLogistics Corp,SmallBiz Inc
2026-03-06,11709.38,Sales Revenue,TechLogistics Corp,Retail Giant A
2026-02-01,8306.56,Sales Revenue,Prime Consulting,Retail Giant A
2026-02-21,7987.73,Inventory,Azure Utilities,Retail Giant A
2026-03-13,7878.51,Rent,Global Office Ltd,Retail Giant A
2026-02-21,8210.92,Tax Provision,Azure Utilities,Public Sector Dept
2026-02-27,8342.59,Inventory,Global Office Ltd,SmallBiz Inc
2026-01-06,10137.81,Inventory,Prime Consulting,Retail Giant A
2026-03-12,13743.95,Inventory,Global Office Ltd,Direct Consumer
2026-03-27,7617.13,Rent,TechLogistics Corp,SmallBiz Inc
2026-01-05,6991.75,Rent,Azure Utilities,Retail Giant A
2026-01-19,9980.42,Rent,Azure Utilities,Retail Giant A
2026-01-18,10298.14,Tax Provision,Azure Utilities,Direct Consumer
2026-03-15,4932.67,Inventory,Azure Utilities,Public Sector Dept
2026-01-10,11137.27,Rent,Global Office Ltd,Public Sector Dept
2026-01-13,6169.5,Inventory,Azure Utilities,Retail Giant A
2026-01-03,10511.64,Sales Revenue,Azure Utilities,SmallBiz Inc
2026-03-10,11063.02,Professional Fees,Azure Utilities,Retail Giant A
2026-03-28,4929.92,Professional Fees,Azure Utilities,SmallBiz Inc
2026-01-24,9204.89,Inventory,Prime Consulting,Retail Giant A
2026-01-28,6138.42,Professional Fees,Prime Consulting,SmallBiz Inc
2026-02-06,8388.4,Rent,Prime Consulting,Retail Giant A
2026-03-20,5305.35,Inventory,Prime Consulting,SmallBiz Inc
2026-03-22,6412.72,Professional Fees,Prime Consulting,Direct Consumer
2026-02-24,8845.27,Tax Provision,TechLogistics Corp,SmallBiz Inc
2026-02-01,7840.43,Professional Fees,Azure Utilities,Public Sector Dept
2026-03-04,7279.61,Inventory,Azure Utilities,Direct Consumer
2026-03-17,8478.88,Inventory,Azure Utilities,Direct Consumer
2026-03-15,9846.57,Rent,Global Office Ltd,Public Sector Dept
2026-01-20,5381.11,Rent,Global Office Ltd,Retail Giant A
2026-03-16,12876.26,Sales Revenue,Azure Utilities,Direct Consumer
2026-03-23,9137.45,Rent,Prime Consulting,SmallBiz Inc
2026-03-22,9286.76,Rent,Global Office Ltd,Public Sector Dept
2026-02-14,5551.77,Sales Revenue,Global Office Ltd,Public Sector Dept
2026-01-01,10538.12,Rent,Global Office Ltd,SmallBiz Inc
2026-01-13,7935.78,Rent,Prime Consulting,SmallBiz Inc
2026-02-24,7288.71,Sales Revenue,TechLogistics Corp,Retail Giant A
2026-02-15,5775.27,Tax Provision,Azure Utilities,Retail Giant A
2026-02-08,9185.73,Rent,Global Office Ltd,Public Sector Dept
2026-01-23,8197.52,Professional Fees,Prime Consulting,Public Sector Dept
2026-03-27,11020.39,Rent,Global Office Ltd,SmallBiz Inc
2026-01-26,6384.32,Inventory,Global Office Ltd,SmallBiz Inc
2026-01-28,7713.72,Sales Revenue,TechLogistics Corp,Retail Giant A
2026-03-16,8850.68,Tax Provision,Prime Consulting,SmallBiz Inc
2026-02-01,11637.43,Rent,Global Office Ltd,Retail Giant A
2026-01-16,9144.91,Rent,Prime Consulting,SmallBiz Inc
2026-02-22,5117.47,Tax Provision,Azure Utilities,Retail Giant A
2026-01-25,9899.58,Rent,TechLogistics Corp,Retail Giant A
2026-03-22,5370.81,Sales Revenue,Global Office Ltd,Public Sector Dept
2026-03-27,4960.28,Professional Fees,Global Office Ltd,SmallBiz Inc
2026-01-04,7516.65,Professional Fees,TechLogistics Corp,Public Sector Dept
2026-03-28,4906.16,Rent,Global Office Ltd,Retail Giant A
2026-03-03,8131.1,Inventory,Prime Consulting,Public Sector Dept
2026-01-30,9099.01,Inventory,TechLogistics Corp,Retail Giant A
2026-01-13,9671.89,Professional Fees,Azure Utilities,Retail Giant A
2026-02-28,10069.58,Professional Fees,Global Office Ltd,Public Sector Dept
2026-03-14,8841.21,Inventory,Prime Consulting,SmallBiz Inc
2026-03-26,6613.96,Inventory,Global Office Ltd,Direct Consumer
2026-01-10,2778.57,Tax Provision,Azure Utilities,SmallBiz Inc
2026-02-28,9100.44,Professional Fees,Prime Consulting,Public Sector Dept
2026-01-19,2588.51,Rent,Prime Consulting,SmallBiz Inc
2026-02-08,6267.82,Rent,TechLogistics Corp,Retail Giant A
2026-03-23,1708.87,Professional Fees,Global Office Ltd,Direct Consumer
2026-02-20,6819.64,Inventory,TechLogistics Corp,SmallBiz Inc
2026-01-11,6614.44,Inventory,Azure Utilities,Public Sector Dept
2026-02-05,7059.08,Inventory,TechLogistics Corp,Direct Consumer
2026-02-21,5807.15,Tax Provision,Global Office Ltd,Retail Giant A
2026-03-24,8950.56,Rent,Global Office Ltd,Direct Consumer
2026-02-23,9106.0,Sales Revenue,TechLogistics Corp,Public Sector Dept
2026-03-31,7896.27,Rent,Prime Consulting,Direct Consumer
2026-03-26,7483.94,Inventory,Prime Consulting,Direct Consumer
2026-01-12,7640.72,Tax Provision,Azure Utilities,SmallBiz Inc
2026-01-12,6599.37,Tax Provision,TechLogistics Corp,Public Sector Dept
2026-01-07,7809.59,Tax Provision,Global Office Ltd,Public Sector Dept
2026-03-31,8148.82,Rent,Global Office Ltd,Public Sector Dept
2026-01-29,7638.09,Sales Revenue,Prime Consulting,Direct Consumer
2026-03-23,7070.46,Rent,TechLogistics Corp,Public Sector Dept
2026-02-23,6838.06,Tax Provision,Prime Consulting,Direct Consumer
2026-01-03,7088.72,Inventory,Global Office Ltd,Direct Consumer
2026-03-13,8400.53,Sales Revenue,Prime Consulting,Retail Giant A
2026-02-20,7726.48,Tax Provision,Global Office Ltd,Public Sector Dept
2026-02-25,8389.23,Inventory,Global Office Ltd,Direct Consumer
2026-03-24,8182.04,Sales Revenue,TechLogistics Corp,Retail Giant A
2026-01-03,9288.27,Professional Fees,TechLogistics Corp,Direct Consumer
2026-01-03,7407.39,Rent,Azure Utilities,Retail Giant A
2026-02-18,9732.54,Professional Fees,Azure Utilities,SmallBiz Inc
2026-03-26,4965.45,Tax Provision,TechLogistics Corp,SmallBiz Inc
2026-02-17,4619.33,Sales Revenue,Global Office Ltd,Direct Consumer
2026-02-11,7609.48,Rent,Global Office Ltd,Public Sector Dept
2026-02-20,9409.08,Rent,Global Office Ltd,Public Sector Dept
2026-03-21,5086.26,Sales Revenue,Azure Utilities,Retail Giant A
2026-03-11,7747.6,Sales Revenue,Prime Consulting,Public Sector Dept
2026-02-26,9340.52,Rent,TechLogistics Corp,Retail Giant A
2026-01-05,8862.55,Sales Revenue,Azure Utilities,SmallBiz Inc
2026-02-11,7800.52,Tax Provision,TechLogistics Corp,Direct Consumer
2026-03-24,5104.6,Professional Fees,Azure Utilities,Direct Consumer
2026-01-15,6180.53,Professional Fees,Prime Consulting,Direct Consumer
2026-02-26,9017.96,Inventory,TechLogistics Corp,SmallBiz Inc
2026-03-15,8530.38,Inventory,Azure Utilities,Public Sector Dept
2026-01-09,7609.17,Sales Revenue,TechLogistics Corp,Direct Consumer
2026-03-11,4523.0,Sales Revenue,Prime Consulting,Retail Giant A
2026-03-06,6532.3,Rent,Global Office Ltd,SmallBiz Inc
2026-03-12,9256.11,Sales Revenue,Azure Utilities,SmallBiz Inc
2026-03-07,9423.26,Inventory,TechLogistics Corp,Public Sector Dept
2026-03-05,6297.49,Sales Revenue,TechLogistics Corp,Public Sector Dept
2026-03-05,6137.85,Rent,TechLogistics Corp,SmallBiz Inc
2026-02-27,9545.49,Sales Revenue,Global Office Ltd,Retail Giant A
2026-01-25,7395.27,Professional Fees,Global Office Ltd,SmallBiz Inc
2026-02-03,5133.86,Rent,TechLogistics Corp,Retail Giant A
2026-03-31,9772.95,Tax Provision,Prime Consulting,SmallBiz Inc
2026-02-28,6501.42,Inventory,Prime Consulting,Public Sector Dept
2026-01-11,8790.1,Sales Revenue,Azure Utilities,Retail Giant A
2026-03-27,7997.4,Sales Revenue,Prime Consulting,Public Sector Dept
2026-03-14,8624.8,Inventory,Prime Consulting,Direct Consumer
2026-03-19,9709.42,Inventory,Azure Utilities,Retail Giant A
2026-02-18,9377.25,Sales Revenue,Azure Utilities,Retail Giant A
2026-01-22,4094.75,Professional Fees,Azure Utilities,Direct Consumer
2026-01-18,7045.94,Tax Provision,Prime Consulting,Public Sector Dept
2026-01-04,6587.79,Tax Provision,Prime Consulting,Retail Giant A
2026-03-26,7924.54,Tax Provision,Prime Consulting,Direct Consumer
2026-03-18,10067.55,Rent,Prime Consulting,Public Sector Dept
2026-03-25,2921.67,Inventory,Global Office Ltd,Retail Giant A
2026-03-09,7285.27,Rent,TechLogistics Corp,Retail Giant A
2026-03-30,9173.91,Sales Revenue,Global Office Ltd,Public Sector Dept
2026-03-26,7005.78,Rent,Prime Consulting,Direct Consumer
2026-01-31,8446.16,Inventory,Prime Consulting,SmallBiz Inc
2026-01-14,10434.6,Professional Fees,Prime Consulting,SmallBiz Inc
2026-02-05,4770.95,Professional Fees,Azure Utilities,SmallBiz Inc
2026-01-11,9749.98,Tax Provision,Prime Consulting,Retail Giant A
2026-02-27,5953.29,Inventory,Azure Utilities,SmallBiz Inc
2026-03-31,8725.0,Inventory,TechLogistics Corp,Retail Giant A
2026-03-01,9705.47,Professional Fees,TechLogistics Corp,Direct Consumer
2026-03-08,6802.1,Sales Revenue,Global Office Ltd,SmallBiz Inc
2026-03-15,9333.67,Tax Provision,Azure Utilities,Public Sector Dept
2026-03-25,7007.68,Professional Fees,Prime Consulting,Retail Giant A
2026-03-09,8549.05,Rent,Global Office Ltd,Retail Giant A
2026-03-17,5501.87,Rent,Prime Consulting,SmallBiz Inc
2026-01-17,10624.4,Rent,TechLogistics Corp,SmallBiz Inc
2026-01-09,8613.64,Inventory,Global Office Ltd,Retail Giant A
2026-03-09,10457.43,Sales Revenue,Prime Consulting,Public Sector Dept
2026-01-09,7099.89,Sales Revenue,Prime Consulting,Retail Giant A
2026-01-26,8617.87,Professional Fees,Prime Consulting,SmallBiz Inc
2026-02-27,10749.75,Inventory,Global Office Ltd,Public Sector Dept
2026-03-07,9486.01,Rent,Prime Consulting,Direct Consumer
2026-01-26,5495.47,Tax Provision,Prime Consulting,Public Sector Dept
2026-03-16,10945.06,Professional Fees,Global Office Ltd,Public Sector Dept
2026-03-20,6559.29,Sales Revenue,Global Office Ltd,SmallBiz Inc
2026-01-02,7327.78,Rent,Prime Consulting,Direct Consumer
2026-01-23,10794.95,Professional Fees,Azure Utilities,Retail Giant A
2026-02-05,8628.19,Inventory,TechLogistics Corp,Retail Giant A
2026-03-27,5364.59,Tax Provision,Global Office Ltd,Retail Giant A
2026-02-20,7441.15,Tax Provision,Prime Consulting,Public Sector Dept
2026-02-24,9794.45,Rent,Global Office Ltd,Retail Giant A
2026-03-31,10653.96,Tax Provision,Global Office Ltd,Retail Giant A
2026-03-30,8344.97,Sales Revenue,Global Office Ltd,Public Sector Dept
2026-03-30,6064.02,Rent,Global Office Ltd,SmallBiz Inc
2026-02-24,8113.31,Tax Provision,TechLogistics Corp,Retail Giant A
2026-02-27,7345.19,Sales Revenue,Prime Consulting,Public Sector Dept
2026-03-13,8149.93,Tax Provision,Azure Utilities,Retail Giant A
2026-01-08,7605.0,Rent,TechLogistics Corp,Retail Giant A
2026-02-28,10902.33,Sales Revenue,Prime Consulting,Public Sector Dept
2026-03-21,7163.23,Inventory,Prime Consulting,Public Sector Dept
2026-03-01,9896.81,Tax Provision,Global Office Ltd,Public Sector Dept
2026-02-09,7536.92,Tax Provision,Prime Consulting,Retail Giant A
2026-02-17,8518.98,Tax Provision,Azure Utilities,SmallBiz Inc
2026-01-06,11156.76,Inventory,Prime Consulting,Public Sector Dept
2026-01-28,8585.1,Sales Revenue,Prime Consulting,Retail Giant A
2026-03-03,6883.67,Tax Provision,Global Office Ltd,Direct Consumer
2026-01-02,8030.27,Professional Fees,Prime Consulting,Public Sector Dept
2026-01-17,6266.27,Tax Provision,Azure Utilities,SmallBiz Inc
2026-03-16,5694.09,Rent,TechLogistics Corp,Public Sector Dept
2026-03-09,6568.91,Rent,Azure Utilities,Direct Consumer
2026-01-04,9956.68,Tax Provision,Azure Utilities,Direct Consumer
2026-03-28,10499.58,Tax Provision,Global Office Ltd,Public Sector Dept
2026-01-09,6369.79,Professional Fees,Prime Consulting,SmallBiz Inc
2026-01-01,8942.06,Rent,Global Office Ltd,Direct Consumer
2026-03-27,9042.63,Sales Revenue,Global Office Ltd,Retail Giant A
2026-01-25,9776.14,Rent,Prime Consulting,SmallBiz Inc
2026-01-11,7071.46,Rent,Azure Utilities,SmallBiz Inc
2026-02-05,6666.18,Tax Provision,TechLogistics Corp,Direct Consumer
2026-01-05,5407.95,Rent,Prime Consulting,Public Sector Dept
2026-02-16,10470.78,Inventory,Prime Consulting,Public Sector Dept
2026-03-21,7582.41,Tax Provision,Azure Utilities,Direct Consumer
2026-02-28,5334.58,Tax Provision,Prime Consulting,Public Sector Dept
2026-03-24,8703.96,Inventory,Global Office Ltd,Public Sector Dept
2026-01-14,9368.66,Professional Fees,Azure Utilities,Retail Giant A
2026-01-23,7112.53,Inventory,Azure Utilities,SmallBiz Inc
2026-02-09,5969.7,Rent,TechLogistics Corp,Retail Giant A
2026-02-19,4885.76,Inventory,Azure Utilities,Public Sector Dept
2026-01-01,4593.4,Sales Revenue,Azure Utilities,SmallBiz Inc
2026-01-12,6909.75,Tax Provision,Global Office Ltd,SmallBiz Inc
2026-02-20,10086.16,Professional Fees,TechLogistics Corp,Retail Giant A
2026-02-05,6553.98,Professional Fees,TechLogistics Corp,Public Sector Dept
2026-02-04,7749.62,Professional Fees,TechLogistics Corp,SmallBiz Inc
2026-01-26,7433.86,Rent,Prime Consulting,Retail Giant A
2026-02-14,9281.99,Tax Provision,Prime Consulting,Retail Giant A
2026-03-19,7925.43,Inventory,Prime Consulting,Retail Giant A
2026-03-04,3879.02,Sales Revenue,Azure Utilities,Public Sector Dept
2026-03-30,9984.31,Professional Fees,Azure Utilities,Retail Giant A
2026-02-14,10553.48,Rent,Global Office Ltd,Direct Consumer
2026-02-10,9533.46,Tax Provision,Global Office Ltd,Retail Giant A
2026-02-24,11393.36,Inventory,Prime Consulting,Direct Consumer
2026-01-30,4815.33,Sales Revenue,Global Office Ltd,Public Sector Dept
2026-03-05,9839.71,Inventory,TechLogistics Corp,Public Sector Dept
2026-02-01,11236.25,Tax Provision,Azure Utilities,Public Sector Dept
2026-03-02,7971.1,Rent,Azure Utilities,Retail Giant A
2026-03-16,6499.34,Rent,Azure Utilities,SmallBiz Inc
2026-03-15,-7605.05,Sales Revenue,Azure Utilities,Retail Giant A
2026-03-14,7076.17,Inventory,TechLogistics Corp,Retail Giant A
2026-02-11,6205.96,Sales Revenue,Prime Consulting,Retail Giant A
2026-01-11,6852.69,Rent,Prime Consulting,SmallBiz Inc
2026-01-05,10952.97,Inventory,Global Office Ltd,Public Sector Dept
2026-01-01,6463.99,Inventory,Azure Utilities,Public Sector Dept
2026-03-01,3496.97,Tax Provision,Global Office Ltd,Direct Consumer
2026-03-30,8353.41,Tax Provision,Azure Utilities,Retail Giant A
2026-03-22,11486.28,Sales Revenue,TechLogistics Corp,SmallBiz Inc
2026-03-12,5262.45,Tax Provision,TechLogistics Corp,Direct Consumer
2026-01-26,6747.3,Inventory,Azure Utilities,Retail Giant A
2026-01-11,10600.43,Rent,Global Office Ltd,Retail Giant A
2026-03-28,7798.75,Rent,TechLogistics Corp,Direct Consumer
2026-01-03,8352.82,Rent,Global Office Ltd,Direct Consumer
2026-01-04,7715.28,Rent,Azure Utilities,Direct Consumer
2026-03-12,7692.55,Tax Provision,Prime Consulting,Direct Consumer
2026-03-02,8903.05,Professional Fees,Azure Utilities,SmallBiz Inc
2026-01-27,7323.6,Sales Revenue,Prime Consulting,SmallBiz Inc
2026-03-24,8342.25,Sales Revenue,Azure Utilities,SmallBiz Inc
2026-01-02,10638.63,Inventory,TechLogistics Corp,Public Sector Dept
2026-03-04,8728.22,Professional Fees,TechLogistics Corp,SmallBiz Inc
2026-01-05,4569.67,Professional Fees,Prime Consulting,Retail Giant A
2026-03-29,7112.09,Professional Fees,Global Office Ltd,SmallBiz Inc
2026-02-11,5046.54,Sales Revenue,Global Office Ltd,Retail Giant A
2026-01-21,4741.81,Inventory,TechLogistics Corp,Direct Consumer
2026-02-21,10260.63,Sales Revenue,TechLogistics Corp,Public Sector Dept
2026-02-02,7814.72,Rent,Global Office Ltd,Public Sector Dept
2026-02-17,9663.19,Inventory,TechLogistics Corp,Direct Consumer
2026-01-20,9205.41,Inventory,TechLogistics Corp,SmallBiz Inc
2026-01-28,6559.39,Rent,Prime Consulting,Direct Consumer
2026-01-08,9014.91,Sales Revenue,TechLogistics Corp,SmallBiz Inc
2026-02-20,6890.76,Tax Provision,Prime Consulting,Public Sector Dept
2026-03-04,8149.83,Inventory,Azure Utilities,Public Sector Dept
2026-01-26,9861.11,Tax Provision,Global Office Ltd,Direct Consumer
2026-01-14,9922.85,Rent,Prime Consulting,Public Sector Dept
2026-03-02,6410.29,Professional Fees,Azure Utilities,SmallBiz Inc
2026-03-21,7382.49,Rent,Global Office Ltd,Public Sector Dept
2026-03-11,10418.58,Inventory,Global Office Ltd,Public Sector Dept
2026-03-17,3212.54,Professional Fees,TechLogistics Corp,Public Sector Dept
2026-02-01,7746.38,Rent,TechLogistics Corp,SmallBiz Inc
2026-02-19,2545.15,Inventory,Global Office Ltd,Retail Giant A
2026-01-06,6799.28,Professional Fees,Global Office Ltd,Public Sector Dept
2026-01-15,6238.88,Inventory,Global Office Ltd,SmallBiz Inc
2026-03-04,6876.04,Sales Revenue,TechLogistics Corp,Public Sector Dept
2026-03-27,9650.94,Professional Fees,Global Office Ltd,Retail Giant A
2026-01-23,5401.88,Tax Provision,Prime Consulting,SmallBiz Inc
2026-03-29,8422.08,Sales Revenue,Global Office Ltd,SmallBiz Inc
2026-01-27,8551.32,Sales Revenue,Azure Utilities,Direct Consumer
2026-03-16,8630.57,Sales Revenue,Global Office Ltd,SmallBiz Inc
2026-01-02,8547.82,Sales Revenue,Azure Utilities,Public Sector Dept
2026-02-01,11463.3,Sales Revenue,Global Office Ltd,Direct Consumer
2026-01-27,10846.51,Rent,Azure Utilities,Retail Giant A
2026-03-01,6485.63,Tax Provision,Global Office Ltd,Direct Consumer
2026-02-03,7554.24,Tax Provision,Azure Utilities,SmallBiz Inc
2026-03-31,4425.4,Sales Revenue,Global Office Ltd,Public Sector Dept
2026-03-25,7561.2,Tax Provision,Azure Utilities,SmallBiz Inc
2026-03-27,10267.99,Tax Provision,Azure Utilities,Retail Giant A
2026-03-31,5779.3,Sales Revenue,Global Office Ltd,SmallBiz Inc
2026-01-08,7542.6,Tax Provision,Prime Consulting,SmallBiz Inc
2026-02-03,8264.94,Professional Fees,Global Office Ltd,Retail Giant A
2026-01-07,5070.32,Professional Fees,Prime Consulting,Retail Giant A
2026-02-07,10968.66,Sales Revenue,TechLogistics Corp,Public Sector Dept
2026-01-04,11622.57,Sales Revenue,TechLogistics Corp,Direct Consumer
2026-02-15,7540.03,Sales Revenue,Global Office Ltd,SmallBiz Inc
2026-03-25,9236.39,Tax Provision,Global Office Ltd,Direct Consumer
2026-02-12,10680.38,Inventory,Azure Utilities,Public Sector Dept
2026-02-06,7966.09,Inventory,Azure Utilities,Retail Giant A
2026-01-07,9773.53,Tax Provision,TechLogistics Corp,Public Sector Dept
2026-03-24,8625.17,Professional Fees,Azure Utilities,SmallBiz Inc
2026-02-13,9628.01,Inventory,Azure Utilities,SmallBiz Inc
2026-01-07,7988.9,Inventory,Global Office Ltd,SmallBiz Inc
2026-03-27,10819.99,Sales Revenue,Azure Utilities,Direct Consumer
2026-02-21,5402.18,Rent,Prime Consulting,SmallBiz Inc
2026-01-29,6973.33,Tax Provision,TechLogistics Corp,Public Sector Dept
2026-03-12,7509.02,Rent,Azure Utilities,SmallBiz Inc
2026-01-02,3955.86,Tax Provision,Azure Utilities,SmallBiz Inc
2026-01-04,4729.32,Tax Provision,Global Office Ltd,Retail Giant A
2026-03-13,13103.81,Sales Revenue,TechLogistics Corp,Retail Giant A
2026-01-23,8737.13,Sales Revenue,Prime Consulting,Direct Consumer
2026-02-02,5526.75,Sales Revenue,Prime Consulting,SmallBiz Inc
2026-02-12,11510.84,Sales Revenue,Global Office Ltd,Direct Consumer
2026-01-16,7371.47,Professional Fees,Global Office Ltd,Direct Consumer
2026-03-21,8191.77,Tax Provision,Prime Consulting,Public Sector Dept
2026-03-04,9476.25,Sales Revenue,Azure Utilities,Retail Giant A
2026-01-09,6561.22,Tax Provision,Global Office Ltd,Public Sector Dept
2026-02-22,5484.32,Tax Provision,Global Office Ltd,Public Sector Dept
2026-02-05,4215.49,Sales Revenue,Global Office Ltd,SmallBiz Inc
2026-03-22,9103.74,Professional Fees,Prime Consulting,Retail Giant A
2026-03-06,5407.51,Tax Provision,Prime Consulting,Direct Consumer
2026-02-11,6369.87,Professional Fees,TechLogistics Corp,Retail Giant A
2026-01-21,9734.22,Tax Provision,Global Office Ltd,Direct Consumer
2026-03-27,7758.81,Professional Fees,Prime Consulting,Direct Consumer
2026-01-15,6671.37,Rent,Azure Utilities,Retail Giant A
2026-03-06,6762.49,Rent,Prime Consulting,Direct Consumer
2026-02-23,8461.9,Rent,Global Office Ltd,Direct Consumer
2026-02-28,4250.07,Inventory,Azure Utilities,Direct Consumer
2026-03-07,3365.74,Sales Revenue,Azure Utilities,Public Sector Dept
2026-01-16,7510.2,Rent,Azure Utilities,Direct Consumer
2026-03-14,9950.83,Professional Fees,Prime Consulting,Public Sector Dept
2026-02-24,9403.83,Inventory,TechLogistics Corp,Direct Consumer
2026-01-28,7224.23,Rent,TechLogistics Corp,Direct Consumer
2026-03-27,9080.73,Professional Fees,Azure Utilities,Direct Consumer
2026-01-15,9121.2,Sales Revenue,TechLogistics Corp,Direct Consumer
2026-02-09,5442.71,Inventory,Prime Consulting,Retail Giant A
2026-01-23,7164.91,Professional Fees,Global Office Ltd,Public Sector Dept
2026-02-25,9301.24,Tax Provision,Global Office Ltd,Retail Giant A
2026-01-17,7841.23,Inventory,Global Office Ltd,SmallBiz Inc
2026-03-06,10047.92,Sales Revenue,Azure Utilities,Public Sector Dept
2026-02-15,5187.25,Professional Fees,TechLogistics Corp,Public Sector Dept
2026-02-13,10216.33,Professional Fees,Azure Utilities,Retail Giant A
2026-02-20,6426.09,Inventory,Prime Consulting,Retail Giant A
2026-01-22,7559.76,Tax Provision,TechLogistics Corp,SmallBiz Inc
2026-01-05,7544.69,Sales Revenue,Prime Consulting,Direct Consumer
2026-02-07,8891.09,Professional Fees,Global Office Ltd,SmallBiz Inc
2026-01-28,8738.74,Tax Provision,Azure Utilities,Direct Consumer
2026-03-24,8102.93,Rent,Prime Consulting,SmallBiz Inc
2026-02-16,5684.72,Inventory,Global Office Ltd,Direct Consumer
2026-02-26,9204.24,Sales Revenue,Prime Consulting,Retail Giant A
2026-03-05,10171.83,Sales Revenue,TechLogistics Corp,SmallBiz Inc
2026-02-19,8821.13,Tax Provision,Prime Consulting,Direct Consumer
2026-03-13,7835.84,Tax Provision,TechLogistics Corp,Public Sector Dept
2026-03-10,6823.1,Tax Provision,Azure Utilities,Direct Consumer
2026-03-03,7135.33,Inventory,Prime Consulting,Direct Consumer
2026-03-02,2686.59,Sales Revenue,Azure Utilities,Public Sector Dept
2026-03-01,7753.49,Inventory,TechLogistics Corp,Public Sector Dept
2026-03-23,9532.11,Inventory,Azure Utilities,Retail Giant A
2026-01-15,6882.08,Inventory,TechLogistics Corp,Retail Giant A
2026-03-03,10398.42,Inventory,Global Office Ltd,Direct Consumer
2026-01-18,9637.0,Sales Revenue,Global Office Ltd,Public Sector Dept
2026-03-31,6863.44,Rent,Azure Utilities,SmallBiz Inc
2026-03-13,7340.81,Professional Fees,Prime Consulting,Direct Consumer
2026-03-28,9867.25,Inventory,TechLogistics Corp,Public Sector Dept
2026-02-20,8257.6,Professional Fees,TechLogistics Corp,Direct Consumer
2026-03-26,8569.11,Sales Revenue,Global Office Ltd,Retail Giant A
2026-03-21,8325.76,Tax Provision,Global Office Ltd,SmallBiz Inc
2026-01-11,6628.57,Professional Fees,Prime Consulting,Direct Consumer
2026-01-16,9704.64,Tax Provision,Azure Utilities,Direct Consumer
2026-03-31,11570.81,Sales Revenue,Azure Utilities,SmallBiz Inc
2026-02-10,9275.19,Sales Revenue,Prime Consulting,Public Sector Dept
2026-03-06,9825.27,Inventory,Azure Utilities,SmallBiz Inc
2026-03-05,5637.96,Professional Fees,Global Office Ltd,Retail Giant A
2026-01-22,7931.93,Rent,Prime Consulting,SmallBiz Inc
2026-01-20,9827.3,Sales Revenue,Azure Utilities,Retail Giant A
2026-02-19,8468.84,Tax Provision,Prime Consulting,Direct Consumer
2026-01-12,5722.69,Professional Fees,TechLogistics Corp,SmallBiz Inc
2026-03-27,6485.6,Sales Revenue,Global Office Ltd,Retail Giant A
2026-01-01,6928.82,Rent,Prime Consulting,Direct Consumer
2026-03-10,7366.72,Inventory,Global Office Ltd,Direct Consumer
2026-01-20,7899.32,Sales Revenue,Prime Consulting,Direct Consumer
2026-01-23,9507.6,Inventory,Azure Utilities,Public Sector Dept
2026-02-10,8483.27,Sales Revenue,Prime Consulting,Public Sector Dept
2026-01-23,10242.1,Tax Provision,Prime Consulting,Direct Consumer
2026-02-11,9641.48,Professional Fees,TechLogistics Corp,Retail Giant A
2026-01-12,8398.79,Tax Provision,TechLogistics Corp,Public Sector Dept
2026-03-12,10735.44,Rent,Global Office Ltd,Direct Consumer
2026-02-23,7265.57,Tax Provision,Global Office Ltd,Public Sector Dept
2026-02-01,7886.04,Rent,Prime Consulting,Public Sector Dept
2026-03-07,9082.98,Inventory,Prime Consulting,Direct Consumer
2026-01-17,6241.01,Tax Provision,TechLogistics Corp,SmallBiz Inc
2026-02-12,7257.8,Sales Revenue,TechLogistics Corp,Public Sector Dept
2026-02-04,10540.89,Tax Provision,Azure Utilities,Public Sector Dept
2026-02-28,6469.81,Rent,TechLogistics Corp,Retail Giant A
2026-02-11,7629.39,Sales Revenue,Global Office Ltd,Direct Consumer
2026-03-05,7623.54,Rent,Azure Utilities,Direct Consumer
2026-02-26,8609.07,Professional Fees,Azure Utilities,Direct Consumer
2026-02-23,8823.73,Sales Revenue,TechLogistics Corp,Direct Consumer
2026-01-26,8279.5,Inventory,Prime Consulting,SmallBiz Inc
2026-03-21,9174.57,Professional Fees,Global Office Ltd,Public Sector Dept
2026-03-20,8204.21,Tax Provision,Prime Consulting,Retail Giant A
2026-01-25,7989.44,Professional Fees,Azure Utilities,SmallBiz Inc
2026-03-16,7619.1,Sales Revenue,Prime Consulting,Public Sector Dept
2026-03-21,7290.96,Rent,Prime Consulting,Direct Consumer
2026-02-17,6833.51,Rent,Azure Utilities,Direct Consumer
2026-01-07,8069.61,Inventory,Global Office Ltd,SmallBiz Inc
2026-01-30,6724.85,Sales Revenue,Azure Utilities,SmallBiz Inc
2026-02-14,5773.68,Professional Fees,TechLogistics Corp,Retail Giant A
2026-03-04,6197.79,Professional Fees,Prime Consulting,Retail Giant A
2026-03-01,5511.15,Rent,TechLogistics Corp,SmallBiz Inc
2026-02-16,8544.83,Inventory,TechLogistics Corp,Public Sector Dept
2026-01-13,10581.55,Professional Fees,TechLogistics Corp,Public Sector Dept
2026-01-27,7588.65,Rent,Azure Utilities,Direct Consumer
2026-02-01,6638.58,Tax Provision,Global Office Ltd,Retail Giant A
2026-03-29,7837.65,Tax Provision,Global Office Ltd,Retail Giant A
2026-02-03,8357.14,Tax Provision,Prime Consulting,Direct Consumer
2026-01-02,8332.18,Sales Revenue,TechLogistics Corp,Retail Giant A
2026-02-17,5980.85,Sales Revenue,Global Office Ltd,Public Sector Dept
2026-03-20,7076.35,Sales Revenue,Azure Utilities,Direct Consumer
2026-01-24,6086.39,Tax Provision,Prime Consulting,Direct Consumer
2026-03-29,9910.12,Rent,Global Office Ltd,Direct Consumer
2026-01-20,9403.32,Tax Provision,Azure Utilities,Direct Consumer
2026-03-20,5584.67,Sales Revenue,Prime Consulting,SmallBiz Inc
2026-03-18,6489.01,Professional Fees,Prime Consulting,Public Sector Dept
2026-02-26,10171.2,Sales Revenue,TechLogistics Corp,Public Sector Dept
2026-03-31,10279.89,Professional Fees,Prime Consulting,SmallBiz Inc
2026-03-25,9220.4,Professional Fees,Prime Consulting,SmallBiz Inc
2026-02-21,6578.36,Sales Revenue,Azure Utilities,SmallBiz Inc
2026-01-17,5783.06,Tax Provision,Azure Utilities,Direct Consumer
2026-01-24,4752.94,Inventory,Global Office Ltd,Public Sector Dept
2026-01-24,11896.7,Tax Provision,TechLogistics Corp,Retail Giant A
2026-01-22,4920.89,Professional Fees,Azure Utilities,SmallBiz Inc
2026-03-25,8437.57,Professional Fees,TechLogistics Corp,Public Sector Dept
2026-02-12,6313.83,Tax Provision,TechLogistics Corp,SmallBiz Inc
2026-02-17,11772.26,Tax Provision,Global Office Ltd,SmallBiz Inc
2026-03-31,6680.09,Sales Revenue,Prime Consulting,Public Sector Dept
2026-02-03,8920.4,Rent,Global Office Ltd,SmallBiz Inc
2026-01-21,7395.51,Sales Revenue,Azure Utilities,Direct Consumer
2026-03-11,7800.69,Sales Revenue,Prime Consulting,Retail Giant A
2026-03-13,8116.12,Rent,Azure Utilities,Retail Giant A
2026-01-25,6691.47,Inventory,Azure Utilities,Public Sector Dept
2026-03-08,12684.5,Tax Provision,TechLogistics Corp,Retail Giant A
2026-03-12,7986.74,Sales Revenue,TechLogistics Corp,Retail Giant A
2026-02-27,7713.25,Inventory,Azure Utilities,Direct Consumer
2026-03-26,7052.53,Rent,Global Office Ltd,Direct Consumer
2026-01-16,6639.0,Professional Fees,Prime Consulting,SmallBiz Inc
2026-03-21,9008.36,Rent,Azure Utilities,Direct Consumer
2026-01-10,5940.4,Professional Fees,TechLogistics Corp,SmallBiz Inc
2026-01-17,9285.57,Rent,Azure Utilities,SmallBiz Inc
2026-01-05,10208.43,Tax Provision,Prime Consulting,Direct Consumer
2026-03-14,7588.86,Tax Provision,TechLogistics Corp,Public Sector Dept
2026-03-16,11480.32,Professional Fees,Global Office Ltd,Direct Consumer
2026-03-13,5229.06,Inventory,TechLogistics Corp,Retail Giant A
2026-03-24,13808.98,Tax Provision,Prime Consulting,SmallBiz Inc
2026-03-15,5515.02,Tax Provision,Global Office Ltd,SmallBiz Inc
2026-01-07,8853.65,Sales Revenue,Prime Consulting,Direct Consumer
2026-01-30,6545.66,Rent,Prime Consulting,Public Sector Dept
2026-03-12,7001.32,Sales Revenue,Global Office Ltd,Direct Consumer
2026-03-30,2138.51,Rent,Azure Utilities,SmallBiz Inc
2026-01-03,8874.9,Sales Revenue,TechLogistics Corp,Retail Giant A
2026-03-29,10415.34,Inventory,Global Office Ltd,Retail Giant A
2026-02-17,8656.07,Professional Fees,Global Office Ltd,SmallBiz Inc
2026-01-16,9118.65,Tax Provision,Prime Consulting,Direct Consumer
2026-03-05,7864.05,Tax Provision,Global Office Ltd,Public Sector Dept
2026-03-20,7868.84,Rent,Prime Consulting,Retail Giant A
2026-02-19,11581.77,Sales Revenue,Prime Consulting,Direct Consumer
2026-01-31,2306.16,Professional Fees,Global Office Ltd,Public Sector Dept
2026-02-28,9569.49,Inventory,Azure Utilities,Public Sector Dept
2026-02-19,6968.39,Rent,TechLogistics Corp,Retail Giant A
2026-01-14,7583.27,Professional Fees,Prime Consulting,Direct Consumer
2026-03-01,9836.77,Professional Fees,Prime Consulting,Direct Consumer
2026-01-20,7886.1,Professional Fees,Global Office Ltd,Direct Consumer
2026-01-03,7092.16,Professional Fees,TechLogistics Corp,Direct Consumer
2026-03-30,12686.71,Rent,Prime Consulting,Public Sector Dept
2026-01-20,7019.27,Inventory,Prime Consulting,Direct Consumer
2026-03-17,6933.4,Rent,Azure Utilities,Public Sector Dept
2026-03-04,5146.83,Sales Revenue,Global Office Ltd,Direct Consumer
2026-03-29,6821.21,Rent,Prime Consulting,Retail Giant A
2026-02-02,7771.4,Tax Provision,Global Office Ltd,Direct Consumer
2026-02-02,6493.45,Rent,TechLogistics Corp,SmallBiz Inc
2026-01-22,6608.56,Sales Revenue,Global Office Ltd,Direct Consumer
2026-03-25,7582.19,Professional Fees,Global Office Ltd,Public Sector Dept
2026-01-14,9095.28,Professional Fees,TechLogistics Corp,SmallBiz Inc
2026-03-19,11893.43,Sales Revenue,Prime Consulting,Direct Consumer
2026-02-22,5439.64,Rent,TechLogistics Corp,Direct Consumer
2026-02-05,8220.8,Sales Revenue,Prime Consulting,Retail Giant A
2026-01-25,6510.38,Sales Revenue,TechLogistics Corp,Direct Consumer
2026-03-17,7870.23,Tax Provision,TechLogistics Corp,Retail Giant A
2026-01-06,-11783.47,Sales Revenue,Azure Utilities,SmallBiz Inc
2026-03-17,9826.03,Rent,Global Office Ltd,Retail Giant A
2026-02-18,10998.64,Rent,Prime Consulting,Direct Consumer
2026-01-04,5968.88,Inventory,TechLogistics Corp,Retail Giant A
2026-02-26,9577.39,Professional Fees,TechLogistics Corp,SmallBiz Inc
2026-03-05,8014.83,Tax Provision,Prime Consulting,Public Sector Dept
2026-01-01,7539.66,Rent,TechLogistics Corp,Direct Consumer
2026-01-25,3135.79,Sales Revenue,Azure Utilities,Direct Consumer
2026-01-25,5696.63,Rent,Prime Consulting,SmallBiz Inc
2026-03-20,7287.05,Inventory,Prime Consulting,SmallBiz Inc
2026-01-02,5108.05,Inventory,Prime Consulting,SmallBiz Inc
2026-03-05,4665.5,Professional Fees,TechLogistics Corp,Public Sector Dept
2026-01-24,8718.22,Sales Revenue,Global Office Ltd,Retail Giant A
2026-01-09,8945.78,Tax Provision,Global Office Ltd,Direct Consumer
2026-01-21,7650.75,Tax Provision,Global Office Ltd,Direct Consumer
2026-01-10,8225.21,Inventory,Global Office Ltd,SmallBiz Inc
2026-01-24,9243.27,Rent,Azure Utilities,Retail Giant A
2026-03-21,7342.86,Professional Fees,Azure Utilities,SmallBiz Inc
2026-03-22,6451.0,Rent,Prime Consulting,Retail Giant A
2026-01-22,7828.45,Rent,Azure Utilities,Public Sector Dept
2026-01-07,6908.45,Sales Revenue,Global Office Ltd,SmallBiz Inc
2026-01-24,6611.49,Rent,Prime Consulting,Public Sector Dept
2026-01-27,7189.85,Sales Revenue,Global Office Ltd,SmallBiz Inc
2026-02-08,6564.02,Inventory,Azure Utilities,Public Sector Dept
2026-03-19,9737.38,Rent,Prime Consulting,Public Sector Dept
2026-03-18,10069.31,Inventory,Global Office Ltd,Public Sector Dept
2026-03-05,8945.77,Sales Revenue,Azure Utilities,Public Sector Dept
2026-01-31,11516.26,Professional Fees,Azure Utilities,Direct Consumer
2026-01-24,6931.57,Inventory,Global Office Ltd,Retail Giant A
2026-01-26,8059.31,Sales Revenue,Global Office Ltd,Direct Consumer
2026-03-10,8558.49,Professional Fees,TechLogistics Corp,Public Sector Dept
2026-02-10,3567.62,Sales Revenue,Global Office Ltd,Public Sector Dept
2026-03-29,12328.23,Sales Revenue,TechLogistics Corp,Retail Giant A
2026-03-21,9589.85,Tax Provision,Prime Consulting,Public Sector Dept
2026-01-22,4846.44,Inventory,Azure Utilities,Retail Giant A
2026-02-08,9027.13,Rent,Global Office Ltd,Direct Consumer
2026-02-19,8503.56,Tax Provision,TechLogistics Corp,Public Sector Dept
2026-03-09,6096.37,Inventory,Prime Consulting,Retail Giant A
2026-02-19,8790.05,Rent,Global Office Ltd,Public Sector Dept
2026-01-20,2980.72,Sales Revenue,Global Office Ltd,Public Sector Dept
2026-03-16,7470.8,Rent,Prime Consulting,Public Sector Dept
2026-03-05,9786.32,Rent,Azure Utilities,Public Sector Dept
2026-03-28,8896.85,Sales Revenue,Prime Consulting,Retail Giant A
2026-03-11,7992.02,Inventory,Prime Consulting,Direct Consumer
2026-03-31,10490.39,Inventory,TechLogistics Corp,Direct Consumer
2026-02-14,10358.83,Sales Revenue,TechLogistics Corp,Direct Consumer
2026-03-30,4904.76,Sales Revenue,Azure Utilities,Public Sector Dept
2026-02-18,8653.61,Inventory,TechLogistics Corp,Public Sector Dept
2026-03-25,2825.56,Tax Provision,TechLogistics Corp,Public Sector Dept
2026-01-25,6761.13,Sales Revenue,Prime Consulting,SmallBiz Inc
2026-03-06,10062.02,Tax Provision,Global Office Ltd,Retail Giant A
2026-02-25,13087.88,Rent,Prime Consulting,Retail Giant A
2026-02-02,8154.9,Inventory,Prime Consulting,Retail Giant A
2026-03-31,4246.23,Professional Fees,TechLogistics Corp,Direct Consumer
2026-01-27,4821.62,Sales Revenue,Global Office Ltd,Direct Consumer
2026-03-31,8385.78,Sales Revenue,TechLogistics Corp,SmallBiz Inc
2026-03-11,10628.59,Tax Provision,TechLogistics Corp,Retail Giant A
2026-03-22,11994.94,Professional Fees,Azure Utilities,SmallBiz Inc
2026-03-14,5777.87,Professional Fees,TechLogistics Corp,SmallBiz Inc
2026-03-28,8856.78,Professional Fees,Global Office Ltd,Direct Consumer
2026-01-05,7450.19,Tax Provision,Prime Consulting,Direct Consumer
2026-03-13,9420.95,Rent,TechLogistics Corp,SmallBiz Inc
2026-01-09,5610.5,Rent,Prime Consulting,SmallBiz Inc
2026-01-27,10861.71,Tax Provision,Global Office Ltd,Direct Consumer
2026-02-24,7875.6,Sales Revenue,Prime Consulting,Retail Giant A
2026-03-17,6974.84,Tax Provision,TechLogistics Corp,Direct Consumer
2026-01-04,4853.08,Rent,Global Office Ltd,SmallBiz Inc
2026-03-17,10002.32,Rent,TechLogistics Corp,Direct Consumer
2026-02-17,8929.36,Rent,Prime Consulting,Retail Giant A
2026-01-10,9642.12,Inventory,Global Office Ltd,SmallBiz Inc
2026-03-13,10256.47,Rent,Prime Consulting,Direct Consumer
2026-02-28,8637.78,Professional Fees,TechLogistics Corp,Retail Giant A
2026-03-30,10756.98,Tax Provision,Prime Consulting,Public Sector Dept
2026-02-07,6831.31,Professional Fees,Prime Consulting,Direct Consumer
2026-02-01,9192.59,Inventory,Azure Utilities,SmallBiz Inc
2026-02-03,-5535.14,Inventory,Azure Utilities,Direct Consumer
2026-03-22,5931.55,Sales Revenue,Prime Consulting,Public Sector Dept
2026-03-05,8334.09,Rent,Prime Consulting,Public Sector Dept
2026-02-02,9228.41,Inventory,Global Office Ltd,SmallBiz Inc
2026-03-05,6157.28,Professional Fees,Global Office Ltd,Direct Consumer
2026-01-06,8731.53,Professional Fees,Global Office Ltd,Direct Consumer
2026-01-04,7667.37,Tax Provision,Azure Utilities,Retail Giant A
2026-01-09,7411.29,Tax Provision,Prime Consulting,Direct Consumer
2026-03-03,6363.07,Tax Provision,Global Office Ltd,Public Sector Dept
2026-03-02,8204.34,Tax Provision,Azure Utilities,SmallBiz Inc
2026-02-06,5172.3,Inventory,Prime Consulting,Direct Consumer
2026-02-16,6841.66,Rent,Prime Consulting,Retail Giant A
2026-03-19,6921.74,Rent,Prime Consulting,Direct Consumer
2026-01-31,6810.32,Sales Revenue,Global Office Ltd,Direct Consumer
2026-03-03,7633.88,Sales Revenue,TechLogistics Corp,SmallBiz Inc
2026-01-22,8512.55,Inventory,Global Office Ltd,SmallBiz Inc
2026-01-17,8255.72,Rent,TechLogistics Corp,Direct Consumer
2026-01-05,7340.57,Sales Revenue,TechLogistics Corp,Public Sector Dept
2026-03-29,7206.77,Professional Fees,Azure Utilities,Public Sector Dept
2026-01-11,6939.66,Sales Revenue,TechLogistics Corp,Public Sector Dept
2026-01-13,7400.93,Tax Provision,Global Office Ltd,SmallBiz Inc
2026-01-01,10306.07,Sales Revenue,Prime Consulting,Retail Giant A
2026-02-01,8022.05,Tax Provision,TechLogistics Corp,Public Sector Dept
2026-01-08,11765.04,Professional Fees,Azure Utilities,Retail Giant A
2026-01-31,7522.57,Professional Fees,TechLogistics Corp,Public Sector Dept
2026-01-09,8398.11,Rent,Global Office Ltd,Public Sector Dept
2026-02-28,8875.45,Professional Fees,Azure Utilities,Retail Giant A
2026-03-22,9507.19,Inventory,Global Office Ltd,Public Sector Dept
2026-01-30,10746.74,Inventory,Prime Consulting,Retail Giant A
2026-01-17,10634.55,Rent,Global Office Ltd,SmallBiz Inc
2026-02-06,4438.22,Rent,Azure Utilities,Public Sector Dept
2026-02-03,10108.04,Rent,Azure Utilities,SmallBiz Inc
2026-03-10,8652.05,Professional Fees,TechLogistics Corp,Retail Giant A
2026-02-07,3399.92,Professional Fees,Global Office Ltd,Retail Giant A
2026-02-10,7463.41,Inventory,Global Office Ltd,Public Sector Dept
2026-02-02,4486.92,Inventory,Global Office Ltd,Direct Consumer
2026-01-24,9179.15,Sales Revenue,Prime Consulting,Retail Giant A
2026-03-24,4115.12,Rent,Prime Consulting,Direct Consumer
2026-02-12,8894.16,Professional Fees,TechLogistics Corp,Public Sector Dept
2026-02-09,4736.53,Professional Fees,Azure Utilities,Direct Consumer
2026-02-27,9507.77,Sales Revenue,Global Office Ltd,Public Sector Dept
2026-01-14,8051.44,Rent,Prime Consulting,Direct Consumer
2026-03-25,8868.94,Sales Revenue,Global Office Ltd,Public Sector Dept
2026-03-13,5635.4,Professional Fees,Global Office Ltd,Retail Giant A
2026-02-15,7933.7,Tax Provision,TechLogistics Corp,Direct Consumer
2026-01-07,4614.38,Tax Provision,Azure Utilities,Direct Consumer
2026-02-05,8188.03,Sales Revenue,Global Office Ltd,Public Sector Dept
2026-03-09,7634.17,Professional Fees,Prime Consulting,SmallBiz Inc
2026-02-03,3481.93,Inventory,Azure Utilities,Retail Giant A
2026-01-05,7804.21,Tax Provision,Global Office Ltd,Direct Consumer
2026-02-26,9836.43,Rent,Prime Consulting,SmallBiz Inc
2026-03-15,7670.93,Inventory,TechLogistics Corp,Public Sector Dept
2026-02-16,6747.39,Inventory,Global Office Ltd,Retail Giant A
2026-02-14,7265.75,Sales Revenue,Prime Consulting,Public Sector Dept
2026-01-05,7261.86,Inventory,Global Office Ltd,Public Sector Dept
2026-01-24,11003.63,Sales Revenue,Prime Consulting,Direct Consumer
2026-03-10,11014.83,Sales Revenue,Prime Consulting,Public Sector Dept
2026-02-20,8550.68,Professional Fees,TechLogistics Corp,Public Sector Dept
2026-03-02,6977.17,Inventory,TechLogistics Corp,Direct Consumer
2026-02-24,7379.55,Sales Revenue,Prime Consulting,SmallBiz Inc
2026-02-01,8477.65,Tax Provision,Azure Utilities,Direct Consumer
2026-01-22,6113.38,Professional Fees,TechLogistics Corp,SmallBiz Inc
2026-01-28,4679.18,Rent,TechLogistics Corp,Direct Consumer
2026-03-11,6968.61,Professional Fees,Prime Consulting,SmallBiz Inc
2026-03-15,9816.42,Professional Fees,Prime Consulting,Public Sector Dept
2026-02-05,8831.45,Tax Provision,Azure Utilities,Public Sector Dept
2026-02-14,7906.36,Sales Revenue,TechLogistics Corp,Retail Giant A
2026-02-15,10135.51,Inventory,TechLogistics Corp,Retail Giant A
2026-02-16,12693.11,Rent,Azure Utilities,Direct Consumer
2026-02-04,8125.59,Sales Revenue,Prime Consulting,Public Sector Dept
2026-03-03,11844.76,Tax Provision,Azure Utilities,Retail Giant A
2026-01-12,8875.99,Inventory,TechLogistics Corp,Retail Giant A
2026-02-18,7917.51,Rent,Prime Consulting,Retail Giant A
2026-02-20,6707.86,Sales Revenue,Azure Utilities,Retail Giant A
2026-01-16,9391.03,Rent,Prime Consulting,Retail Giant A
2026-03-04,8916.12,Professional Fees,Global Office Ltd,Public Sector Dept
2026-02-21,5954.19,Tax Provision,Global Office Ltd,Direct Consumer
2026-02-12,7411.72,Tax Provision,Azure Utilities,Direct Consumer
2026-03-10,5518.44,Rent,Prime Consulting,Retail Giant A
2026-01-20,6920.49,Rent,Global Office Ltd,Public Sector Dept
2026-01-10,5833.24,Professional Fees,TechLogistics Corp,Public Sector Dept
2026-03-19,6427.88,Tax Provision,Azure Utilities,Public Sector Dept
2026-02-09,5117.33,Tax Provision,Azure Utilities,SmallBiz Inc
2026-03-30,8420.22,Sales Revenue,Prime Consulting,Retail Giant A
2026-01-07,7956.26,Rent,Azure Utilities,Retail Giant A
2026-02-22,5745.14,Inventory,Prime Consulting,SmallBiz Inc
2026-01-28,7743.52,Rent,TechLogistics Corp,Direct Consumer
2026-02-08,8373.66,Inventory,Prime Consulting,SmallBiz Inc
2026-03-18,10759.73,Sales Revenue,Azure Utilities,SmallBiz Inc
2026-01-11,5244.2,Sales Revenue,Global Office Ltd,Retail Giant A
2026-02-09,8698.76,Tax Provision,TechLogistics Corp,Direct Consumer
2026-01-05,7639.98,Professional Fees,Azure Utilities,Direct Consumer
2026-02-27,8104.74,Inventory,Azure Utilities,Retail Giant A
2026-03-15,5671.13,Rent,Azure Utilities,SmallBiz Inc
2026-01-21,8045.54,Professional Fees,Global Office Ltd,Retail Giant A
2026-01-20,9968.95,Inventory,Azure Utilities,Retail Giant A
2026-01-21,4738.23,Inventory,Global Office Ltd,Public Sector Dept
2026-03-29,-9677.27,Rent,Prime Consulting,Direct Consumer
2026-01-04,5750.38,Sales Revenue,Prime Consulting,SmallBiz Inc
2026-03-28,7247.98,Sales Revenue,Azure Utilities,Direct Consumer
2026-01-21,11892.38,Professional Fees,Global Office Ltd,Direct Consumer
2026-02-12,12415.78,Sales Revenue,Global Office Ltd,Direct Consumer
2026-02-25,5952.0,Professional Fees,Global Office Ltd,Retail Giant A
2026-03-20,7641.83,Sales Revenue,Azure Utilities,SmallBiz Inc
2026-02-06,5926.48,Professional Fees,Azure Utilities,SmallBiz Inc
2026-01-06,8796.59,Inventory,Azure Utilities,Direct Consumer
2026-02-05,8128.52,Sales Revenue,Prime Consulting,SmallBiz Inc
2026-03-07,6913.4,Tax Provision,TechLogistics Corp,Direct Consumer
2026-01-13,12799.49,Tax Provision,Global Office Ltd,SmallBiz Inc
2026-02-13,10465.59,Professional Fees,Prime Consulting,Retail Giant A
2026-03-30,4973.43,Inventory,Azure Utilities,Retail Giant A
2026-01-19,7463.96,Inventory,Azure Utilities,SmallBiz Inc
2026-01-05,7177.74,Tax Provision,Global Office Ltd,SmallBiz Inc
2026-02-18,9348.43,Professional Fees,Azure Utilities,Public Sector Dept
2026-02-18,5095.87,Professional Fees,TechLogistics Corp,SmallBiz Inc
2026-03-15,6324.76,Inventory,TechLogistics Corp,Direct Consumer
2026-01-18,10952.79,Inventory,Prime Consulting,Direct Consumer
2026-03-07,8636.75,Professional Fees,Azure Utilities,Direct Consumer
2026-03-12,5376.19,Professional Fees,Azure Utilities,Retail Giant A
2026-01-03,12613.03,Professional Fees,TechLogistics Corp,SmallBiz Inc
2026-02-04,8535.86,Inventory,Global Office Ltd,Retail Giant A
2026-01-11,8787.57,Inventory,TechLogistics Corp,Retail Giant A
2026-02-15,8242.81,Tax Provision,Prime Consulting,Retail Giant A
2026-01-27,9375.87,Professional Fees,Azure Utilities,Public Sector Dept
2026-03-06,8374.16,Inventory,TechLogistics Corp,Public Sector Dept
2026-02-10,6517.26,Sales Revenue,TechLogistics Corp,Retail Giant A
2026-02-05,6427.93,Tax Provision,Prime Consulting,Public Sector Dept
2026-01-13,9462.04,Tax Provision,Prime Consulting,Public Sector Dept
2026-01-10,6676.59,Sales Revenue,TechLogistics Corp,Public Sector Dept
2026-01-04,7273.14,Sales Revenue,Global Office Ltd,Direct Consumer
2026-03-02,8726.56,Professional Fees,Prime Consulting,Direct Consumer
2026-03-10,11959.58,Inventory,Azure Utilities,Public Sector Dept
2026-01-03,8914.33,Rent,Azure Utilities,Direct Consumer
2026-02-02,7690.26,Rent,Prime Consulting,Direct Consumer
2026-01-24,8504.59,Tax Provision,Prime Consulting,Direct Consumer
2026-03-03,7994.22,Sales Revenue,Prime Consulting,Retail Giant A
2026-02-27,6877.38,Tax Provision,TechLogistics Corp,Public Sector Dept
2026-03-15,7668.18,Inventory,Global Office Ltd,Direct Consumer
2026-02-17,10840.54,Inventory,Prime Consulting,SmallBiz Inc
2026-03-31,7140.1,Inventory,Global Office Ltd,Direct Consumer
2026-02-26,8374.59,Professional Fees,Global Office Ltd,Direct Consumer
2026-01-12,10780.19,Rent,Prime Consulting,Public Sector Dept
2026-01-09,8747.83,Inventory,Global Office Ltd,Retail Giant A
2026-01-11,5365.5,Professional Fees,Global Office Ltd,SmallBiz Inc
2026-02-16,8355.17,Tax Provision,TechLogistics Corp,Direct Consumer
2026-02-28,8166.26,Sales Revenue,Azure Utilities,Retail Giant A
2026-01-15,8994.56,Inventory,Prime Consulting,Direct Consumer
2026-01-19,7571.0,Tax Provision,Azure Utilities,Direct Consumer
2026-01-24,9743.55,Inventory,Global Office Ltd,Direct Consumer
2026-03-28,9046.22,Inventory,Global Office Ltd,Public Sector Dept
2026-02-11,7565.46,Tax Provision,Global Office Ltd,Retail Giant A
2026-01-01,5404.41,Professional Fees,Prime Consulting,SmallBiz Inc
2026-03-28,7997.53,Professional Fees,Azure Utilities,SmallBiz Inc
2026-02-27,8398.05,Professional Fees,Prime Consulting,SmallBiz Inc
2026-01-07,9054.83,Sales Revenue,Prime Consulting,Direct Consumer
2026-01-07,7369.0,Tax Provision,Global Office Ltd,Public Sector Dept
2026-03-20,7012.84,Rent,Azure Utilities,Direct Consumer
2026-03-06,9255.04,Inventory,TechLogistics Corp,Public Sector Dept
2026-03-21,10172.52,Rent,Azure Utilities,SmallBiz Inc
2026-01-27,5745.37,Inventory,Prime Consulting,Direct Consumer
2026-03-17,5172.93,Tax Provision,Azure Utilities,SmallBiz Inc
2026-02-08,7324.66,Inventory,TechLogistics Corp,SmallBiz Inc
2026-02-07,7604.82,Inventory,Global Office Ltd,Direct Consumer
2026-03-21,5555.58,Professional Fees,Prime Consulting,Direct Consumer
2026-02-10,5723.91,Tax Provision,Prime Consulting,Retail Giant A
2026-01-05,7776.24,Sales Revenue,Azure Utilities,Direct Consumer
2026-01-29,7488.04,Inventory,Azure Utilities,Public Sector Dept
2026-03-18,7086.66,Professional Fees,Prime Consulting,Retail Giant A
2026-03-12,6347.88,Inventory,TechLogistics Corp,Retail Giant A
2026-01-04,5806.87,Tax Provision,Azure Utilities,SmallBiz Inc
2026-02-13,6163.04,Inventory,Prime Consulting,SmallBiz Inc
2026-03-09,5412.1,Tax Provision,Prime Consulting,Direct Consumer
2026-02-21,10750.4,Inventory,Global Office Ltd,Direct Consumer
2026-01-31,8849.91,Inventory,Prime Consulting,SmallBiz Inc
2026-02-11,9021.59,Sales Revenue,Global Office Ltd,SmallBiz Inc
2026-01-26,8145.83,Professional Fees,Azure Utilities,Direct Consumer
2026-01-11,7871.29,Tax Provision,Global Office Ltd,Public Sector Dept
2026-01-26,11651.71,Sales Revenue,Prime Consulting,SmallBiz Inc
2026-03-09,3916.84,Sales Revenue,TechLogistics Corp,Direct Consumer
2026-01-01,12363.35,Professional Fees,Prime Consulting,Public Sector Dept
2026-02-18,8769.55,Rent,Prime Consulting,SmallBiz Inc
2026-03-26,10134.95,Sales Revenue,Azure Utilities,Public Sector Dept
2026-02-19,8718.65,Rent,Prime Consulting,Direct Consumer
2026-03-10,7285.57,Rent,TechLogistics Corp,Direct Consumer
2026-02-04,10086.34,Professional Fees,Prime Consulting,SmallBiz Inc
2026-01-12,6443.61,Tax Provision,TechLogistics Corp,Direct Consumer
2026-01-03,6861.5,Rent,Global Office Ltd,Public Sector Dept
2026-03-11,4926.1,Professional Fees,TechLogistics Corp,Public Sector Dept
2026-01-05,7846.43,Sales Revenue,Prime Consulting,Retail Giant A
2026-02-22,11121.11,Professional Fees,Azure Utilities,Public Sector Dept
2026-03-21,9232.92,Sales Revenue,TechLogistics Corp,Public Sector Dept
2026-02-13,8162.46,Inventory,TechLogistics Corp,Public Sector Dept
2026-03-06,11328.74,Tax Provision,Azure Utilities,Public Sector Dept
2026-01-19,8760.25,Rent,Azure Utilities,Direct Consumer
2026-03-01,6934.98,Inventory,Azure Utilities,Public Sector Dept
2026-03-09,10082.32,Inventory,Global Office Ltd,SmallBiz Inc
2026-01-22,6839.24,Inventory,Prime Consulting,Retail Giant A
2026-02-08,11775.04,Sales Revenue,TechLogistics Corp,Public Sector Dept
2026-02-27,6663.35,Inventory,TechLogistics Corp,SmallBiz Inc
2026-03-12,8297.8,Professional Fees,Azure Utilities,Direct Consumer
2026-02-04,10915.02,Inventory,Prime Consulting,Public Sector Dept
2026-03-28,9219.51,Inventory,TechLogistics Corp,Direct Consumer
2026-01-16,7184.12,Rent,Azure Utilities,Direct Consumer
2026-01-22,6415.89,Rent,Prime Consulting,Public Sector Dept
2026-01-04,5055.39,Professional Fees,Global Office Ltd,Public Sector Dept
2026-03-22,9992.98,Professional Fees,Azure Utilities,Public Sector Dept
2026-01-28,8205.73,Sales Revenue,Prime Consulting,Retail Giant A
2026-01-20,5717.47,Inventory,Azure Utilities,SmallBiz Inc
2026-03-25,8421.37,Professional Fees,Global Office Ltd,SmallBiz Inc
2026-03-21,7740.81,Sales Revenue,Azure Utilities,Retail Giant A
2026-01-08,10463.55,Rent,Azure Utilities,Direct Consumer
2026-01-21,10964.67,Tax Provision,Azure Utilities,Direct Consumer
2026-02-13,9472.88,Professional Fees,TechLogistics Corp,Retail Giant A
2026-02-14,8739.78,Inventory,Global Office Ltd,SmallBiz Inc
2026-02-26,8093.85,Tax Provision,Azure Utilities,Direct Consumer
2026-02-21,9115.35,Tax Provision,Global Office Ltd,Direct Consumer
2026-02-28,7631.92,Rent,TechLogistics Corp,Direct Consumer
2026-01-05,10837.89,Professional Fees,TechLogistics Corp,Public Sector Dept
2026-01-13,9618.04,Inventory,Global Office Ltd,Direct Consumer
2026-02-22,4305.06,Tax Provision,Global Office Ltd,Retail Giant A
2026-03-12,5642.92,Rent,TechLogistics Corp,Retail Giant A
2026-02-15,9574.82,Sales Revenue,Prime Consulting,Direct Consumer
2026-03-08,6540.01,Sales Revenue,Azure Utilities,Public Sector Dept
2026-01-30,7401.73,Inventory,Prime Consulting,Public Sector Dept
2026-02-25,5936.32,Inventory,Azure Utilities,Direct Consumer
2026-01-04,6658.04,Tax Provision,Azure Utilities,Retail Giant A
2026-03-05,6637.11,Rent,TechLogistics Corp,Public Sector Dept
2026-03-08,5655.16,Rent,Prime Consulting,Public Sector Dept
2026-03-01,6653.04,Rent,Prime Consulting,Direct Consumer
2026-01-08,7500.34,Inventory,TechLogistics Corp,Direct Consumer
2026-03-31,4132.34,Sales Revenue,TechLogistics Corp,Retail Giant A
2026-01-08,8408.3,Tax Provision,Prime Consulting,SmallBiz Inc
2026-03-17,9549.51,Sales Revenue,TechLogistics Corp,SmallBiz Inc
2026-03-20,7096.82,Tax Provision,TechLogistics Corp,Direct Consumer
2026-03-04,8282.65,Rent,Azure Utilities,Retail Giant A
2026-01-19,7362.57,Tax Provision,TechLogistics Corp,SmallBiz Inc
2026-02-22,11805.5,Sales Revenue,Azure Utilities,Public Sector Dept
2026-02-01,7403.07,Sales Revenue,Azure Utilities,Public Sector Dept
2026-02-21,3913.37,Inventory,Prime Consulting,Direct Consumer
2026-01-26,9189.77,Inventory,Azure Utilities,Retail Giant A
2026-01-02,6304.7,Sales Revenue,Azure Utilities,SmallBiz Inc
2026-02-10,10488.13,Tax Provision,TechLogistics Corp,Public Sector Dept
2026-02-12,6631.48,Tax Provision,Prime Consulting,Direct Consumer
2026-02-11,4550.44,Inventory,Global Office Ltd,Direct Consumer
2026-02-01,6249.53,Tax Provision,Global Office Ltd,Public Sector Dept
2026-03-17,7176.12,Tax Provision,Prime Consulting,SmallBiz Inc
2026-01-31,7877.85,Rent,Azure Utilities,Direct Consumer
2026-01-19,8941.0,Sales Revenue,TechLogistics Corp,Retail Giant A
2026-01-15,10719.4,Rent,Prime Consulting,SmallBiz Inc
2026-02-03,6487.1,Tax Provision,Global Office Ltd,Public Sector Dept
2026-01-07,7806.79,Tax Provision,Global Office Ltd,SmallBiz Inc
2026-02-12,9498.6,Sales Revenue,Global Office Ltd,SmallBiz Inc
2026-01-21,7877.93,Tax Provision,Azure Utilities,Public Sector Dept
2026-03-11,5187.57,Inventory,Azure Utilities,Public Sector Dept
2026-03-03,7948.91,Professional Fees,Prime Consulting,Direct Consumer
2026-03-14,5893.48,Professional Fees,Prime Consulting,Retail Giant A
2026-01-28,4734.88,Professional Fees,TechLogistics Corp,Public Sector Dept
2026-01-01,12508.14,Professional Fees,Prime Consulting,SmallBiz Inc
2026-02-17,8759.84,Rent,Prime Consulting,SmallBiz Inc
2026-02-02,8023.28,Inventory,Prime Consulting,SmallBiz Inc
2026-02-06,6938.05,Tax Provision,Azure Utilities,SmallBiz Inc
2026-03-11,10676.78,Sales Revenue,Prime Consulting,Retail Giant A
2026-03-29,5816.87,Sales Revenue,Azure Utilities,SmallBiz Inc
2026-01-06,9893.09,Inventory,Azure Utilities,Public Sector Dept
2026-02-15,6473.47,Tax Provision,Prime Consulting,Public Sector Dept
2026-03-07,4161.49,Sales Revenue,Azure Utilities,Direct Consumer
2026-01-17,6485.02,Tax Provision,Global Office Ltd,Public Sector Dept
2026-03-10,6702.74,Rent,Azure Utilities,SmallBiz Inc
2026-01-25,8935.58,Inventory,Prime Consulting,Public Sector Dept
2026-01-01,10152.27,Rent,Global Office Ltd,SmallBiz Inc
2026-01-08,9862.25,Professional Fees,Azure Utilities,Public Sector Dept
2026-03-13,5250.3,Sales Revenue,Azure Utilities,Direct Consumer
2026-01-20,4785.13,Sales Revenue,Azure Utilities,Retail Giant A
2026-01-08,7576.58,Sales Revenue,Global Office Ltd,SmallBiz Inc
2026-03-02,5882.67,Rent,Global Office Ltd,SmallBiz Inc
2026-02-06,8918.76,Sales Revenue,Azure Utilities,Public Sector Dept
2026-01-04,8692.4,Tax Provision,Azure Utilities,Public Sector Dept
2026-02-10,10180.04,Tax Provision,TechLogistics Corp,Public Sector Dept
2026-03-02,11154.81,Inventory,Global Office Ltd,Public Sector Dept
2026-03-30,5108.72,Tax Provision,Prime Consulting,Direct Consumer
2026-02-22,10826.12,Inventory,TechLogistics Corp,Direct Consumer
2026-01-18,8317.5,Tax Provision,TechLogistics Corp,SmallBiz Inc
2026-03-06,4668.14,Inventory,Prime Consulting,Public Sector Dept
2026-01-09,8286.95,Inventory,Global Office Ltd,Direct Consumer
2026-03-23,5640.4,Professional Fees,Global Office Ltd,Public Sector Dept
2026-03-10,4698.77,Inventory,Global Office Ltd,Public Sector Dept
2026-01-21,9030.91,Sales Revenue,TechLogistics Corp,SmallBiz Inc
2026-01-26,7067.32,Rent,Azure Utilities,Direct Consumer
2026-03-16,5171.64,Rent,Prime Consulting,Prime Consulting
2026-02-05,5074.35,Inventory,Prime Consulting,Direct Consumer
2026-01-23,10168.4,Professional Fees,TechLogistics Corp,Retail Giant A
2026-02-05,9896.32,Inventory,Prime Consulting,SmallBiz Inc
2026-03-14,6191.29,Sales Revenue,Global Office Ltd,Direct Consumer
2026-01-03,7102.34,Tax Provision,Azure Utilities,Direct Consumer
2026-03-26,9905.32,Sales Revenue,Prime Consulting,Direct Consumer
2026-03-06,5984.35,Rent,Prime Consulting,SmallBiz Inc
2026-03-15,9222.12,Inventory,TechLogistics Corp,Public Sector Dept
2026-03-26,6900.15,Rent,TechLogistics Corp,Public Sector Dept
2026-01-30,7327.77,Rent,Global Office Ltd,Public Sector Dept
2026-03-19,7001.03,Tax Provision,Prime Consulting,Direct Consumer
2026-03-28,8590.64,Rent,TechLogistics Corp,TechLogistics Corp
2026-01-11,9137.8,Inventory,TechLogistics Corp,Public Sector Dept
2026-02-10,8945.49,Professional Fees,Global Office Ltd,Public Sector Dept
2026-03-23,2145.4,Inventory,TechLogistics Corp,SmallBiz Inc
2026-01-17,9478.28,Sales Revenue,TechLogistics Corp,Retail Giant A
2026-03-10,4075.2,Sales Revenue,Global Office Ltd,Retail Giant A
2026-03-01,8510.24,Professional Fees,TechLogistics Corp,SmallBiz Inc
2026-03-13,7065.58,Sales Revenue,Azure Utilities,Public Sector Dept
2026-01-11,9128.88,Tax Provision,Azure Utilities,Retail Giant A
2026-01-08,11465.92,Inventory,TechLogistics Corp,Direct Consumer
2026-01-16,6692.97,Professional Fees,Global Office Ltd,Direct Consumer
2026-02-14,4913.56,Professional Fees,Global Office Ltd,Public Sector Dept
2026-02-10,7042.72,Tax Provision,Azure Utilities,Direct Consumer
2026-03-30,8180.45,Inventory,Global Office Ltd,Retail Giant A
2026-01-26,4916.8,Rent,TechLogistics Corp,SmallBiz Inc
2026-02-25,6909.96,Inventory,Prime Consulting,SmallBiz Inc
2026-01-29,8248.06,Sales Revenue,Global Office Ltd,Retail Giant A
2026-03-24,6534.65,Sales Revenue,TechLogistics Corp,Retail Giant A
2026-01-13,3755.79,Sales Revenue,TechLogistics Corp,TechLogistics Corp
2026-01-11,7559.29,Professional Fees,Azure Utilities,Direct Consumer
2026-03-26,9141.3,Inventory,Prime Consulting,Public Sector Dept
2026-01-25,9332.99,Tax Provision,Global Office Ltd,Retail Giant A
2026-02-03,6062.8,Sales Revenue,Azure Utilities,Public Sector Dept
2026-03-07,10668.74,Professional Fees,TechLogistics Corp,Direct Consumer
2026-02-02,9231.5,Sales Revenue,Azure Utilities,Public Sector Dept
2026-03-08,10725.09,Professional Fees,Global Office Ltd,Direct Consumer
2026-03-19,5201.08,Tax Provision,TechLogistics Corp,Direct Consumer
2026-03-19,9906.32,Tax Provision,Prime Consulting,Public Sector Dept
2026-01-02,11069.71,Professional Fees,Azure Utilities,Retail Giant A
2026-02-12,3258.33,Rent,Prime Consulting,Public Sector Dept
2026-01-13,5638.21,Rent,TechLogistics Corp,Public Sector Dept
2026-03-04,6585.31,Professional Fees,Global Office Ltd,Direct Consumer
2026-01-05,7097.75,Tax Provision,Prime Consulting,Direct Consumer
2026-03-30,5334.37,Inventory,TechLogistics Corp,SmallBiz Inc
2026-02-19,8233.62,Rent,Prime Consulting,Retail Giant A
2026-03-25,6138.6,Sales Revenue,Azure Utilities,SmallBiz Inc
2026-03-13,7725.94,Tax Provision,Global Office Ltd,SmallBiz Inc
2026-01-02,6143.89,Sales Revenue,TechLogistics Corp,Direct Consumer
2026-02-25,5995.92,Rent,Global Office Ltd,Public Sector Dept
2026-02-27,6334.14,Tax Provision,Azure Utilities,Public Sector Dept
2026-03-13,6941.62,Sales Revenue,Azure Utilities,Public Sector Dept
2026-01-28,7166.45,Sales Revenue,Azure Utilities,Direct Consumer
2026-02-01,7592.96,Rent,TechLogistics Corp,Direct Consumer
2026-03-11,7074.04,Rent,Prime Consulting,Retail Giant A
2026-01-16,7981.39,Professional Fees,TechLogistics Corp,Direct Consumer
2026-01-11,8822.83,Sales Revenue,Global Office Ltd,Public Sector Dept
2026-02-02,11300.23,Inventory,Azure Utilities,Retail Giant A
2026-02-18,6899.89,Tax Provision,Prime Consulting,Direct Consumer
2026-02-12,10897.73,Sales Revenue,Global Office Ltd,Retail Giant A
2026-03-13,8117.31,Rent,Azure Utilities,Direct Consumer
2026-01-04,8197.47,Rent,Prime Consulting,SmallBiz Inc
2026-01-26,4269.25,Professional Fees,TechLogistics Corp,SmallBiz Inc
2026-01-15,9267.18,Tax Provision,TechLogistics Corp,SmallBiz Inc
2026-02-21,6020.45,Rent,TechLogistics Corp,SmallBiz Inc
2026-02-22,8191.44,Sales Revenue,Prime Consulting,SmallBiz Inc
2026-01-22,5245.01,Sales Revenue,TechLogistics Corp,Retail Giant A
2026-01-02,2761.1,Tax Provision,Global Office Ltd,Public Sector Dept
2026-01-01,10942.83,Professional Fees,Prime Consulting,SmallBiz Inc
2026-01-02,8228.87,Tax Provision,Global Office Ltd,Direct Consumer
2026-02-24,9813.28,Sales Revenue,Global Office Ltd,Retail Giant A
2026-03-22,8765.37,Rent,Global Office Ltd,Direct Consumer
2026-03-31,9147.42,Professional Fees,Azure Utilities,Retail Giant A
2026-03-27,9470.76,Inventory,Azure Utilities,Public Sector Dept
2026-03-30,7675.39,Tax Provision,TechLogistics Corp,Direct Consumer
2026-03-19,7611.9,Rent,Prime Consulting,Retail Giant A
2026-03-03,7979.96,Sales Revenue,Prime Consulting,Public Sector Dept
2026-01-17,10148.45,Rent,Global Office Ltd,Public Sector Dept
2026-01-12,6521.76,Professional Fees,Prime Consulting,Direct Consumer
2026-02-01,6459.92,Tax Provision,Azure Utilities,SmallBiz Inc
2026-03-02,8874.3,Inventory,TechLogistics Corp,Retail Giant A
2026-01-09,10169.71,Professional Fees,Azure Utilities,Public Sector Dept
2026-03-15,6207.91,Inventory,Prime Consulting,Retail Giant A
2026-01-02,7292.85,Inventory,TechLogistics Corp,SmallBiz Inc
2026-03-02,8834.83,Inventory,Global Office Ltd,SmallBiz Inc
2026-01-31,9677.54,Inventory,Prime Consulting,Direct Consumer
2026-01-03,6986.59,Professional Fees,Global Office Ltd,SmallBiz Inc
2026-01-26,7379.74,Sales Revenue,Global Office Ltd,SmallBiz Inc
2026-01-10,9532.47,Rent,Prime Consulting,Public Sector Dept
2026-02-28,5949.75,Sales Revenue,TechLogistics Corp,Retail Giant A
2026-03-18,7262.73,Professional Fees,Prime Consulting,SmallBiz Inc
2026-02-17,8211.56,Tax Provision,Global Office Ltd,SmallBiz Inc
2026-01-12,7472.65,Inventory,Global Office Ltd,Retail Giant A
2026-01-17,9932.22,Professional Fees,TechLogistics Corp,Direct Consumer
2026-03-03,8306.15,Inventory,TechLogistics Corp,SmallBiz Inc
2026-02-15,7831.35,Inventory,Azure Utilities,Public Sector Dept
2026-02-25,12687.58,Inventory,TechLogistics Corp,Public Sector Dept
2026-03-30,6838.21,Sales Revenue,Global Office Ltd,Public Sector Dept
2026-01-26,9358.64,Professional Fees,Global Office Ltd,SmallBiz Inc
2026-02-09,9775.57,Tax Provision,Prime Consulting,Direct Consumer
2026-01-15,7599.74,Sales Revenue,Global Office Ltd,SmallBiz Inc
2026-02-18,10761.15,Tax Provision,Prime Consulting,Public Sector Dept
2026-03-06,9274.68,Professional Fees,Prime Consulting,Retail Giant A
2026-02-16,7037.06,Professional Fees,Global Office Ltd,Direct Consumer
2026-02-14,10263.15,Professional Fees,Prime Consulting,Retail Giant A
2026-03-23,8252.79,Sales Revenue,TechLogistics Corp,Retail Giant A
2026-01-11,9634.25,Tax Provision,Azure Utilities,Public Sector Dept
2026-03-08,3356.53,Inventory,Prime Consulting,Public Sector Dept
2026-01-01,9903.33,Professional Fees,Prime Consulting,Retail Giant A
2026-03-16,8463.48,Tax Provision,TechLogistics Corp,Direct Consumer
2026-02-14,10376.43,Sales Revenue,Global Office Ltd,Retail Giant A
2026-02-06,10247.31,Professional Fees,Azure Utilities,SmallBiz Inc
2026-02-07,11792.3,Professional Fees,TechLogistics Corp,Retail Giant A
2026-03-01,8730.29,Inventory,Azure Utilities,Direct Consumer
2026-03-21,6903.6,Rent,Global Office Ltd,Public Sector Dept
2026-01-13,5479.42,Sales Revenue,Global Office Ltd,Public Sector Dept
2026-02-14,6197.19,Sales Revenue,Azure Utilities,Azure Utilities
2026-01-17,7867.78,Tax Provision,Azure Utilities,Retail Giant A
2026-02-19,8353.29,Professional Fees,Azure Utilities,Public Sector Dept
2026-03-27,11819.35,Rent,Prime Consulting,Public Sector Dept
2026-02-19,7827.63,Tax Provision,TechLogistics Corp,Public Sector Dept
2026-02-27,9427.7,Sales Revenue,Global Office Ltd,Retail Giant A
2026-02-04,10842.51,Sales Revenue,Global Office Ltd,SmallBiz Inc
2026-03-16,11396.66,Tax Provision,Azure Utilities,Direct Consumer
2026-01-21,10479.51,Professional Fees,TechLogistics Corp,Public Sector Dept
2026-01-17,8801.38,Sales Revenue,TechLogistics Corp,Retail Giant A
2026-03-11,10163.07,Sales Revenue,Azure Utilities,Direct Consumer
2026-01-07,8647.29,Professional Fees,Azure Utilities,Direct Consumer
2026-03-08,6459.23,Rent,Prime Consulting,Retail Giant A
2026-03-17,9716.47,Inventory,TechLogistics Corp,Public Sector Dept
2026-02-12,9120.26,Tax Provision,Global Office Ltd,Retail Giant A
2026-02-27,5586.51,Sales Revenue,Azure Utilities,Direct Consumer
2026-01-26,6121.4,Professional Fees,Global Office Ltd,SmallBiz Inc
2026-01-27,11804.34,Sales Revenue,TechLogistics Corp,SmallBiz Inc
2026-03-16,11753.09,Tax Provision,TechLogistics Corp,Direct Consumer
2026-03-18,10518.67,Tax Provision,TechLogistics Corp,SmallBiz Inc
2026-03-28,8981.49,Sales Revenue,TechLogistics Corp,Public Sector Dept
2026-02-03,7425.51,Rent,Azure Utilities,Retail Giant A
2026-03-30,4916.57,Rent,TechLogistics Corp,Direct Consumer
2026-03-14,6527.63,Tax Provision,TechLogistics Corp,Direct Consumer
2026-02-18,9764.36,Tax Provision,Azure Utilities,Azure Utilities
2026-01-14,6319.11,Sales Revenue,Azure Utilities,Public Sector Dept
2026-01-01,11389.54,Rent,Prime Consulting,Retail Giant A
2026-01-08,5730.17,Sales Revenue,TechLogistics Corp,Public Sector Dept
2026-03-17,10397.76,Tax Provision,TechLogistics Corp,SmallBiz Inc
2026-02-19,9540.75,Professional Fees,Prime Consulting,Direct Consumer
2026-01-14,7121.51,Professional Fees,Global Office Ltd,SmallBiz Inc
2026-02-19,8367.99,Professional Fees,Prime Consulting,Public Sector Dept
2026-01-22,8135.26,Rent,Global Office Ltd,Retail Giant A
2026-01-30,7964.78,Sales Revenue,Global Office Ltd,Public Sector Dept
2026-03-10,6819.42,Professional Fees,Azure Utilities,SmallBiz Inc
2026-01-01,10410.03,Professional Fees,Azure Utilities,Retail Giant A
2026-02-12,9828.1,Rent,TechLogistics Corp,Public Sector Dept
2026-02-08,9048.84,Rent,Azure Utilities,SmallBiz Inc
2026-03-19,9548.64,Sales Revenue,TechLogistics Corp,SmallBiz Inc
2026-01-21,7498.65,Sales Revenue,Azure Utilities,Retail Giant A
2026-01-24,5794.2,Sales Revenue,Global Office Ltd,SmallBiz Inc
2026-01-29,12227.22,Inventory,Azure Utilities,SmallBiz Inc
2026-03-13,9694.2,Professional Fees,Global Office Ltd,SmallBiz Inc
2026-01-04,8233.27,Professional Fees,Global Office Ltd,Retail Giant A
2026-03-08,8941.73,Rent,Global Office Ltd,Public Sector Dept
2026-02-18,8911.26,Rent,Global Office Ltd,Retail Giant A
2026-02-28,7483.33,Rent,Azure Utilities,Direct Consumer
2026-02-11,8605.42,Rent,Azure Utilities,Retail Giant A
2026-01-14,2234.5,Rent,Prime Consulting,SmallBiz Inc
2026-01-15,4255.19,Tax Provision,TechLogistics Corp,Public Sector Dept
2026-03-18,10800.42,Sales Revenue,Global Office Ltd,Retail Giant A
2026-03-08,6517.42,Sales Revenue,Azure Utilities,SmallBiz Inc
2026-01-07,11696.57,Rent,TechLogistics Corp,Retail Giant A
2026-03-09,7495.41,Sales Revenue,Azure Utilities,Public Sector Dept
2026-02-25,8339.78,Professional Fees,Global Office Ltd,Public Sector Dept
2026-02-25,7406.86,Professional Fees,TechLogistics Corp,Direct Consumer
2026-03-17,8935.25,Professional Fees,Prime Consulting,SmallBiz Inc
2026-03-03,4117.87,Rent,Prime Consulting,SmallBiz Inc
2026-01-22,9215.92,Tax Provision,Global Office Ltd,Direct Consumer
2026-02-05,8788.64,Sales Revenue,TechLogistics Corp,SmallBiz Inc
2026-01-16,9206.66,Sales Revenue,Global Office Ltd,Retail Giant A
2026-03-03,8778.64,Inventory,Azure Utilities,Retail Giant A
2026-01-10,9679.42,Inventory,Prime Consulting,SmallBiz Inc
2026-03-13,9673.07,Tax Provision,Prime Consulting,Public Sector Dept
2026-02-02,6894.11,Professional Fees,Azure Utilities,Direct Consumer
2026-01-27,7371.35,Sales Revenue,TechLogistics Corp,SmallBiz Inc
2026-03-16,6946.76,Tax Provision,Global Office Ltd,Public Sector Dept
2026-01-12,9467.53,Inventory,Prime Consulting,SmallBiz Inc
2026-01-27,5609.34,Professional Fees,Global Office Ltd,Direct Consumer
2026-03-01,5773.19,Inventory,Azure Utilities,Direct Consumer
2026-02-06,10058.86,Tax Provision,Prime Consulting,SmallBiz Inc
2026-01-24,7462.21,Inventory,Azure Utilities,SmallBiz Inc
2026-03-01,8675.31,Inventory,Prime Consulting,Direct Consumer
2026-02-21,9621.02,Professional Fees,TechLogistics Corp,SmallBiz Inc
2026-01-29,4889.08,Professional Fees,Azure Utilities,Direct Consumer
2026-02-07,8505.39,Professional Fees,Azure Utilities,SmallBiz Inc
2026-03-01,8273.55,Rent,TechLogistics Corp,Public Sector Dept
2026-02-26,8615.7,Inventory,Prime Consulting,Direct Consumer
2026-03-13,5774.76,Sales Revenue,Global Office Ltd,Direct Consumer
2026-03-07,8601.53,Inventory,Global Office Ltd,SmallBiz Inc
2026-03-04,8417.27,Tax Provision,Azure Utilities,SmallBiz Inc
2026-03-02,6962.52,Rent,Azure Utilities,Public Sector Dept
2026-03-30,7766.83,Tax Provision,Azure Utilities,Direct Consumer
2026-02-25,9171.99,Professional Fees,Azure Utilities,Retail Giant A
2026-03-26,7922.07,Tax Provision,Global Office Ltd,SmallBiz Inc
2026-02-08,10708.89,Inventory,Global Office Ltd,SmallBiz Inc
2026-03-07,10389.08,Inventory,Global Office Ltd,SmallBiz Inc
2026-01-16,10780.38,Sales Revenue,Global Office Ltd,Public Sector Dept
2026-02-16,9383.21,Inventory,TechLogistics Corp,Public Sector Dept
2026-03-28,6879.66,Sales Revenue,Global Office Ltd,Retail Giant A
2026-03-31,-5433.5,Rent,TechLogistics Corp,Direct Consumer
2026-01-31,7428.62,Professional Fees,Azure Utilities,Public Sector Dept
2026-03-05,7013.99,Rent,Global Office Ltd,SmallBiz Inc
2026-03-06,11148.63,Sales Revenue,Prime Consulting,SmallBiz Inc
2026-03-03,8339.31,Rent,Prime Consulting,Direct Consumer
2026-02-25,3846.1,Tax Provision,TechLogistics Corp,Public Sector Dept
2026-02-10,4611.32,Inventory,TechLogistics Corp,Retail Giant A
2026-02-24,10323.54,Tax Provision,Global Office Ltd,SmallBiz Inc
2026-01-05,8567.88,Inventory,Prime Consulting,SmallBiz Inc
2026-01-14,8119.43,Sales Revenue,Global Office Ltd,Public Sector Dept
2026-01-29,6894.37,Sales Revenue,Global Office Ltd,Direct Consumer
2026-01-24,7811.01,Rent,Azure Utilities,SmallBiz Inc
2026-03-28,7476.75,Tax Provision,Global Office Ltd,SmallBiz Inc
2026-02-05,8876.1,Tax Provision,Azure Utilities,SmallBiz Inc
2026-01-25,9249.85,Sales Revenue,TechLogistics Corp,Retail Giant A
2026-03-11,2858.53,Rent,Global Office Ltd,Public Sector Dept
2026-01-06,5837.18,Inventory,Global Office Ltd,Public Sector Dept
2026-02-03,8379.75,Sales Revenue,Prime Consulting,Retail Giant A
2026-03-25,6324.1,Tax Provision,Global Office Ltd,Retail Giant A
2026-03-19,3969.4,Professional Fees,Global Office Ltd,Public Sector Dept
2026-03-05,9102.15,Professional Fees,Azure Utilities,Direct Consumer
2026-03-10,7653.74,Sales Revenue,Global Office Ltd,Retail Giant A
2026-03-24,10684.58,Tax Provision,Prime Consulting,Public Sector Dept
2026-01-29,13420.1,Sales Revenue,Global Office Ltd,Retail Giant A
2026-02-19,9107.99,Inventory,TechLogistics Corp,Public Sector Dept
2026-01-09,7538.74,Tax Provision,Prime Consulting,Retail Giant A
2026-03-29,6682.29,Tax Provision,Azure Utilities,SmallBiz Inc
2026-03-22,7182.55,Tax Provision,Global Office Ltd,Retail Giant A
2026-02-02,7740.28,Sales Revenue,Global Office Ltd,Retail Giant A
2026-02-12,8898.51,Tax Provision,Global Office Ltd,Public Sector Dept
2026-03-16,8208.34,Professional Fees,TechLogistics Corp,Public Sector Dept
2026-03-24,9833.45,Rent,Global Office Ltd,Direct Consumer
2026-01-17,7675.39,Professional Fees,Prime Consulting,SmallBiz Inc
2026-01-16,7709.52,Inventory,Prime Consulting,SmallBiz Inc
2026-01-01,8342.47,Tax Provision,Azure Utilities,Retail Giant A
2026-03-14,7981.94,Professional Fees,Azure Utilities,SmallBiz Inc
2026-02-16,6487.51,Rent,Global Office Ltd,Public Sector Dept
2026-02-27,6831.69,Sales Revenue,TechLogistics Corp,Direct Consumer
2026-01-10,10536.4,Rent,Azure Utilities,Retail Giant A
2026-02-07,4128.3,Sales Revenue,Azure Utilities,Public Sector Dept
2026-01-13,10593.24,Sales Revenue,Global Office Ltd,Direct Consumer
2026-01-02,6297.25,Sales Revenue,Prime Consulting,Retail Giant A
2026-03-18,7715.72,Rent,Prime Consulting,Public Sector Dept
2026-02-02,6237.82,Inventory,Prime Consulting,Retail Giant A
2026-01-03,6944.37,Sales Revenue,Global Office Ltd,SmallBiz Inc
2026-03-27,6328.79,Sales Revenue,Azure Utilities,SmallBiz Inc
2026-01-25,5346.66,Tax Provision,Azure Utilities,Direct Consumer
2026-02-23,5464.34,Tax Provision,Global Office Ltd,SmallBiz Inc
2026-01-28,8956.98,Sales Revenue,Prime Consulting,SmallBiz Inc
2026-01-10,6677.32,Professional Fees,Azure Utilities,Retail Giant A
2026-01-19,7364.72,Rent,Azure Utilities,SmallBiz Inc
2026-02-10,7571.89,Rent,Global Office Ltd,Retail Giant A
2026-01-04,6661.85,Sales Revenue,Global Office Ltd,SmallBiz Inc
2026-03-09,6878.23,Rent,Prime Consulting,Direct Consumer
2026-01-25,6301.65,Rent,Prime Consulting,Retail Giant A
2026-01-16,8128.25,Tax Provision,Prime Consulting,Direct Consumer
2026-03-09,6197.45,Professional Fees,Azure Utilities,Retail Giant A
2026-01-22,6741.08,Inventory,Azure Utilities,Public Sector Dept
2026-01-20,6160.32,Tax Provision,Global Office Ltd,Public Sector Dept
2026-03-23,9513.29,Sales Revenue,Global Office Ltd,SmallBiz Inc
2026-01-16,8343.2,Tax Provision,TechLogistics Corp,Public Sector Dept
2026-01-02,8553.76,Tax Provision,TechLogistics Corp,SmallBiz Inc
2026-01-27,9333.67,Inventory,Azure Utilities,Public Sector Dept
2026-02-21,10103.64,Inventory,TechLogistics Corp,Public Sector Dept
2026-01-06,7036.93,Inventory,Global Office Ltd,Public Sector Dept
2026-02-01,5254.34,Inventory,Global Office Ltd,Public Sector Dept
2026-03-17,11280.75,Inventory,TechLogistics Corp,Public Sector Dept
2026-02-22,9520.23,Inventory,Prime Consulting,SmallBiz Inc
2026-03-13,8720.57,Inventory,Azure Utilities,Retail Giant A
2026-02-21,10092.97,Tax Provision,Prime Consulting,Public Sector Dept
2026-01-24,7442.6,Professional Fees,Global Office Ltd,Public Sector Dept
2026-02-28,8635.49,Tax Provision,TechLogistics Corp,SmallBiz Inc
2026-02-28,4652.09,Professional Fees,Global Office Ltd,Direct Consumer
2026-03-24,9408.87,Sales Revenue,Global Office Ltd,Retail Giant A
2026-03-19,6029.76,Inventory,Azure Utilities,SmallBiz Inc
2026-03-01,1207.15,Sales Revenue,Global Office Ltd,Direct Consumer
2026-03-29,8736.95,Sales Revenue,Azure Utilities,Retail Giant A
2026-03-16,-9632.5,Professional Fees,Prime Consulting,SmallBiz Inc
2026-02-19,5616.57,Tax Provision,Prime Consulting,SmallBiz Inc
2026-01-31,11420.65,Sales Revenue,Prime Consulting,Direct Consumer
2026-01-09,7101.03,Tax Provision,Global Office Ltd,Retail Giant A
2026-01-17,6993.92,Tax Provision,Global Office Ltd,Retail Giant A
2026-03-03,9300.72,Sales Revenue,TechLogistics Corp,Retail Giant A
2026-01-26,7283.97,Sales Revenue,Azure Utilities,Public Sector Dept
2026-03-17,6527.16,Sales Revenue,Prime Consulting,Direct Consumer
2026-03-14,8454.21,Professional Fees,Global Office Ltd,Public Sector Dept
2026-03-24,9918.61,Professional Fees,Global Office Ltd,Public Sector Dept
2026-02-15,4747.71,Sales Revenue,Prime Consulting,SmallBiz Inc
2026-02-28,4591.32,Inventory,Global Office Ltd,Public Sector Dept
2026-02-05,7939.71,Professional Fees,Prime Consulting,Retail Giant A
2026-01-16,6199.9,Professional Fees,Prime Consulting,Public Sector Dept
2026-02-26,8746.14,Professional Fees,Prime Consulting,Retail Giant A
2026-02-21,4795.1,Rent,Prime Consulting,SmallBiz Inc
2026-01-20,7772.06,Inventory,Prime Consulting,Prime Consulting
2026-01-20,7578.67,Tax Provision,Prime Consulting,Direct Consumer
2026-03-15,7459.78,Rent,Prime Consulting,Public Sector Dept
2026-02-20,6740.78,Rent,Global Office Ltd,Direct Consumer
2026-01-31,8441.46,Professional Fees,TechLogistics Corp,Public Sector Dept
2026-02-16,8631.42,Sales Revenue,Global Office Ltd,Direct Consumer
2026-03-20,8693.45,Professional Fees,TechLogistics Corp,Retail Giant A
2026-03-16,7954.44,Professional Fees,Global Office Ltd,Public Sector Dept
2026-03-10,10473.18,Inventory,Azure Utilities,Direct Consumer
2026-02-17,8266.45,Sales Revenue,Prime Consulting,Retail Giant A
2026-01-21,9337.62,Sales Revenue,Azure Utilities,SmallBiz Inc
2026-03-12,12559.21,Inventory,TechLogistics Corp,SmallBiz Inc
2026-01-23,5767.83,Professional Fees,TechLogistics Corp,Retail Giant A
2026-01-24,8037.97,Professional Fees,Azure Utilities,SmallBiz Inc
2026-01-26,10353.99,Tax Provision,Prime Consulting,Direct Consumer
2026-02-04,8437.03,Sales Revenue,Global Office Ltd,Public Sector Dept
2026-02-09,12636.32,Sales Revenue,TechLogistics Corp,Public Sector Dept
2026-02-07,10364.07,Tax Provision,TechLogistics Corp,Retail Giant A
2026-01-29,13472.43,Inventory,Global Office Ltd,Direct Consumer
2026-02-10,6050.08,Tax Provision,Azure Utilities,Retail Giant A
2026-03-02,6432.3,Professional Fees,Prime Consulting,Public Sector Dept
2026-01-25,7589.91,Professional Fees,Global Office Ltd,Retail Giant A
2026-03-09,6715.42,Tax Provision,Prime Consulting,Retail Giant A
2026-02-05,13269.16,Professional Fees,Prime Consulting,Direct Consumer
2026-02-19,7293.2,Sales Revenue,Global Office Ltd,Public Sector Dept
2026-03-08,5316.66,Inventory,Global Office Ltd,SmallBiz Inc
2026-01-05,7484.5,Inventory,Global Office Ltd,Public Sector Dept
2026-01-13,9440.9,Inventory,TechLogistics Corp,Direct Consumer
2026-01-02,5623.28,Tax Provision,Prime Consulting,Public Sector Dept
2026-03-27,-5175.6,Tax Provision,Azure Utilities,SmallBiz Inc
2026-03-19,8608.9,Rent,Global Office Ltd,Public Sector Dept
2026-01-01,7707.24,Rent,TechLogistics Corp,Direct Consumer
2026-01-25,7801.56,Tax Provision,TechLogistics Corp,Direct Consumer
2026-01-03,7832.4,Inventory,Global Office Ltd,Public Sector Dept
2026-02-12,8175.09,Professional Fees,Global Office Ltd,SmallBiz Inc
2026-03-01,6797.83,Sales Revenue,TechLogistics Corp,Direct Consumer
2026-02-17,7296.68,Professional Fees,Prime Consulting,SmallBiz Inc
2026-02-15,8432.18,Rent,TechLogistics Corp,SmallBiz Inc
2026-02-13,3545.66,Tax Provision,TechLogistics Corp,Public Sector Dept
2026-02-05,6257.4,Tax Provision,TechLogistics Corp,Direct Consumer
2026-02-23,7584.46,Professional Fees,Prime Consulting,Public Sector Dept
2026-03-10,7097.16,Inventory,TechLogistics Corp,Public Sector Dept
2026-03-12,8670.36,Tax Provision,TechLogistics Corp,Retail Giant A
2026-03-02,7423.54,Professional Fees,Prime Consulting,Retail Giant A
2026-03-13,4667.54,Rent,TechLogistics Corp,Direct Consumer
2026-02-09,8817.4,Inventory,Global Office Ltd,Retail Giant A
2026-02-11,3463.9,Inventory,Azure Utilities,SmallBiz Inc
2026-01-13,10717.52,Sales Revenue,Prime Consulting,Public Sector Dept
2026-01-12,4812.29,Inventory,TechLogistics Corp,SmallBiz Inc
2026-03-15,8746.0,Sales Revenue,Prime Consulting,Retail Giant A
2026-01-26,10522.12,Rent,Global Office Ltd,Retail Giant A
2026-02-24,7831.58,Inventory,Prime Consulting,Public Sector Dept
2026-03-26,7665.8,Tax Provision,Global Office Ltd,Public Sector Dept
2026-03-06,7175.94,Professional Fees,Prime Consulting,Direct Consumer
2026-03-31,8842.2,Professional Fees,Azure Utilities,Public Sector Dept
2026-01-05,7866.5,Tax Provision,Prime Consulting,Retail Giant A
2026-01-27,8765.54,Sales Revenue,Global Office Ltd,Retail Giant A
2026-03-13,6950.44,Inventory,Azure Utilities,Retail Giant A
2026-01-27,5792.8,Tax Provision,Prime Consulting,Retail Giant A
2026-03-10,6432.62,Tax Provision,Prime Consulting,Direct Consumer
2026-03-27,10851.23,Tax Provision,Global Office Ltd,Public Sector Dept
2026-01-11,6608.41,Rent,Prime Consulting,Direct Consumer
2026-02-09,10811.87,Professional Fees,Global Office Ltd,Public Sector Dept
2026-01-30,8281.86,Sales Revenue,Prime Consulting,Retail Giant A
2026-01-31,8375.47,Professional Fees,Azure Utilities,Direct Consumer
2026-03-15,6869.5,Tax Provision,Azure Utilities,Public Sector Dept
2026-02-01,6306.67,Tax Provision,Azure Utilities,Azure Utilities
2026-02-17,9407.21,Inventory,Azure Utilities,Direct Consumer
2026-03-22,5419.57,Rent,Prime Consulting,Public Sector Dept
2026-01-16,3594.4,Sales Revenue,TechLogistics Corp,Public Sector Dept
2026-01-03,7568.69,Professional Fees,Global Office Ltd,Direct Consumer
2026-02-08,6367.08,Tax Provision,Azure Utilities,Public Sector Dept
2026-01-06,7377.27,Tax Provision,Azure Utilities,Retail Giant A
2026-02-26,10814.45,Inventory,Azure Utilities,Direct Consumer
2026-01-18,9020.46,Rent,Prime Consulting,Direct Consumer
2026-02-26,8348.62,Tax Provision,Azure Utilities,Direct Consumer
2026-03-20,7316.21,Inventory,Azure Utilities,Public Sector Dept
2026-01-09,5872.85,Sales Revenue,TechLogistics Corp,Direct Consumer
2026-03-09,7480.02,Professional Fees,Global Office Ltd,SmallBiz Inc
2026-03-06,11044.92,Inventory,TechLogistics Corp,Retail Giant A
2026-02-15,7855.46,Rent,TechLogistics Corp,Retail Giant A
2026-03-07,9579.62,Professional Fees,TechLogistics Corp,Direct Consumer
2026-02-13,8848.77,Rent,Azure Utilities,Retail Giant A
2026-02-08,9245.81,Rent,Global Office Ltd,Direct Consumer
2026-01-25,4291.98,Sales Revenue,Prime Consulting,Retail Giant A
2026-01-18,4892.94,Inventory,Azure Utilities,Direct Consumer
2026-01-05,12722.03,Tax Provision,TechLogistics Corp,SmallBiz Inc
2026-02-19,4556.28,Professional Fees,Azure Utilities,Retail Giant A
2026-01-13,10517.39,Sales Revenue,Prime Consulting,Retail Giant A
2026-01-09,4671.65,Inventory,Prime Consulting,Public Sector Dept
2026-03-08,3631.46,Tax Provision,Prime Consulting,Prime Consulting
2026-03-13,10248.12,Sales Revenue,Azure Utilities,Public Sector Dept
2026-03-19,9689.74,Inventory,TechLogistics Corp,Public Sector Dept
2026-02-14,8769.74,Rent,Global Office Ltd,Public Sector Dept
2026-03-26,11102.3,Sales Revenue,Prime Consulting,Direct Consumer
2026-03-28,11732.87,Inventory,Global Office Ltd,SmallBiz Inc
2026-01-08,9288.64,Inventory,TechLogistics Corp,Retail Giant A
2026-02-14,6607.4,Inventory,TechLogistics Corp,Direct Consumer
2026-02-16,6712.07,Professional Fees,Global Office Ltd,SmallBiz Inc
2026-03-30,5061.64,Professional Fees,Global Office Ltd,Public Sector Dept
2026-02-15,8982.92,Professional Fees,Azure Utilities,Direct Consumer
2026-02-08,7025.63,Professional Fees,Azure Utilities,Public Sector Dept
2026-01-26,5604.17,Professional Fees,Azure Utilities,Public Sector Dept
2026-03-23,5559.31,Inventory,TechLogistics Corp,SmallBiz Inc
2026-02-19,4898.59,Sales Revenue,TechLogistics Corp,Direct Consumer
2026-02-03,6346.3,Rent,Azure Utilities,Direct Consumer
2026-01-07,9818.43,Rent,Global Office Ltd,SmallBiz Inc
2026-03-12,7041.97,Sales Revenue,Global Office Ltd,SmallBiz Inc
2026-02-24,6023.12,Rent,Global Office Ltd,Direct Consumer
2026-01-09,9754.2,Rent,Prime Consulting,Direct Consumer
2026-01-01,9501.87,Rent,Prime Consulting,SmallBiz Inc
2026-01-16,4433.35,Professional Fees,Azure Utilities,SmallBiz Inc
2026-03-24,9844.75,Inventory,TechLogistics Corp,SmallBiz Inc
2026-01-27,7637.33,Tax Provision,Azure Utilities,SmallBiz Inc
2026-03-06,7300.99,Inventory,TechLogistics Corp,Public Sector Dept
2026-03-04,11199.59,Tax Provision,Global Office Ltd,Retail Giant A
2026-03-31,10501.45,Rent,Azure Utilities,Public Sector Dept
2026-03-08,5208.6,Tax Provision,Prime Consulting,Retail Giant A
2026-02-07,12730.34,Professional Fees,TechLogistics Corp,SmallBiz Inc
2026-01-25,9768.71,Sales Revenue,TechLogistics Corp,Direct Consumer
2026-03-29,9524.63,Professional Fees,Prime Consulting,Public Sector Dept
2026-02-05,5538.19,Tax Provision,Global Office Ltd,Retail Giant A
2026-02-25,12913.21,Inventory,Azure Utilities,Direct Consumer
2026-01-03,10121.99,Tax Provision,TechLogistics Corp,Retail Giant A
2026-02-16,8886.62,Sales Revenue,TechLogistics Corp,Direct Consumer
2026-01-24,7727.78,Sales Revenue,Global Office Ltd,Direct Consumer
2026-01-25,6982.14,Professional Fees,Prime Consulting,SmallBiz Inc
2026-01-04,7412.61,Tax Provision,Prime Consulting,Public Sector Dept
2026-03-27,8649.32,Rent,Prime Consulting,Public Sector Dept
2026-01-23,8057.39,Professional Fees,Azure Utilities,Direct Consumer
2026-01-25,10965.13,Inventory,Azure Utilities,Direct Consumer
2026-02-18,8998.4,Tax Provision,Prime Consulting,Retail Giant A
2026-02-02,6461.6,Inventory,Azure Utilities,Direct Consumer
2026-03-28,12117.29,Inventory,TechLogistics Corp,Retail Giant A
2026-01-24,3820.71,Sales Revenue,Global Office Ltd,Direct Consumer
2026-02-24,9844.53,Professional Fees,Prime Consulting,SmallBiz Inc
2026-03-01,8525.81,Inventory,Prime Consulting,Direct Consumer
2026-01-25,7190.26,Professional Fees,Global Office Ltd,Public Sector Dept
2026-02-26,9859.59,Sales Revenue,Global Office Ltd,SmallBiz Inc
2026-02-18,10443.4,Sales Revenue,Azure Utilities,Public Sector Dept
2026-01-11,5771.5,Tax Provision,Global Office Ltd,Public Sector Dept
2026-01-06,7979.37,Sales Revenue,Prime Consulting,Retail Giant A
2026-01-19,9882.75,Inventory,Prime Consulting,Public Sector Dept
2026-03-05,7774.6,Sales Revenue,Azure Utilities,SmallBiz Inc
2026-01-29,10579.64,Professional Fees,TechLogistics Corp,Direct Consumer
2026-01-05,5235.02,Sales Revenue,Azure Utilities,Retail Giant A
2026-01-19,5134.41,Rent,Prime Consulting,Public Sector Dept
2026-03-04,7207.68,Professional Fees,Azure Utilities,Public Sector Dept
2026-01-19,9119.32,Professional Fees,TechLogistics Corp,Public Sector Dept
2026-01-22,11224.81,Professional Fees,Global Office Ltd,Direct Consumer
2026-01-12,6262.78,Sales Revenue,TechLogistics Corp,SmallBiz Inc
2026-01-18,8950.51,Inventory,TechLogistics Corp,SmallBiz Inc
2026-03-06,8122.19,Rent,Azure Utilities,Direct Consumer
2026-02-27,5015.69,Inventory,TechLogistics Corp,Retail Giant A
2026-03-20,10124.05,Inventory,Azure Utilities,Direct Consumer
2026-02-08,6230.79,Inventory,Global Office Ltd,Public Sector Dept
2026-03-02,7821.81,Sales Revenue,Azure Utilities,SmallBiz Inc
2026-01-24,4823.36,Professional Fees,TechLogistics Corp,Direct Consumer
2026-01-15,4517.19,Rent,Prime Consulting,Direct Consumer
2026-01-31,13945.87,Inventory,TechLogistics Corp,Retail Giant A
2026-03-02,7074.49,Rent,Global Office Ltd,Direct Consumer
2026-02-08,11595.6,Professional Fees,TechLogistics Corp,Direct Consumer
2026-03-22,8258.22,Sales Revenue,Azure Utilities,Direct Consumer
2026-02-17,7570.91,Sales Revenue,Azure Utilities,Retail Giant A
2026-03-03,6952.51,Professional Fees,Prime Consulting,SmallBiz Inc
2026-02-20,6641.97,Inventory,TechLogistics Corp,Public Sector Dept
2026-01-26,5613.04,Rent,TechLogistics Corp,SmallBiz Inc
2026-03-29,7558.37,Inventory,Global Office Ltd,Retail Giant A
2026-02-25,7308.77,Professional Fees,Azure Utilities,SmallBiz Inc
2026-03-28,9862.93,Rent,Prime Consulting,Retail Giant A
2026-01-22,8206.36,Rent,Azure Utilities,Direct Consumer
2026-03-02,10911.18,Rent,Global Office Ltd,SmallBiz Inc
2026-03-12,7721.58,Rent,Prime Consulting,Direct Consumer
2026-02-17,6933.21,Professional Fees,Prime Consulting,Retail Giant A
2026-01-04,5710.06,Professional Fees,TechLogistics Corp,SmallBiz Inc
2026-03-23,11393.83,Inventory,Prime Consulting,Public Sector Dept
2026-01-22,7024.32,Inventory,TechLogistics Corp,Retail Giant A
2026-03-07,7949.86,Inventory,Global Office Ltd,Public Sector Dept
2026-02-04,8981.04,Professional Fees,Global Office Ltd,Retail Giant A
2026-01-08,8862.58,Sales Revenue,Global Office Ltd,Retail Giant A
2026-01-04,9506.69,Tax Provision,Prime Consulting,SmallBiz Inc
2026-01-08,5919.95,Tax Provision,Prime Consulting,Public Sector Dept
2026-02-09,11659.43,Professional Fees,TechLogistics Corp,Retail Giant A
2026-03-29,8539.91,Professional Fees,Azure Utilities,Direct Consumer
2026-03-05,6053.21,Inventory,Prime Consulting,Public Sector Dept
2026-03-24,4528.64,Inventory,TechLogistics Corp,Direct Consumer
2026-02-02,7231.47,Professional Fees,Prime Consulting,Direct Consumer
2026-03-12,8186.59,Professional Fees,Global Office Ltd,SmallBiz Inc
2026-01-12,6916.45,Sales Revenue,TechLogistics Corp,Retail Giant A
2026-02-19,6104.51,Tax Provision,Global Office Ltd,Direct Consumer
2026-01-22,8060.6,Rent,Prime Consulting,SmallBiz Inc
2026-03-31,8700.97,Sales Revenue,TechLogistics Corp,Public Sector Dept
2026-03-18,9655.93,Sales Revenue,Azure Utilities,Direct Consumer
2026-02-13,8314.35,Rent,Azure Utilities,SmallBiz Inc
2026-01-06,7849.47,Rent,Global Office Ltd,SmallBiz Inc
2026-02-15,9559.19,Tax Provision,TechLogistics Corp,Public Sector Dept
2026-03-03,4523.47,Sales Revenue,Prime Consulting,SmallBiz Inc
2026-03-26,8287.51,Sales Revenue,Azure Utilities,Direct Consumer
2026-02-13,9711.99,Inventory,TechLogistics Corp,Direct Consumer
2026-01-04,10239.74,Professional Fees,Prime Consulting,Retail Giant A
2026-03-25,10696.87,Inventory,Prime Consulting,SmallBiz Inc
2026-01-15,6801.55,Inventory,Global Office Ltd,Retail Giant A
2026-02-28,9687.31,Rent,TechLogistics Corp,SmallBiz Inc
2026-02-23,8788.84,Sales Revenue,TechLogistics Corp,Public Sector Dept
2026-03-20,10227.43,Rent,TechLogistics Corp,Retail Giant A
2026-03-25,8422.93,Rent,TechLogistics Corp,SmallBiz Inc
2026-02-26,9516.76,Professional Fees,Global Office Ltd,Direct Consumer
2026-03-23,5550.52,Rent,Azure Utilities,Direct Consumer
2026-03-17,7382.48,Sales Revenue,TechLogistics Corp,Retail Giant A
2026-03-24,9380.81,Tax Provision,TechLogistics Corp,Direct Consumer
2026-03-11,5496.88,Professional Fees,Prime Consulting,Direct Consumer
2026-03-18,9369.04,Inventory,Prime Consulting,Public Sector Dept
2026-02-04,6286.15,Sales Revenue,Azure Utilities,SmallBiz Inc
2026-01-03,6233.57,Inventory,Prime Consulting,Direct Consumer
2026-02-27,11393.92,Professional Fees,Azure Utilities,SmallBiz Inc
2026-01-01,8226.39,Tax Provision,Global Office Ltd,SmallBiz Inc
2026-01-23,5636.52,Inventory,Prime Consulting,Direct Consumer
2026-02-18,9708.63,Sales Revenue,TechLogistics Corp,Retail Giant A
2026-02-06,7032.18,Tax Provision,TechLogistics Corp,Public Sector Dept
2026-02-13,7618.4,Rent,Azure Utilities,Direct Consumer
2026-01-13,8124.31,Rent,Azure Utilities,SmallBiz Inc
2026-02-02,11232.19,Rent,Azure Utilities,Direct Consumer
2026-02-27,6896.61,Professional Fees,Global Office Ltd,SmallBiz Inc
2026-02-01,7845.18,Professional Fees,Azure Utilities,Retail Giant A
2026-02-01,9402.14,Inventory,Azure Utilities,Public Sector Dept
2026-01-28,10134.71,Professional Fees,Prime Consulting,Retail Giant A
2026-03-22,9665.59,Rent,Global Office Ltd,Direct Consumer
2026-01-27,4266.62,Tax Provision,Azure Utilities,Direct Consumer
2026-03-31,6476.29,Tax Provision,Global Office Ltd,SmallBiz Inc
2026-01-28,5805.27,Professional Fees,Global Office Ltd,Public Sector Dept
2026-03-19,12744.28,Tax Provision,Prime Consulting,Retail Giant A
2026-02-11,6718.05,Professional Fees,Prime Consulting,Retail Giant A
2026-03-21,7961.58,Rent,Azure Utilities,Direct Consumer
2026-02-12,8452.59,Inventory,Global Office Ltd,Public Sector Dept
2026-02-22,6813.97,Rent,Global Office Ltd,Retail Giant A
2026-02-12,4180.95,Sales Revenue,Prime Consulting,Direct Consumer
2026-01-16,5603.02,Professional Fees,Prime Consulting,SmallBiz Inc
2026-01-11,9663.09,Rent,Global Office Ltd,Public Sector Dept
2026-01-14,5928.76,Rent,Global Office Ltd,Retail Giant A
2026-01-15,5741.37,Tax Provision,Global Office Ltd,Global Office Ltd
2026-01-30,6874.49,Tax Provision,Azure Utilities,Public Sector Dept
2026-03-10,5765.0,Professional Fees,Global Office Ltd,SmallBiz Inc
2026-01-10,11314.76,Inventory,Prime Consulting,Direct Consumer
2026-01-21,8577.93,Professional Fees,TechLogistics Corp,SmallBiz Inc
2026-02-14,9627.79,Sales Revenue,TechLogistics Corp,Direct Consumer
2026-03-16,9817.93,Professional Fees,Prime Consulting,Direct Consumer
2026-02-19,8720.28,Rent,Azure Utilities,Retail Giant A
2026-03-17,9718.55,Professional Fees,Azure Utilities,SmallBiz Inc
2026-03-10,6707.77,Rent,TechLogistics Corp,Direct Consumer
2026-01-18,7284.88,Tax Provision,Azure Utilities,Retail Giant A
2026-01-31,12707.81,Sales Revenue,Global Office Ltd,Public Sector Dept
2026-03-03,7083.48,Professional Fees,Azure Utilities,Public Sector Dept
2026-02-07,5481.4,Tax Provision,Azure Utilities,Retail Giant A
2026-01-18,3685.36,Rent,Azure Utilities,Direct Consumer
2026-03-22,3211.88,Sales Revenue,TechLogistics Corp,Retail Giant A
2026-03-08,7270.15,Sales Revenue,Prime Consulting,Public Sector Dept
2026-01-11,7723.94,Sales Revenue,TechLogistics Corp,SmallBiz Inc
2026-02-23,4114.5,Rent,Global Office Ltd,Direct Consumer
2026-03-26,12262.05,Tax Provision,TechLogistics Corp,Public Sector Dept
2026-02-07,6829.76,Tax Provision,TechLogistics Corp,SmallBiz Inc
2026-01-22,7739.82,Sales Revenue,TechLogistics Corp,Retail Giant A
2026-01-21,7186.04,Inventory,Global Office Ltd,Direct Consumer
2026-03-31,8467.68,Tax Provision,Azure Utilities,Public Sector Dept
2026-02-04,7061.1,Professional Fees,Prime Consulting,Direct Consumer
2026-03-27,9242.13,Sales Revenue,Prime Consulting,Retail Giant A
2026-03-28,4863.0,Tax Provision,Global Office Ltd,SmallBiz Inc
2026-01-18,9742.9,Professional Fees,Azure Utilities,SmallBiz Inc
2026-01-06,7520.52,Inventory,Prime Consulting,Retail Giant A
2026-01-05,8779.18,Inventory,Global Office Ltd,SmallBiz Inc
2026-01-28,5132.67,Professional Fees,TechLogistics Corp,Public Sector Dept
2026-02-17,9164.29,Inventory,Prime Consulting,SmallBiz Inc
2026-02-02,7052.59,Sales Revenue,Global Office Ltd,Public Sector Dept
2026-03-25,4799.24,Sales Revenue,TechLogistics Corp,SmallBiz Inc
2026-03-16,7062.65,Professional Fees,Global Office Ltd,SmallBiz Inc
2026-03-19,8145.33,Sales Revenue,TechLogistics Corp,SmallBiz Inc
2026-03-08,7117.98,Sales Revenue,Prime Consulting,SmallBiz Inc
2026-02-21,6685.59,Sales Revenue,Prime Consulting,Direct Consumer
2026-01-27,10546.65,Inventory,Prime Consulting,Retail Giant A
2026-03-23,8751.04,Professional Fees,TechLogistics Corp,Retail Giant A
2026-01-15,7961.77,Tax Provision,Global Office Ltd,Public Sector Dept
2026-03-19,6240.98,Inventory,TechLogistics Corp,Retail Giant A
2026-01-21,7934.9,Inventory,Global Office Ltd,Public Sector Dept
2026-03-02,7531.8,Sales Revenue,Azure Utilities,Retail Giant A
2026-01-16,7443.32,Professional Fees,Global Office Ltd,Public Sector Dept
2026-02-27,7982.61,Tax Provision,TechLogistics Corp,Direct Consumer
2026-02-08,8759.57,Tax Provision,Global Office Ltd,Retail Giant A
2026-02-26,5039.91,Inventory,Azure Utilities,SmallBiz Inc
2026-03-24,5590.6,Professional Fees,Azure Utilities,SmallBiz Inc
2026-03-26,11084.75,Tax Provision,Prime Consulting,Direct Consumer
2026-01-23,10728.95,Sales Revenue,Azure Utilities,SmallBiz Inc
2026-01-03,9269.99,Professional Fees,Prime Consulting,Public Sector Dept
2026-02-17,8604.26,Rent,Azure Utilities,Retail Giant A
2026-03-24,7991.44,Rent,Azure Utilities,Public Sector Dept
2026-03-02,4046.07,Tax Provision,TechLogistics Corp,Direct Consumer
2026-03-28,7580.35,Sales Revenue,Prime Consulting,SmallBiz Inc
2026-02-28,8222.27,Rent,TechLogistics Corp,Direct Consumer
2026-03-15,8705.32,Tax Provision,Prime Consulting,Direct Consumer
2026-03-09,9096.93,Sales Revenue,Global Office Ltd,Direct Consumer
2026-02-23,13164.05,Tax Provision,Azure Utilities,Public Sector Dept
2026-02-27,5663.67,Inventory,Prime Consulting,SmallBiz Inc
2026-03-09,11149.77,Sales Revenue,Prime Consulting,Public Sector Dept
2026-01-07,10948.82,Professional Fees,Azure Utilities,SmallBiz Inc
2026-02-14,5166.73,Tax Provision,TechLogistics Corp,Public Sector Dept
2026-03-31,8877.02,Rent,Global Office Ltd,SmallBiz Inc
2026-02-27,6376.89,Tax Provision,TechLogistics Corp,SmallBiz Inc
2026-01-26,7747.34,Sales Revenue,TechLogistics Corp,Public Sector Dept
2026-03-17,7097.97,Professional Fees,Prime Consulting,SmallBiz Inc
2026-03-01,5974.03,Sales Revenue,Prime Consulting,Public Sector Dept
2026-02-21,7822.94,Inventory,TechLogistics Corp,Public Sector Dept
2026-01-26,10934.07,Tax Provision,TechLogistics Corp,SmallBiz Inc
2026-01-28,10498.21,Professional Fees,Prime Consulting,SmallBiz Inc
2026-03-08,9777.74,Inventory,Global Office Ltd,Retail Giant A
2026-01-02,8732.83,Inventory,Global Office Ltd,SmallBiz Inc
2026-01-19,6686.32,Professional Fees,Global Office Ltd,Direct Consumer
2026-03-11,9548.21,Professional Fees,TechLogistics Corp,Direct Consumer
2026-03-11,8083.07,Professional Fees,Prime Consulting,Retail Giant A
2026-03-10,5832.16,Sales Revenue,TechLogistics Corp,Direct Consumer
2026-02-20,8665.46,Rent,Prime Consulting,Direct Consumer
2026-02-14,8138.76,Professional Fees,Prime Consulting,Public Sector Dept
2026-01-12,7030.82,Professional Fees,Global Office Ltd,Public Sector Dept
2026-02-14,8749.4,Professional Fees,Prime Consulting,SmallBiz Inc
2026-02-25,11502.92,Tax Provision,Global Office Ltd,Public Sector Dept
2026-01-26,8625.7,Inventory,Azure Utilities,Retail Giant A
2026-01-08,6445.27,Inventory,Azure Utilities,Direct Consumer
2026-03-09,5657.67,Tax Provision,Azure Utilities,Public Sector Dept
2026-03-01,7580.41,Tax Provision,TechLogistics Corp,SmallBiz Inc
2026-02-03,8482.89,Inventory,TechLogistics Corp,Public Sector Dept
2026-03-14,7553.46,Professional Fees,TechLogistics Corp,SmallBiz Inc
2026-03-14,8394.13,Rent,TechLogistics Corp,Direct Consumer
2026-01-06,8331.59,Sales Revenue,Azure Utilities,Direct Consumer
2026-02-01,7175.02,Tax Provision,Azure Utilities,Direct Consumer
2026-03-05,6983.39,Sales Revenue,TechLogistics Corp,Direct Consumer
2026-01-19,8044.18,Rent,Prime Consulting,SmallBiz Inc
2026-03-30,12189.03,Professional Fees,TechLogistics Corp,Retail Giant A
2026-01-19,7259.26,Sales Revenue,Azure Utilities,Direct Consumer
2026-03-13,6086.87,Tax Provision,TechLogistics Corp,Retail Giant A
2026-02-19,13895.23,Tax Provision,TechLogistics Corp,Direct Consumer
2026-02-07,6723.88,Tax Provision,TechLogistics Corp,Retail Giant A
2026-03-04,9711.92,Sales Revenue,Azure Utilities,Retail Giant A
2026-03-08,8920.33,Tax Provision,Azure Utilities,Retail Giant A
2026-02-27,9436.62,Inventory,Azure Utilities,Retail Giant A
2026-03-02,9079.38,Rent,TechLogistics Corp,Direct Consumer
2026-01-28,12759.52,Sales Revenue,Azure Utilities,SmallBiz Inc
2026-03-01,7260.34,Rent,Global Office Ltd,SmallBiz Inc
2026-02-16,4087.08,Tax Provision,Prime Consulting,SmallBiz Inc
2026-02-28,11996.9,Rent,Azure Utilities,Retail Giant A
2026-02-05,8396.95,Professional Fees,Global Office Ltd,Public Sector Dept
2026-02-26,8154.09,Tax Provision,Prime Consulting,Public Sector Dept
2026-03-14,12797.25,Inventory,Azure Utilities,Direct Consumer
2026-03-08,6511.74,Sales Revenue,Azure Utilities,Retail Giant A
2026-03-13,9320.35,Inventory,Global Office Ltd,Direct Consumer
2026-01-15,7415.07,Tax Provision,Prime Consulting,Direct Consumer
2026-03-17,9549.0,Tax Provision,Azure Utilities,SmallBiz Inc
2026-01-13,8915.26,Sales Revenue,Azure Utilities,Public Sector Dept
2026-02-04,9299.62,Sales Revenue,Azure Utilities,Public Sector Dept
2026-03-21,9873.84,Inventory,Azure Utilities,Direct Consumer
2026-03-06,8278.76,Sales Revenue,Global Office Ltd,Public Sector Dept
2026-01-07,4278.41,Professional Fees,TechLogistics Corp,SmallBiz Inc
2026-02-03,7382.87,Inventory,Azure Utilities,Public Sector Dept
2026-02-12,7622.72,Tax Provision,Prime Consulting,Public Sector Dept
2026-03-20,6399.67,Professional Fees,Azure Utilities,Direct Consumer
2026-01-10,7829.88,Rent,Prime Consulting,Public Sector Dept
2026-03-31,10748.33,Professional Fees,Prime Consulting,Direct Consumer
2026-03-28,5061.91,Rent,Prime Consulting,SmallBiz Inc
2026-03-04,9097.88,Sales Revenue,Azure Utilities,SmallBiz Inc
2026-01-14,8895.62,Inventory,Azure Utilities,Public Sector Dept
2026-02-18,5689.28,Inventory,Global Office Ltd,Direct Consumer
2026-03-21,10452.22,Tax Provision,Azure Utilities,Azure Utilities
2026-01-04,7447.81,Tax Provision,Azure Utilities,SmallBiz Inc
2026-02-07,6229.83,Inventory,Azure Utilities,Retail Giant A
2026-02-13,4448.29,Sales Revenue,Prime Consulting,Public Sector Dept
2026-02-27,5397.88,Rent,Prime Consulting,Direct Consumer
2026-02-12,7721.42,Inventory,TechLogistics Corp,Public Sector Dept
2026-01-12,7938.98,Rent,TechLogistics Corp,SmallBiz Inc
2026-03-12,10945.28,Inventory,Azure Utilities,Public Sector Dept
2026-03-15,6469.89,Sales Revenue,Prime Consulting,SmallBiz Inc
2026-03-31,7078.39,Tax Provision,Global Office Ltd,Public Sector Dept
2026-03-12,7554.28,Sales Revenue,Global Office Ltd,Retail Giant A
2026-01-26,9080.16,Professional Fees,Azure Utilities,Retail Giant A
2026-01-13,9155.45,Rent,Global Office Ltd,Public Sector Dept
2026-03-11,7574.37,Tax Provision,Global Office Ltd,Public Sector Dept
2026-03-10,4068.9,Rent,TechLogistics Corp,TechLogistics Corp
2026-02-10,13880.19,Inventory,TechLogistics Corp,SmallBiz Inc
2026-03-06,7329.74,Inventory,Global Office Ltd,Retail Giant A
2026-03-11,10615.5,Sales Revenue,TechLogistics Corp,Public Sector Dept
2026-01-03,7716.43,Inventory,Global Office Ltd,Retail Giant A
2026-02-24,7484.26,Sales Revenue,Global Office Ltd,Public Sector Dept
2026-03-21,8388.41,Sales Revenue,Prime Consulting,SmallBiz Inc
2026-02-06,6885.08,Rent,Prime Consulting,Retail Giant A
2026-03-02,8460.29,Inventory,Prime Consulting,SmallBiz Inc
2026-01-27,5936.78,Inventory,Azure Utilities,Retail Giant A
2026-03-25,10385.43,Sales Revenue,Prime Consulting,Public Sector Dept
2026-03-04,9012.43,Sales Revenue,Global Office Ltd,Direct Consumer
2026-01-21,6532.15,Sales Revenue,Azure Utilities,Direct Consumer
2026-01-15,8857.09,Inventory,Prime Consulting,SmallBiz Inc
2026-03-08,5541.12,Rent,Prime Consulting,Public Sector Dept
2026-03-30,6232.75,Rent,TechLogistics Corp,SmallBiz Inc
2026-01-17,5253.82,Sales Revenue,Prime Consulting,Public Sector Dept
2026-03-28,5774.61,Rent,Azure Utilities,Direct Consumer
2026-03-29,9009.47,Tax Provision,Global Office Ltd,Public Sector Dept
2026-01-12,7014.74,Professional Fees,Global Office Ltd,Public Sector Dept
2026-03-08,7858.74,Tax Provision,Prime Consulting,Retail Giant A
2026-03-08,8026.52,Rent,Prime Consulting,Direct Consumer
2026-02-15,10574.65,Sales Revenue,Azure Utilities,Retail Giant A
2026-03-27,10459.43,Inventory,TechLogistics Corp,SmallBiz Inc
2026-03-06,5638.67,Rent,Azure Utilities,Public Sector Dept
2026-02-02,11819.97,Sales Revenue,Global Office Ltd,Direct Consumer
2026-02-06,11413.67,Rent,Azure Utilities,Retail Giant A
2026-02-24,10764.29,Inventory,Azure Utilities,Retail Giant A
2026-02-12,9000.79,Tax Provision,Global Office Ltd,SmallBiz Inc
2026-01-15,5745.62,Tax Provision,Global Office Ltd,SmallBiz Inc
2026-01-29,9805.54,Sales Revenue,Prime Consulting,Retail Giant A
2026-03-15,8725.8,Tax Provision,Prime Consulting,SmallBiz Inc
2026-01-23,9326.91,Sales Revenue,Azure Utilities,Public Sector Dept
2026-03-28,6124.6,Sales Revenue,Prime Consulting,Retail Giant A
2026-02-02,8988.91,Rent,Azure Utilities,Direct Consumer
2026-02-06,6739.59,Rent,Prime Consulting,Direct Consumer
2026-03-03,11120.02,Rent,Prime Consulting,Direct Consumer
2026-03-16,8770.07,Professional Fees,Global Office Ltd,SmallBiz Inc
2026-02-12,6745.1,Rent,Azure Utilities,Direct Consumer
2026-01-11,9632.79,Rent,Prime Consulting,Direct Consumer
2026-02-10,8542.51,Inventory,TechLogistics Corp,SmallBiz Inc
2026-03-29,9103.23,Inventory,Global Office Ltd,Public Sector Dept
2026-01-29,9555.78,Professional Fees,TechLogistics Corp,Retail Giant A
2026-03-29,6057.17,Professional Fees,Global Office Ltd,SmallBiz Inc
2026-03-08,9760.12,Professional Fees,TechLogistics Corp,Direct Consumer
2026-03-02,10011.81,Tax Provision,Prime Consulting,Public Sector Dept
2026-02-12,10505.75,Sales Revenue,Prime Consulting,Direct Consumer
2026-02-21,8640.56,Professional Fees,Azure Utilities,Public Sector Dept
2026-01-21,8153.77,Professional Fees,Azure Utilities,Direct Consumer
2026-03-01,4696.84,Rent,Prime Consulting,SmallBiz Inc
2026-01-31,11135.35,Rent,TechLogistics Corp,Public Sector Dept
2026-01-15,6731.81,Professional Fees,Prime Consulting,Retail Giant A
2026-02-03,9066.09,Professional Fees,Prime Consulting,Retail Giant A
2026-03-03,8491.06,Rent,TechLogistics Corp,Retail Giant A
2026-02-24,7320.84,Tax Provision,Azure Utilities,Retail Giant A
2026-01-18,6408.0,Inventory,Azure Utilities,Direct Consumer
2026-02-25,9299.93,Professional Fees,Azure Utilities,SmallBiz Inc
2026-02-14,7359.11,Professional Fees,Azure Utilities,Retail Giant A
2026-01-08,12377.66,Tax Provision,Azure Utilities,SmallBiz Inc
2026-03-05,8418.98,Rent,Global Office Ltd,Direct Consumer
2026-01-31,11337.41,Rent,Global Office Ltd,Direct Consumer
2026-03-22,11255.79,Sales Revenue,Azure Utilities,SmallBiz Inc
2026-02-07,5607.09,Rent,Prime Consulting,Public Sector Dept
2026-03-25,7242.72,Professional Fees,TechLogistics Corp,SmallBiz Inc
2026-01-20,9757.74,Inventory,Global Office Ltd,Public Sector Dept
2026-02-06,8990.77,Professional Fees,Global Office Ltd,SmallBiz Inc
2026-03-17,10505.17,Sales Revenue,Prime Consulting,Public Sector Dept
2026-01-02,10143.91,Professional Fees,Prime Consulting,Public Sector Dept
2026-01-28,6938.28,Rent,Prime Consulting,Direct Consumer
2026-01-26,7553.29,Tax Provision,Prime Consulting,Retail Giant A
2026-03-09,8054.93,Professional Fees,Global Office Ltd,Public Sector Dept
2026-02-08,5429.67,Inventory,Prime Consulting,SmallBiz Inc
2026-02-18,6771.11,Professional Fees,Global Office Ltd,Public Sector Dept
2026-03-28,6777.16,Tax Provision,Azure Utilities,SmallBiz Inc
2026-03-03,9544.02,Rent,Prime Consulting,SmallBiz Inc
2026-02-26,10218.73,Sales Revenue,Azure Utilities,Public Sector Dept
2026-03-06,8502.12,Inventory,Global Office Ltd,Retail Giant A
2026-01-24,5866.65,Inventory,Prime Consulting,Public Sector Dept
2026-02-23,12150.28,Inventory,Global Office Ltd,Public Sector Dept
2026-02-13,2428.62,Rent,Azure Utilities,Public Sector Dept
2026-02-05,8319.71,Professional Fees,Azure Utilities,Direct Consumer
2026-03-10,9697.52,Tax Provision,TechLogistics Corp,Retail Giant A
2026-01-09,9543.64,Professional Fees,Azure Utilities,Retail Giant A
2026-01-19,8239.86,Sales Revenue,Global Office Ltd,SmallBiz Inc
2026-03-26,8689.85,Rent,TechLogistics Corp,Direct Consumer
2026-01-30,11559.04,Sales Revenue,Prime Consulting,Retail Giant A
2026-03-30,8668.71,Sales Revenue,Azure Utilities,Retail Giant A
2026-02-21,6752.14,Rent,Global Office Ltd,Public Sector Dept
2026-02-22,7370.87,Rent,Azure Utilities,Direct Consumer
2026-03-22,10247.5,Rent,Prime Consulting,Public Sector Dept
2026-03-15,7135.78,Professional Fees,TechLogistics Corp,Retail Giant A
2026-01-04,2612.96,Sales Revenue,Global Office Ltd,Public Sector Dept
2026-01-11,8690.97,Inventory,TechLogistics Corp,SmallBiz Inc
2026-03-13,9000.69,Professional Fees,Azure Utilities,Direct Consumer
2026-01-24,5253.7,Professional Fees,Azure Utilities,Retail Giant A
2026-01-14,6563.09,Rent,Global Office Ltd,Direct Consumer
2026-03-10,11937.58,Inventory,TechLogistics Corp,Direct Consumer
2026-01-02,5541.81,Professional Fees,TechLogistics Corp,Public Sector Dept
2026-03-19,10347.9,Professional Fees,Azure Utilities,Public Sector Dept
2026-01-07,10364.86,Rent,TechLogistics Corp,Public Sector Dept
2026-02-02,6491.46,Tax Provision,Prime Consulting,Retail Giant A
2026-02-04,8001.71,Rent,Prime Consulting,Direct Consumer
2026-02-06,4883.93,Rent,Global Office Ltd,SmallBiz Inc
2026-01-08,11307.99,Rent,Azure Utilities,SmallBiz Inc
2026-02-01,8794.48,Inventory,Azure Utilities,Public Sector Dept
2026-02-15,6364.88,Inventory,TechLogistics Corp,Retail Giant A
2026-01-08,4679.0,Tax Provision,Azure Utilities,Retail Giant A
2026-02-12,6295.62,Inventory,Azure Utilities,Direct Consumer
2026-01-31,10368.98,Sales Revenue,Prime Consulting,Public Sector Dept
2026-02-07,4975.43,Professional Fees,TechLogistics Corp,Retail Giant A
2026-02-25,6055.55,Tax Provision,Azure Utilities,Direct Consumer
2026-03-28,9727.87,Tax Provision,TechLogistics Corp,SmallBiz Inc
2026-02-11,7434.33,Professional Fees,Global Office Ltd,Direct Consumer
2026-03-11,8997.59,Tax Provision,Azure Utilities,Public Sector Dept
2026-02-14,9104.14,Professional Fees,TechLogistics Corp,SmallBiz Inc
2026-01-25,7834.0,Sales Revenue,TechLogistics Corp,Public Sector Dept
2026-02-22,11000.71,Rent,Global Office Ltd,Public Sector Dept
2026-01-19,9421.47,Tax Provision,TechLogistics Corp,SmallBiz Inc
2026-02-08,6475.81,Sales Revenue,Azure Utilities,Direct Consumer
2026-01-26,9473.54,Inventory,Prime Consulting,Retail Giant A
2026-01-01,10423.68,Professional Fees,TechLogistics Corp,Public Sector Dept
2026-03-03,5250.97,Tax Provision,Global Office Ltd,SmallBiz Inc
2026-01-08,7054.33,Rent,Prime Consulting,Direct Consumer
2026-03-05,8608.43,Rent,Prime Consulting,Public Sector Dept
2026-01-11,8938.71,Sales Revenue,Global Office Ltd,Direct Consumer
2026-03-18,7188.91,Inventory,Azure Utilities,Direct Consumer
2026-02-06,5864.15,Rent,Azure Utilities,Direct Consumer
2026-03-02,6799.03,Rent,Prime Consulting,SmallBiz Inc
2026-02-20,4070.05,Inventory,Global Office Ltd,Direct Consumer
2026-02-27,999999.99,Inventory,Prime Consulting,Public Sector Dept
2026-03-20,8549.8,Professional Fees,Azure Utilities,Public Sector Dept
2026-03-05,7460.25,Professional Fees,Azure Utilities,SmallBiz Inc
2026-03-16,6653.67,Inventory,Azure Utilities,Retail Giant A
2026-02-01,9748.18,Inventory,TechLogistics Corp,Public Sector Dept
2026-01-24,9847.59,Sales Revenue,Prime Consulting,SmallBiz Inc
2026-03-29,6389.54,Sales Revenue,Prime Consulting,Public Sector Dept
2026-02-26,7232.73,Tax Provision,Azure Utilities,Direct Consumer
2026-03-07,7625.46,Rent,TechLogistics Corp,Retail Giant A
2026-01-03,5769.8,Rent,Global Office Ltd,Direct Consumer
2026-01-29,5506.4,Sales Revenue,Prime Consulting,Public Sector Dept
2026-01-08,8674.59,Inventory,TechLogistics Corp,Direct Consumer
2026-03-16,8488.98,Tax Provision,TechLogistics Corp,Public Sector Dept
2026-03-22,6567.42,Rent,Global Office Ltd,Retail Giant A
2026-02-27,9347.86,Sales Revenue,Azure Utilities,Public Sector Dept
2026-02-22,13968.62,Tax Provision,Prime Consulting,Public Sector Dept
2026-02-26,6396.68,Professional Fees,Azure Utilities,Retail Giant A
2026-03-03,11245.38,Tax Provision,Azure Utilities,Public Sector Dept
2026-02-24,5925.76,Inventory,Azure Utilities,SmallBiz Inc
2026-02-26,3673.92,Tax Provision,Global Office Ltd,Public Sector Dept
2026-03-24,5590.6,Professional Fees,Azure Utilities,SmallBiz Inc
2026-01-27,4701.22,Sales Revenue,Prime Consulting,Retail Giant A
2026-02-21,7681.11,Inventory,TechLogistics Corp,SmallBiz Inc
2026-02-12,8604.33,Tax Provision,Global Office Ltd,Direct Consumer
2026-03-28,9119.04,Inventory,TechLogistics Corp,Public Sector Dept
2026-03-14,9373.07,Inventory,Global Office Ltd,SmallBiz Inc
2026-02-09,8734.92,Tax Provision,Global Office Ltd,Public Sector Dept
2026-02-12,7575.78,Rent,TechLogistics Corp,Retail Giant A
2026-03-28,5563.49,Tax Provision,Azure Utilities,SmallBiz Inc
2026-01-15,8283.68,Sales Revenue,Azure Utilities,Retail Giant A
2026-02-05,7452.79,Professional Fees,Global Office Ltd,Public Sector Dept
2026-02-06,8023.97,Tax Provision,Global Office Ltd,Direct Consumer
2026-02-28,11709.3,Sales Revenue,Global Office Ltd,Retail Giant A
2026-01-16,6734.53,Professional Fees,Azure Utilities,SmallBiz Inc
2026-01-22,8323.86,Inventory,TechLogistics Corp,Direct Consumer
2026-02-13,9386.89,Sales Revenue,Prime Consulting,Public Sector Dept
2026-03-01,7398.82,Professional Fees,Azure Utilities,Direct Consumer
2026-03-04,7280.69,Professional Fees,Prime Consulting,SmallBiz Inc
2026-02-02,8074.21,Tax Provision,Prime Consulting,Direct Consumer
2026-03-11,7278.56,Sales Revenue,Prime Consulting,SmallBiz Inc
2026-01-24,6341.35,Inventory,Global Office Ltd,Public Sector Dept
2026-01-27,10722.11,Professional Fees,Global Office Ltd,Direct Consumer
2026-03-24,7303.95,Inventory,Global Office Ltd,Retail Giant A
2026-02-08,8321.49,Professional Fees,TechLogistics Corp,Direct Consumer
2026-01-08,8488.01,Inventory,Global Office Ltd,Public Sector Dept
2026-01-09,12412.85,Inventory,TechLogistics Corp,Direct Consumer
2026-02-18,8264.01,Inventory,Prime Consulting,Public Sector Dept
2026-03-08,5643.46,Rent,Azure Utilities,Direct Consumer
2026-02-13,13662.59,Sales Revenue,Azure Utilities,Direct Consumer
2026-02-28,8116.76,Rent,Azure Utilities,SmallBiz Inc
2026-02-19,11953.78,Sales Revenue,Prime Consulting,Public Sector Dept
2026-02-16,7110.7,Inventory,TechLogistics Corp,Direct Consumer
2026-03-12,10409.81,Inventory,Azure Utilities,SmallBiz Inc
2026-02-06,8529.95,Tax Provision,Prime Consulting,Direct Consumer
2026-01-02,6788.65,Tax Provision,Prime Consulting,Direct Consumer
2026-03-03,6954.42,Professional Fees,Prime Consulting,Retail Giant A
2026-03-30,6855.96,Tax Provision,TechLogistics Corp,Public Sector Dept
2026-03-02,8522.69,Sales Revenue,Azure Utilities,SmallBiz Inc
2026-01-26,8094.23,Professional Fees,Azure Utilities,Retail Giant A
2026-01-20,5234.44,Inventory,Azure Utilities,SmallBiz Inc
2026-01-06,5884.39,Sales Revenue,TechLogistics Corp,SmallBiz Inc
2026-02-26,7034.12,Sales Revenue,Global Office Ltd,Direct Consumer
2026-01-16,6963.74,Inventory,Prime Consulting,Direct Consumer
2026-03-02,7074.06,Inventory,Prime Consulting,Public Sector Dept
2026-01-11,8615.05,Sales Revenue,TechLogistics Corp,Public Sector Dept
2026-01-17,5775.56,Tax Provision,TechLogistics Corp,Public Sector Dept
2026-03-09,8443.21,Rent,TechLogistics Corp,Direct Consumer
2026-03-04,7160.46,Inventory,Azure Utilities,Retail Giant A
2026-03-03,3527.58,Rent,Global Office Ltd,Public Sector Dept
2026-01-09,7799.53,Sales Revenue,Global Office Ltd,Public Sector Dept
2026-02-03,9150.75,Sales Revenue,Prime Consulting,Public Sector Dept
2026-02-26,9138.77,Sales Revenue,Azure Utilities,SmallBiz Inc
2026-02-04,9109.36,Inventory,Global Office Ltd,SmallBiz Inc
2026-02-19,9363.71,Rent,Prime Consulting,SmallBiz Inc
2026-03-13,8338.03,Sales Revenue,Global Office Ltd,Direct Consumer
2026-02-24,9128.47,Inventory,TechLogistics Corp,Public Sector Dept
2026-01-17,6846.22,Sales Revenue,Prime Consulting,Public Sector Dept
2026-03-19,9986.83,Tax Provision,Prime Consulting,Public Sector Dept
2026-01-08,7108.32,Rent,TechLogistics Corp,SmallBiz Inc
2026-03-08,4696.89,Rent,Global Office Ltd,Direct Consumer
2026-02-26,8719.88,Inventory,Prime Consulting,Direct Consumer
2026-02-22,9574.54,Inventory,TechLogistics Corp,Retail Giant A
2026-02-04,7116.77,Inventory,Global Office Ltd,SmallBiz Inc
2026-01-16,10005.8,Professional Fees,Global Office Ltd,Retail Giant A
2026-02-15,9445.74,Professional Fees,Prime Consulting,Direct Consumer
2026-01-15,7448.3,Tax Provision,Prime Consulting,SmallBiz Inc
2026-01-29,8360.68,Professional Fees,Azure Utilities,Direct Consumer
2026-01-05,10460.95,Professional Fees,Prime Consulting,SmallBiz Inc
2026-01-27,7923.56,Sales Revenue,Prime Consulting,SmallBiz Inc
2026-01-20,8358.33,Inventory,TechLogistics Corp,SmallBiz Inc
2026-01-28,11861.25,Rent,Prime Consulting,Retail Giant A
2026-01-11,8099.54,Tax Provision,Global Office Ltd,SmallBiz Inc
2026-02-20,-7985.4,Inventory,TechLogistics Corp,Public Sector Dept
2026-02-08,11338.17,Inventory,Global Office Ltd,Direct Consumer
2026-01-13,9920.29,Sales Revenue,Global Office Ltd,Public Sector Dept
2026-02-22,6854.74,Sales Revenue,Azure Utilities,SmallBiz Inc
2026-03-31,9675.82,Professional Fees,Global Office Ltd,Direct Consumer
2026-01-26,6558.25,Professional Fees,Global Office Ltd,Public Sector Dept
2026-03-27,3123.04,Rent,TechLogistics Corp,Public Sector Dept
2026-01-13,6551.45,Rent,Global Office Ltd,Public Sector Dept
2026-03-17,6297.61,Professional Fees,Azure Utilities,Direct Consumer
2026-01-04,8896.77,Tax Provision,Global Office Ltd,Direct Consumer
2026-02-19,10030.41,Inventory,Global Office Ltd,SmallBiz Inc
2026-02-14,6840.81,Rent,TechLogistics Corp,Direct Consumer
2026-03-08,6320.83,Rent,TechLogistics Corp,Public Sector Dept
2026-03-02,4485.51,Sales Revenue,Global Office Ltd,Direct Consumer
2026-01-25,8987.75,Professional Fees,Prime Consulting,Retail Giant A
2026-01-25,7486.0,Rent,TechLogistics Corp,Public Sector Dept
2026-01-18,8438.11,Rent,Global Office Ltd,Direct Consumer
2026-01-05,8553.51,Inventory,Prime Consulting,Retail Giant A
2026-03-21,6336.22,Tax Provision,Prime Consulting,Public Sector Dept
2026-03-09,4712.25,Professional Fees,Prime Consulting,Retail Giant A
2026-02-16,4584.43,Rent,Prime Consulting,Direct Consumer
2026-03-01,11389.49,Tax Provision,Prime Consulting,SmallBiz Inc
2026-02-07,8630.97,Inventory,Azure Utilities,SmallBiz Inc
2026-03-29,7428.38,Professional Fees,Global Office Ltd,SmallBiz Inc
2026-03-26,7620.1,Tax Provision,Global Office Ltd,SmallBiz Inc
2026-01-17,5796.64,Inventory,Azure Utilities,Public Sector Dept
2026-01-22,9127.56,Sales Revenue,TechLogistics Corp,Public Sector Dept
2026-03-07,9007.19,Professional Fees,Global Office Ltd,SmallBiz Inc
2026-02-10,10703.73,Inventory,TechLogistics Corp,Direct Consumer
2026-03-22,8439.42,Rent,Global Office Ltd,Retail Giant A
2026-02-12,7935.56,Inventory,Prime Consulting,Retail Giant A
2026-03-18,6798.4,Professional Fees,TechLogistics Corp,Public Sector Dept
2026-01-22,9760.8,Professional Fees,Prime Consulting,Retail Giant A
2026-03-29,6739.96,Inventory,Prime Consulting,Direct Consumer
2026-01-12,8311.42,Professional Fees,Global Office Ltd,Public Sector Dept
2026-02-10,5600.69,Tax Provision,TechLogistics Corp,SmallBiz Inc
2026-02-02,6180.53,Inventory,TechLogistics Corp,Direct Consumer
2026-03-01,7480.67,Tax Provision,TechLogistics Corp,Retail Giant A
2026-03-07,10472.57,Sales Revenue,Azure Utilities,Public Sector Dept
2026-01-27,4343.27,Sales Revenue,Azure Utilities,Direct Consumer
2026-02-28,8942.47,Rent,Azure Utilities,Public Sector Dept
2026-02-09,6986.55,Inventory,Azure Utilities,Retail Giant A
2026-03-07,9049.83,Professional Fees,Azure Utilities,Retail Giant A
2026-03-20,10390.89,Rent,TechLogistics Corp,Public Sector Dept
2026-03-17,9875.77,Inventory,Azure Utilities,Public Sector Dept
2026-03-30,7319.67,Inventory,Azure Utilities,SmallBiz Inc
2026-01-10,4376.56,Sales Revenue,Global Office Ltd,SmallBiz Inc
2026-01-25,6449.57,Sales Revenue,TechLogistics Corp,SmallBiz Inc
2026-03-08,10081.73,Rent,TechLogistics Corp,SmallBiz Inc
2026-03-19,4407.79,Tax Provision,TechLogistics Corp,Public Sector Dept
2026-03-12,6112.24,Tax Provision,Global Office Ltd,Retail Giant A
2026-02-20,8455.94,Professional Fees,Azure Utilities,Direct Consumer
2026-01-10,12221.09,Tax Provision,Prime Consulting,Retail Giant A
2026-02-03,9342.51,Rent,TechLogistics Corp,Retail Giant A
2026-01-01,8537.56,Rent,Global Office Ltd,Retail Giant A
2026-01-14,7278.55,Rent,Azure Utilities,Retail Giant A
2026-03-13,8779.95,Sales Revenue,Prime Consulting,Direct Consumer
2026-02-03,3111.46,Sales Revenue,Global Office Ltd,Retail Giant A
2026-03-21,5844.14,Sales Revenue,Global Office Ltd,Public Sector Dept
2026-03-21,9555.29,Inventory,TechLogistics Corp,Retail Giant A
2026-02-19,8897.77,Rent,Azure Utilities,SmallBiz Inc
2026-03-10,8176.12,Professional Fees,TechLogistics Corp,SmallBiz Inc
2026-02-14,8935.49,Rent,TechLogistics Corp,Retail Giant A
2026-03-28,9620.15,Professional Fees,Global Office Ltd,Public Sector Dept
2026-01-26,6397.13,Sales Revenue,Global Office Ltd,Public Sector Dept
2026-02-17,6931.33,Rent,Azure Utilities,Retail Giant A
2026-01-30,6212.6,Sales Revenue,Global Office Ltd,Direct Consumer
2026-02-28,7871.63,Tax Provision,TechLogistics Corp,Direct Consumer
2026-02-28,12908.35,Tax Provision,Azure Utilities,Public Sector Dept
2026-01-07,9222.51,Rent,Prime Consulting,Direct Consumer
2026-01-12,8357.38,Professional Fees,TechLogistics Corp,Direct Consumer
2026-02-11,10499.31,Professional Fees,TechLogistics Corp,Direct Consumer
2026-02-25,5299.67,Inventory,TechLogistics Corp,Public Sector Dept
2026-03-29,4210.75,Rent,TechLogistics Corp,SmallBiz Inc
2026-02-16,4820.1,Sales Revenue,TechLogistics Corp,Retail Giant A
2026-03-04,7538.44,Sales Revenue,Global Office Ltd,Direct Consumer
2026-03-30,5734.52,Tax Provision,Azure Utilities,Retail Giant A
2026-01-25,3427.94,Professional Fees,TechLogistics Corp,Retail Giant A
2026-01-23,6311.1,Sales Revenue,Azure Utilities,Retail Giant A
2026-02-11,7423.09,Sales Revenue,Azure Utilities,Direct Consumer
2026-03-29,8856.75,Professional Fees,Global Office Ltd,SmallBiz Inc
2026-03-01,9534.43,Inventory,TechLogistics Corp,Public Sector Dept
2026-03-17,7836.03,Rent,Global Office Ltd,Public Sector Dept
2026-01-24,6742.75,Rent,Prime Consulting,Retail Giant A
2026-01-06,9360.5,Rent,TechLogistics Corp,Public Sector Dept
2026-02-18,4429.7,Rent,TechLogistics Corp,Retail Giant A
2026-02-21,9295.02,Tax Provision,TechLogistics Corp,Public Sector Dept
2026-03-18,7171.56,Sales Revenue,Azure Utilities,Direct Consumer
2026-01-25,8405.12,Inventory,TechLogistics Corp,Public Sector Dept
2026-03-11,9423.43,Tax Provision,Global Office Ltd,SmallBiz Inc
2026-03-04,8671.6,Inventory,Prime Consulting,Public Sector Dept
2026-02-27,7904.05,Tax Provision,Prime Consulting,Direct Consumer
2026-01-05,8064.36,Tax Provision,Azure Utilities,SmallBiz Inc
2026-03-01,9833.03,Sales Revenue,TechLogistics Corp,SmallBiz Inc
2026-02-10,8134.21,Rent,Azure Utilities,Public Sector Dept
2026-03-07,9613.94,Rent,Prime Consulting,Public Sector Dept
2026-01-14,7295.58,Sales Revenue,Prime Consulting,Public Sector Dept
2026-01-18,7971.93,Sales Revenue,Azure Utilities,Public Sector Dept
2026-03-10,8977.82,Inventory,Global Office Ltd,Public Sector Dept
2026-01-14,8534.76,Sales Revenue,TechLogistics Corp,Public Sector Dept
2026-02-22,8994.88,Tax Provision,Global Office Ltd,SmallBiz Inc
2026-02-24,8206.64,Sales Revenue,Global Office Ltd,SmallBiz Inc
2026-02-28,5827.56,Inventory,Azure Utilities,Retail Giant A
2026-03-01,7631.67,Rent,Prime Consulting,Direct Consumer
2026-01-07,4869.11,Professional Fees,Prime Consulting,Direct Consumer
2026-01-25,11384.63,Inventory,TechLogistics Corp,SmallBiz Inc
2026-01-28,8479.53,Sales Revenue,Global Office Ltd,Retail Giant A
2026-03-24,9464.61,Tax Provision,TechLogistics Corp,Direct Consumer
2026-02-20,8326.11,Professional Fees,Azure Utilities,Public Sector Dept
2026-01-30,13167.3,Rent,TechLogistics Corp,Public Sector Dept
2026-02-18,8241.19,Tax Provision,Azure Utilities,Public Sector Dept
2026-03-12,8978.02,Professional Fees,Azure Utilities,Retail Giant A
2026-01-31,6262.77,Tax Provision,Global Office Ltd,SmallBiz Inc
2026-01-18,9830.03,Rent,Azure Utilities,Public Sector Dept
2026-01-12,6116.05,Inventory,Prime Consulting,Direct Consumer
2026-01-27,5567.89,Tax Provision,Global Office Ltd,Retail Giant A
2026-03-02,4664.32,Rent,Prime Consulting,Direct Consumer
2026-03-08,9083.96,Tax Provision,Azure Utilities,Public Sector Dept
2026-01-21,6607.33,Inventory,TechLogistics Corp,Public Sector Dept
2026-02-07,3084.8,Rent,Azure Utilities,Public Sector Dept
2026-02-18,8334.72,Inventory,Global Office Ltd,Public Sector Dept
2026-02-23,6315.33,Professional Fees,Global Office Ltd,Retail Giant A
2026-03-10,8674.11,Sales Revenue,TechLogistics Corp,Retail Giant A
2026-01-21,6600.02,Professional Fees,Global Office Ltd,SmallBiz Inc
2026-03-07,6357.42,Rent,Prime Consulting,Direct Consumer
2026-02-25,7542.99,Sales Revenue,Prime Consulting,Direct Consumer
2026-03-02,7782.11,Tax Provision,Global Office Ltd,Public Sector Dept
2026-02-26,9726.08,Inventory,Prime Consulting,SmallBiz Inc
2026-03-01,7183.75,Inventory,TechLogistics Corp,Public Sector Dept
2026-02-23,6129.77,Sales Revenue,Azure Utilities,SmallBiz Inc
2026-03-21,5804.97,Professional Fees,Azure Utilities,SmallBiz Inc
2026-01-08,7717.6,Tax Provision,Global Office Ltd,SmallBiz Inc
2026-03-15,2918.65,Inventory,Global Office Ltd,Direct Consumer
2026-03-08,6774.77,Professional Fees,Global Office Ltd,SmallBiz Inc
2026-03-09,9573.34,Inventory,Global Office Ltd,SmallBiz Inc
2026-03-11,9580.91,Inventory,Azure Utilities,Direct Consumer
2026-02-19,5754.37,Professional Fees,Azure Utilities,Direct Consumer
2026-03-28,9531.63,Sales Revenue,Prime Consulting,Retail Giant A
2026-02-05,11131.27,Sales Revenue,Azure Utilities,SmallBiz Inc
2026-02-16,7663.77,Rent,Azure Utilities,SmallBiz Inc
2026-02-24,7831.71,Inventory,Global Office Ltd,Public Sector Dept
2026-03-01,10727.4,Tax Provision,Prime Consulting,SmallBiz Inc
2026-02-04,8119.55,Sales Revenue,TechLogistics Corp,Retail Giant A
2026-03-24,6135.1,Sales Revenue,Prime Consulting,SmallBiz Inc
2026-01-30,9957.58,Sales Revenue,Azure Utilities,SmallBiz Inc
2026-01-11,12841.9,Professional Fees,Azure Utilities,Retail Giant A
2026-03-29,10278.37,Inventory,Azure Utilities,Direct Consumer
2026-02-25,7829.69,Professional Fees,Azure Utilities,Direct Consumer
2026-02-18,8233.06,Rent,TechLogistics Corp,Retail Giant A
2026-02-13,7634.64,Tax Provision,Global Office Ltd,Direct Consumer
2026-01-28,7589.6,Professional Fees,Global Office Ltd,Public Sector Dept
2026-01-28,8933.75,Professional Fees,TechLogistics Corp,Public Sector Dept
2026-01-12,10636.35,Rent,Global Office Ltd,SmallBiz Inc
2026-02-25,9188.56,Professional Fees,Global Office Ltd,Direct Consumer
2026-01-20,5913.83,Rent,Prime Consulting,Direct Consumer
2026-03-12,2795.05,Tax Provision,TechLogistics Corp,Public Sector Dept
2026-01-06,6283.83,Inventory,Azure Utilities,SmallBiz Inc
2026-03-10,4367.42,Sales Revenue,Global Office Ltd,Retail Giant A
2026-01-24,9789.38,Sales Revenue,TechLogistics Corp,Public Sector Dept
2026-02-09,7153.91,Inventory,Prime Consulting,Retail Giant A
2026-02-07,8084.33,Professional Fees,Azure Utilities,SmallBiz Inc
2026-01-27,5831.89,Rent,Azure Utilities,SmallBiz Inc
2026-01-05,9758.89,Rent,TechLogistics Corp,TechLogistics Corp
2026-02-15,8793.12,Sales Revenue,TechLogistics Corp,SmallBiz Inc
2026-02-25,7017.17,Tax Provision,TechLogistics Corp,SmallBiz Inc
2026-02-24,10728.61,Inventory,TechLogistics Corp,SmallBiz Inc
2026-01-26,7402.27,Sales Revenue,Global Office Ltd,SmallBiz Inc
2026-01-30,8027.47,Rent,TechLogistics Corp,SmallBiz Inc
2026-02-14,9501.95,Rent,TechLogistics Corp,Public Sector Dept
2026-02-01,8015.53,Tax Provision,TechLogistics Corp,Public Sector Dept
2026-01-22,9504.51,Rent,TechLogistics Corp,Public Sector Dept
2026-02-12,6118.66,Inventory,Prime Consulting,SmallBiz Inc
2026-03-25,10363.07,Rent,Azure Utilities,Retail Giant A
2026-01-17,8592.83,Professional Fees,TechLogistics Corp,Direct Consumer
2026-01-24,10964.74,Professional Fees,Prime Consulting,Direct Consumer
2026-02-13,10723.41,Inventory,Prime Consulting,Direct Consumer
2026-02-09,6821.19,Inventory,TechLogistics Corp,Direct Consumer
2026-01-06,8279.63,Sales Revenue,Global Office Ltd,Public Sector Dept
2026-03-25,6624.97,Professional Fees,TechLogistics Corp,Direct Consumer
2026-01-08,9855.46,Tax Provision,Azure Utilities,Retail Giant A
2026-02-22,9167.77,Professional Fees,TechLogistics Corp,SmallBiz Inc
2026-02-22,-9952.98,Inventory,TechLogistics Corp,Public Sector Dept
2026-01-15,8345.51,Rent,Azure Utilities,Direct Consumer
2026-03-17,4748.45,Sales Revenue,Prime Consulting,Retail Giant A
2026-03-30,8761.11,Inventory,Azure Utilities,Retail Giant A
2026-01-03,6656.55,Tax Provision,Prime Consulting,Direct Consumer
2026-01-20,10579.39,Professional Fees,TechLogistics Corp,Direct Consumer
2026-03-04,6440.43,Tax Provision,TechLogistics Corp,Public Sector Dept
2026-02-01,7365.45,Professional Fees,Global Office Ltd,Public Sector Dept
2026-03-12,10763.06,Rent,Global Office Ltd,Retail Giant A
2026-01-22,7831.02,Sales Revenue,Azure Utilities,Direct Consumer
2026-02-04,6922.26,Sales Revenue,Prime Consulting,Direct Consumer
2026-02-11,4310.86,Professional Fees,Prime Consulting,Direct Consumer
2026-01-27,8340.47,Tax Provision,TechLogistics Corp,Public Sector Dept
2026-03-22,6171.77,Tax Provision,Azure Utilities,Public Sector Dept
2026-03-09,7901.65,Inventory,Prime Consulting,Direct Consumer
2026-03-26,7802.29,Inventory,Azure Utilities,Retail Giant A
2026-01-06,10279.81,Inventory,TechLogistics Corp,Retail Giant A
2026-01-04,12583.42,Inventory,Azure Utilities,Retail Giant A
2026-01-11,6153.27,Inventory,TechLogistics Corp,Direct Consumer
2026-02-28,6264.14,Tax Provision,Global Office Ltd,Public Sector Dept
2026-01-04,4252.39,Professional Fees,Azure Utilities,SmallBiz Inc
2026-01-13,6819.3,Tax Provision,Prime Consulting,Retail Giant A
2026-02-17,8211.56,Tax Provision,Global Office Ltd,SmallBiz Inc
2026-03-08,5380.17,Sales Revenue,Azure Utilities,Public Sector Dept
2026-02-04,5675.73,Sales Revenue,Prime Consulting,Prime Consulting
2026-01-10,6660.88,Sales Revenue,Azure Utilities,Public Sector Dept
2026-03-15,7041.82,Tax Provision,Azure Utilities,Public Sector Dept
2026-03-15,5282.95,Tax Provision,TechLogistics Corp,Direct Consumer
2026-02-27,10129.15,Tax Provision,Azure Utilities,SmallBiz Inc
2026-03-11,11372.14,Sales Revenue,Prime Consulting,SmallBiz Inc
2026-02-03,6681.3,Rent,TechLogistics Corp,SmallBiz Inc
2026-03-17,10341.13,Rent,Prime Consulting,Retail Giant A
2026-02-10,10871.25,Tax Provision,Azure Utilities,Retail Giant A
2026-03-30,4731.93,Rent,Prime Consulting,Retail Giant A
2026-03-31,5379.26,Tax Provision,Azure Utilities,SmallBiz Inc
2026-03-20,8249.27,Sales Revenue,TechLogistics Corp,Retail Giant A
2026-03-03,3032.51,Rent,TechLogistics Corp,Public Sector Dept
2026-01-01,8807.14,Professional Fees,TechLogistics Corp,Public Sector Dept
2026-02-16,10059.2,Tax Provision,Azure Utilities,Public Sector Dept
2026-02-23,10258.33,Rent,Azure Utilities,Direct Consumer
2026-03-21,8706.33,Inventory,Prime Consulting,Retail Giant A
2026-03-25,5888.49,Rent,Prime Consulting,Retail Giant A
2026-01-18,8031.28,Sales Revenue,Azure Utilities,Direct Consumer
2026-03-05,6554.02,Tax Provision,Prime Consulting,Direct Consumer
2026-02-28,8318.24,Rent,TechLogistics Corp,Public Sector Dept
2026-03-19,9946.9,Rent,Prime Consulting,Direct Consumer
2026-02-12,8332.46,Tax Provision,TechLogistics Corp,Public Sector Dept
2026-02-19,5942.82,Professional Fees,Azure Utilities,SmallBiz Inc
2026-01-13,7468.86,Professional Fees,Prime Consulting,Retail Giant A
2026-02-28,4061.97,Professional Fees,Azure Utilities,SmallBiz Inc
2026-03-12,7147.92,Professional Fees,Global Office Ltd,Direct Consumer
2026-01-05,6472.5,Inventory,Azure Utilities,Azure Utilities
2026-03-21,4795.79,Tax Provision,Prime Consulting,Public Sector Dept
2026-03-29,9385.7,Inventory,Azure Utilities,Public Sector Dept
2026-01-25,5418.55,Tax Provision,TechLogistics Corp,Public Sector Dept
2026-02-15,6845.89,Rent,Global Office Ltd,Direct Consumer
2026-02-05,8574.3,Rent,TechLogistics Corp,SmallBiz Inc
2026-03-03,5271.67,Professional Fees,Azure Utilities,Public Sector Dept
2026-03-30,6238.19,Tax Provision,Global Office Ltd,Retail Giant A
2026-02-03,4756.82,Inventory,Global Office Ltd,Direct Consumer
2026-01-10,9313.05,Rent,TechLogistics Corp,Direct Consumer
2026-01-13,6379.14,Tax Provision,Global Office Ltd,SmallBiz Inc
2026-02-26,8574.12,Rent,Azure Utilities,Public Sector Dept
2026-03-15,4332.48,Tax Provision,Global Office Ltd,SmallBiz Inc
2026-02-04,8991.47,Tax Provision,Azure Utilities,SmallBiz Inc
2026-03-22,7176.99,Inventory,Prime Consulting,Retail Giant A
2026-02-05,9244.74,Professional Fees,TechLogistics Corp,Direct Consumer
2026-02-09,9856.79,Sales Revenue,TechLogistics Corp,Retail Giant A
2026-02-23,10148.38,Inventory,Azure Utilities,Public Sector Dept
2026-03-30,9526.81,Tax Provision,Global Office Ltd,Retail Giant A
2026-03-12,3135.44,Inventory,Global Office Ltd,Public Sector Dept
2026-03-26,5502.16,Professional Fees,TechLogistics Corp,SmallBiz Inc
2026-02-27,9968.51,Sales Revenue,Prime Consulting,Retail Giant A
2026-02-09,9102.59,Sales Revenue,Prime Consulting,Public Sector Dept
2026-03-10,9887.22,Rent,TechLogistics Corp,Public Sector Dept
2026-01-23,8784.81,Rent,Prime Consulting,Direct Consumer
2026-02-06,7362.64,Rent,Azure Utilities,Direct Consumer
2026-03-03,9400.09,Inventory,TechLogistics Corp,Direct Consumer
2026-02-12,4036.97,Inventory,Azure Utilities,SmallBiz Inc
2026-01-21,6946.62,Tax Provision,Azure Utilities,SmallBiz Inc
2026-02-28,7192.75,Sales Revenue,Global Office Ltd,Public Sector Dept
2026-02-01,7839.82,Tax Provision,Global Office Ltd,Direct Consumer
2026-03-30,7420.1,Sales Revenue,Azure Utilities,Retail Giant A
2026-01-05,10639.45,Sales Revenue,TechLogistics Corp,Public Sector Dept
2026-01-21,4983.54,Rent,Azure Utilities,SmallBiz Inc
2026-03-02,7729.74,Professional Fees,Azure Utilities,Public Sector Dept
2026-03-27,8183.56,Professional Fees,Prime Consulting,SmallBiz Inc
2026-03-02,7084.25,Tax Provision,Prime Consulting,Public Sector Dept
2026-02-08,10999.08,Sales Revenue,Prime Consulting,Public Sector Dept
2026-03-18,7496.67,Professional Fees,TechLogistics Corp,Retail Giant A
2026-03-18,5673.83,Sales Revenue,Global Office Ltd,Retail Giant A
2026-02-27,10686.8,Sales Revenue,Global Office Ltd,Retail Giant A
2026-03-15,6918.15,Inventory,Azure Utilities,Direct Consumer
2026-03-07,5970.61,Professional Fees,TechLogistics Corp,SmallBiz Inc
2026-01-24,8411.11,Tax Provision,TechLogistics Corp,SmallBiz Inc
2026-03-19,7035.63,Tax Provision,Azure Utilities,Direct Consumer
2026-01-21,7045.17,Professional Fees,TechLogistics Corp,Direct Consumer
2026-02-11,8989.73,Sales Revenue,Prime Consulting,Public Sector Dept
2026-01-11,7846.48,Tax Provision,Global Office Ltd,Public Sector Dept
2026-03-12,9404.6,Sales Revenue,Azure Utilities,Direct Consumer
2026-01-17,9409.07,Tax Provision,TechLogistics Corp,Public Sector Dept
2026-01-14,6291.76,Inventory,Prime Consulting,Public Sector Dept
2026-02-04,6180.1,Inventory,TechLogistics Corp,Retail Giant A
2026-03-15,5702.65,Tax Provision,TechLogistics Corp,Public Sector Dept
2026-01-27,9494.9,Rent,TechLogistics Corp,SmallBiz Inc
2026-02-23,5835.9,Inventory,TechLogistics Corp,Public Sector Dept
2026-03-27,8076.21,Professional Fees,TechLogistics Corp,Direct Consumer
2026-03-02,5421.44,Sales Revenue,TechLogistics Corp,Public Sector Dept
2026-01-01,10170.72,Professional Fees,TechLogistics Corp,Public Sector Dept
2026-02-20,8577.45,Inventory,TechLogistics Corp,Retail Giant A
2026-03-02,5023.85,Professional Fees,Azure Utilities,Direct Consumer
2026-01-28,10263.95,Rent,TechLogistics Corp,Retail Giant A
2026-02-24,5823.37,Rent,TechLogistics Corp,Direct Consumer
2026-03-06,12079.51,Professional Fees,TechLogistics Corp,SmallBiz Inc
2026-02-01,6823.94,Professional Fees,Prime Consulting,Public Sector Dept
2026-01-03,8617.88,Professional Fees,Azure Utilities,Retail Giant A
2026-01-10,12073.28,Sales Revenue,Prime Consulting,Public Sector Dept
2026-02-23,7000.3,Sales Revenue,Global Office Ltd,Public Sector Dept
2026-02-06,6533.72,Rent,Prime Consulting,Public Sector Dept
2026-02-12,7622.5,Sales Revenue,Azure Utilities,SmallBiz Inc
2026-01-29,8913.4,Tax Provision,Prime Consulting,SmallBiz Inc
2026-03-04,6930.45,Tax Provision,Prime Consulting,SmallBiz Inc
2026-02-05,10560.66,Inventory,Global Office Ltd,SmallBiz Inc
2026-03-18,1710.86,Sales Revenue,TechLogistics Corp,Retail Giant A
2026-01-02,6108.73,Inventory,Global Office Ltd,Retail Giant A
2026-02-14,9352.69,Sales Revenue,Global Office Ltd,SmallBiz Inc
2026-02-27,7029.04,Professional Fees,Global Office Ltd,Public Sector Dept
2026-02-09,8050.44,Inventory,Prime Consulting,Direct Consumer
2026-03-17,7282.15,Professional Fees,Azure Utilities,Direct Consumer
2026-01-29,6459.05,Professional Fees,Global Office Ltd,Direct Consumer
2026-01-27,5928.32,Tax Provision,Azure Utilities,Public Sector Dept
2026-03-27,9855.85,Sales Revenue,TechLogistics Corp,Public Sector Dept
2026-02-03,6860.61,Professional Fees,Prime Consulting,Retail Giant A
2026-01-02,9949.15,Tax Provision,Azure Utilities,Retail Giant A
2026-02-12,8832.05,Rent,Prime Consulting,Retail Giant A
2026-02-20,6351.92,Sales Revenue,Azure Utilities,SmallBiz Inc
2026-01-30,11469.6,Tax Provision,TechLogistics Corp,Direct Consumer
2026-01-05,7900.28,Tax Provision,TechLogistics Corp,Direct Consumer
2026-03-08,10608.86,Rent,Prime Consulting,Retail Giant A
2026-03-06,6994.28,Sales Revenue,Prime Consulting,SmallBiz Inc
2026-01-03,10467.09,Tax Provision,Prime Consulting,Direct Consumer
2026-01-08,8357.72,Professional Fees,Prime Consulting,Public Sector Dept
2026-02-17,8010.22,Tax Provision,TechLogistics Corp,Public Sector Dept
2026-01-29,4252.41,Sales Revenue,Azure Utilities,SmallBiz Inc
2026-02-24,6772.76,Inventory,Prime Consulting,SmallBiz Inc
2026-03-27,5277.8,Sales Revenue,Prime Consulting,SmallBiz Inc
2026-03-25,7664.22,Inventory,TechLogistics Corp,Direct Consumer
2026-03-29,5873.06,Sales Revenue,Global Office Ltd,Retail Giant A
2026-03-01,7960.32,Professional Fees,Prime Consulting,Retail Giant A
2026-03-03,8137.65,Inventory,Azure Utilities,Public Sector Dept
2026-01-09,7348.05,Rent,Azure Utilities,Direct Consumer
2026-02-06,9436.08,Professional Fees,TechLogistics Corp,SmallBiz Inc
2026-02-23,12032.23,Inventory,TechLogistics Corp,Direct Consumer
2026-01-14,9334.33,Professional Fees,Global Office Ltd,Direct Consumer
2026-03-04,7690.82,Inventory,TechLogistics Corp,Public Sector Dept
2026-03-27,7022.3,Sales Revenue,TechLogistics Corp,Direct Consumer
2026-02-26,10127.58,Professional Fees,Prime Consulting,Retail Giant A
2026-03-04,6795.44,Sales Revenue,Azure Utilities,Direct Consumer
2026-01-07,10486.33,Professional Fees,Global Office Ltd,Public Sector Dept
2026-03-03,5849.6,Inventory,Global Office Ltd,Retail Giant A
2026-03-14,9084.05,Tax Provision,Azure Utilities,Retail Giant A
2026-01-12,6494.95,Inventory,Prime Consulting,Public Sector Dept
2026-02-07,7471.89,Professional Fees,Azure Utilities,Public Sector Dept
2026-01-01,6462.7,Sales Revenue,TechLogistics Corp,Public Sector Dept
2026-03-01,6555.38,Professional Fees,TechLogistics Corp,Direct Consumer
2026-03-26,10529.64,Professional Fees,Prime Consulting,Public Sector Dept
2026-02-18,10821.97,Professional Fees,Global Office Ltd,Public Sector Dept
2026-02-27,8378.01,Professional Fees,Global Office Ltd,SmallBiz Inc
2026-01-12,7326.66,Professional Fees,TechLogistics Corp,SmallBiz Inc
2026-03-10,7662.97,Tax Provision,Azure Utilities,Retail Giant A
2026-02-26,9849.75,Rent,Prime Consulting,Retail Giant A
2026-02-21,8200.01,Rent,TechLogistics Corp,Public Sector Dept
2026-01-17,6852.2,Inventory,Azure Utilities,SmallBiz Inc
2026-01-02,3955.86,Tax Provision,Azure Utilities,SmallBiz Inc
2026-01-13,9988.15,Tax Provision,Azure Utilities,SmallBiz Inc
2026-02-17,1856.11,Inventory,Prime Consulting,Retail Giant A
2026-01-30,11339.08,Inventory,Azure Utilities,Retail Giant A
2026-03-27,7581.32,Tax Provision,TechLogistics Corp,SmallBiz Inc
2026-01-13,6303.47,Sales Revenue,Global Office Ltd,Public Sector Dept
2026-01-13,10593.38,Sales Revenue,Prime Consulting,Retail Giant A
2026-01-06,10164.47,Sales Revenue,Global Office Ltd,SmallBiz Inc
2026-02-28,9026.7,Inventory,Prime Consulting,SmallBiz Inc
2026-03-09,9321.12,Rent,Azure Utilities,Direct Consumer
2026-03-01,8447.99,Rent,Azure Utilities,Direct Consumer
2026-02-09,10196.52,Tax Provision,Azure Utilities,Retail Giant A
2026-03-02,7145.05,Sales Revenue,TechLogistics Corp,Direct Consumer
2026-01-11,9843.56,Rent,Prime Consulting,Public Sector Dept
2026-03-07,8133.23,Professional Fees,Global Office Ltd,SmallBiz Inc
2026-02-25,5425.74,Rent,Azure Utilities,Public Sector Dept
2026-03-25,6620.77,Inventory,Azure Utilities,Direct Consumer
2026-03-28,10949.62,Rent,Prime Consulting,Retail Giant A
2026-01-01,9555.35,Sales Revenue,Azure Utilities,Public Sector Dept
2026-02-11,9898.61,Tax Provision,Prime Consulting,Public Sector Dept
2026-01-06,4979.71,Rent,Azure Utilities,Public Sector Dept
2026-02-06,8797.41,Professional Fees,Azure Utilities,Retail Giant A
2026-02-28,8107.22,Sales Revenue,Prime Consulting,Public Sector Dept
2026-01-12,8480.3,Professional Fees,TechLogistics Corp,Retail Giant A
2026-01-20,9408.93,Sales Revenue,TechLogistics Corp,Public Sector Dept
2026-03-21,4949.4,Sales Revenue,TechLogistics Corp,Public Sector Dept
2026-01-16,8171.14,Rent,Global Office Ltd,Retail Giant A
2026-01-26,8811.56,Tax Provision,Azure Utilities,SmallBiz Inc
2026-02-03,3934.07,Professional Fees,TechLogistics Corp,SmallBiz Inc
2026-01-16,6811.9,Rent,Global Office Ltd,Retail Giant A
2026-03-21,9554.47,Inventory,Prime Consulting,SmallBiz Inc
2026-02-18,6910.89,Tax Provision,Prime Consulting,SmallBiz Inc
2026-02-21,7778.96,Rent,TechLogistics Corp,Public Sector Dept
2026-02-26,7095.67,Professional Fees,TechLogistics Corp,SmallBiz Inc
2026-02-26,9853.52,Tax Provision,Azure Utilities,SmallBiz Inc
2026-03-08,7073.95,Professional Fees,Global Office Ltd,Retail Giant A
2026-01-09,10665.36,Tax Provision,Prime Consulting,SmallBiz Inc
2026-01-26,7474.57,Inventory,TechLogistics Corp,SmallBiz Inc
2026-01-08,9469.69,Sales Revenue,Prime Consulting,Retail Giant A
2026-03-20,7138.07,Sales Revenue,Azure Utilities,Direct Consumer
2026-01-20,12826.21,Professional Fees,TechLogistics Corp,TechLogistics Corp
2026-03-20,4489.14,Rent,Global Office Ltd,SmallBiz Inc
2026-01-09,11956.07,Tax Provision,Azure Utilities,SmallBiz Inc
2026-03-26,7425.04,Rent,TechLogistics Corp,Retail Giant A
2026-03-07,11829.33,Inventory,Global Office Ltd,SmallBiz Inc
2026-01-16,7984.24,Rent,Prime Consulting,SmallBiz Inc
2026-02-23,9064.58,Sales Revenue,Global Office Ltd,Public Sector Dept
2026-02-13,7832.27,Rent,Azure Utilities,Retail Giant A
2026-02-24,6464.27,Rent,Global Office Ltd,Retail Giant A
2026-01-19,7205.95,Sales Revenue,TechLogistics Corp,Public Sector Dept
2026-02-13,3517.15,Inventory,Global Office Ltd,SmallBiz Inc
2026-01-22,5475.34,Rent,Global Office Ltd,Public Sector Dept
2026-03-01,8931.62,Inventory,TechLogistics Corp,Retail Giant A
2026-01-05,6160.97,Professional Fees,Azure Utilities,Direct Consumer
2026-02-25,6750.31,Tax Provision,Prime Consulting,SmallBiz Inc
2026-02-16,8886.68,Sales Revenue,TechLogistics Corp,Public Sector Dept
2026-01-13,7901.87,Sales Revenue,TechLogistics Corp,SmallBiz Inc
2026-02-08,8674.92,Professional Fees,TechLogistics Corp,Public Sector Dept
2026-01-08,13056.51,Rent,Prime Consulting,Public Sector Dept
2026-01-09,14555.95,Tax Provision,TechLogistics Corp,Public Sector Dept
2026-03-16,6031.37,Professional Fees,Azure Utilities,Public Sector Dept
2026-03-07,7646.58,Inventory,Global Office Ltd,Public Sector Dept
2026-01-03,10781.94,Professional Fees,Global Office Ltd,SmallBiz Inc
2026-03-26,10443.23,Rent,Global Office Ltd,Public Sector Dept
2026-01-06,8573.3,Professional Fees,Global Office Ltd,Retail Giant A
2026-01-10,6180.81,Inventory,Azure Utilities,Retail Giant A
2026-03-07,12332.58,Tax Provision,Global Office Ltd,SmallBiz Inc
2026-02-02,7350.43,Tax Provision,Prime Consulting,SmallBiz Inc
2026-02-19,8411.97,Inventory,Global Office Ltd,Retail Giant A
2026-03-06,10647.8,Professional Fees,Prime Consulting,SmallBiz Inc
2026-02-22,7675.6,Inventory,Prime Consulting,Public Sector Dept
2026-01-05,6761.42,Inventory,Prime Consulting,Public Sector Dept
2026-03-04,6739.02,Tax Provision,Azure Utilities,Public Sector Dept
2026-02-25,7333.88,Tax Provision,Prime Consulting,SmallBiz Inc
2026-03-15,8149.3,Sales Revenue,Azure Utilities,Public Sector Dept
2026-01-06,9791.79,Sales Revenue,Global Office Ltd,Direct Consumer
2026-02-05,6477.89,Inventory,Azure Utilities,SmallBiz Inc
2026-02-02,6333.8,Tax Provision,Prime Consulting,SmallBiz Inc
2026-01-19,7892.81,Sales Revenue,Prime Consulting,Direct Consumer
2026-03-23,4997.54,Professional Fees,Azure Utilities,Retail Giant A
2026-01-09,7634.68,Inventory,Global Office Ltd,Direct Consumer
2026-03-18,6348.32,Tax Provision,Global Office Ltd,SmallBiz Inc
2026-03-29,7529.67,Rent,Azure Utilities,Retail Giant A
2026-03-27,8357.77,Professional Fees,Prime Consulting,Public Sector Dept
2026-02-28,8012.37,Sales Revenue,Global Office Ltd,Retail Giant A
2026-03-29,7539.7,Professional Fees,Azure Utilities,SmallBiz Inc
2026-02-28,6630.14,Rent,Prime Consulting,SmallBiz Inc
2026-02-18,5814.0,Tax Provision,TechLogistics Corp,Public Sector Dept
2026-01-18,7099.25,Professional Fees,Global Office Ltd,Direct Consumer
2026-02-03,9760.11,Inventory,Global Office Ltd,Public Sector Dept
2026-02-26,6045.61,Professional Fees,Prime Consulting,Direct Consumer
2026-03-08,9059.88,Tax Provision,TechLogistics Corp,TechLogistics Corp
2026-03-09,7749.01,Sales Revenue,Prime Consulting,SmallBiz Inc
2026-03-03,8273.54,Sales Revenue,Azure Utilities,Public Sector Dept
2026-03-19,4312.44,Inventory,Prime Consulting,Public Sector Dept
2026-02-07,10465.66,Sales Revenue,Azure Utilities,Retail Giant A
2026-03-15,7793.06,Professional Fees,Azure Utilities,Retail Giant A
2026-02-27,8037.76,Rent,TechLogistics Corp,Direct Consumer
2026-01-31,8264.76,Inventory,TechLogistics Corp,Retail Giant A
2026-01-09,7879.09,Inventory,Global Office Ltd,Global Office Ltd
2026-03-23,10708.91,Professional Fees,Global Office Ltd,Direct Consumer
2026-01-28,5582.68,Sales Revenue,Prime Consulting,Public Sector Dept
2026-02-20,5572.51,Tax Provision,TechLogistics Corp,Direct Consumer
2026-01-28,5947.31,Professional Fees,Global Office Ltd,Public Sector Dept
2026-02-01,9224.3,Sales Revenue,TechLogistics Corp,Public Sector Dept
2026-03-28,8688.8,Inventory,Global Office Ltd,Direct Consumer
2026-03-22,8215.75,Rent,TechLogistics Corp,Public Sector Dept
2026-01-17,9288.27,Tax Provision,Global Office Ltd,Public Sector Dept
2026-01-14,7521.85,Professional Fees,Prime Consulting,Retail Giant A
2026-01-23,8415.1,Tax Provision,Prime Consulting,Retail Giant A
2026-01-09,7691.39,Sales Revenue,Global Office Ltd,Retail Giant A
2026-03-28,5184.26,Tax Provision,Prime Consulting,Public Sector Dept
2026-01-16,5400.17,Sales Revenue,Global Office Ltd,Retail Giant A
2026-01-08,8695.5,Professional Fees,Azure Utilities,SmallBiz Inc
2026-02-05,6975.79,Sales Revenue,TechLogistics Corp,Retail Giant A
2026-03-23,6837.67,Inventory,Global Office Ltd,Direct Consumer
2026-02-22,-12155.76,Inventory,Azure Utilities,SmallBiz Inc
2026-02-19,8044.34,Professional Fees,Global Office Ltd,Retail Giant A
2026-03-05,6269.99,Inventory,Global Office Ltd,Retail Giant A
2026-01-02,-5363.65,Inventory,Azure Utilities,SmallBiz Inc
2026-03-23,5406.13,Tax Provision,Azure Utilities,Azure Utilities
2026-01-10,6128.06,Inventory,Azure Utilities,Retail Giant A
2026-03-04,7278.13,Inventory,Prime Consulting,SmallBiz Inc
2026-01-01,6159.29,Professional Fees,Azure Utilities,Retail Giant A
2026-01-24,8057.23,Inventory,Prime Consulting,SmallBiz Inc
2026-01-21,7253.03,Inventory,TechLogistics Corp,Public Sector Dept
2026-02-05,10781.49,Tax Provision,Prime Consulting,SmallBiz Inc
2026-01-11,9152.3,Professional Fees,Prime Consulting,Direct Consumer
2026-03-06,5639.8,Inventory,Prime Consulting,Public Sector Dept
2026-03-11,8501.64,Tax Provision,Prime Consulting,SmallBiz Inc
2026-02-13,8267.36,Inventory,Global Office Ltd,Retail Giant A
2026-02-07,7288.33,Sales Revenue,Prime Consulting,SmallBiz Inc
2026-02-08,9466.72,Professional Fees,Prime Consulting,SmallBiz Inc
2026-02-05,9187.5,Rent,Global Office Ltd,SmallBiz Inc
2026-02-20,6726.47,Sales Revenue,TechLogistics Corp,Retail Giant A
2026-02-23,9355.24,Sales Revenue,Prime Consulting,Retail Giant A
2026-02-09,10850.07,Sales Revenue,TechLogistics Corp,Direct Consumer
2026-01-31,6841.22,Rent,Global Office Ltd,Retail Giant A
2026-03-05,9631.86,Inventory,Prime Consulting,SmallBiz Inc
2026-01-18,8334.27,Professional Fees,Prime Consulting,Public Sector Dept
2026-03-09,12965.23,Rent,Azure Utilities,SmallBiz Inc
2026-02-01,7239.16,Rent,TechLogistics Corp,Public Sector Dept
2026-02-26,8151.16,Sales Revenue,TechLogistics Corp,Direct Consumer
2026-03-12,7994.0,Tax Provision,Azure Utilities,Direct Consumer
2026-01-13,6526.44,Tax Provision,TechLogistics Corp,Public Sector Dept
2026-02-06,9755.51,Inventory,Global Office Ltd,SmallBiz Inc
2026-02-02,10450.78,Professional Fees,TechLogistics Corp,Retail Giant A
2026-02-18,6151.8,Sales Revenue,Prime Consulting,Retail Giant A
2026-03-15,7628.14,Inventory,Azure Utilities,Public Sector Dept
2026-03-15,12190.66,Professional Fees,Azure Utilities,Public Sector Dept
2026-03-16,10556.49,Inventory,Azure Utilities,Direct Consumer
2026-02-28,6390.41,Tax Provision,Prime Consulting,SmallBiz Inc
2026-02-21,8509.38,Sales Revenue,Prime Consulting,Public Sector Dept
2026-02-18,8220.09,Tax Provision,Prime Consulting,SmallBiz Inc
2026-03-16,10737.24,Sales Revenue,Global Office Ltd,Global Office Ltd
2026-01-30,7485.31,Sales Revenue,Global Office Ltd,SmallBiz Inc
2026-01-07,6879.55,Tax Provision,TechLogistics Corp,SmallBiz Inc
2026-02-26,8547.04,Tax Provision,TechLogistics Corp,SmallBiz Inc
2026-01-11,7649.78,Professional Fees,Prime Consulting,Direct Consumer
2026-03-04,6827.62,Sales Revenue,Global Office Ltd,Retail Giant A
2026-02-12,9716.94,Tax Provision,Global Office Ltd,Retail Giant A
2026-02-06,11383.03,Sales Revenue,TechLogistics Corp,Direct Consumer
2026-03-03,9728.06,Professional Fees,TechLogistics Corp,Direct Consumer
2026-03-19,6572.37,Rent,TechLogistics Corp,Direct Consumer
2026-02-15,9796.91,Inventory,Global Office Ltd,Retail Giant A
2026-03-19,9659.67,Rent,TechLogistics Corp,Retail Giant A
2026-01-21,7733.29,Professional Fees,Prime Consulting,SmallBiz Inc
2026-01-23,9231.25,Tax Provision,Prime Consulting,SmallBiz Inc
2026-02-07,7574.99,Tax Provision,Prime Consulting,Direct Consumer
2026-03-16,10026.72,Professional Fees,Azure Utilities,Retail Giant A
2026-02-19,8230.36,Sales Revenue,TechLogistics Corp,Direct Consumer
2026-02-13,4918.42,Sales Revenue,Azure Utilities,Public Sector Dept
2026-01-03,9799.25,Rent,Global Office Ltd,Retail Giant A
2026-02-03,5778.43,Rent,Global Office Ltd,SmallBiz Inc
2026-03-07,7526.45,Rent,Prime Consulting,Direct Consumer
2026-02-28,7851.0,Sales Revenue,Azure Utilities,Retail Giant A
2026-01-21,11234.68,Tax Provision,TechLogistics Corp,SmallBiz Inc
2026-03-03,8503.7,Tax Provision,Azure Utilities,Direct Consumer
2026-02-07,6764.19,Inventory,Prime Consulting,Retail Giant A
2026-01-13,9436.87,Tax Provision,Global Office Ltd,Direct Consumer
2026-02-07,9604.18,Tax Provision,Global Office Ltd,Retail Giant A
2026-02-09,8867.25,Rent,TechLogistics Corp,Retail Giant A
2026-03-06,5830.44,Tax Provision,TechLogistics Corp,SmallBiz Inc
2026-01-07,12403.19,Sales Revenue,Prime Consulting,Public Sector Dept
2026-02-09,5754.25,Professional Fees,TechLogistics Corp,Retail Giant A
2026-03-04,9843.57,Inventory,Prime Consulting,Public Sector Dept
2026-01-03,-8274.65,Sales Revenue,Prime Consulting,Retail Giant A
2026-01-12,9008.73,Sales Revenue,Prime Consulting,SmallBiz Inc
2026-01-21,7991.68,Professional Fees,Azure Utilities,Retail Giant A
2026-01-23,8095.88,Inventory,Global Office Ltd,Retail Giant A
2026-01-05,9612.97,Tax Provision,Prime Consulting,Direct Consumer
2026-03-18,9652.43,Professional Fees,Azure Utilities,Retail Giant A
2026-03-08,5974.04,Sales Revenue,TechLogistics Corp,SmallBiz Inc
2026-02-28,4565.19,Professional Fees,TechLogistics Corp,SmallBiz Inc
2026-03-14,9382.99,Tax Provision,TechLogistics Corp,Direct Consumer
2026-03-14,9645.14,Inventory,Azure Utilities,SmallBiz Inc
2026-03-09,10060.9,Sales Revenue,Prime Consulting,Retail Giant A
2026-01-19,8592.57,Inventory,Prime Consulting,Retail Giant A
2026-02-23,4714.87,Professional Fees,Azure Utilities,Retail Giant A
2026-01-24,7451.41,Tax Provision,Global Office Ltd,Direct Consumer
2026-01-30,4127.73,Inventory,Prime Consulting,Retail Giant A
2026-03-07,8666.58,Sales Revenue,TechLogistics Corp,SmallBiz Inc
2026-01-24,8639.89,Tax Provision,TechLogistics Corp,SmallBiz Inc
2026-02-10,11715.03,Inventory,Prime Consulting,Direct Consumer
2026-02-13,10329.32,Rent,Global Office Ltd,Direct Consumer
2026-01-23,12142.35,Sales Revenue,Azure Utilities,Public Sector Dept
2026-01-08,8538.03,Professional Fees,Prime Consulting,Public Sector Dept
2026-02-01,6197.9,Sales Revenue,Global Office Ltd,Public Sector Dept
2026-01-29,6894.37,Sales Revenue,Global Office Ltd,Direct Consumer
2026-01-27,9579.06,Sales Revenue,Azure Utilities,Direct Consumer
2026-01-09,10249.3,Sales Revenue,TechLogistics Corp,SmallBiz Inc
2026-02-13,7789.86,Inventory,TechLogistics Corp,SmallBiz Inc
2026-03-19,7903.44,Professional Fees,TechLogistics Corp,Public Sector Dept
2026-02-07,6813.49,Inventory,Azure Utilities,SmallBiz Inc
2026-02-11,7267.61,Tax Provision,TechLogistics Corp,Retail Giant A
2026-02-17,9231.09,Professional Fees,TechLogistics Corp,Public Sector Dept
2026-01-20,7252.98,Rent,Azure Utilities,SmallBiz Inc
2026-01-08,5596.32,Inventory,TechLogistics Corp,Retail Giant A
2026-01-15,6164.77,Sales Revenue,TechLogistics Corp,Direct Consumer
2026-03-14,9210.68,Sales Revenue,Azure Utilities,Public Sector Dept
2026-01-04,5880.18,Rent,Global Office Ltd,SmallBiz Inc
2026-02-08,5833.76,Sales Revenue,Global Office Ltd,SmallBiz Inc
2026-03-24,8223.22,Rent,TechLogistics Corp,Public Sector Dept
2026-01-07,8599.64,Sales Revenue,TechLogistics Corp,SmallBiz Inc
2026-02-02,6475.3,Professional Fees,TechLogistics Corp,Retail Giant A
2026-02-27,6916.11,Rent,Azure Utilities,Public Sector Dept
2026-01-12,7238.21,Professional Fees,Azure Utilities,Direct Consumer
2026-03-20,10000.23,Sales Revenue,Azure Utilities,SmallBiz Inc
2026-03-29,10016.41,Rent,Global Office Ltd,Retail Giant A
2026-03-19,3003.47,Rent,Prime Consulting,Direct Consumer
2026-02-21,8794.44,Tax Provision,Azure Utilities,Direct Consumer
2026-03-18,10371.74,Inventory,Prime Consulting,Direct Consumer
2026-02-18,5199.38,Rent,TechLogistics Corp,SmallBiz Inc
2026-03-30,6095.76,Tax Provision,Azure Utilities,Retail Giant A
2026-02-20,7779.92,Tax Provision,Azure Utilities,Retail Giant A
2026-03-13,4553.39,Inventory,Azure Utilities,Public Sector Dept
2026-01-23,4004.59,Sales Revenue,TechLogistics Corp,SmallBiz Inc
2026-03-04,5893.94,Professional Fees,Prime Consulting,Direct Consumer
2026-01-25,8366.99,Professional Fees,TechLogistics Corp,Retail Giant A
2026-02-01,-5667.87,Rent,Global Office Ltd,SmallBiz Inc
2026-03-26,8282.96,Rent,Prime Consulting,SmallBiz Inc
2026-03-22,6853.05,Rent,Prime Consulting,Direct Consumer
2026-03-06,6613.53,Professional Fees,TechLogistics Corp,SmallBiz Inc
2026-01-02,5973.21,Inventory,TechLogistics Corp,Direct Consumer
2026-03-17,8247.22,Sales Revenue,TechLogistics Corp,Direct Consumer
2026-03-05,6113.57,Professional Fees,Prime Consulting,Public Sector Dept
2026-01-30,12030.82,Inventory,Global Office Ltd,Direct Consumer
2026-03-24,6113.65,Inventory,Prime Consulting,Public Sector Dept
2026-01-14,11073.32,Sales Revenue,Prime Consulting,Public Sector Dept
2026-01-22,8744.73,Sales Revenue,Azure Utilities,Retail Giant A
2026-02-23,2832.73,Rent,Global Office Ltd,SmallBiz Inc
2026-02-16,8617.97,Tax Provision,Prime Consulting,Retail Giant A
2026-02-12,5798.79,Tax Provision,Global Office Ltd,Direct Consumer
2026-01-15,11456.41,Inventory,Global Office Ltd,Direct Consumer
2026-01-15,6162.99,Tax Provision,Global Office Ltd,Direct Consumer
2026-03-06,7757.64,Professional Fees,Global Office Ltd,Public Sector Dept
2026-03-06,7024.2,Sales Revenue,Prime Consulting,Retail Giant A
2026-01-06,7238.87,Professional Fees,Azure Utilities,SmallBiz Inc
2026-03-04,8853.75,Inventory,Azure Utilities,Azure Utilities
2026-01-17,8702.41,Rent,Azure Utilities,Direct Consumer
2026-01-11,8136.98,Rent,Prime Consulting,Direct Consumer
2026-02-28,9418.43,Sales Revenue,TechLogistics Corp,Retail Giant A
2026-01-24,8363.24,Tax Provision,Azure Utilities,SmallBiz Inc
2026-02-28,6314.23,Professional Fees,Global Office Ltd,SmallBiz Inc
2026-03-16,8262.48,Sales Revenue,TechLogistics Corp,SmallBiz Inc
2026-02-04,13264.37,Tax Provision,Global Office Ltd,Retail Giant A
2026-01-12,7433.61,Inventory,TechLogistics Corp,Public Sector Dept
2026-03-15,4960.87,Rent,Global Office Ltd,Direct Consumer
2026-02-26,7586.1,Sales Revenue,Azure Utilities,SmallBiz Inc
2026-03-05,7157.51,Rent,Global Office Ltd,Public Sector Dept
2026-02-09,6345.74,Sales Revenue,Azure Utilities,Retail Giant A
2026-03-05,8474.72,Rent,Global Office Ltd,Direct Consumer
2026-01-30,5139.23,Rent,Prime Consulting,Public Sector Dept
2026-02-22,8065.27,Inventory,TechLogistics Corp,Retail Giant A
2026-01-03,6713.46,Rent,TechLogistics Corp,Retail Giant A
2026-03-12,8158.36,Tax Provision,Global Office Ltd,Retail Giant A
2026-01-25,9713.49,Inventory,Prime Consulting,Public Sector Dept
2026-02-04,7282.02,Inventory,TechLogistics Corp,SmallBiz Inc
2026-03-15,4686.51,Inventory,Global Office Ltd,Retail Giant A
2026-02-05,9893.67,Rent,Prime Consulting,Direct Consumer
2026-02-19,6740.61,Professional Fees,TechLogistics Corp,Direct Consumer
2026-01-03,5202.56,Rent,Azure Utilities,Direct Consumer
2026-03-15,8201.99,Inventory,Azure Utilities,Direct Consumer
2026-03-15,5340.7,Inventory,Azure Utilities,SmallBiz Inc
2026-01-25,8107.02,Rent,TechLogistics Corp,Retail Giant A
2026-03-15,7709.42,Professional Fees,Global Office Ltd,Public Sector Dept
2026-03-08,7564.48,Inventory,Azure Utilities,Retail Giant A
2026-02-22,7855.59,Professional Fees,Azure Utilities,Public Sector Dept
2026-02-26,6197.23,Tax Provision,Azure Utilities,Direct Consumer
2026-01-08,9622.51,Rent,Global Office Ltd,Public Sector Dept
2026-01-12,7234.84,Tax Provision,TechLogistics Corp,SmallBiz Inc
2026-03-13,8225.78,Sales Revenue,Azure Utilities,Public Sector Dept
2026-01-28,9943.97,Inventory,Azure Utilities,Direct Consumer
2026-02-08,8622.88,Inventory,Prime Consulting,Direct Consumer
2026-02-19,7110.06,Rent,Prime Consulting,Direct Consumer
2026-02-22,6874.78,Tax Provision,Prime Consulting,Public Sector Dept
2026-01-09,10496.45,Tax Provision,TechLogistics Corp,Retail Giant A
2026-01-29,7619.0,Professional Fees,TechLogistics Corp,Public Sector Dept
2026-03-10,8699.31,Tax Provision,TechLogistics Corp,Public Sector Dept
2026-03-02,7532.49,Professional Fees,TechLogistics Corp,SmallBiz Inc
2026-01-23,5392.14,Rent,TechLogistics Corp,Direct Consumer
2026-02-18,5585.99,Sales Revenue,Azure Utilities,Direct Consumer
2026-01-13,10172.09,Tax Provision,TechLogistics Corp,Public Sector Dept
2026-01-02,7868.24,Inventory,Prime Consulting,Retail Giant A
2026-03-06,7044.12,Tax Provision,Global Office Ltd,Direct Consumer
2026-03-23,9520.84,Sales Revenue,Azure Utilities,Public Sector Dept
2026-02-26,8210.27,Rent,Global Office Ltd,SmallBiz Inc
2026-01-16,9497.54,Inventory,Prime Consulting,Retail Giant A
2026-03-29,5042.12,Tax Provision,Azure Utilities,SmallBiz Inc
2026-03-13,10266.34,Professional Fees,TechLogistics Corp,SmallBiz Inc
2026-03-10,8935.57,Tax Provision,Azure Utilities,Retail Giant A
2026-03-04,7393.08,Inventory,TechLogistics Corp,Public Sector Dept
2026-03-09,9724.98,Professional Fees,Azure Utilities,Public Sector Dept
2026-03-08,8870.65,Tax Provision,Azure Utilities,Direct Consumer
2026-03-08,8913.07,Inventory,Global Office Ltd,SmallBiz Inc
2026-03-23,8648.69,Rent,Prime Consulting,Public Sector Dept
2026-01-10,7919.71,Rent,Global Office Ltd,Public Sector Dept
2026-03-07,9157.38,Sales Revenue,Prime Consulting,Retail Giant A
2026-03-15,6086.41,Sales Revenue,TechLogistics Corp,Public Sector Dept
2026-03-31,9548.03,Tax Provision,Global Office Ltd,Direct Consumer
2026-03-25,8339.08,Rent,Global Office Ltd,SmallBiz Inc
2026-02-03,6254.44,Inventory,Azure Utilities,Direct Consumer
2026-01-16,8653.19,Professional Fees,Global Office Ltd,Public Sector Dept
2026-03-01,7709.22,Rent,TechLogistics Corp,Public Sector Dept
2026-02-24,7390.16,Rent,Azure Utilities,Retail Giant A
2026-01-28,5018.21,Tax Provision,Global Office Ltd,Direct Consumer
2026-01-10,11069.87,Inventory,Azure Utilities,SmallBiz Inc
2026-03-21,5210.11,Tax Provision,Global Office Ltd,Global Office Ltd
2026-02-15,7930.27,Tax Provision,Prime Consulting,SmallBiz Inc
2026-03-16,10485.78,Sales Revenue,Prime Consulting,Public Sector Dept
2026-02-15,9239.05,Professional Fees,Global Office Ltd,Retail Giant A
2026-02-05,10152.48,Inventory,Azure Utilities,Direct Consumer
2026-02-14,8528.59,Professional Fees,Global Office Ltd,Retail Giant A
2026-02-03,2695.15,Sales Revenue,Global Office Ltd,Public Sector Dept
2026-03-09,9710.47,Inventory,TechLogistics Corp,Public Sector Dept
2026-03-09,7723.94,Sales Revenue,Azure Utilities,Public Sector Dept
2026-03-05,10479.35,Inventory,Prime Consulting,Public Sector Dept
2026-03-28,8491.12,Tax Provision,Global Office Ltd,SmallBiz Inc
2026-02-09,7393.06,Professional Fees,Azure Utilities,Public Sector Dept
2026-01-30,7020.01,Tax Provision,Azure Utilities,Retail Giant A
2026-02-12,7627.8,Rent,Global Office Ltd,Public Sector Dept
2026-03-25,6845.81,Inventory,Global Office Ltd,Direct Consumer
2026-01-21,5269.04,Inventory,TechLogistics Corp,Direct Consumer
2026-03-16,7247.74,Professional Fees,Azure Utilities,Retail Giant A
2026-01-30,12126.68,Sales Revenue,TechLogistics Corp,SmallBiz Inc
2026-02-13,7532.1,Inventory,TechLogistics Corp,SmallBiz Inc
2026-03-22,10092.47,Inventory,Global Office Ltd,Public Sector Dept
2026-02-18,10258.13,Inventory,Prime Consulting,Direct Consumer
2026-01-08,5706.71,Professional Fees,Prime Consulting,Direct Consumer
2026-01-16,10378.75,Rent,Global Office Ltd,Public Sector Dept
2026-01-24,6537.89,Professional Fees,Global Office Ltd,Retail Giant A
2026-03-20,6501.43,Inventory,Global Office Ltd,Public Sector Dept
2026-01-21,10733.45,Inventory,Azure Utilities,Public Sector Dept
2026-02-14,9065.43,Professional Fees,Prime Consulting,Direct Consumer
2026-03-01,6191.08,Tax Provision,Global Office Ltd,Direct Consumer
2026-01-24,3805.38,Inventory,Prime Consulting,Retail Giant A
2026-01-21,10005.0,Rent,Azure Utilities,Public Sector Dept
2026-03-29,5151.62,Tax Provision,Global Office Ltd,Retail Giant A
2026-01-24,6048.04,Sales Revenue,TechLogistics Corp,Public Sector Dept
2026-01-24,6669.31,Sales Revenue,Global Office Ltd,SmallBiz Inc
2026-03-21,12023.25,Professional Fees,Prime Consulting,Direct Consumer
2026-01-31,8335.07,Rent,TechLogistics Corp,Public Sector Dept
2026-01-21,10088.34,Inventory,Azure Utilities,Retail Giant A
2026-03-22,8888.36,Sales Revenue,Global Office Ltd,Direct Consumer
2026-02-01,8459.39,Tax Provision,Azure Utilities,Direct Consumer
2026-02-03,5522.22,Inventory,Azure Utilities,SmallBiz Inc
2026-01-31,7925.74,Tax Provision,Global Office Ltd,SmallBiz Inc
2026-02-03,9242.3,Tax Provision,Global Office Ltd,Public Sector Dept
2026-03-26,5529.28,Rent,Azure Utilities,Direct Consumer
2026-01-01,7522.78,Sales Revenue,Prime Consulting,SmallBiz Inc
2026-03-31,12796.67,Rent,Global Office Ltd,Public Sector Dept
2026-01-15,8556.82,Professional Fees,Azure Utilities,Public Sector Dept
2026-03-08,7064.77,Sales Revenue,TechLogistics Corp,Public Sector Dept
2026-03-09,8449.91,Rent,Prime Consulting,SmallBiz Inc
2026-01-20,5275.24,Professional Fees,Azure Utilities,Retail Giant A
2026-03-30,8887.1,Tax Provision,TechLogistics Corp,Direct Consumer
2026-02-24,8269.24,Tax Provision,Azure Utilities,Public Sector Dept
2026-02-13,11399.16,Professional Fees,Azure Utilities,Retail Giant A
2026-02-14,8011.23,Sales Revenue,Prime Consulting,SmallBiz Inc
2026-02-17,8468.63,Rent,Prime Consulting,SmallBiz Inc
2026-02-04,7306.03,Tax Provision,TechLogistics Corp,Retail Giant A
2026-03-31,10207.84,Sales Revenue,TechLogistics Corp,SmallBiz Inc
2026-01-29,11467.47,Inventory,Prime Consulting,Direct Consumer
2026-03-21,5054.8,Professional Fees,Azure Utilities,Direct Consumer
2026-01-08,7702.18,Professional Fees,Azure Utilities,Direct Consumer
2026-03-12,7620.48,Inventory,Azure Utilities,SmallBiz Inc
2026-02-08,9466.72,Professional Fees,Prime Consulting,SmallBiz Inc
2026-03-31,8227.59,Tax Provision,Azure Utilities,Retail Giant A
2026-03-06,6731.28,Inventory,Global Office Ltd,Retail Giant A
2026-03-06,6860.56,Inventory,Prime Consulting,Public Sector Dept
2026-03-24,5758.45,Professional Fees,Prime Consulting,Direct Consumer
2026-01-27,4720.54,Inventory,Azure Utilities,SmallBiz Inc
2026-02-09,7101.97,Inventory,Prime Consulting,Direct Consumer
2026-02-16,10747.93,Inventory,Prime Consulting,Retail Giant A
2026-01-25,6906.38,Tax Provision,TechLogistics Corp,SmallBiz Inc
2026-01-13,13302.31,Tax Provision,Prime Consulting,Public Sector Dept
2026-01-04,7516.18,Inventory,Prime Consulting,Public Sector Dept
2026-02-04,2299.72,Sales Revenue,Global Office Ltd,SmallBiz Inc
2026-02-08,7659.95,Inventory,Azure Utilities,Public Sector Dept
2026-01-22,7870.92,Professional Fees,Azure Utilities,SmallBiz Inc
2026-03-15,6447.84,Inventory,Azure Utilities,Retail Giant A
2026-03-10,7459.81,Inventory,Azure Utilities,Public Sector Dept
2026-03-04,7747.84,Tax Provision,TechLogistics Corp,Direct Consumer
2026-03-26,10091.05,Inventory,Prime Consulting,Direct Consumer
2026-02-16,7980.17,Sales Revenue,TechLogistics Corp,SmallBiz Inc
2026-03-23,6343.71,Sales Revenue,Prime Consulting,Public Sector Dept
2026-02-19,3611.31,Inventory,Prime Consulting,Retail Giant A
2026-02-10,11159.36,Inventory,Azure Utilities,SmallBiz Inc
2026-02-14,10069.03,Rent,Prime Consulting,Public Sector Dept
2026-02-19,7598.09,Tax Provision,Prime Consulting,Retail Giant A
2026-02-16,7674.97,Inventory,Global Office Ltd,Retail Giant A
2026-03-19,7231.54,Sales Revenue,TechLogistics Corp,Public Sector Dept
2026-01-25,8171.61,Inventory,Prime Consulting,SmallBiz Inc
2026-01-17,6001.65,Inventory,Azure Utilities,Retail Giant A
2026-01-02,6191.65,Inventory,Azure Utilities,Public Sector Dept
2026-01-23,8406.09,Sales Revenue,Prime Consulting,Direct Consumer
2026-02-11,8001.77,Rent,Prime Consulting,SmallBiz Inc
2026-01-07,10834.35,Rent,Azure Utilities,Public Sector Dept
2026-03-12,8129.05,Tax Provision,Prime Consulting,Public Sector Dept
2026-03-20,13046.98,Professional Fees,TechLogistics Corp,SmallBiz Inc
2026-03-19,8381.48,Sales Revenue,Azure Utilities,Public Sector Dept
2026-01-18,9594.55,Sales Revenue,Azure Utilities,Retail Giant A
2026-02-20,9971.15,Tax Provision,Prime Consulting,Direct Consumer
2026-01-31,6276.88,Rent,TechLogistics Corp,SmallBiz Inc
2026-01-13,8208.38,Professional Fees,Azure Utilities,Direct Consumer
2026-01-21,8251.21,Inventory,Global Office Ltd,Public Sector Dept
2026-01-02,8355.15,Professional Fees,Prime Consulting,SmallBiz Inc
2026-03-01,8169.44,Professional Fees,Global Office Ltd,Retail Giant A
2026-03-13,4638.21,Tax Provision,Prime Consulting,Retail Giant A
2026-03-31,9009.34,Inventory,TechLogistics Corp,Public Sector Dept
2026-03-10,7878.05,Tax Provision,Azure Utilities,Retail Giant A
2026-02-21,9278.62,Rent,Prime Consulting,Direct Consumer
2026-01-29,9424.36,Sales Revenue,Azure Utilities,Public Sector Dept
2026-02-18,6574.84,Tax Provision,TechLogistics Corp,Direct Consumer
2026-03-19,9303.92,Professional Fees,Global Office Ltd,SmallBiz Inc
2026-02-21,10749.79,Rent,Azure Utilities,Retail Giant A
2026-01-28,8619.64,Sales Revenue,Prime Consulting,Public Sector Dept
2026-03-21,9883.63,Tax Provision,Azure Utilities,SmallBiz Inc
2026-01-17,5567.36,Tax Provision,Azure Utilities,SmallBiz Inc
2026-01-01,11171.0,Inventory,Azure Utilities,Direct Consumer
2026-02-05,6830.38,Tax Provision,Global Office Ltd,SmallBiz Inc
2026-01-28,8125.07,Tax Provision,TechLogistics Corp,Direct Consumer
2026-02-12,9782.12,Rent,TechLogistics Corp,Direct Consumer
2026-02-14,9096.68,Inventory,TechLogistics Corp,SmallBiz Inc
2026-03-22,10063.9,Rent,TechLogistics Corp,Direct Consumer
2026-03-25,7933.09,Sales Revenue,TechLogistics Corp,Direct Consumer
2026-02-19,8821.35,Inventory,Prime Consulting,Prime Consulting
2026-02-09,7601.83,Sales Revenue,Global Office Ltd,SmallBiz Inc
2026-03-27,7287.34,Sales Revenue,Azure Utilities,SmallBiz Inc
2026-03-25,10779.19,Sales Revenue,TechLogistics Corp,Direct Consumer
2026-02-07,8372.02,Rent,Global Office Ltd,Retail Giant A
2026-03-07,7913.39,Tax Provision,TechLogistics Corp,SmallBiz Inc
2026-03-18,6503.69,Professional Fees,Azure Utilities,SmallBiz Inc
2026-02-10,11869.39,Tax Provision,TechLogistics Corp,Direct Consumer
2026-03-23,8408.92,Rent,Prime Consulting,Direct Consumer
2026-02-03,10311.48,Rent,TechLogistics Corp,Direct Consumer
2026-01-22,5259.9,Professional Fees,TechLogistics Corp,SmallBiz Inc
2026-02-28,11520.69,Professional Fees,Global Office Ltd,Retail Giant A
2026-03-24,10310.56,Inventory,TechLogistics Corp,Direct Consumer
2026-02-07,10400.44,Rent,TechLogistics Corp,Public Sector Dept
2026-03-20,8338.6,Tax Provision,Prime Consulting,Direct Consumer
2026-03-24,8517.73,Rent,Prime Consulting,Direct Consumer
2026-02-17,5504.46,Inventory,TechLogistics Corp,Direct Consumer
2026-02-24,11907.71,Professional Fees,Global Office Ltd,SmallBiz Inc
2026-01-17,6845.3,Rent,Prime Consulting,Direct Consumer
2026-03-18,5122.62,Inventory,TechLogistics Corp,Direct Consumer
2026-01-20,9423.34,Sales Revenue,Prime Consulting,Direct Consumer
2026-03-20,8636.05,Sales Revenue,Azure Utilities,Retail Giant A
2026-02-10,5068.25,Rent,TechLogistics Corp,Direct Consumer
2026-01-25,9139.42,Professional Fees,TechLogistics Corp,SmallBiz Inc
2026-01-18,6019.72,Rent,TechLogistics Corp,SmallBiz Inc
2026-01-01,8337.85,Inventory,TechLogistics Corp,Public Sector Dept
2026-03-23,8926.4,Professional Fees,TechLogistics Corp,Public Sector Dept
2026-02-09,7097.92,Sales Revenue,Azure Utilities,Public Sector Dept
2026-03-10,9365.29,Rent,Azure Utilities,SmallBiz Inc
2026-01-02,5917.19,Rent,Global Office Ltd,Retail Giant A
2026-01-05,8191.42,Tax Provision,TechLogistics Corp,Retail Giant A
2026-03-29,10617.48,Tax Provision,Prime Consulting,SmallBiz Inc
2026-03-23,7919.69,Rent,TechLogistics Corp,Public Sector Dept
2026-02-28,8901.32,Inventory,TechLogistics Corp,Retail Giant A
2026-01-11,6295.13,Tax Provision,Azure Utilities,Direct Consumer
2026-02-14,5870.11,Sales Revenue,Azure Utilities,SmallBiz Inc
2026-03-04,6418.01,Professional Fees,Azure Utilities,Retail Giant A
2026-02-27,9382.16,Professional Fees,Global Office Ltd,Direct Consumer
2026-03-10,10370.04,Professional Fees,Prime Consulting,Public Sector Dept
2026-02-22,6540.8,Inventory,Prime Consulting,Retail Giant A
2026-03-26,7846.42,Professional Fees,Azure Utilities,Retail Giant A
2026-01-23,7563.57,Professional Fees,Prime Consulting,Public Sector Dept
2026-02-06,8280.74,Tax Provision,Global Office Ltd,Public Sector Dept
2026-01-11,8400.84,Professional Fees,Prime Consulting,SmallBiz Inc
2026-03-21,7290.63,Rent,Prime Consulting,Retail Giant A
2026-01-10,11088.03,Tax Provision,Global Office Ltd,Direct Consumer
2026-02-01,6953.3,Professional Fees,Prime Consulting,Retail Giant A
2026-03-31,10363.51,Professional Fees,Azure Utilities,SmallBiz Inc
2026-01-12,6813.3,Professional Fees,TechLogistics Corp,Retail Giant A
2026-01-19,7317.52,Professional Fees,Prime Consulting,Public Sector Dept
2026-03-22,4968.29,Inventory,Azure Utilities,Public Sector Dept
2026-02-10,8354.24,Sales Revenue,Azure Utilities,SmallBiz Inc
2026-02-01,7348.37,Tax Provision,TechLogistics Corp,Direct Consumer
2026-03-23,9278.38,Professional Fees,Prime Consulting,Retail Giant A
2026-02-05,8466.72,Sales Revenue,Azure Utilities,SmallBiz Inc
2026-02-19,13222.5,Rent,Global Office Ltd,SmallBiz Inc
2026-01-21,7993.91,Inventory,Global Office Ltd,Retail Giant A
2026-02-01,9778.61,Inventory,TechLogistics Corp,Retail Giant A
2026-01-11,3922.51,Sales Revenue,Global Office Ltd,Public Sector Dept
2026-02-13,6049.79,Tax Provision,TechLogistics Corp,SmallBiz Inc
2026-03-31,7912.82,Rent,Prime Consulting,SmallBiz Inc
2026-03-17,9445.28,Tax Provision,TechLogistics Corp,Retail Giant A
2026-01-11,5347.81,Sales Revenue,TechLogistics Corp,SmallBiz Inc
2026-02-09,9597.11,Sales Revenue,Prime Consulting,Public Sector Dept
2026-03-06,12106.04,Tax Provision,Global Office Ltd,Retail Giant A
2026-02-03,3609.47,Tax Provision,Azure Utilities,Public Sector Dept
2026-01-16,8956.77,Tax Provision,Prime Consulting,SmallBiz Inc
2026-02-23,8556.34,Inventory,TechLogistics Corp,Public Sector Dept
2026-03-27,5446.42,Rent,Azure Utilities,SmallBiz Inc
2026-01-29,10196.2,Sales Revenue,TechLogistics Corp,SmallBiz Inc
2026-01-19,8468.67,Sales Revenue,Global Office Ltd,SmallBiz Inc
2026-02-26,9970.42,Sales Revenue,Azure Utilities,SmallBiz Inc
2026-02-13,5098.22,Professional Fees,Azure Utilities,Retail Giant A
2026-02-05,9734.85,Professional Fees,Prime Consulting,SmallBiz Inc
2026-03-07,7632.21,Rent,Global Office Ltd,Public Sector Dept
2026-01-08,7839.77,Tax Provision,Prime Consulting,Public Sector Dept
2026-03-09,7825.58,Professional Fees,Prime Consulting,Direct Consumer
2026-02-24,8033.77,Rent,Prime Consulting,SmallBiz Inc
2026-02-27,6091.07,Inventory,Global Office Ltd,Direct Consumer
2026-01-25,5447.28,Professional Fees,TechLogistics Corp,Public Sector Dept
2026-01-28,11212.41,Professional Fees,Prime Consulting,Direct Consumer
2026-03-07,8173.24,Inventory,Prime Consulting,SmallBiz Inc
2026-02-10,9145.66,Inventory,Global Office Ltd,Retail Giant A
2026-03-13,10996.42,Tax Provision,Prime Consulting,SmallBiz Inc
2026-02-07,9845.06,Sales Revenue,Global Office Ltd,Direct Consumer
2026-03-12,6319.66,Sales Revenue,TechLogistics Corp,Direct Consumer
2026-02-28,11178.02,Inventory,Global Office Ltd,Direct Consumer
2026-02-11,5237.87,Inventory,Prime Consulting,Retail Giant A
2026-02-09,6999.63,Rent,Azure Utilities,Direct Consumer
2026-02-08,8997.27,Rent,Prime Consulting,Direct Consumer
2026-02-18,6172.35,Professional Fees,Prime Consulting,Public Sector Dept
2026-01-15,6990.01,Sales Revenue,Azure Utilities,Public Sector Dept
2026-03-15,7022.29,Rent,Prime Consulting,Direct Consumer
2026-01-01,8267.4,Sales Revenue,TechLogistics Corp,TechLogistics Corp
2026-01-17,3369.47,Tax Provision,TechLogistics Corp,Direct Consumer
2026-01-26,10977.86,Tax Provision,Azure Utilities,Public Sector Dept
2026-03-13,9198.31,Sales Revenue,Global Office Ltd,Retail Giant A
2026-03-01,8923.26,Sales Revenue,Prime Consulting,Public Sector Dept
2026-02-06,7494.34,Sales Revenue,Prime Consulting,Retail Giant A
2026-01-16,6978.01,Professional Fees,Azure Utilities,Direct Consumer
2026-02-10,6014.13,Sales Revenue,Azure Utilities,Retail Giant A
2026-02-21,6041.71,Professional Fees,TechLogistics Corp,SmallBiz Inc
2026-01-02,6561.9,Tax Provision,Global Office Ltd,Public Sector Dept
2026-01-19,10084.43,Inventory,Prime Consulting,Direct Consumer
2026-01-29,2289.8,Professional Fees,TechLogistics Corp,SmallBiz Inc
2026-03-11,6152.88,Inventory,Azure Utilities,Public Sector Dept
2026-01-04,4465.31,Tax Provision,TechLogistics Corp,Retail Giant A
2026-03-18,6110.61,Tax Provision,Global Office Ltd,SmallBiz Inc
2026-03-25,6255.05,Rent,Global Office Ltd,Direct Consumer
2026-03-14,9439.81,Sales Revenue,TechLogistics Corp,Direct Consumer
2026-03-01,10020.08,Rent,TechLogistics Corp,Direct Consumer
2026-01-28,8086.42,Professional Fees,Azure Utilities,SmallBiz Inc
2026-02-09,13359.85,Professional Fees,Prime Consulting,SmallBiz Inc
2026-01-06,4450.55,Tax Provision,TechLogistics Corp,Retail Giant A
2026-01-13,9642.55,Rent,Global Office Ltd,Public Sector Dept
2026-03-26,7615.73,Rent,Prime Consulting,Retail Giant A
2026-01-22,8583.98,Professional Fees,TechLogistics Corp,Retail Giant A
2026-02-18,4453.23,Sales Revenue,Azure Utilities,Retail Giant A
2026-02-26,6249.02,Tax Provision,TechLogistics Corp,SmallBiz Inc
2026-02-18,11809.38,Rent,TechLogistics Corp,Public Sector Dept
2026-02-05,9844.88,Inventory,Azure Utilities,Public Sector Dept
2026-01-15,8529.35,Sales Revenue,Azure Utilities,Direct Consumer
2026-02-08,5575.14,Sales Revenue,TechLogistics Corp,Public Sector Dept
2026-03-25,6574.67,Tax Provision,Global Office Ltd,SmallBiz Inc
2026-02-12,5075.81,Rent,TechLogistics Corp,Public Sector Dept
2026-02-01,9072.09,Sales Revenue,Prime Consulting,Public Sector Dept
2026-02-17,9556.57,Rent,Prime Consulting,Direct Consumer
2026-02-12,7363.24,Professional Fees,Global Office Ltd,Public Sector Dept
2026-03-21,7754.97,Rent,Azure Utilities,Retail Giant A
2026-01-24,7851.68,Inventory,Azure Utilities,SmallBiz Inc
2026-01-25,12503.65,Sales Revenue,Prime Consulting,Direct Consumer
2026-02-01,7556.63,Sales Revenue,Prime Consulting,Retail Giant A
2026-03-31,-6664.09,Rent,Global Office Ltd,Retail Giant A
2026-03-20,8480.81,Inventory,Azure Utilities,Public Sector Dept
2026-03-20,8954.38,Sales Revenue,TechLogistics Corp,Direct Consumer
2026-01-17,9322.29,Rent,Global Office Ltd,Public Sector Dept
2026-03-08,9725.71,Professional Fees,Azure Utilities,Retail Giant A
2026-01-23,10780.97,Professional Fees,TechLogistics Corp,Direct Consumer
2026-01-04,9988.32,Inventory,Prime Consulting,Retail Giant A
2026-01-03,4268.11,Inventory,Azure Utilities,SmallBiz Inc
2026-01-23,8392.18,Tax Provision,Prime Consulting,Public Sector Dept
2026-02-01,9432.62,Inventory,TechLogistics Corp,Retail Giant A
2026-02-12,9287.89,Rent,Prime Consulting,SmallBiz Inc
2026-01-18,12698.86,Inventory,TechLogistics Corp,Direct Consumer
2026-02-15,5262.23,Inventory,Prime Consulting,Direct Consumer
2026-02-14,8932.9,Sales Revenue,TechLogistics Corp,SmallBiz Inc
2026-02-22,9928.53,Rent,Azure Utilities,Retail Giant A
2026-02-24,6910.93,Inventory,Global Office Ltd,Public Sector Dept
2026-01-31,5950.46,Professional Fees,Azure Utilities,Retail Giant A
2026-03-15,7394.21,Tax Provision,Global Office Ltd,SmallBiz Inc
2026-02-10,9060.68,Inventory,Global Office Ltd,Retail Giant A
2026-01-24,8124.69,Rent,Prime Consulting,Direct Consumer
2026-03-24,9266.7,Rent,TechLogistics Corp,Direct Consumer
2026-01-16,11412.8,Rent,Global Office Ltd,Public Sector Dept
2026-03-25,9127.66,Sales Revenue,Azure Utilities,Retail Giant A
2026-01-05,4755.52,Sales Revenue,TechLogistics Corp,Direct Consumer
2026-03-25,5215.45,Inventory,TechLogistics Corp,Public Sector Dept
2026-02-14,8540.66,Tax Provision,Azure Utilities,Retail Giant A
2026-03-08,7823.04,Professional Fees,Prime Consulting,Public Sector Dept
2026-03-25,8351.98,Professional Fees,Azure Utilities,Public Sector Dept
2026-02-04,8744.49,Inventory,Prime Consulting,Public Sector Dept
2026-01-01,9610.23,Professional Fees,Azure Utilities,Public Sector Dept
2026-01-13,6356.53,Inventory,Global Office Ltd,Retail Giant A
2026-02-15,6983.47,Inventory,Prime Consulting,SmallBiz Inc
2026-01-26,8907.6,Professional Fees,TechLogistics Corp,Public Sector Dept
2026-03-19,6396.78,Tax Provision,Azure Utilities,SmallBiz Inc
2026-03-22,8708.31,Professional Fees,Azure Utilities,Public Sector Dept
2026-02-28,9485.08,Inventory,TechLogistics Corp,Retail Giant A
2026-03-04,12467.21,Tax Provision,Global Office Ltd,Public Sector Dept
2026-02-19,11408.46,Inventory,Prime Consulting,Public Sector Dept
2026-03-13,9984.84,Professional Fees,Azure Utilities,SmallBiz Inc
2026-01-01,9016.63,Rent,Global Office Ltd,Direct Consumer
2026-03-24,8767.7,Rent,Azure Utilities,Retail Giant A
2026-02-10,9331.16,Sales Revenue,TechLogistics Corp,Retail Giant A
2026-01-24,7181.86,Inventory,Azure Utilities,Direct Consumer
2026-03-31,8649.17,Rent,Azure Utilities,Public Sector Dept
2026-01-08,8419.28,Professional Fees,Prime Consulting,SmallBiz Inc
2026-02-04,8550.66,Rent,TechLogistics Corp,Direct Consumer
2026-02-06,6953.59,Inventory,Prime Consulting,Retail Giant A
2026-01-06,7003.44,Sales Revenue,Azure Utilities,SmallBiz Inc
2026-01-24,6687.25,Rent,Global Office Ltd,SmallBiz Inc
2026-02-23,7743.09,Rent,Azure Utilities,Retail Giant A
2026-01-29,10337.07,Rent,Global Office Ltd,Retail Giant A
2026-03-12,7612.55,Sales Revenue,Prime Consulting,Retail Giant A
2026-03-31,7183.4,Sales Revenue,TechLogistics Corp,Public Sector Dept
2026-03-15,8523.4,Professional Fees,TechLogistics Corp,Direct Consumer
2026-02-20,6989.81,Tax Provision,Azure Utilities,Direct Consumer
2026-02-17,6827.52,Professional Fees,Prime Consulting,Direct Consumer
2026-01-02,4593.21,Rent,Azure Utilities,Retail Giant A
2026-03-24,9213.74,Tax Provision,Prime Consulting,SmallBiz Inc
2026-01-29,7308.09,Inventory,TechLogistics Corp,Retail Giant A
2026-01-14,11688.16,Inventory,Azure Utilities,Direct Consumer
2026-03-13,4530.17,Tax Provision,Global Office Ltd,SmallBiz Inc
2026-02-16,6823.22,Professional Fees,Global Office Ltd,SmallBiz Inc
2026-03-26,4792.65,Rent,Global Office Ltd,Direct Consumer
2026-02-05,7187.09,Inventory,Azure Utilities,SmallBiz Inc
2026-02-28,5166.11,Inventory,Azure Utilities,Retail Giant A
2026-03-30,8561.65,Tax Provision,Prime Consulting,Retail Giant A
2026-01-05,7823.99,Rent,TechLogistics Corp,Public Sector Dept
2026-02-05,9777.65,Sales Revenue,TechLogistics Corp,Retail Giant A
2026-01-07,4556.6,Professional Fees,Prime Consulting,Direct Consumer
2026-02-07,5654.52,Professional Fees,TechLogistics Corp,Direct Consumer
2026-02-17,8246.05,Tax Provision,TechLogistics Corp,Direct Consumer
2026-01-19,7699.36,Sales Revenue,Azure Utilities,SmallBiz Inc
2026-01-08,8825.47,Inventory,TechLogistics Corp,SmallBiz Inc
2026-01-30,6982.2,Rent,Azure Utilities,SmallBiz Inc
2026-03-30,7017.89,Tax Provision,TechLogistics Corp,Direct Consumer
2026-02-20,7085.22,Tax Provision,Azure Utilities,SmallBiz Inc
2026-02-17,6183.07,Sales Revenue,Global Office Ltd,Retail Giant A
2026-01-24,6943.58,Professional Fees,TechLogistics Corp,Direct Consumer
2026-03-20,6734.35,Professional Fees,Global Office Ltd,Retail Giant A
2026-02-28,6352.87,Professional Fees,Prime Consulting,SmallBiz Inc
2026-01-20,9364.62,Sales Revenue,TechLogistics Corp,Retail Giant A
2026-01-03,2377.93,Professional Fees,Azure Utilities,Public Sector Dept
2026-03-31,7913.1,Sales Revenue,TechLogistics Corp,Public Sector Dept
2026-01-16,6247.13,Rent,Global Office Ltd,SmallBiz Inc
2026-01-16,9175.75,Inventory,Global Office Ltd,SmallBiz Inc
2026-03-17,10294.64,Professional Fees,TechLogistics Corp,Direct Consumer
2026-02-01,10594.78,Inventory,Global Office Ltd,Direct Consumer
2026-03-24,9113.13,Tax Provision,Azure Utilities,Retail Giant A
2026-01-25,9208.47,Professional Fees,Prime Consulting,SmallBiz Inc
2026-01-25,8398.56,Sales Revenue,Azure Utilities,Direct Consumer
2026-01-09,6928.91,Tax Provision,Azure Utilities,Retail Giant A
2026-02-12,7174.42,Professional Fees,Prime Consulting,SmallBiz Inc
2026-03-10,8258.1,Inventory,Global Office Ltd,Retail Giant A
2026-02-18,3048.06,Rent,TechLogistics Corp,Direct Consumer
2026-02-13,9396.18,Sales Revenue,Azure Utilities,Public Sector Dept
2026-03-14,5226.98,Inventory,TechLogistics Corp,Public Sector Dept
2026-03-11,4031.91,Rent,Azure Utilities,SmallBiz Inc
2026-03-15,8042.55,Tax Provision,Prime Consulting,Direct Consumer
2026-03-19,8586.46,Tax Provision,Global Office Ltd,Public Sector Dept
2026-01-29,8389.11,Sales Revenue,TechLogistics Corp,SmallBiz Inc
2026-03-02,3329.78,Tax Provision,TechLogistics Corp,Public Sector Dept
2026-03-25,7537.63,Professional Fees,Global Office Ltd,Direct Consumer
2026-01-08,6783.28,Sales Revenue,Prime Consulting,Retail Giant A
2026-02-10,6646.3,Professional Fees,Azure Utilities,Direct Consumer
2026-02-22,7208.71,Tax Provision,Global Office Ltd,Direct Consumer
2026-03-21,8315.15,Sales Revenue,Prime Consulting,Direct Consumer
2026-02-16,7225.07,Inventory,TechLogistics Corp,Public Sector Dept
2026-02-23,12325.55,Sales Revenue,Global Office Ltd,Direct Consumer
2026-03-16,7794.75,Tax Provision,Azure Utilities,Direct Consumer
2026-01-27,7177.07,Rent,Global Office Ltd,SmallBiz Inc
2026-03-31,8051.29,Rent,Global Office Ltd,SmallBiz Inc
2026-03-19,7735.08,Professional Fees,Global Office Ltd,Direct Consumer
2026-02-10,10029.44,Inventory,Global Office Ltd,Direct Consumer
2026-01-01,5035.55,Sales Revenue,Azure Utilities,Public Sector Dept
2026-01-02,7047.88,Inventory,Prime Consulting,SmallBiz Inc
2026-01-20,9308.77,Tax Provision,Global Office Ltd,Retail Giant A
2026-02-22,5091.69,Professional Fees,Prime Consulting,Direct Consumer
2026-03-22,6798.16,Rent,Prime Consulting,Direct Consumer
2026-02-05,9360.37,Professional Fees,Prime Consulting,Direct Consumer
2026-01-19,6990.24,Sales Revenue,Azure Utilities,Retail Giant A
2026-03-11,7834.41,Sales Revenue,TechLogistics Corp,Retail Giant A
2026-02-24,6133.86,Inventory,Azure Utilities,SmallBiz Inc
2026-01-04,2398.28,Sales Revenue,Azure Utilities,SmallBiz Inc
2026-01-12,8522.24,Tax Provision,Prime Consulting,SmallBiz Inc
2026-01-26,7259.55,Inventory,Global Office Ltd,Retail Giant A
2026-02-16,9106.68,Sales Revenue,Azure Utilities,SmallBiz Inc
2026-03-26,9199.34,Tax Provision,Prime Consulting,Public Sector Dept
2026-02-20,9357.17,Rent,Global Office Ltd,Retail Giant A
2026-01-01,7447.1,Sales Revenue,Azure Utilities,Public Sector Dept
2026-03-10,8122.5,Sales Revenue,Global Office Ltd,Direct Consumer
2026-01-02,8899.79,Professional Fees,Global Office Ltd,Retail Giant A
2026-03-28,4225.43,Rent,Prime Consulting,Direct Consumer
2026-01-11,5707.05,Sales Revenue,Azure Utilities,Direct Consumer
2026-02-14,8253.82,Rent,Azure Utilities,SmallBiz Inc
2026-01-13,9715.68,Professional Fees,Azure Utilities,Public Sector Dept
2026-02-22,11143.75,Rent,Global Office Ltd,Retail Giant A
2026-01-25,7223.15,Sales Revenue,Global Office Ltd,SmallBiz Inc
2026-02-25,8173.74,Inventory,TechLogistics Corp,SmallBiz Inc
2026-01-04,7471.33,Rent,Prime Consulting,SmallBiz Inc
2026-01-29,9645.09,Inventory,Prime Consulting,Direct Consumer
2026-02-01,9836.57,Sales Revenue,Azure Utilities,Public Sector Dept
2026-01-23,8629.46,Tax Provision,Prime Consulting,SmallBiz Inc
2026-03-28,11315.78,Inventory,Azure Utilities,Retail Giant A
2026-02-20,11530.84,Sales Revenue,Azure Utilities,Retail Giant A
2026-02-23,8058.88,Inventory,Prime Consulting,SmallBiz Inc
2026-02-08,7735.55,Sales Revenue,Global Office Ltd,Public Sector Dept
2026-03-10,6136.62,Inventory,Global Office Ltd,Public Sector Dept
2026-02-19,11494.27,Tax Provision,TechLogistics Corp,Retail Giant A
2026-02-08,3753.98,Rent,Azure Utilities,Retail Giant A
2026-02-23,9614.37,Sales Revenue,Azure Utilities,Public Sector Dept
2026-02-22,9252.01,Inventory,Azure Utilities,SmallBiz Inc
2026-02-18,5760.41,Professional Fees,Azure Utilities,SmallBiz Inc
2026-01-27,9909.08,Sales Revenue,Azure Utilities,Retail Giant A
2026-03-30,5784.44,Tax Provision,Global Office Ltd,Direct Consumer
2026-03-20,10829.43,Inventory,Prime Consulting,Retail Giant A
2026-02-22,10012.95,Professional Fees,Prime Consulting,SmallBiz Inc
2026-02-09,8886.59,Sales Revenue,Global Office Ltd,SmallBiz Inc
2026-02-05,6777.01,Inventory,TechLogistics Corp,Public Sector Dept
2026-03-10,8954.87,Rent,Azure Utilities,Public Sector Dept
2026-03-27,10518.1,Tax Provision,Azure Utilities,SmallBiz Inc
2026-02-08,7562.11,Sales Revenue,Global Office Ltd,Direct Consumer
2026-01-21,7951.38,Tax Provision,TechLogistics Corp,TechLogistics Corp
2026-02-24,5324.45,Inventory,Prime Consulting,Retail Giant A
2026-02-26,9932.09,Tax Provision,Global Office Ltd,SmallBiz Inc
2026-03-07,8003.63,Inventory,TechLogistics Corp,Direct Consumer
2026-01-15,5328.65,Rent,Azure Utilities,Public Sector Dept
2026-01-22,4461.23,Rent,TechLogistics Corp,Retail Giant A
2026-03-31,6758.26,Rent,TechLogistics Corp,SmallBiz Inc
2026-02-13,7522.28,Professional Fees,Global Office Ltd,Public Sector Dept
2026-01-16,7757.35,Tax Provision,TechLogistics Corp,Retail Giant A
2026-01-21,10109.8,Professional Fees,Azure Utilities,Retail Giant A
2026-02-27,6892.6,Professional Fees,Prime Consulting,Retail Giant A
2026-02-04,5193.34,Tax Provision,Global Office Ltd,Public Sector Dept
2026-02-17,3955.17,Tax Provision,Azure Utilities,Retail Giant A
2026-03-11,7823.99,Professional Fees,TechLogistics Corp,SmallBiz Inc
2026-03-09,9173.34,Professional Fees,TechLogistics Corp,Public Sector Dept
2026-01-23,7700.81,Sales Revenue,Global Office Ltd,Retail Giant A
2026-03-05,9976.53,Rent,Azure Utilities,Direct Consumer
2026-02-25,8535.59,Tax Provision,Prime Consulting,Direct Consumer
2026-03-10,9159.69,Tax Provision,Azure Utilities,Direct Consumer
2026-03-30,8084.04,Rent,Global Office Ltd,Public Sector Dept
2026-01-02,11602.89,Rent,Azure Utilities,Public Sector Dept
2026-03-19,5694.65,Inventory,TechLogistics Corp,SmallBiz Inc
2026-02-16,8720.67,Professional Fees,Prime Consulting,SmallBiz Inc
2026-01-29,5930.67,Rent,Azure Utilities,Direct Consumer
2026-03-01,7302.82,Sales Revenue,Prime Consulting,Direct Consumer
2026-03-29,9672.0,Inventory,Azure Utilities,Public Sector Dept
2026-03-22,5931.79,Inventory,TechLogistics Corp,Retail Giant A
2026-01-30,4935.25,Inventory,Prime Consulting,Retail Giant A
2026-02-28,7192.6,Sales Revenue,Global Office Ltd,Public Sector Dept
2026-03-13,7258.6,Professional Fees,Global Office Ltd,SmallBiz Inc
2026-02-28,6899.91,Rent,Prime Consulting,Retail Giant A
2026-03-16,8973.56,Rent,Prime Consulting,Retail Giant A
2026-02-11,4702.37,Professional Fees,Prime Consulting,SmallBiz Inc
2026-03-19,7938.94,Rent,TechLogistics Corp,SmallBiz Inc
2026-02-06,7772.69,Sales Revenue,Azure Utilities,Retail Giant A
2026-03-17,10787.52,Rent,TechLogistics Corp,SmallBiz Inc
2026-02-01,10374.11,Sales Revenue,Azure Utilities,Public Sector Dept
2026-03-30,11478.77,Tax Provision,Azure Utilities,Direct Consumer
2026-02-27,8449.92,Tax Provision,Prime Consulting,Direct Consumer
2026-01-13,9738.86,Tax Provision,Prime Consulting,SmallBiz Inc
2026-02-02,8925.94,Professional Fees,Azure Utilities,Public Sector Dept
2026-01-13,8857.96,Professional Fees,Azure Utilities,Direct Consumer
2026-03-03,11188.88,Professional Fees,Azure Utilities,Retail Giant A
2026-02-07,7483.89,Tax Provision,Azure Utilities,SmallBiz Inc
2026-03-06,7796.53,Sales Revenue,Global Office Ltd,Retail Giant A
2026-02-23,6890.17,Sales Revenue,TechLogistics Corp,Direct Consumer
2026-01-03,12084.78,Professional Fees,Azure Utilities,SmallBiz Inc
2026-02-03,10331.41,Tax Provision,Prime Consulting,Direct Consumer
2026-03-08,12161.32,Professional Fees,TechLogistics Corp,Public Sector Dept
2026-03-05,10205.28,Tax Provision,Global Office Ltd,Retail Giant A
2026-03-07,9948.51,Rent,TechLogistics Corp,Public Sector Dept
2026-02-12,8918.96,Sales Revenue,Global Office Ltd,Retail Giant A
2026-02-20,8474.85,Tax Provision,Prime Consulting,Retail Giant A
2026-01-04,9128.28,Professional Fees,Global Office Ltd,Public Sector Dept
2026-01-16,3973.63,Rent,Global Office Ltd,Global Office Ltd
2026-01-16,7617.62,Rent,Azure Utilities,SmallBiz Inc
2026-02-18,7210.68,Professional Fees,Azure Utilities,Direct Consumer
2026-01-09,5207.43,Sales Revenue,Global Office Ltd,Direct Consumer
2026-01-06,7857.55,Sales Revenue,Prime Consulting,SmallBiz Inc
2026-01-31,5147.64,Sales Revenue,TechLogistics Corp,Direct Consumer
2026-03-05,6270.2,Professional Fees,Azure Utilities,Direct Consumer
2026-01-13,7737.92,Inventory,Global Office Ltd,Retail Giant A
2026-02-15,7504.96,Inventory,Prime Consulting,Public Sector Dept
2026-01-07,11299.65,Inventory,TechLogistics Corp,SmallBiz Inc
2026-02-25,6835.39,Sales Revenue,TechLogistics Corp,Retail Giant A
2026-02-09,7862.31,Professional Fees,Azure Utilities,Direct Consumer
2026-02-06,7946.01,Sales Revenue,TechLogistics Corp,Public Sector Dept
2026-01-08,8775.11,Tax Provision,TechLogistics Corp,Public Sector Dept
2026-02-25,8617.68,Tax Provision,Prime Consulting,Retail Giant A
2026-02-12,9403.97,Inventory,TechLogistics Corp,SmallBiz Inc
2026-01-22,7005.59,Tax Provision,Prime Consulting,Public Sector Dept
2026-02-19,9938.67,Inventory,Global Office Ltd,Direct Consumer
2026-03-18,5984.72,Rent,Prime Consulting,SmallBiz Inc
2026-03-29,9156.3,Inventory,Azure Utilities,Direct Consumer
2026-03-06,10141.47,Tax Provision,Global Office Ltd,Public Sector Dept
2026-02-15,4922.64,Professional Fees,Prime Consulting,Retail Giant A
2026-03-09,7468.74,Rent,Azure Utilities,Retail Giant A
2026-01-22,9025.27,Inventory,Azure Utilities,SmallBiz Inc
2026-03-11,6820.5,Rent,Prime Consulting,Retail Giant A
2026-01-12,6149.42,Inventory,TechLogistics Corp,Public Sector Dept
2026-03-20,8662.33,Rent,Global Office Ltd,SmallBiz Inc
2026-03-10,7136.48,Sales Revenue,TechLogistics Corp,Direct Consumer
2026-01-31,8537.68,Sales Revenue,TechLogistics Corp,Retail Giant A
2026-01-13,7762.48,Professional Fees,Prime Consulting,SmallBiz Inc
2026-01-02,9707.89,Inventory,TechLogistics Corp,SmallBiz Inc
2026-02-02,4709.23,Sales Revenue,Global Office Ltd,Direct Consumer
2026-01-14,11550.64,Professional Fees,Azure Utilities,Public Sector Dept
2026-03-08,5400.12,Tax Provision,Prime Consulting,SmallBiz Inc
2026-02-06,7309.9,Sales Revenue,Global Office Ltd,Direct Consumer
2026-03-10,6907.49,Rent,Global Office Ltd,Retail Giant A
2026-02-10,7332.52,Inventory,Azure Utilities,Azure Utilities
2026-03-12,7335.13,Rent,Global Office Ltd,Retail Giant A
2026-01-23,6416.06,Professional Fees,TechLogistics Corp,Public Sector Dept
2026-01-16,8842.76,Professional Fees,Azure Utilities,Retail Giant A
2026-03-29,4962.73,Professional Fees,Prime Consulting,Public Sector Dept
2026-01-18,5949.28,Rent,Global Office Ltd,Retail Giant A
2026-01-23,8737.21,Rent,Prime Consulting,Public Sector Dept
2026-03-30,5293.93,Tax Provision,Azure Utilities,Retail Giant A
2026-01-16,9198.5,Professional Fees,Global Office Ltd,SmallBiz Inc
2026-01-11,9306.41,Tax Provision,TechLogistics Corp,Retail Giant A
2026-01-19,8531.09,Sales Revenue,Global Office Ltd,SmallBiz Inc
2026-01-16,7999.36,Professional Fees,Global Office Ltd,SmallBiz Inc
2026-01-24,10881.66,Tax Provision,Global Office Ltd,Public Sector Dept
2026-02-01,6053.47,Rent,Azure Utilities,Direct Consumer
2026-01-23,12293.18,Sales Revenue,Prime Consulting,Public Sector Dept
2026-01-01,8267.4,Rent,Azure Utilities,Public Sector Dept
2026-03-13,7905.4,Sales Revenue,Azure Utilities,SmallBiz Inc
2026-02-19,9276.48,Professional Fees,Prime Consulting,Direct Consumer
2026-01-22,9426.65,Sales Revenue,TechLogistics Corp,Public Sector Dept
2026-02-17,10839.43,Tax Provision,Azure Utilities,Retail Giant A
2026-03-02,7464.3,Tax Provision,Azure Utilities,Direct Consumer
2026-01-20,9457.92,Inventory,Prime Consulting,Direct Consumer
2026-02-25,9095.19,Tax Provision,Prime Consulting,SmallBiz Inc
2026-01-11,6717.07,Rent,Global Office Ltd,Public Sector Dept
2026-03-25,14258.81,Professional Fees,Global Office Ltd,Public Sector Dept
2026-03-01,9733.97,Sales Revenue,Prime Consulting,Public Sector Dept
2026-01-26,9030.47,Tax Provision,Prime Consulting,Public Sector Dept
2026-01-22,10125.98,Tax Provision,Prime Consulting,SmallBiz Inc
2026-03-06,11999.68,Inventory,TechLogistics Corp,Public Sector Dept
2026-03-29,10201.94,Rent,Prime Consulting,Direct Consumer
2026-03-18,6504.02,Inventory,Azure Utilities,SmallBiz Inc
2026-02-27,5210.6,Tax Provision,Prime Consulting,Direct Consumer
2026-01-17,9580.18,Inventory,Prime Consulting,Direct Consumer
2026-01-26,9387.42,Inventory,TechLogistics Corp,SmallBiz Inc
2026-01-28,9671.99,Tax Provision,Prime Consulting,Direct Consumer
2026-01-17,4868.25,Professional Fees,Prime Consulting,SmallBiz Inc
2026-01-31,10071.97,Sales Revenue,TechLogistics Corp,SmallBiz Inc
2026-01-05,10516.58,Inventory,TechLogistics Corp,Retail Giant A
2026-01-28,7175.16,Rent,Global Office Ltd,Public Sector Dept
2026-02-28,5726.74,Inventory,Azure Utilities,Public Sector Dept
2026-02-26,6397.19,Inventory,Global Office Ltd,SmallBiz Inc
2026-03-15,10322.38,Professional Fees,Global Office Ltd,Retail Giant A
2026-03-15,10607.46,Inventory,TechLogistics Corp,SmallBiz Inc
2026-01-03,8510.73,Inventory,Prime Consulting,Direct Consumer
2026-01-19,7709.29,Rent,Azure Utilities,Direct Consumer
2026-01-09,3710.16,Professional Fees,Azure Utilities,Retail Giant A
2026-01-18,4581.91,Professional Fees,Prime Consulting,SmallBiz Inc
2026-02-15,5677.12,Inventory,Prime Consulting,SmallBiz Inc
2026-01-29,10357.53,Inventory,Global Office Ltd,Public Sector Dept
2026-01-22,5427.05,Inventory,Prime Consulting,Public Sector Dept
2026-01-16,9254.13,Rent,Global Office Ltd,Public Sector Dept
2026-01-27,11344.4,Sales Revenue,TechLogistics Corp,Retail Giant A
2026-02-12,7633.43,Professional Fees,Azure Utilities,Public Sector Dept
2026-03-27,8558.43,Sales Revenue,Global Office Ltd,SmallBiz Inc
2026-02-13,2674.5,Tax Provision,Prime Consulting,Direct Consumer
2026-01-10,7945.66,Sales Revenue,Azure Utilities,Retail Giant A
2026-01-30,7963.31,Professional Fees,Prime Consulting,Public Sector Dept
2026-03-15,7685.99,Tax Provision,Global Office Ltd,Direct Consumer
2026-01-03,7659.81,Professional Fees,Prime Consulting,SmallBiz Inc
2026-01-24,5938.51,Professional Fees,Global Office Ltd,Public Sector Dept
2026-01-12,8300.14,Sales Revenue,Azure Utilities,Public Sector Dept
2026-03-31,5314.09,Sales Revenue,Azure Utilities,Public Sector Dept
2026-02-28,10557.64,Sales Revenue,Global Office Ltd,SmallBiz Inc
2026-03-04,8674.39,Rent,Global Office Ltd,Public Sector Dept
2026-03-30,10991.22,Inventory,TechLogistics Corp,Public Sector Dept
2026-02-21,11374.47,Inventory,Prime Consulting,Direct Consumer
2026-01-24,5703.5,Inventory,Global Office Ltd,Retail Giant A
2026-02-14,12299.67,Professional Fees,TechLogistics Corp,SmallBiz Inc
2026-02-20,7615.34,Inventory,Prime Consulting,Public Sector Dept
2026-03-09,10152.15,Rent,Global Office Ltd,Retail Giant A
2026-03-06,6972.88,Rent,Azure Utilities,SmallBiz Inc
2026-01-11,5762.92,Professional Fees,TechLogistics Corp,SmallBiz Inc
2026-03-04,11327.63,Inventory,Azure Utilities,Direct Consumer
2026-01-13,5408.61,Inventory,Prime Consulting,Public Sector Dept
2026-03-27,10254.58,Professional Fees,TechLogistics Corp,Direct Consumer
2026-01-14,8001.32,Tax Provision,TechLogistics Corp,SmallBiz Inc
2026-03-04,11091.68,Inventory,Prime Consulting,SmallBiz Inc
2026-01-28,2256.81,Tax Provision,Global Office Ltd,Direct Consumer
2026-03-01,8775.23,Professional Fees,Azure Utilities,SmallBiz Inc
2026-01-10,9901.96,Tax Provision,TechLogistics Corp,Direct Consumer
2026-01-02,9919.79,Inventory,Prime Consulting,Direct Consumer
2026-01-16,10803.64,Professional Fees,Prime Consulting,Public Sector Dept
2026-01-19,10815.16,Professional Fees,Prime Consulting,Retail Giant A
2026-01-23,8745.41,Sales Revenue,Global Office Ltd,Retail Giant A
2026-03-17,7868.61,Inventory,Azure Utilities,Retail Giant A
2026-03-10,9596.59,Inventory,Global Office Ltd,Direct Consumer
2026-02-23,6621.85,Professional Fees,TechLogistics Corp,SmallBiz Inc
2026-03-06,4977.97,Rent,TechLogistics Corp,Direct Consumer
2026-02-25,8680.1,Rent,Prime Consulting,Public Sector Dept
2026-01-30,7309.39,Sales Revenue,Prime Consulting,SmallBiz Inc
2026-02-02,6357.56,Tax Provision,Azure Utilities,Public Sector Dept
2026-02-17,7937.75,Rent,Global Office Ltd,Public Sector Dept
2026-02-26,9919.32,Rent,Prime Consulting,Public Sector Dept
2026-02-24,10254.93,Tax Provision,Azure Utilities,Retail Giant A
2026-03-09,10284.05,Tax Provision,Prime Consulting,Public Sector Dept
2026-01-04,9713.86,Inventory,Prime Consulting,SmallBiz Inc
2026-03-07,7353.78,Tax Provision,Prime Consulting,SmallBiz Inc
2026-02-06,7957.8,Inventory,TechLogistics Corp,Retail Giant A
2026-02-06,6767.52,Inventory,Global Office Ltd,Public Sector Dept
2026-02-20,10839.29,Rent,TechLogistics Corp,Retail Giant A
2026-01-03,7869.93,Tax Provision,Global Office Ltd,Direct Consumer
2026-01-10,8675.23,Tax Provision,Azure Utilities,Public Sector Dept
2026-01-30,7462.77,Rent,Global Office Ltd,SmallBiz Inc
2026-02-08,9401.63,Rent,TechLogistics Corp,SmallBiz Inc
2026-03-02,6630.13,Sales Revenue,Prime Consulting,Direct Consumer
2026-02-19,7422.82,Tax Provision,Azure Utilities,Direct Consumer
2026-03-08,8192.66,Tax Provision,Prime Consulting,Direct Consumer
2026-01-22,9006.9,Professional Fees,TechLogistics Corp,Direct Consumer
2026-03-27,5614.94,Sales Revenue,Global Office Ltd,SmallBiz Inc
2026-02-19,5897.52,Tax Provision,Global Office Ltd,SmallBiz Inc
2026-02-22,9705.8,Inventory,Prime Consulting,Direct Consumer
2026-02-26,5954.28,Tax Provision,TechLogistics Corp,SmallBiz Inc
2026-01-28,7274.64,Professional Fees,Global Office Ltd,SmallBiz Inc
2026-02-16,9199.68,Tax Provision,Global Office Ltd,SmallBiz Inc
2026-01-15,6663.72,Rent,TechLogistics Corp,SmallBiz Inc
2026-03-28,8872.48,Rent,Azure Utilities,Public Sector Dept
2026-03-05,10330.46,Sales Revenue,Global Office Ltd,Direct Consumer
2026-02-26,4600.62,Sales Revenue,Global Office Ltd,SmallBiz Inc
2026-02-09,8556.8,Tax Provision,Global Office Ltd,SmallBiz Inc
2026-03-11,6034.42,Tax Provision,Azure Utilities,Public Sector Dept
2026-01-15,6111.81,Sales Revenue,Global Office Ltd,SmallBiz Inc
2026-03-12,12556.12,Professional Fees,Azure Utilities,Public Sector Dept
2026-01-28,9872.54,Professional Fees,Prime Consulting,Retail Giant A
2026-01-20,7592.04,Inventory,TechLogistics Corp,Public Sector Dept
2026-02-24,7743.39,Tax Provision,TechLogistics Corp,Retail Giant A
2026-01-03,8674.3,Tax Provision,TechLogistics Corp,Public Sector Dept
2026-02-20,6949.06,Inventory,Azure Utilities,Retail Giant A
2026-01-29,8272.59,Inventory,Global Office Ltd,Direct Consumer
2026-03-22,10626.97,Rent,Global Office Ltd,SmallBiz Inc
2026-01-21,7406.95,Inventory,Azure Utilities,Direct Consumer
2026-03-18,6856.06,Rent,Global Office Ltd,Direct Consumer
2026-03-16,7246.53,Tax Provision,Global Office Ltd,Direct Consumer
2026-01-02,8079.45,Tax Provision,Prime Consulting,Direct Consumer
2026-03-08,8200.18,Inventory,TechLogistics Corp,Public Sector Dept
2026-01-02,7303.74,Tax Provision,TechLogistics Corp,Public Sector Dept
2026-02-05,8216.65,Inventory,Global Office Ltd,Direct Consumer
2026-03-07,7892.62,Inventory,Global Office Ltd,Public Sector Dept
2026-03-19,4824.58,Professional Fees,TechLogistics Corp,SmallBiz Inc
2026-02-14,11095.68,Inventory,TechLogistics Corp,Retail Giant A
2026-01-21,5624.72,Inventory,TechLogistics Corp,Retail Giant A
2026-01-10,5725.92,Sales Revenue,TechLogistics Corp,Public Sector Dept
2026-02-10,3764.06,Rent,Prime Consulting,Public Sector Dept
2026-03-28,7614.61,Professional Fees,Azure Utilities,SmallBiz Inc
2026-02-08,6672.91,Professional Fees,Prime Consulting,Retail Giant A
2026-03-30,10214.41,Professional Fees,Azure Utilities,SmallBiz Inc
2026-03-10,6665.75,Inventory,Azure Utilities,SmallBiz Inc
2026-01-10,8016.55,Tax Provision,TechLogistics Corp,Public Sector Dept
2026-01-18,7938.73,Inventory,TechLogistics Corp,Direct Consumer
2026-02-27,7577.14,Rent,Azure Utilities,Public Sector Dept
2026-02-27,9566.65,Inventory,Prime Consulting,Retail Giant A
2026-01-07,9324.41,Rent,Global Office Ltd,Public Sector Dept
2026-01-31,8542.83,Tax Provision,Azure Utilities,Direct Consumer
2026-03-03,7028.0,Rent,Prime Consulting,Public Sector Dept
2026-03-22,8207.83,Rent,TechLogistics Corp,Public Sector Dept
2026-03-04,9526.45,Inventory,Prime Consulting,Public Sector Dept
2026-03-14,10051.97,Professional Fees,Global Office Ltd,Public Sector Dept
2026-03-04,9927.48,Rent,TechLogistics Corp,Retail Giant A
2026-02-02,6406.87,Inventory,TechLogistics Corp,Direct Consumer
2026-01-27,6970.64,Rent,Prime Consulting,SmallBiz Inc
2026-01-18,5723.61,Sales Revenue,TechLogistics Corp,SmallBiz Inc
2026-03-31,6662.81,Tax Provision,Global Office Ltd,Public Sector Dept
2026-02-12,8733.11,Inventory,Azure Utilities,Direct Consumer
2026-02-27,4810.98,Sales Revenue,TechLogistics Corp,Direct Consumer
2026-01-10,9951.62,Inventory,Prime Consulting,Retail Giant A
2026-02-28,8768.26,Tax Provision,Global Office Ltd,SmallBiz Inc
2026-03-20,5263.29,Rent,Azure Utilities,Direct Consumer
2026-01-31,6848.8,Professional Fees,Azure Utilities,Direct Consumer
2026-02-14,7956.52,Rent,Prime Consulting,Retail Giant A
2026-02-07,7521.63,Sales Revenue,TechLogistics Corp,Retail Giant A
2026-01-15,4823.18,Inventory,Prime Consulting,Public Sector Dept
2026-01-22,7355.41,Inventory,Azure Utilities,SmallBiz Inc
2026-01-09,9291.51,Tax Provision,Prime Consulting,Public Sector Dept
2026-03-19,8448.21,Sales Revenue,Azure Utilities,Retail Giant A
2026-01-27,9186.56,Rent,Global Office Ltd,Direct Consumer
2026-03-26,6569.97,Tax Provision,TechLogistics Corp,SmallBiz Inc
2026-03-30,10336.91,Sales Revenue,Azure Utilities,SmallBiz Inc
2026-02-19,8035.62,Sales Revenue,Azure Utilities,SmallBiz Inc
2026-02-12,9952.04,Tax Provision,Prime Consulting,Retail Giant A
2026-03-06,10225.05,Rent,Azure Utilities,Retail Giant A
2026-01-27,7134.66,Rent,Azure Utilities,Retail Giant A
2026-01-06,6484.42,Tax Provision,Prime Consulting,Direct Consumer
2026-03-04,10066.07,Inventory,Azure Utilities,Direct Consumer
2026-03-12,11461.78,Professional Fees,Azure Utilities,Public Sector Dept
2026-03-12,10427.99,Rent,TechLogistics Corp,Retail Giant A
2026-02-05,8798.75,Professional Fees,Global Office Ltd,Retail Giant A
2026-03-06,6190.52,Sales Revenue,Prime Consulting,Direct Consumer
2026-01-25,7611.17,Rent,Azure Utilities,SmallBiz Inc
2026-02-05,10054.55,Rent,Azure Utilities,Direct Consumer
2026-01-30,8398.1,Professional Fees,Prime Consulting,Direct Consumer
2026-03-04,7545.92,Tax Provision,Prime Consulting,Public Sector Dept
2026-02-25,4140.88,Professional Fees,Azure Utilities,Public Sector Dept
2026-03-04,7998.9,Tax Provision,Prime Consulting,Public Sector Dept
2026-03-26,11254.34,Professional Fees,Prime Consulting,Public Sector Dept
2026-03-15,9153.73,Rent,TechLogistics Corp,Public Sector Dept
2026-02-07,8355.94,Sales Revenue,Azure Utilities,Direct Consumer
2026-03-24,6082.61,Tax Provision,TechLogistics Corp,SmallBiz Inc
2026-02-24,6717.52,Sales Revenue,Prime Consulting,SmallBiz Inc
2026-01-08,7758.82,Rent,Azure Utilities,Retail Giant A
2026-03-02,9618.51,Professional Fees,Global Office Ltd,SmallBiz Inc
2026-01-03,9490.43,Inventory,TechLogistics Corp,Direct Consumer
2026-02-28,10272.46,Rent,TechLogistics Corp,Direct Consumer
2026-03-31,7591.51,Rent,TechLogistics Corp,SmallBiz Inc
2026-03-31,2526.82,Tax Provision,Global Office Ltd,Retail Giant A
2026-01-14,8780.88,Inventory,Global Office Ltd,Direct Consumer
2026-03-21,9386.16,Inventory,Prime Consulting,Retail Giant A
2026-03-15,5996.54,Sales Revenue,Global Office Ltd,Global Office Ltd
2026-01-07,9198.24,Tax Provision,TechLogistics Corp,SmallBiz Inc
2026-01-03,7412.61,Rent,Azure Utilities,Direct Consumer
2026-01-19,10991.44,Inventory,Global Office Ltd,Public Sector Dept
2026-03-27,9537.12,Sales Revenue,Prime Consulting,Public Sector Dept
2026-02-23,8166.27,Sales Revenue,Prime Consulting,SmallBiz Inc
2026-02-16,5216.2,Sales Revenue,Prime Consulting,Retail Giant A
2026-01-15,7833.73,Sales Revenue,Prime Consulting,Public Sector Dept
2026-03-21,8129.6,Rent,Azure Utilities,SmallBiz Inc
2026-03-24,8564.94,Professional Fees,Prime Consulting,Direct Consumer
2026-01-08,10226.37,Inventory,Azure Utilities,SmallBiz Inc
2026-02-24,7547.71,Professional Fees,TechLogistics Corp,Direct Consumer
2026-03-29,6143.27,Inventory,Global Office Ltd,Public Sector Dept
2026-03-18,9082.65,Rent,Prime Consulting,Direct Consumer
2026-03-21,10981.85,Professional Fees,TechLogistics Corp,Direct Consumer
2026-02-25,7816.97,Sales Revenue,TechLogistics Corp,Public Sector Dept
2026-01-20,8737.09,Rent,Prime Consulting,Public Sector Dept
2026-01-24,10331.64,Professional Fees,Azure Utilities,Direct Consumer
2026-03-06,10796.61,Professional Fees,Azure Utilities,SmallBiz Inc
2026-02-05,5077.83,Professional Fees,Azure Utilities,Retail Giant A
2026-01-20,9674.88,Professional Fees,Global Office Ltd,Public Sector Dept
2026-03-30,8618.43,Sales Revenue,TechLogistics Corp,Retail Giant A
2026-03-07,5391.45,Inventory,Azure Utilities,SmallBiz Inc
2026-01-23,7828.27,Sales Revenue,Global Office Ltd,Retail Giant A
2026-01-12,7855.53,Professional Fees,Prime Consulting,Public Sector Dept
2026-01-05,3714.75,Sales Revenue,Prime Consulting,SmallBiz Inc
2026-01-27,10649.62,Sales Revenue,Prime Consulting,Direct Consumer
2026-03-31,5096.91,Tax Provision,TechLogistics Corp,SmallBiz Inc
2026-03-23,7843.3,Tax Provision,Azure Utilities,Direct Consumer
2026-02-21,9104.69,Sales Revenue,TechLogistics Corp,SmallBiz Inc
2026-03-11,6374.87,Sales Revenue,TechLogistics Corp,SmallBiz Inc
2026-02-08,9243.73,Tax Provision,TechLogistics Corp,Direct Consumer
2026-01-17,8257.58,Tax Provision,Prime Consulting,Retail Giant A
2026-01-06,10487.01,Professional Fees,Prime Consulting,Direct Consumer
2026-03-08,7662.3,Sales Revenue,TechLogistics Corp,Retail Giant A
2026-02-04,10807.7,Professional Fees,Prime Consulting,Retail Giant A
2026-03-19,6531.85,Tax Provision,Prime Consulting,Direct Consumer
2026-01-20,5937.94,Professional Fees,TechLogistics Corp,Direct Consumer
2026-02-15,5801.4,Professional Fees,Global Office Ltd,Retail Giant A
2026-03-20,7549.93,Rent,Azure Utilities,SmallBiz Inc
2026-02-24,8029.57,Professional Fees,Azure Utilities,Public Sector Dept
2026-03-21,8043.4,Rent,Global Office Ltd,Retail Giant A
2026-03-19,8355.54,Inventory,TechLogistics Corp,SmallBiz Inc
2026-03-30,6574.46,Rent,Azure Utilities,Retail Giant A
2026-03-02,10221.53,Rent,Global Office Ltd,Direct Consumer
2026-01-09,7610.2,Rent,Global Office Ltd,Retail Giant A
2026-02-01,7913.84,Rent,TechLogistics Corp,Direct Consumer
2026-03-25,7207.94,Sales Revenue,TechLogistics Corp,SmallBiz Inc
2026-03-15,4895.61,Professional Fees,Global Office Ltd,Direct Consumer
2026-02-11,9297.83,Rent,TechLogistics Corp,Direct Consumer
2026-03-22,7410.06,Professional Fees,Global Office Ltd,Retail Giant A
2026-03-22,9471.9,Professional Fees,TechLogistics Corp,Direct Consumer
2026-02-04,9809.19,Sales Revenue,Azure Utilities,Direct Consumer
2026-01-28,4546.7,Tax Provision,TechLogistics Corp,Retail Giant A
2026-02-18,9995.49,Inventory,Global Office Ltd,Direct Consumer
2026-01-18,8853.45,Sales Revenue,Prime Consulting,Public Sector Dept
2026-03-11,9465.96,Inventory,TechLogistics Corp,SmallBiz Inc
2026-01-06,5647.78,Inventory,Prime Consulting,Retail Giant A
2026-02-20,8808.51,Rent,Prime Consulting,Public Sector Dept
2026-03-10,7430.77,Tax Provision,Prime Consulting,Retail Giant A
2026-03-19,8279.39,Inventory,Prime Consulting,SmallBiz Inc
2026-02-07,8876.7,Tax Provision,TechLogistics Corp,SmallBiz Inc
2026-02-28,2497.0,Tax Provision,Azure Utilities,Retail Giant A
2026-02-04,7719.85,Inventory,TechLogistics Corp,Retail Giant A
2026-03-01,9697.96,Tax Provision,Azure Utilities,Direct Consumer
2026-01-26,7229.83,Sales Revenue,Azure Utilities,Retail Giant A
2026-01-01,10537.33,Tax Provision,Global Office Ltd,SmallBiz Inc
2026-01-15,5646.47,Tax Provision,Global Office Ltd,SmallBiz Inc
2026-01-21,7223.76,Inventory,TechLogistics Corp,Retail Giant A
2026-02-24,9371.31,Professional Fees,Azure Utilities,Direct Consumer
2026-03-01,6673.05,Inventory,Azure Utilities,Direct Consumer
2026-02-24,6302.38,Rent,Azure Utilities,Retail Giant A
2026-03-20,9623.33,Tax Provision,Prime Consulting,Direct Consumer
2026-02-12,9199.18,Rent,TechLogistics Corp,Public Sector Dept
2026-01-29,9412.78,Professional Fees,Global Office Ltd,Direct Consumer
2026-02-19,7879.3,Sales Revenue,Azure Utilities,SmallBiz Inc
2026-02-22,9928.99,Sales Revenue,TechLogistics Corp,SmallBiz Inc
2026-02-19,9006.1,Rent,Global Office Ltd,Public Sector Dept
2026-02-07,10480.55,Professional Fees,TechLogistics Corp,Direct Consumer
2026-03-02,8090.37,Tax Provision,Azure Utilities,Direct Consumer
2026-03-30,6982.63,Professional Fees,Global Office Ltd,Public Sector Dept
2026-01-26,5631.57,Tax Provision,Global Office Ltd,SmallBiz Inc
2026-02-24,9693.47,Tax Provision,TechLogistics Corp,Direct Consumer
2026-03-21,5186.95,Professional Fees,Prime Consulting,SmallBiz Inc
2026-01-14,7375.71,Sales Revenue,Azure Utilities,Retail Giant A
2026-02-05,7596.05,Professional Fees,Global Office Ltd,Retail Giant A
2026-03-15,7428.56,Professional Fees,TechLogistics Corp,SmallBiz Inc
2026-03-05,6935.32,Rent,Azure Utilities,Retail Giant A
2026-03-17,7719.91,Sales Revenue,TechLogistics Corp,Public Sector Dept
2026-03-12,8072.35,Inventory,Global Office Ltd,Retail Giant A
2026-03-29,7435.83,Sales Revenue,Azure Utilities,Public Sector Dept
2026-02-13,7661.54,Sales Revenue,Prime Consulting,Public Sector Dept
2026-01-30,8246.43,Tax Provision,Global Office Ltd,Direct Consumer
2026-02-08,10646.73,Inventory,TechLogistics Corp,Public Sector Dept
2026-01-04,6501.25,Professional Fees,Azure Utilities,Public Sector Dept
2026-01-26,9391.55,Rent,Prime Consulting,Public Sector Dept
2026-01-16,7315.65,Rent,Prime Consulting,Public Sector Dept
2026-02-25,9072.4,Rent,TechLogistics Corp,TechLogistics Corp
2026-02-25,8809.62,Inventory,TechLogistics Corp,Public Sector Dept
2026-01-19,7197.07,Sales Revenue,TechLogistics Corp,SmallBiz Inc
2026-01-19,11316.97,Professional Fees,Prime Consulting,Prime Consulting
2026-02-05,4219.96,Professional Fees,Prime Consulting,Retail Giant A
2026-01-21,9403.08,Sales Revenue,Prime Consulting,Public Sector Dept
2026-02-26,12988.25,Rent,Global Office Ltd,Retail Giant A
2026-02-01,8197.95,Tax Provision,Global Office Ltd,Direct Consumer
2026-02-01,5854.13,Rent,Global Office Ltd,SmallBiz Inc
2026-03-30,8987.47,Professional Fees,Prime Consulting,SmallBiz Inc
2026-01-30,8435.32,Tax Provision,TechLogistics Corp,Public Sector Dept
2026-01-14,6727.7,Inventory,TechLogistics Corp,Retail Giant A
2026-03-14,9672.22,Inventory,Global Office Ltd,Retail Giant A
2026-02-16,8947.77,Inventory,Prime Consulting,Retail Giant A
2026-02-17,7129.12,Inventory,Global Office Ltd,Retail Giant A
2026-01-19,11685.09,Inventory,Azure Utilities,Direct Consumer
2026-01-22,4800.74,Professional Fees,TechLogistics Corp,SmallBiz Inc
2026-01-27,8954.01,Sales Revenue,TechLogistics Corp,Public Sector Dept
2026-01-19,6600.23,Inventory,Global Office Ltd,SmallBiz Inc
2026-01-29,10933.78,Tax Provision,Azure Utilities,Retail Giant A
2026-02-19,5797.48,Sales Revenue,Prime Consulting,Retail Giant A
2026-03-18,5260.37,Tax Provision,TechLogistics Corp,SmallBiz Inc
2026-02-12,5257.9,Tax Provision,TechLogistics Corp,Retail Giant A
2026-02-04,8895.47,Rent,Azure Utilities,Public Sector Dept
2026-02-24,9385.16,Inventory,Global Office Ltd,SmallBiz Inc
2026-02-21,10170.31,Rent,Global Office Ltd,Direct Consumer
2026-03-18,9477.57,Sales Revenue,Prime Consulting,Direct Consumer
2026-01-19,12163.71,Inventory,Global Office Ltd,SmallBiz Inc
2026-01-25,5903.8,Tax Provision,TechLogistics Corp,Direct Consumer
2026-03-14,6760.3,Rent,Azure Utilities,Direct Consumer
2026-03-19,6045.29,Sales Revenue,Global Office Ltd,Direct Consumer
2026-03-28,4752.85,Sales Revenue,Azure Utilities,SmallBiz Inc
2026-02-27,7474.1,Sales Revenue,TechLogistics Corp,SmallBiz Inc
2026-02-15,8330.75,Rent,Global Office Ltd,Public Sector Dept
2026-02-06,7958.25,Professional Fees,TechLogistics Corp,Direct Consumer
2026-02-17,6569.97,Rent,Prime Consulting,Public Sector Dept
2026-03-24,9430.54,Rent,TechLogistics Corp,Direct Consumer
2026-03-10,9128.91,Inventory,Global Office Ltd,Public Sector Dept
2026-02-16,7001.17,Professional Fees,TechLogistics Corp,SmallBiz Inc
2026-03-12,9351.17,Professional Fees,Global Office Ltd,SmallBiz Inc
2026-02-21,6110.93,Professional Fees,Azure Utilities,Public Sector Dept
2026-01-29,2006.22,Tax Provision,Azure Utilities,Public Sector Dept
2026-02-12,9319.91,Professional Fees,TechLogistics Corp,Retail Giant A
2026-01-23,10575.3,Rent,Global Office Ltd,Retail Giant A
2026-03-24,11577.55,Professional Fees,Prime Consulting,Direct Consumer
2026-03-06,7799.97,Sales Revenue,Prime Consulting,Public Sector Dept
2026-02-17,4680.92,Professional Fees,TechLogistics Corp,Retail Giant A
2026-01-03,8870.74,Sales Revenue,TechLogistics Corp,Direct Consumer
2026-02-06,8024.92,Inventory,Global Office Ltd,Public Sector Dept
2026-01-27,6558.62,Inventory,Prime Consulting,Direct Consumer
2026-01-12,8945.23,Sales Revenue,Prime Consulting,Retail Giant A
2026-03-27,5065.87,Inventory,TechLogistics Corp,Public Sector Dept
2026-03-05,8324.08,Professional Fees,Global Office Ltd,Public Sector Dept
2026-03-31,9496.58,Rent,Azure Utilities,Public Sector Dept
2026-03-26,8755.36,Sales Revenue,TechLogistics Corp,Retail Giant A
2026-01-05,6205.76,Professional Fees,Global Office Ltd,Public Sector Dept
2026-01-25,8685.82,Inventory,Global Office Ltd,Retail Giant A
2026-03-16,8952.53,Tax Provision,Global Office Ltd,Direct Consumer
2026-02-17,9713.87,Sales Revenue,Prime Consulting,Retail Giant A
2026-01-13,5595.96,Rent,Azure Utilities,Public Sector Dept
2026-02-13,10685.97,Rent,Global Office Ltd,Retail Giant A
2026-03-03,5731.35,Professional Fees,TechLogistics Corp,SmallBiz Inc
2026-01-25,7100.05,Tax Provision,TechLogistics Corp,SmallBiz Inc
2026-02-13,6153.41,Rent,TechLogistics Corp,Public Sector Dept
2026-03-26,11229.6,Rent,TechLogistics Corp,Retail Giant A
2026-01-18,7401.96,Tax Provision,Global Office Ltd,Direct Consumer
2026-03-02,3557.06,Professional Fees,Azure Utilities,SmallBiz Inc
2026-01-08,7241.54,Inventory,Global Office Ltd,SmallBiz Inc
2026-02-01,9881.37,Inventory,Azure Utilities,Direct Consumer
2026-01-29,7593.55,Professional Fees,TechLogistics Corp,SmallBiz Inc
2026-03-03,7243.06,Tax Provision,TechLogistics Corp,Retail Giant A
2026-03-24,11673.75,Rent,Global Office Ltd,Retail Giant A
2026-02-18,6728.79,Tax Provision,Azure Utilities,Public Sector Dept
2026-01-05,6819.5,Professional Fees,TechLogistics Corp,Public Sector Dept
2026-03-01,7833.6,Inventory,Global Office Ltd,SmallBiz Inc
2026-01-14,6582.42,Sales Revenue,Global Office Ltd,Public Sector Dept
2026-02-28,11520.69,Professional Fees,Global Office Ltd,Retail Giant A
2026-02-22,8169.55,Rent,Global Office Ltd,Public Sector Dept
2026-03-10,8404.02,Tax Provision,Prime Consulting,Retail Giant A
2026-03-31,11570.51,Rent,TechLogistics Corp,SmallBiz Inc
2026-02-21,9407.83,Professional Fees,Global Office Ltd,Public Sector Dept
2026-02-18,8189.73,Professional Fees,Azure Utilities,Retail Giant A
2026-02-13,5545.48,Professional Fees,Global Office Ltd,SmallBiz Inc
2026-02-07,7691.19,Tax Provision,Global Office Ltd,Public Sector Dept
2026-01-08,8365.78,Sales Revenue,TechLogistics Corp,Direct Consumer
2026-02-22,8059.35,Professional Fees,TechLogistics Corp,Retail Giant A
2026-02-21,8410.89,Sales Revenue,Prime Consulting,Direct Consumer
2026-02-11,5806.98,Sales Revenue,Global Office Ltd,Direct Consumer
2026-03-30,8062.34,Professional Fees,Azure Utilities,Public Sector Dept
2026-02-27,10097.33,Sales Revenue,Global Office Ltd,Public Sector Dept
2026-02-22,8462.32,Rent,Azure Utilities,Direct Consumer
2026-01-27,10965.8,Tax Provision,Azure Utilities,Retail Giant A
2026-02-05,8642.66,Sales Revenue,Global Office Ltd,Direct Consumer
2026-02-11,8984.03,Tax Provision,Global Office Ltd,Retail Giant A
2026-02-25,7751.25,Professional Fees,Global Office Ltd,Direct Consumer
2026-02-21,9867.78,Sales Revenue,Azure Utilities,SmallBiz Inc
2026-02-27,8318.24,Sales Revenue,Azure Utilities,SmallBiz Inc
2026-01-29,10034.94,Professional Fees,Prime Consulting,Direct Consumer
2026-01-09,9866.87,Inventory,Prime Consulting,SmallBiz Inc
2026-02-14,5879.54,Sales Revenue,TechLogistics Corp,Public Sector Dept
2026-03-18,5287.17,Rent,Azure Utilities,Direct Consumer
2026-02-26,10582.05,Tax Provision,Prime Consulting,SmallBiz Inc
2026-01-18,11930.02,Professional Fees,Prime Consulting,Public Sector Dept
2026-01-16,9207.69,Inventory,Azure Utilities,Public Sector Dept
2026-02-05,9734.85,Professional Fees,Prime Consulting,SmallBiz Inc
2026-01-03,8356.06,Sales Revenue,TechLogistics Corp,Direct Consumer
2026-03-26,6233.74,Rent,Prime Consulting,SmallBiz Inc
2026-01-04,7971.99,Tax Provision,Prime Consulting,SmallBiz Inc
2026-03-25,6632.75,Rent,Global Office Ltd,Retail Giant A
2026-03-25,6594.73,Tax Provision,Azure Utilities,Public Sector Dept
2026-03-25,6720.0,Professional Fees,Azure Utilities,Public Sector Dept
2026-02-02,9248.01,Sales Revenue,Azure Utilities,Public Sector Dept
2026-01-14,4051.11,Inventory,TechLogistics Corp,SmallBiz Inc
2026-03-05,4316.9,Rent,Prime Consulting,Direct Consumer
2026-01-31,7984.98,Sales Revenue,TechLogistics Corp,SmallBiz Inc
2026-01-12,9920.01,Professional Fees,Azure Utilities,Retail Giant A
2026-03-26,5830.7,Professional Fees,TechLogistics Corp,Direct Consumer
2026-02-18,8777.13,Rent,Azure Utilities,Public Sector Dept
2026-02-21,6264.92,Tax Provision,Prime Consulting,Retail Giant A
2026-02-19,4196.14,Professional Fees,Global Office Ltd,Direct Consumer
2026-01-16,6926.09,Sales Revenue,Global Office Ltd,Direct Consumer
2026-02-16,11462.7,Inventory,Prime Consulting,SmallBiz Inc
2026-03-19,10719.78,Rent,Global Office Ltd,Retail Giant A
2026-03-04,9483.36,Professional Fees,Global Office Ltd,Direct Consumer
2026-02-24,9100.14,Sales Revenue,Azure Utilities,Public Sector Dept
2026-03-08,4715.7,Professional Fees,Azure Utilities,Public Sector Dept
2026-01-09,9121.07,Tax Provision,Azure Utilities,SmallBiz Inc
2026-02-19,8665.04,Professional Fees,Prime Consulting,Direct Consumer
2026-01-07,9273.27,Professional Fees,Global Office Ltd,SmallBiz Inc
2026-02-27,10229.08,Rent,Azure Utilities,Retail Giant A
2026-02-20,7777.61,Sales Revenue,TechLogistics Corp,SmallBiz Inc
2026-02-17,5866.77,Sales Revenue,TechLogistics Corp,Retail Giant A
2026-03-03,9818.99,Tax Provision,Prime Consulting,Public Sector Dept
2026-03-27,6720.28,Inventory,Prime Consulting,SmallBiz Inc
2026-01-11,6886.21,Tax Provision,Azure Utilities,Public Sector Dept
2026-02-08,6269.42,Rent,Azure Utilities,Retail Giant A
2026-01-04,10299.89,Rent,Azure Utilities,Public Sector Dept
2026-02-15,9729.38,Professional Fees,Prime Consulting,Retail Giant A
2026-01-16,5380.84,Professional Fees,TechLogistics Corp,Direct Consumer
2026-01-09,6928.98,Sales Revenue,TechLogistics Corp,Public Sector Dept
2026-01-09,9573.27,Inventory,Azure Utilities,Direct Consumer
2026-01-18,8104.84,Professional Fees,TechLogistics Corp,SmallBiz Inc
2026-03-21,7515.85,Sales Revenue,Prime Consulting,Direct Consumer
2026-03-17,9957.93,Inventory,Prime Consulting,Public Sector Dept
2026-03-10,6844.86,Inventory,Prime Consulting,Public Sector Dept
2026-02-11,8471.05,Sales Revenue,Azure Utilities,Public Sector Dept
2026-03-07,5952.51,Sales Revenue,Global Office Ltd,SmallBiz Inc
2026-02-27,5634.41,Professional Fees,TechLogistics Corp,Retail Giant A
2026-01-03,7009.13,Professional Fees,Global Office Ltd,SmallBiz Inc
2026-01-30,7595.28,Sales Revenue,Global Office Ltd,Direct Consumer
2026-03-23,8573.02,Inventory,TechLogistics Corp,SmallBiz Inc
2026-03-03,8791.64,Tax Provision,Azure Utilities,SmallBiz Inc
2026-02-08,8524.52,Rent,Prime Consulting,Retail Giant A
2026-01-20,9760.62,Inventory,Prime Consulting,Public Sector Dept
2026-01-31,8689.54,Professional Fees,Prime Consulting,Direct Consumer
2026-01-11,6914.71,Sales Revenue,Prime Consulting,Direct Consumer
2026-01-13,8374.08,Professional Fees,Azure Utilities,SmallBiz Inc
2026-03-04,5002.91,Sales Revenue,Prime Consulting,Direct Consumer
2026-02-15,9010.32,Professional Fees,Prime Consulting,Direct Consumer
2026-01-09,11034.77,Tax Provision,Prime Consulting,Public Sector Dept
2026-02-03,9643.99,Inventory,Prime Consulting,Direct Consumer
2026-02-27,7751.51,Sales Revenue,Global Office Ltd,SmallBiz Inc
2026-03-23,6544.12,Professional Fees,TechLogistics Corp,Direct Consumer
2026-03-24,6708.8,Professional Fees,Global Office Ltd,SmallBiz Inc
2026-01-29,6062.39,Tax Provision,Prime Consulting,Direct Consumer
2026-02-06,9421.98,Rent,Prime Consulting,Public Sector Dept
2026-01-31,5042.39,Sales Revenue,Global Office Ltd,Public Sector Dept
2026-03-24,8362.19,Rent,Prime Consulting,Retail Giant A
2026-02-22,9948.65,Professional Fees,Prime Consulting,Retail Giant A
2026-02-24,9751.43,Professional Fees,Prime Consulting,Retail Giant A
2026-01-05,9747.3,Sales Revenue,TechLogistics Corp,Direct Consumer
2026-01-09,6660.4,Rent,TechLogistics Corp,Retail Giant A
2026-01-15,5488.73,Sales Revenue,TechLogistics Corp,Public Sector Dept
2026-02-10,10206.14,Professional Fees,Global Office Ltd,Retail Giant A
2026-02-07,5121.14,Tax Provision,Prime Consulting,Public Sector Dept
2026-01-04,7705.7,Professional Fees,TechLogistics Corp,Direct Consumer
2026-01-14,-6409.62,Professional Fees,Prime Consulting,Direct Consumer
2026-02-11,9341.89,Professional Fees,Prime Consulting,Direct Consumer
2026-03-25,9236.39,Tax Provision,Global Office Ltd,Direct Consumer
2026-03-06,7360.95,Sales Revenue,Azure Utilities,Retail Giant A
2026-01-10,8461.11,Tax Provision,TechLogistics Corp,Direct Consumer
2026-03-16,9056.55,Inventory,Global Office Ltd,SmallBiz Inc
2026-03-08,7464.46,Sales Revenue,TechLogistics Corp,Public Sector Dept
2026-03-11,8264.2,Inventory,Global Office Ltd,Direct Consumer
2026-01-28,7698.47,Sales Revenue,Azure Utilities,Retail Giant A
2026-03-20,5262.15,Inventory,Azure Utilities,SmallBiz Inc
2026-02-25,7193.93,Rent,Global Office Ltd,Public Sector Dept
2026-01-24,11940.66,Sales Revenue,Prime Consulting,Retail Giant A
2026-03-01,7741.93,Tax Provision,Global Office Ltd,SmallBiz Inc
2026-03-13,5841.35,Inventory,Azure Utilities,Public Sector Dept
2026-01-21,9887.26,Sales Revenue,Azure Utilities,SmallBiz Inc
2026-02-20,10810.81,Inventory,Prime Consulting,Public Sector Dept
2026-03-22,7739.33,Professional Fees,TechLogistics Corp,SmallBiz Inc
2026-01-25,9640.72,Inventory,Azure Utilities,Retail Giant A
2026-02-13,5059.59,Inventory,Prime Consulting,Public Sector Dept
2026-01-17,7872.95,Rent,TechLogistics Corp,Public Sector Dept
2026-01-22,5497.25,Tax Provision,Prime Consulting,Public Sector Dept
2026-01-10,9475.95,Sales Revenue,Global Office Ltd,Retail Giant A
2026-02-07,9439.78,Rent,Prime Consulting,Public Sector Dept
2026-01-01,7221.1,Tax Provision,Prime Consulting,Direct Consumer
2026-01-11,10210.74,Professional Fees,Prime Consulting,Direct Consumer
2026-03-15,8266.23,Inventory,TechLogistics Corp,Direct Consumer
2026-01-31,8085.02,Tax Provision,Global Office Ltd,SmallBiz Inc
2026-01-24,8324.15,Rent,TechLogistics Corp,Direct Consumer
2026-02-08,10516.45,Sales Revenue,Azure Utilities,SmallBiz Inc
2026-01-08,6506.06,Inventory,Global Office Ltd,Retail Giant A
2026-02-23,10967.86,Sales Revenue,TechLogistics Corp,Direct Consumer
2026-03-22,5861.38,Tax Provision,Global Office Ltd,Retail Giant A
2026-03-12,10325.82,Professional Fees,Global Office Ltd,Direct Consumer
2026-03-03,7552.34,Sales Revenue,Global Office Ltd,Public Sector Dept
2026-03-24,9035.27,Inventory,Global Office Ltd,SmallBiz Inc
2026-02-04,8870.21,Professional Fees,Global Office Ltd,SmallBiz Inc
2026-03-28,8350.78,Professional Fees,Prime Consulting,SmallBiz Inc
2026-03-30,9922.55,Inventory,Prime Consulting,Retail Giant A
2026-03-31,5824.7,Rent,TechLogistics Corp,SmallBiz Inc
2026-02-09,7132.23,Inventory,Prime Consulting,Public Sector Dept
2026-02-02,6372.91,Professional Fees,Prime Consulting,Direct Consumer
2026-02-04,8000.75,Inventory,Global Office Ltd,Public Sector Dept
2026-03-31,7602.75,Inventory,Azure Utilities,Public Sector Dept
2026-02-03,6001.33,Sales Revenue,Azure Utilities,Public Sector Dept
2026-03-30,8371.7,Tax Provision,TechLogistics Corp,Public Sector Dept
2026-03-20,6978.13,Inventory,Azure Utilities,Retail Giant A
2026-01-19,7473.62,Tax Provision,Azure Utilities,SmallBiz Inc
2026-03-31,7690.24,Inventory,Prime Consulting,Direct Consumer
2026-01-09,9226.61,Professional Fees,Prime Consulting,Public Sector Dept
2026-02-26,9224.78,Professional Fees,Azure Utilities,Direct Consumer
2026-02-06,6570.03,Rent,Global Office Ltd,SmallBiz Inc
2026-03-30,9222.26,Sales Revenue,Prime Consulting,SmallBiz Inc
2026-02-12,13107.65,Sales Revenue,Prime Consulting,SmallBiz Inc
2026-01-13,7564.6,Inventory,Prime Consulting,Direct Consumer
2026-03-08,7894.99,Sales Revenue,Prime Consulting,SmallBiz Inc
2026-01-17,6096.57,Inventory,Prime Consulting,Direct Consumer
2026-03-11,8663.14,Rent,Azure Utilities,Direct Consumer
2026-03-18,7969.51,Rent,Azure Utilities,Direct Consumer
2026-03-29,11327.34,Tax Provision,Prime Consulting,Retail Giant A
2026-01-15,8826.59,Rent,Azure Utilities,Public Sector Dept
2026-01-05,8118.57,Rent,Global Office Ltd,Direct Consumer
2026-02-15,8586.78,Rent,Global Office Ltd,Public Sector Dept
2026-02-04,7824.33,Rent,Prime Consulting,SmallBiz Inc
2026-03-08,7012.43,Sales Revenue,Global Office Ltd,Retail Giant A
2026-03-18,13747.72,Professional Fees,TechLogistics Corp,SmallBiz Inc
2026-01-12,6037.23,Sales Revenue,TechLogistics Corp,Direct Consumer
2026-01-12,7136.22,Tax Provision,TechLogistics Corp,Public Sector Dept
2026-03-08,8863.1,Tax Provision,Azure Utilities,Retail Giant A
2026-01-28,6970.33,Tax Provision,Prime Consulting,SmallBiz Inc
2026-01-03,8107.95,Professional Fees,Azure Utilities,Direct Consumer
2026-02-28,11404.65,Inventory,TechLogistics Corp,SmallBiz Inc
2026-02-08,11219.47,Inventory,TechLogistics Corp,SmallBiz Inc
2026-02-03,9911.81,Tax Provision,TechLogistics Corp,Public Sector Dept
2026-01-16,8911.14,Professional Fees,Azure Utilities,Direct Consumer
2026-01-15,8385.35,Rent,Azure Utilities,Public Sector Dept
2026-01-19,6294.72,Sales Revenue,Prime Consulting,Public Sector Dept
2026-01-27,8082.56,Sales Revenue,TechLogistics Corp,Direct Consumer
2026-02-08,7047.32,Sales Revenue,Prime Consulting,Public Sector Dept
2026-01-07,6678.52,Professional Fees,Global Office Ltd,SmallBiz Inc
2026-01-29,8083.64,Inventory,Global Office Ltd,Public Sector Dept
2026-02-04,8045.34,Tax Provision,Azure Utilities,Retail Giant A
2026-02-15,6750.35,Inventory,Azure Utilities,Direct Consumer
2026-03-29,8247.8,Inventory,Azure Utilities,Retail Giant A
2026-03-26,7465.73,Tax Provision,Azure Utilities,Retail Giant A
2026-03-31,9977.18,Sales Revenue,Azure Utilities,Public Sector Dept
2026-03-20,7378.57,Sales Revenue,Global Office Ltd,Direct Consumer
2026-01-17,4639.91,Tax Provision,TechLogistics Corp,SmallBiz Inc
2026-01-05,8406.72,Rent,Prime Consulting,Direct Consumer
2026-03-18,9110.33,Sales Revenue,Azure Utilities,Direct Consumer
2026-02-01,5981.24,Tax Provision,Azure Utilities,Direct Consumer
2026-01-20,7756.45,Rent,Global Office Ltd,Direct Consumer
2026-01-22,7717.54,Rent,Azure Utilities,Retail Giant A
2026-02-03,7610.19,Tax Provision,TechLogistics Corp,SmallBiz Inc
2026-02-21,8660.5,Professional Fees,Global Office Ltd,Direct Consumer
2026-01-10,8582.5,Sales Revenue,TechLogistics Corp,Public Sector Dept
2026-02-12,4128.4,Inventory,Azure Utilities,SmallBiz Inc
2026-02-04,13088.54,Rent,TechLogistics Corp,SmallBiz Inc
2026-02-06,8021.3,Rent,Azure Utilities,SmallBiz Inc
2026-02-21,5360.52,Inventory,Azure Utilities,Retail Giant A
2026-03-14,3486.42,Tax Provision,Prime Consulting,Direct Consumer
2026-02-27,8652.24,Tax Provision,Azure Utilities,Public Sector Dept
2026-03-10,10179.42,Inventory,Global Office Ltd,Public Sector Dept
2026-01-27,9455.79,Inventory,TechLogistics Corp,SmallBiz Inc
2026-03-31,5449.77,Tax Provision,Global Office Ltd,Retail Giant A
2026-02-10,4579.93,Rent,TechLogistics Corp,Public Sector Dept
2026-01-16,6345.19,Sales Revenue,Global Office Ltd,Public Sector Dept
2026-01-23,10809.95,Inventory,Prime Consulting,Direct Consumer
2026-02-25,7564.07,Rent,Prime Consulting,Public Sector Dept
2026-01-29,8262.24,Tax Provision,Azure Utilities,Public Sector Dept
2026-02-02,6596.49,Rent,TechLogistics Corp,Retail Giant A
2026-01-02,10123.38,Professional Fees,Global Office Ltd,Direct Consumer
2026-02-19,3904.54,Tax Provision,TechLogistics Corp,Retail Giant A
2026-03-29,6609.21,Tax Provision,Global Office Ltd,Retail Giant A
2026-01-20,9933.87,Sales Revenue,Global Office Ltd,Retail Giant A
2026-03-23,9094.82,Sales Revenue,TechLogistics Corp,SmallBiz Inc
2026-01-31,6116.3,Sales Revenue,TechLogistics Corp,SmallBiz Inc
2026-02-22,8209.86,Sales Revenue,TechLogistics Corp,Public Sector Dept
2026-03-25,10165.41,Rent,Global Office Ltd,Direct Consumer
2026-01-26,9005.06,Professional Fees,Global Office Ltd,Direct Consumer
2026-01-22,5281.04,Rent,Azure Utilities,Public Sector Dept
2026-03-03,7886.45,Inventory,Prime Consulting,Public Sector Dept
2026-01-19,8607.34,Professional Fees,Azure Utilities,SmallBiz Inc
2026-03-13,5477.1,Inventory,Prime Consulting,SmallBiz Inc
2026-01-13,7529.14,Professional Fees,Global Office Ltd,Retail Giant A
2026-01-07,7691.15,Tax Provision,Prime Consulting,Retail Giant A
2026-01-13,7880.09,Tax Provision,Azure Utilities,SmallBiz Inc
2026-01-10,7266.79,Inventory,Global Office Ltd,Public Sector Dept
2026-03-06,6170.33,Professional Fees,TechLogistics Corp,Public Sector Dept
2026-01-03,9557.45,Tax Provision,TechLogistics Corp,Direct Consumer
2026-02-04,10142.83,Sales Revenue,Global Office Ltd,Direct Consumer
2026-03-29,8360.73,Rent,Azure Utilities,Retail Giant A
2026-01-18,3938.0,Tax Provision,Global Office Ltd,Public Sector Dept
2026-03-26,7910.56,Sales Revenue,TechLogistics Corp,SmallBiz Inc
2026-03-04,7506.69,Rent,Prime Consulting,SmallBiz Inc
2026-02-15,10453.18,Professional Fees,Global Office Ltd,Retail Giant A
2026-03-11,8554.45,Inventory,Prime Consulting,SmallBiz Inc
2026-01-29,10526.28,Tax Provision,Prime Consulting,Retail Giant A
2026-02-19,7760.38,Sales Revenue,TechLogistics Corp,Retail Giant A
2026-03-28,7912.22,Rent,TechLogistics Corp,Direct Consumer
2026-03-08,7285.0,Inventory,Azure Utilities,Retail Giant A
2026-03-21,8439.35,Sales Revenue,Azure Utilities,Direct Consumer
2026-03-22,6546.69,Sales Revenue,Global Office Ltd,Retail Giant A
2026-02-21,5901.96,Sales Revenue,Global Office Ltd,Direct Consumer
2026-02-25,6601.43,Professional Fees,Global Office Ltd,Direct Consumer
2026-02-14,9252.87,Tax Provision,Global Office Ltd,Direct Consumer
2026-02-25,7491.15,Inventory,Global Office Ltd,Direct Consumer
2026-03-07,10163.08,Professional Fees,Prime Consulting,Public Sector Dept
2026-03-10,10704.68,Inventory,Azure Utilities,Direct Consumer
2026-03-16,9541.66,Inventory,TechLogistics Corp,Public Sector Dept
2026-03-01,7734.54,Tax Provision,Azure Utilities,SmallBiz Inc
2026-01-05,7095.22,Sales Revenue,TechLogistics Corp,SmallBiz Inc
2026-01-10,7024.9,Rent,Azure Utilities,Retail Giant A
2026-03-17,11049.1,Professional Fees,Prime Consulting,Public Sector Dept
2026-03-13,7305.62,Professional Fees,Global Office Ltd,SmallBiz Inc
2026-02-10,11355.91,Sales Revenue,TechLogistics Corp,Direct Consumer
2026-01-15,5449.42,Sales Revenue,TechLogistics Corp,Direct Consumer
2026-01-23,6608.55,Inventory,Prime Consulting,Direct Consumer
2026-03-16,10777.19,Tax Provision,Global Office Ltd,Retail Giant A
2026-01-12,6464.22,Sales Revenue,Azure Utilities,SmallBiz Inc
2026-01-05,8529.19,Rent,Azure Utilities,Public Sector Dept
2026-01-26,6126.14,Tax Provision,Prime Consulting,Direct Consumer
2026-02-23,10575.26,Tax Provision,Azure Utilities,Public Sector Dept
2026-01-20,9026.8,Rent,Azure Utilities,SmallBiz Inc
2026-01-15,10929.34,Tax Provision,Global Office Ltd,Retail Giant A
2026-02-21,5786.69,Rent,Azure Utilities,SmallBiz Inc
2026-01-17,9059.93,Tax Provision,Global Office Ltd,Direct Consumer
2026-03-15,8844.25,Professional Fees,TechLogistics Corp,SmallBiz Inc
2026-01-24,8379.19,Rent,Prime Consulting,SmallBiz Inc
2026-02-15,10971.88,Sales Revenue,Prime Consulting,Direct Consumer
2026-03-30,6108.44,Sales Revenue,TechLogistics Corp,Direct Consumer
2026-03-27,8186.71,Rent,Prime Consulting,Public Sector Dept
2026-03-11,8567.25,Sales Revenue,Global Office Ltd,Public Sector Dept
2026-01-08,7245.3,Professional Fees,Prime Consulting,Retail Giant A
2026-02-28,7046.08,Professional Fees,TechLogistics Corp,Retail Giant A
2026-03-25,9619.04,Professional Fees,Global Office Ltd,Direct Consumer
2026-01-30,12079.49,Tax Provision,Global Office Ltd,Retail Giant A
2026-02-10,9172.72,Sales Revenue,TechLogistics Corp,SmallBiz Inc
2026-01-25,5238.29,Rent,TechLogistics Corp,Retail Giant A
2026-03-27,6507.2,Sales Revenue,Azure Utilities,Retail Giant A
2026-01-22,9210.37,Inventory,TechLogistics Corp,Retail Giant A
2026-03-14,9935.37,Sales Revenue,TechLogistics Corp,Retail Giant A
2026-02-11,6538.69,Professional Fees,TechLogistics Corp,Direct Consumer
2026-01-19,6650.16,Rent,Azure Utilities,Direct Consumer
2026-01-23,9630.37,Sales Revenue,Prime Consulting,SmallBiz Inc
2026-03-30,9371.42,Professional Fees,TechLogistics Corp,Public Sector Dept
2026-02-15,8559.96,Professional Fees,Prime Consulting,Retail Giant A
2026-01-30,7383.32,Tax Provision,Global Office Ltd,Public Sector Dept
2026-01-29,8829.9,Tax Provision,TechLogistics Corp,SmallBiz Inc
2026-02-01,6554.76,Professional Fees,Azure Utilities,Direct Consumer
2026-02-24,8222.39,Sales Revenue,TechLogistics Corp,Public Sector Dept
2026-03-02,7842.35,Sales Revenue,Prime Consulting,Public Sector Dept
2026-03-01,4612.82,Inventory,TechLogistics Corp,SmallBiz Inc
2026-03-21,8538.22,Sales Revenue,TechLogistics Corp,Public Sector Dept
2026-02-09,12944.34,Professional Fees,TechLogistics Corp,Public Sector Dept
2026-01-14,9967.49,Professional Fees,Azure Utilities,Retail Giant A
2026-02-19,11417.2,Inventory,TechLogistics Corp,Retail Giant A
2026-03-15,9044.02,Sales Revenue,Prime Consulting,Retail Giant A
2026-01-07,9408.81,Rent,Azure Utilities,SmallBiz Inc
2026-02-09,8220.86,Sales Revenue,Azure Utilities,Public Sector Dept
2026-02-28,7886.69,Sales Revenue,TechLogistics Corp,Direct Consumer
2026-01-07,14463.29,Professional Fees,TechLogistics Corp,Retail Giant A
2026-02-01,7908.29,Inventory,Prime Consulting,Direct Consumer
2026-03-04,6304.92,Tax Provision,Global Office Ltd,SmallBiz Inc
2026-01-22,8468.55,Sales Revenue,Azure Utilities,SmallBiz Inc
2026-03-24,6966.12,Professional Fees,Global Office Ltd,Direct Consumer
2026-01-21,4528.89,Professional Fees,Azure Utilities,Public Sector Dept
2026-02-27,8227.65,Inventory,Prime Consulting,Direct Consumer
2026-02-20,7359.58,Professional Fees,Azure Utilities,Direct Consumer
2026-03-31,12267.64,Inventory,Prime Consulting,Direct Consumer
2026-02-05,9178.03,Inventory,Prime Consulting,Public Sector Dept
2026-01-14,6010.59,Professional Fees,TechLogistics Corp,Retail Giant A
2026-02-19,7449.92,Inventory,Azure Utilities,SmallBiz Inc
2026-01-14,6743.05,Inventory,Prime Consulting,Public Sector Dept
2026-03-29,9779.03,Inventory,TechLogistics Corp,Retail Giant A
2026-03-10,6362.05,Rent,Prime Consulting,Retail Giant A
2026-02-14,9535.88,Inventory,Global Office Ltd,Public Sector Dept
2026-01-10,7542.77,Inventory,Azure Utilities,Retail Giant A
2026-01-03,8619.67,Tax Provision,Global Office Ltd,SmallBiz Inc
2026-01-06,7768.91,Professional Fees,TechLogistics Corp,Public Sector Dept
2026-03-08,8121.28,Inventory,Global Office Ltd,Public Sector Dept
2026-02-12,10545.03,Rent,Prime Consulting,Direct Consumer
2026-03-27,6525.54,Tax Provision,Prime Consulting,Retail Giant A
2026-03-26,11043.37,Rent,Prime Consulting,SmallBiz Inc
2026-02-19,6442.19,Rent,TechLogistics Corp,SmallBiz Inc
2026-01-01,7686.48,Sales Revenue,TechLogistics Corp,Direct Consumer
2026-02-07,7299.45,Sales Revenue,Prime Consulting,SmallBiz Inc
2026-03-27,6038.76,Rent,Azure Utilities,SmallBiz Inc
2026-02-26,10200.44,Professional Fees,Global Office Ltd,Retail Giant A
2026-03-03,6188.52,Professional Fees,Global Office Ltd,Retail Giant A
2026-01-03,7008.54,Sales Revenue,Azure Utilities,Direct Consumer
2026-02-06,4867.33,Tax Provision,Azure Utilities,Public Sector Dept
2026-02-16,6369.11,Rent,Azure Utilities,Direct Consumer
2026-01-10,5089.02,Tax Provision,Prime Consulting,Public Sector Dept
2026-01-01,9546.06,Inventory,Global Office Ltd,Retail Giant A
2026-02-24,6919.23,Professional Fees,Azure Utilities,Retail Giant A
2026-03-10,999999.99,Tax Provision,TechLogistics Corp,Public Sector Dept
2026-01-10,5904.21,Rent,Prime Consulting,Retail Giant A
2026-02-11,9021.15,Tax Provision,TechLogistics Corp,Retail Giant A
2026-03-16,10481.61,Professional Fees,Azure Utilities,Public Sector Dept
2026-03-04,6850.56,Sales Revenue,Prime Consulting,SmallBiz Inc
2026-02-07,8208.63,Professional Fees,Global Office Ltd,Retail Giant A
2026-03-22,8617.47,Professional Fees,TechLogistics Corp,SmallBiz Inc
2026-01-30,7327.5,Rent,Prime Consulting,Direct Consumer
2026-03-09,7043.8,Rent,Global Office Ltd,Public Sector Dept
2026-03-19,-9171.05,Inventory,Prime Consulting,Public Sector Dept
2026-01-30,11146.17,Professional Fees,Prime Consulting,Retail Giant A
2026-03-02,7425.22,Sales Revenue,TechLogistics Corp,Retail Giant A
2026-01-03,7936.93,Rent,TechLogistics Corp,Direct Consumer
2026-01-22,10666.79,Tax Provision,Prime Consulting,Public Sector Dept
2026-03-31,10051.83,Professional Fees,Azure Utilities,Retail Giant A
2026-01-13,8650.59,Professional Fees,Global Office Ltd,Direct Consumer
2026-01-21,8929.54,Tax Provision,TechLogistics Corp,TechLogistics Corp
2026-01-20,8169.5,Tax Provision,Azure Utilities,SmallBiz Inc
2026-03-19,6001.33,Professional Fees,Azure Utilities,Direct Consumer
2026-03-21,10268.29,Rent,Azure Utilities,Public Sector Dept
2026-03-23,6135.09,Rent,TechLogistics Corp,Public Sector Dept
2026-01-04,8292.88,Sales Revenue,Prime Consulting,Retail Giant A
2026-02-24,9724.98,Rent,TechLogistics Corp,Retail Giant A
2026-03-03,7887.19,Sales Revenue,TechLogistics Corp,Retail Giant A
2026-03-15,5559.94,Rent,Azure Utilities,SmallBiz Inc
2026-01-14,5409.5,Inventory,TechLogistics Corp,Direct Consumer
2026-01-15,6696.26,Sales Revenue,Prime Consulting,Retail Giant A
2026-01-04,7280.44,Rent,Global Office Ltd,SmallBiz Inc
2026-01-12,9548.5,Rent,TechLogistics Corp,Public Sector Dept
2026-03-20,9275.45,Inventory,TechLogistics Corp,Direct Consumer
2026-03-18,8735.41,Professional Fees,TechLogistics Corp,Direct Consumer
2026-01-06,9664.14,Sales Revenue,Azure Utilities,SmallBiz Inc
2026-03-24,8035.45,Tax Provision,Prime Consulting,Public Sector Dept
2026-02-06,7878.74,Tax Provision,TechLogistics Corp,Retail Giant A
2026-02-02,7393.14,Rent,Global Office Ltd,SmallBiz Inc
2026-01-17,10098.17,Sales Revenue,Azure Utilities,SmallBiz Inc
2026-02-07,999999.99,Rent,Azure Utilities,SmallBiz Inc
2026-02-08,8431.02,Inventory,TechLogistics Corp,Direct Consumer
2026-02-14,7460.78,Professional Fees,TechLogistics Corp,Retail Giant A
2026-02-18,10402.23,Sales Revenue,TechLogistics Corp,Public Sector Dept
2026-03-07,8606.96,Rent,TechLogistics Corp,Direct Consumer
2026-01-01,10326.24,Sales Revenue,TechLogistics Corp,Public Sector Dept
2026-02-19,8151.79,Rent,TechLogistics Corp,SmallBiz Inc
2026-03-20,5356.04,Tax Provision,Global Office Ltd,Retail Giant A
2026-03-01,8912.0,Tax Provision,Azure Utilities,Public Sector Dept
2026-03-21,11363.26,Sales Revenue,Global Office Ltd,Public Sector Dept
2026-02-22,6491.67,Sales Revenue,Azure Utilities,Retail Giant A
2026-01-28,4546.23,Professional Fees,TechLogistics Corp,Retail Giant A
2026-01-22,6128.09,Rent,Azure Utilities,Retail Giant A
2026-02-11,9185.3,Professional Fees,Prime Consulting,Direct Consumer
2026-02-04,11143.62,Professional Fees,Azure Utilities,Retail Giant A
2026-03-07,10513.92,Tax Provision,Azure Utilities,Public Sector Dept
2026-01-21,10044.97,Sales Revenue,Global Office Ltd,Public Sector Dept
2026-01-06,8255.65,Sales Revenue,Prime Consulting,Retail Giant A
2026-01-25,7555.85,Inventory,TechLogistics Corp,Public Sector Dept
2026-02-26,8538.91,Professional Fees,Azure Utilities,Direct Consumer
2026-01-07,9159.65,Professional Fees,Prime Consulting,Retail Giant A
2026-01-06,10851.25,Tax Provision,Prime Consulting,SmallBiz Inc
2026-02-13,4014.89,Inventory,Global Office Ltd,SmallBiz Inc
2026-01-09,7991.68,Professional Fees,Global Office Ltd,SmallBiz Inc
2026-02-23,9040.72,Sales Revenue,Prime Consulting,Direct Consumer
2026-03-03,11322.63,Rent,TechLogistics Corp,Public Sector Dept
2026-02-22,1659.63,Professional Fees,Azure Utilities,Retail Giant A
2026-02-14,6433.09,Tax Provision,Prime Consulting,Direct Consumer
2026-02-11,7503.93,Sales Revenue,Azure Utilities,SmallBiz Inc
2026-03-16,6872.99,Sales Revenue,TechLogistics Corp,Retail Giant A
2026-03-05,7572.78,Inventory,Azure Utilities,Direct Consumer
2026-03-13,6245.86,Rent,TechLogistics Corp,SmallBiz Inc
2026-03-06,8581.41,Sales Revenue,Global Office Ltd,SmallBiz Inc
2026-02-24,8791.78,Sales Revenue,Global Office Ltd,Public Sector Dept
2026-03-02,7684.9,Professional Fees,TechLogistics Corp,Retail Giant A
2026-03-08,7158.59,Rent,TechLogistics Corp,Public Sector Dept
2026-02-21,8192.01,Sales Revenue,TechLogistics Corp,Direct Consumer
2026-02-24,11419.9,Rent,Azure Utilities,SmallBiz Inc
2026-03-08,7558.06,Rent,TechLogistics Corp,Retail Giant A
2026-02-18,7220.62,Tax Provision,Azure Utilities,SmallBiz Inc
2026-02-15,5902.85,Sales Revenue,TechLogistics Corp,Public Sector Dept
2026-03-12,4405.26,Sales Revenue,Prime Consulting,SmallBiz Inc
2026-01-08,6781.78,Sales Revenue,Prime Consulting,Direct Consumer
2026-01-29,8791.84,Professional Fees,TechLogistics Corp,Retail Giant A
2026-02-15,10622.6,Inventory,Azure Utilities,Direct Consumer
2026-02-04,8319.1,Sales Revenue,Azure Utilities,Public Sector Dept
2026-02-10,9022.54,Professional Fees,Prime Consulting,SmallBiz Inc
2026-03-17,6890.72,Sales Revenue,Azure Utilities,SmallBiz Inc
2026-02-26,10146.17,Tax Provision,Global Office Ltd,Direct Consumer
2026-03-11,5739.25,Sales Revenue,Global Office Ltd,Public Sector Dept
2026-02-26,8107.72,Professional Fees,Azure Utilities,Public Sector Dept
2026-02-22,8451.89,Rent,Global Office Ltd,Retail Giant A
2026-02-26,7454.36,Inventory,Global Office Ltd,Direct Consumer
2026-03-28,8263.78,Inventory,Global Office Ltd,Retail Giant A
2026-01-23,8001.68,Inventory,Global Office Ltd,Direct Consumer
2026-02-23,8623.84,Rent,TechLogistics Corp,Retail Giant A
2026-03-22,8397.16,Inventory,Prime Consulting,Public Sector Dept
2026-02-01,9259.24,Sales Revenue,Azure Utilities,Retail Giant A
2026-01-17,9993.95,Professional Fees,TechLogistics Corp,Direct Consumer
2026-02-19,6754.66,Sales Revenue,Azure Utilities,Retail Giant A
2026-01-26,6632.19,Inventory,TechLogistics Corp,Direct Consumer
2026-01-21,7621.73,Rent,TechLogistics Corp,Public Sector Dept
2026-01-31,8376.52,Inventory,TechLogistics Corp,Public Sector Dept
2026-01-16,7672.36,Inventory,Global Office Ltd,Retail Giant A
2026-03-25,7249.25,Sales Revenue,Prime Consulting,SmallBiz Inc
2026-03-23,8652.21,Rent,Global Office Ltd,SmallBiz Inc
2026-02-27,8404.71,Professional Fees,Prime Consulting,Retail Giant A
2026-03-02,9636.42,Rent,TechLogistics Corp,Direct Consumer
2026-01-06,10353.67,Tax Provision,TechLogistics Corp,Direct Consumer
2026-03-27,8200.41,Professional Fees,Azure Utilities,Retail Giant A
2026-03-17,6082.56,Sales Revenue,TechLogistics Corp,Direct Consumer
2026-02-21,9442.82,Rent,Azure Utilities,SmallBiz Inc
2026-03-06,9313.54,Rent,Azure Utilities,Azure Utilities
2026-03-20,11484.97,Inventory,Prime Consulting,Direct Consumer
2026-02-03,3968.93,Tax Provision,Prime Consulting,Direct Consumer
2026-01-23,8166.53,Inventory,Prime Consulting,Retail Giant A
2026-03-20,8383.05,Rent,Prime Consulting,Retail Giant A
2026-01-06,7853.45,Inventory,TechLogistics Corp,SmallBiz Inc
2026-02-27,9757.11,Tax Provision,Azure Utilities,Public Sector Dept
2026-02-16,8968.05,Inventory,TechLogistics Corp,Retail Giant A
2026-02-11,7818.23,Professional Fees,TechLogistics Corp,Direct Consumer
2026-03-19,7017.22,Tax Provision,Global Office Ltd,Public Sector Dept
2026-02-12,8122.5,Professional Fees,Prime Consulting,Retail Giant A
2026-03-26,11672.69,Sales Revenue,Azure Utilities,Direct Consumer
2026-02-08,7776.52,Inventory,Prime Consulting,Public Sector Dept
2026-01-29,12327.76,Tax Provision,TechLogistics Corp,Retail Giant A
2026-03-05,9596.33,Professional Fees,Prime Consulting,Retail Giant A
2026-03-23,9525.96,Professional Fees,Prime Consulting,Retail Giant A
2026-01-26,6449.69,Rent,Prime Consulting,Direct Consumer
2026-03-03,8253.78,Rent,Global Office Ltd,Direct Consumer
2026-03-14,7153.56,Sales Revenue,Global Office Ltd,SmallBiz Inc
2026-02-03,7557.17,Tax Provision,Azure Utilities,SmallBiz Inc
2026-02-01,8517.23,Tax Provision,Global Office Ltd,Direct Consumer
2026-02-28,6780.88,Sales Revenue,TechLogistics Corp,Retail Giant A
2026-03-31,4046.65,Rent,Global Office Ltd,SmallBiz Inc
2026-02-10,9508.29,Professional Fees,TechLogistics Corp,SmallBiz Inc
2026-02-17,8157.56,Rent,Prime Consulting,Public Sector Dept
2026-03-14,8885.46,Professional Fees,Global Office Ltd,Public Sector Dept
2026-01-03,8999.46,Rent,TechLogistics Corp,SmallBiz Inc
2026-02-18,10239.68,Rent,Azure Utilities,Public Sector Dept
2026-01-20,6117.88,Professional Fees,Azure Utilities,Direct Consumer
2026-01-10,6332.32,Sales Revenue,Azure Utilities,Public Sector Dept
2026-03-30,7560.97,Sales Revenue,Global Office Ltd,Public Sector Dept
2026-02-11,5397.89,Rent,TechLogistics Corp,Direct Consumer
2026-02-11,9114.47,Rent,Global Office Ltd,Retail Giant A
2026-01-21,6350.95,Sales Revenue,TechLogistics Corp,SmallBiz Inc
2026-01-29,8100.73,Rent,Azure Utilities,Public Sector Dept
2026-03-22,11080.22,Sales Revenue,Global Office Ltd,SmallBiz Inc
2026-03-05,7927.36,Inventory,TechLogistics Corp,Public Sector Dept
2026-01-01,9524.89,Sales Revenue,Prime Consulting,Direct Consumer
2026-01-18,4318.56,Inventory,Global Office Ltd,Public Sector Dept
2026-02-12,12270.5,Inventory,TechLogistics Corp,Direct Consumer
2026-01-18,9117.16,Professional Fees,Global Office Ltd,Retail Giant A
2026-03-12,8687.52,Professional Fees,Prime Consulting,SmallBiz Inc
2026-03-23,4348.77,Rent,Prime Consulting,Public Sector Dept
2026-02-23,7343.85,Sales Revenue,Azure Utilities,Retail Giant A
2026-03-11,9046.04,Inventory,Azure Utilities,Retail Giant A
2026-03-29,7449.52,Sales Revenue,Azure Utilities,SmallBiz Inc
2026-03-13,9195.99,Tax Provision,TechLogistics Corp,TechLogistics Corp
2026-03-09,9831.48,Sales Revenue,Global Office Ltd,Direct Consumer
2026-03-08,7736.08,Tax Provision,Azure Utilities,Direct Consumer
2026-01-24,7294.51,Rent,TechLogistics Corp,Public Sector Dept
2026-03-18,11298.31,Tax Provision,Prime Consulting,SmallBiz Inc
2026-02-03,6933.07,Inventory,Azure Utilities,Direct Consumer
2026-02-11,8079.59,Professional Fees,Prime Consulting,Public Sector Dept
2026-03-03,10269.18,Rent,Prime Consulting,Retail Giant A
2026-02-18,11974.93,Rent,TechLogistics Corp,SmallBiz Inc
2026-03-26,10061.63,Inventory,Global Office Ltd,Public Sector Dept
2026-02-19,6187.37,Sales Revenue,Global Office Ltd,Retail Giant A
2026-01-03,7421.66,Inventory,TechLogistics Corp,Public Sector Dept
2026-03-02,4695.41,Rent,Prime Consulting,Retail Giant A
2026-03-07,9317.38,Inventory,Prime Consulting,Retail Giant A
2026-02-14,7716.08,Rent,Prime Consulting,Retail Giant A
2026-01-24,8383.57,Sales Revenue,TechLogistics Corp,Direct Consumer
2026-03-29,8311.16,Rent,Azure Utilities,Retail Giant A
2026-03-21,8842.19,Sales Revenue,Azure Utilities,Retail Giant A
2026-02-10,8354.24,Sales Revenue,Azure Utilities,SmallBiz Inc
2026-01-27,12010.12,Professional Fees,Azure Utilities,Public Sector Dept
2026-01-09,9862.31,Inventory,TechLogistics Corp,Public Sector Dept
2026-01-30,7118.46,Sales Revenue,TechLogistics Corp,Public Sector Dept
2026-02-23,6756.24,Tax Provision,Azure Utilities,Retail Giant A
2026-01-07,9137.75,Rent,Prime Consulting,SmallBiz Inc
2026-03-31,8137.43,Sales Revenue,Prime Consulting,Retail Giant A
2026-02-21,9606.45,Rent,Global Office Ltd,Retail Giant A
2026-01-30,8859.72,Inventory,Global Office Ltd,Direct Consumer
2026-01-23,7294.7,Inventory,Prime Consulting,Direct Consumer
2026-01-31,7892.68,Tax Provision,Global Office Ltd,Direct Consumer
2026-01-18,7107.11,Professional Fees,Azure Utilities,Retail Giant A
2026-03-09,10680.32,Rent,Prime Consulting,SmallBiz Inc
2026-03-06,4926.61,Sales Revenue,Azure Utilities,Direct Consumer
2026-01-01,5540.52,Professional Fees,Prime Consulting,Retail Giant A
2026-01-28,6707.64,Tax Provision,Azure Utilities,Public Sector Dept
2026-02-07,10108.36,Rent,TechLogistics Corp,Direct Consumer
2026-01-09,8363.49,Tax Provision,TechLogistics Corp,SmallBiz Inc
2026-02-12,8806.67,Inventory,Global Office Ltd,SmallBiz Inc
2026-01-26,7831.38,Rent,TechLogistics Corp,Public Sector Dept
2026-02-07,7551.18,Rent,Prime Consulting,Retail Giant A
2026-01-26,546.36,Tax Provision,Prime Consulting,Public Sector Dept
2026-03-18,8427.81,Sales Revenue,Global Office Ltd,Retail Giant A
2026-03-07,10485.14,Rent,Global Office Ltd,Public Sector Dept
2026-02-23,10310.13,Professional Fees,TechLogistics Corp,Retail Giant A
2026-02-19,8043.2,Professional Fees,Azure Utilities,SmallBiz Inc
2026-03-18,9391.98,Tax Provision,Global Office Ltd,SmallBiz Inc
2026-01-11,6314.17,Sales Revenue,TechLogistics Corp,Direct Consumer
2026-01-30,8006.6,Professional Fees,Global Office Ltd,SmallBiz Inc
2026-01-13,7202.45,Professional Fees,TechLogistics Corp,Public Sector Dept
2026-01-01,5169.57,Professional Fees,TechLogistics Corp,SmallBiz Inc
2026-01-04,9312.71,Inventory,TechLogistics Corp,Direct Consumer
2026-03-06,8118.97,Tax Provision,Global Office Ltd,Direct Consumer
2026-03-19,5483.24,Rent,Prime Consulting,Public Sector Dept
2026-01-27,6047.08,Professional Fees,Prime Consulting,SmallBiz Inc
2026-01-21,4689.28,Professional Fees,Azure Utilities,Retail Giant A
2026-02-19,4327.33,Rent,Azure Utilities,Public Sector Dept
2026-01-09,5714.8,Tax Provision,Azure Utilities,SmallBiz Inc
2026-01-02,9581.37,Tax Provision,Azure Utilities,Retail Giant A
2026-02-09,9355.76,Sales Revenue,Prime Consulting,SmallBiz Inc
2026-03-30,5797.54,Professional Fees,Global Office Ltd,Public Sector Dept
2026-01-29,5885.3,Tax Provision,TechLogistics Corp,Public Sector Dept
2026-03-24,5330.47,Inventory,TechLogistics Corp,Retail Giant A
2026-02-15,10002.27,Sales Revenue,Global Office Ltd,Direct Consumer
2026-02-28,9975.93,Professional Fees,Global Office Ltd,Global Office Ltd
2026-01-20,11382.66,Rent,Azure Utilities,Direct Consumer
2026-03-10,5511.85,Inventory,Azure Utilities,Public Sector Dept
2026-01-08,6461.36,Sales Revenue,Azure Utilities,Public Sector Dept
2026-02-02,5135.93,Professional Fees,TechLogistics Corp,Direct Consumer
2026-03-30,-8215.01,Tax Provision,Azure Utilities,Public Sector Dept
2026-01-13,5270.42,Professional Fees,TechLogistics Corp,Public Sector Dept
2026-03-11,10281.87,Sales Revenue,TechLogistics Corp,Direct Consumer
2026-03-06,5621.61,Rent,Global Office Ltd,SmallBiz Inc
2026-01-01,10960.32,Inventory,TechLogistics Corp,SmallBiz Inc
2026-03-05,8788.58,Sales Revenue,TechLogistics Corp,Direct Consumer
2026-01-20,6551.86,Rent,Prime Consulting,SmallBiz Inc
2026-01-22,11170.62,Tax Provision,TechLogistics Corp,Direct Consumer
2026-03-23,8972.15,Tax Provision,Global Office Ltd,Direct Consumer
2026-01-07,7062.96,Sales Revenue,Azure Utilities,SmallBiz Inc
2026-03-10,7665.3,Inventory,Prime Consulting,Retail Giant A
2026-03-21,8762.65,Professional Fees,Prime Consulting,Retail Giant A
2026-02-02,7847.18,Rent,Global Office Ltd,Retail Giant A
2026-03-31,6524.7,Inventory,TechLogistics Corp,Direct Consumer
2026-01-22,8933.19,Inventory,TechLogistics Corp,Direct Consumer
2026-01-15,7421.56,Tax Provision,TechLogistics Corp,Direct Consumer
2026-03-28,6193.34,Inventory,Azure Utilities,Public Sector Dept
2026-01-12,11759.57,Professional Fees,Prime Consulting,Retail Giant A
2026-02-23,6523.88,Inventory,Azure Utilities,Public Sector Dept
2026-01-27,-9942.92,Rent,Global Office Ltd,SmallBiz Inc
2026-02-15,10683.94,Rent,Azure Utilities,Public Sector Dept
2026-01-22,5161.57,Sales Revenue,Azure Utilities,Public Sector Dept
2026-02-05,8324.53,Inventory,Prime Consulting,SmallBiz Inc
2026-03-31,6449.11,Professional Fees,Azure Utilities,Direct Consumer
2026-01-15,9492.82,Sales Revenue,Global Office Ltd,Public Sector Dept
2026-02-07,6935.59,Rent,Prime Consulting,Retail Giant A
2026-01-27,8317.37,Tax Provision,TechLogistics Corp,Public Sector Dept
2026-01-10,6277.03,Inventory,Global Office Ltd,SmallBiz Inc
2026-02-22,10869.25,Sales Revenue,Prime Consulting,SmallBiz Inc
2026-03-14,11370.71,Sales Revenue,Global Office Ltd,Public Sector Dept
2026-01-13,8855.6,Professional Fees,TechLogistics Corp,Public Sector Dept
2026-01-13,10086.26,Tax Provision,Prime Consulting,Direct Consumer
2026-03-29,8051.6,Inventory,Global Office Ltd,Retail Giant A
2026-01-14,6076.7,Tax Provision,TechLogistics Corp,Retail Giant A
2026-02-21,8721.56,Tax Provision,Prime Consulting,Public Sector Dept
2026-02-28,7385.78,Tax Provision,Azure Utilities,Retail Giant A
2026-01-22,8098.86,Sales Revenue,Prime Consulting,SmallBiz Inc
2026-02-27,10697.17,Rent,Prime Consulting,SmallBiz Inc
2026-02-11,6719.18,Rent,TechLogistics Corp,Retail Giant A
2026-02-03,8167.04,Rent,TechLogistics Corp,SmallBiz Inc
2026-03-03,9282.34,Professional Fees,Azure Utilities,Retail Giant A
2026-03-04,7248.86,Professional Fees,Prime Consulting,Retail Giant A
2026-03-31,7099.97,Professional Fees,TechLogistics Corp,SmallBiz Inc
2026-03-27,7736.72,Rent,Azure Utilities,Retail Giant A
2026-03-02,8344.47,Rent,Prime Consulting,SmallBiz Inc
2026-01-12,8226.28,Rent,TechLogistics Corp,Direct Consumer
2026-03-14,9582.19,Professional Fees,Prime Consulting,Direct Consumer
2026-03-07,7759.74,Rent,TechLogistics Corp,Direct Consumer
2026-02-18,5314.1,Sales Revenue,Global Office Ltd,Direct Consumer
2026-02-09,6647.05,Tax Provision,Global Office Ltd,Direct Consumer
2026-01-30,10508.63,Tax Provision,Global Office Ltd,Retail Giant A
2026-02-17,5993.78,Sales Revenue,Prime Consulting,Public Sector Dept
2026-01-02,9813.03,Professional Fees,Global Office Ltd,Retail Giant A
2026-03-18,10817.89,Tax Provision,Global Office Ltd,SmallBiz Inc
2026-03-15,7916.33,Inventory,TechLogistics Corp,SmallBiz Inc
2026-03-27,8597.18,Professional Fees,TechLogistics Corp,Public Sector Dept
2026-01-01,4318.17,Sales Revenue,TechLogistics Corp,Retail Giant A
2026-01-02,8526.62,Sales Revenue,Prime Consulting,SmallBiz Inc
2026-03-13,9050.94,Rent,TechLogistics Corp,Retail Giant A
2026-03-31,8883.57,Tax Provision,Azure Utilities,Direct Consumer
2026-01-31,5503.29,Sales Revenue,Prime Consulting,Public Sector Dept
2026-01-22,6958.69,Sales Revenue,Global Office Ltd,SmallBiz Inc
2026-02-03,9111.31,Rent,TechLogistics Corp,Public Sector Dept
2026-03-20,7064.88,Inventory,Prime Consulting,Direct Consumer
2026-02-01,12560.28,Tax Provision,TechLogistics Corp,Direct Consumer
2026-03-01,10802.29,Professional Fees,TechLogistics Corp,Direct Consumer
2026-02-10,7686.18,Sales Revenue,Azure Utilities,SmallBiz Inc
2026-02-20,7965.54,Inventory,Prime Consulting,Direct Consumer
2026-01-22,8009.33,Sales Revenue,TechLogistics Corp,Retail Giant A
2026-02-09,10250.21,Tax Provision,TechLogistics Corp,Direct Consumer
2026-01-12,7313.46,Professional Fees,Azure Utilities,Azure Utilities
2026-01-28,6875.77,Tax Provision,Global Office Ltd,SmallBiz Inc
2026-02-21,8125.56,Sales Revenue,Prime Consulting,SmallBiz Inc
2026-02-11,10394.93,Inventory,Global Office Ltd,Retail Giant A
2026-03-01,9954.92,Sales Revenue,Global Office Ltd,SmallBiz Inc
2026-01-15,9985.94,Professional Fees,Azure Utilities,Direct Consumer
2026-01-12,3981.43,Sales Revenue,TechLogistics Corp,Direct Consumer
2026-02-06,9555.48,Rent,Prime Consulting,Direct Consumer
2026-02-24,7596.9,Sales Revenue,Prime Consulting,Direct Consumer
2026-03-19,6979.48,Sales Revenue,Global Office Ltd,SmallBiz Inc
2026-03-02,8396.78,Sales Revenue,TechLogistics Corp,SmallBiz Inc
2026-02-27,8448.6,Tax Provision,TechLogistics Corp,Retail Giant A
2026-03-09,7993.35,Rent,Azure Utilities,Public Sector Dept
2026-01-03,7391.75,Rent,Prime Consulting,SmallBiz Inc
2026-02-07,6781.2,Sales Revenue,TechLogistics Corp,SmallBiz Inc
2026-02-25,5964.55,Rent,Global Office Ltd,SmallBiz Inc
2026-01-16,10278.12,Inventory,Azure Utilities,Retail Giant A
2026-03-27,7424.97,Tax Provision,Prime Consulting,Direct Consumer
2026-03-07,11262.38,Rent,Prime Consulting,Direct Consumer
2026-03-15,9229.03,Sales Revenue,Azure Utilities,Direct Consumer
2026-02-22,9727.2,Sales Revenue,TechLogistics Corp,Public Sector Dept
2026-03-14,8770.3,Professional Fees,TechLogistics Corp,Public Sector Dept
2026-01-13,5910.05,Professional Fees,Azure Utilities,Retail Giant A
2026-03-21,8674.76,Sales Revenue,Prime Consulting,Public Sector Dept
2026-03-03,7589.15,Professional Fees,Global Office Ltd,Public Sector Dept
2026-03-26,7899.84,Inventory,Global Office Ltd,Retail Giant A
2026-03-10,10935.31,Rent,Azure Utilities,Retail Giant A
2026-01-10,9832.75,Rent,Global Office Ltd,Public Sector Dept
2026-01-28,8075.01,Tax Provision,Azure Utilities,Retail Giant A
2026-01-15,4668.37,Sales Revenue,TechLogistics Corp,Retail Giant A
2026-01-26,11553.06,Tax Provision,Global Office Ltd,Public Sector Dept
2026-01-23,7925.84,Inventory,Azure Utilities,Public Sector Dept
2026-01-15,7716.92,Professional Fees,Global Office Ltd,Public Sector Dept
2026-02-03,7218.89,Inventory,Azure Utilities,Retail Giant A
2026-02-22,4556.74,Rent,Global Office Ltd,SmallBiz Inc
2026-01-21,7561.21,Sales Revenue,TechLogistics Corp,SmallBiz Inc
2026-02-02,7559.92,Professional Fees,Prime Consulting,Direct Consumer
2026-03-29,5838.83,Sales Revenue,Azure Utilities,SmallBiz Inc
2026-01-27,7361.44,Rent,Global Office Ltd,Retail Giant A
2026-01-25,8623.73,Tax Provision,TechLogistics Corp,SmallBiz Inc
2026-01-20,7791.38,Rent,Global Office Ltd,SmallBiz Inc
2026-01-15,5866.34,Professional Fees,Azure Utilities,Retail Giant A
2026-02-16,8501.18,Tax Provision,Azure Utilities,Retail Giant A
2026-01-28,4188.34,Inventory,Global Office Ltd,Direct Consumer
2026-01-07,8408.34,Inventory,Prime Consulting,Direct Consumer
2026-03-27,8840.56,Inventory,Global Office Ltd,Public Sector Dept
2026-03-22,10150.08,Tax Provision,Global Office Ltd,Public Sector Dept
2026-02-21,7586.41,Tax Provision,TechLogistics Corp,Public Sector Dept
2026-03-04,7171.64,Professional Fees,Global Office Ltd,Direct Consumer
2026-03-19,6337.17,Rent,Global Office Ltd,Retail Giant A
2026-03-02,8033.72,Rent,Global Office Ltd,Retail Giant A
2026-01-03,7328.22,Rent,TechLogistics Corp,SmallBiz Inc
2026-03-10,4639.41,Rent,Azure Utilities,Direct Consumer
2026-03-14,5582.38,Sales Revenue,Global Office Ltd,SmallBiz Inc
2026-03-21,6240.38,Tax Provision,TechLogistics Corp,Direct Consumer
2026-02-04,7896.04,Tax Provision,Prime Consulting,Retail Giant A
2026-01-26,3275.35,Tax Provision,Azure Utilities,Direct Consumer
2026-01-29,8044.48,Inventory,Global Office Ltd,Public Sector Dept
2026-03-19,5780.59,Tax Provision,Azure Utilities,Public Sector Dept
2026-02-19,8066.92,Tax Provision,Azure Utilities,Direct Consumer
2026-03-30,9560.69,Sales Revenue,Global Office Ltd,Direct Consumer
2026-02-26,9366.23,Professional Fees,TechLogistics Corp,SmallBiz Inc
2026-01-27,6808.56,Professional Fees,TechLogistics Corp,Public Sector Dept
2026-02-25,7378.56,Inventory,Global Office Ltd,SmallBiz Inc
2026-01-31,11174.69,Tax Provision,TechLogistics Corp,Retail Giant A
2026-01-27,6937.67,Inventory,TechLogistics Corp,Retail Giant A
2026-02-14,6692.74,Tax Provision,Global Office Ltd,SmallBiz Inc
2026-03-22,6042.75,Rent,Azure Utilities,SmallBiz Inc
2026-02-07,6746.79,Rent,TechLogistics Corp,Direct Consumer
2026-01-01,9661.92,Inventory,TechLogistics Corp,Public Sector Dept
2026-01-05,7302.43,Sales Revenue,Global Office Ltd,SmallBiz Inc
2026-02-13,4239.2,Rent,TechLogistics Corp,Retail Giant A
2026-03-26,7027.22,Tax Provision,Global Office Ltd,Retail Giant A
2026-03-05,6823.17,Rent,Azure Utilities,SmallBiz Inc
2026-03-21,9929.49,Sales Revenue,Azure Utilities,Direct Consumer
2026-02-12,7460.88,Rent,TechLogistics Corp,Retail Giant A
2026-02-15,9494.5,Professional Fees,TechLogistics Corp,Direct Consumer
2026-02-28,4994.07,Rent,Global Office Ltd,SmallBiz Inc
2026-03-13,10487.79,Rent,TechLogistics Corp,Direct Consumer
2026-01-25,10021.97,Tax Provision,TechLogistics Corp,Retail Giant A
2026-02-11,6595.42,Professional Fees,TechLogistics Corp,Direct Consumer
2026-03-15,9099.75,Inventory,Global Office Ltd,Public Sector Dept
2026-02-20,8902.56,Sales Revenue,Prime Consulting,Direct Consumer
2026-01-12,5210.86,Tax Provision,Global Office Ltd,Public Sector Dept
2026-01-04,9040.55,Sales Revenue,Global Office Ltd,SmallBiz Inc
2026-01-28,8761.13,Professional Fees,Azure Utilities,Retail Giant A
2026-02-23,7050.23,Tax Provision,Global Office Ltd,SmallBiz Inc
2026-03-31,11554.75,Sales Revenue,Azure Utilities,Public Sector Dept
2026-01-13,8378.41,Sales Revenue,Prime Consulting,Retail Giant A
2026-03-23,9785.79,Tax Provision,Global Office Ltd,Public Sector Dept
2026-01-12,6173.48,Professional Fees,TechLogistics Corp,Direct Consumer
2026-03-19,7398.64,Inventory,Prime Consulting,SmallBiz Inc
2026-01-16,6508.04,Professional Fees,Global Office Ltd,SmallBiz Inc
2026-03-10,9925.51,Professional Fees,Azure Utilities,Retail Giant A
2026-01-15,9237.38,Inventory,Prime Consulting,Direct Consumer
2026-01-16,9526.95,Inventory,Prime Consulting,Retail Giant A
2026-01-07,10353.01,Rent,TechLogistics Corp,SmallBiz Inc
2026-02-26,7442.44,Rent,Global Office Ltd,SmallBiz Inc
2026-03-25,5772.56,Sales Revenue,TechLogistics Corp,SmallBiz Inc
2026-02-06,9461.95,Inventory,TechLogistics Corp,Direct Consumer
2026-01-19,7169.82,Inventory,Azure Utilities,Retail Giant A
2026-02-11,9324.62,Professional Fees,TechLogistics Corp,Retail Giant A
2026-01-24,8064.55,Rent,Global Office Ltd,Direct Consumer
2026-01-16,9824.29,Sales Revenue,Global Office Ltd,Retail Giant A
2026-03-31,6779.05,Inventory,TechLogistics Corp,Direct Consumer
2026-01-27,6087.66,Rent,Azure Utilities,Retail Giant A
2026-01-03,6870.78,Tax Provision,Azure Utilities,SmallBiz Inc
2026-01-08,7648.5,Professional Fees,TechLogistics Corp,Retail Giant A
2026-03-29,6066.43,Rent,Azure Utilities,Direct Consumer
2026-03-06,7577.47,Inventory,Global Office Ltd,Public Sector Dept
2026-01-27,9071.23,Professional Fees,Prime Consulting,SmallBiz Inc
2026-02-22,8067.2,Rent,TechLogistics Corp,Public Sector Dept
2026-02-22,10356.67,Professional Fees,TechLogistics Corp,Public Sector Dept
2026-02-13,5466.86,Rent,TechLogistics Corp,SmallBiz Inc
2026-01-14,10694.89,Professional Fees,Prime Consulting,SmallBiz Inc
2026-03-01,8632.11,Tax Provision,Azure Utilities,Retail Giant A
2026-03-16,11207.42,Sales Revenue,Azure Utilities,Public Sector Dept
2026-03-11,8153.59,Inventory,TechLogistics Corp,Direct Consumer
2026-01-25,8218.8,Inventory,TechLogistics Corp,Retail Giant A
2026-02-09,9564.63,Inventory,Prime Consulting,SmallBiz Inc
2026-03-10,7243.2,Inventory,Azure Utilities,Retail Giant A
2026-03-30,7468.7,Tax Provision,TechLogistics Corp,Public Sector Dept
2026-03-29,8259.55,Inventory,Prime Consulting,Public Sector Dept
2026-01-08,10550.58,Tax Provision,TechLogistics Corp,Public Sector Dept
2026-02-24,5653.68,Rent,TechLogistics Corp,Public Sector Dept
2026-03-31,9834.46,Tax Provision,Global Office Ltd,Retail Giant A
2026-01-16,10657.66,Rent,Global Office Ltd,Retail Giant A
2026-01-25,5813.9,Tax Provision,Azure Utilities,Retail Giant A
2026-01-17,7176.17,Inventory,Azure Utilities,Public Sector Dept
2026-02-28,6019.98,Tax Provision,TechLogistics Corp,Direct Consumer
2026-01-19,9275.33,Tax Provision,Prime Consulting,Public Sector Dept
2026-03-09,11186.17,Tax Provision,TechLogistics Corp,Public Sector Dept
2026-03-08,9315.94,Professional Fees,Prime Consulting,Public Sector Dept
2026-03-18,9842.68,Tax Provision,Global Office Ltd,Public Sector Dept
2026-01-21,7938.89,Inventory,TechLogistics Corp,Public Sector Dept
2026-02-14,6961.38,Inventory,TechLogistics Corp,SmallBiz Inc
2026-01-17,7664.34,Inventory,Prime Consulting,Retail Giant A
2026-02-12,8170.65,Sales Revenue,Prime Consulting,Retail Giant A
2026-02-05,8408.63,Tax Provision,Prime Consulting,Direct Consumer
2026-03-30,9655.42,Professional Fees,Prime Consulting,Public Sector Dept
2026-01-31,6349.44,Sales Revenue,TechLogistics Corp,Public Sector Dept
2026-03-13,6653.98,Inventory,Prime Consulting,Retail Giant A
2026-03-24,6907.73,Rent,Global Office Ltd,Direct Consumer
2026-01-04,6141.13,Rent,Global Office Ltd,Retail Giant A
2026-03-16,7472.22,Sales Revenue,Prime Consulting,Retail Giant A
2026-03-17,5552.3,Tax Provision,Prime Consulting,Public Sector Dept
2026-03-23,10192.8,Inventory,Prime Consulting,Direct Consumer
2026-03-20,10049.32,Inventory,TechLogistics Corp,Retail Giant A
2026-03-28,11288.65,Tax Provision,TechLogistics Corp,Public Sector Dept
2026-03-01,6667.73,Rent,Azure Utilities,Retail Giant A
2026-03-29,5003.02,Professional Fees,Prime Consulting,SmallBiz Inc
2026-01-25,7393.75,Tax Provision,Global Office Ltd,Public Sector Dept
2026-02-05,7519.66,Rent,TechLogistics Corp,Public Sector Dept
2026-01-27,8812.04,Tax Provision,Prime Consulting,SmallBiz Inc
2026-02-20,6802.3,Sales Revenue,Prime Consulting,Public Sector Dept
2026-01-01,6976.04,Tax Provision,TechLogistics Corp,Public Sector Dept
2026-03-18,6309.0,Rent,Prime Consulting,Retail Giant A
2026-01-01,6913.58,Rent,Azure Utilities,Direct Consumer
2026-03-05,9116.98,Tax Provision,Prime Consulting,Direct Consumer
2026-03-08,7564.45,Rent,TechLogistics Corp,SmallBiz Inc
2026-02-08,10360.67,Tax Provision,Global Office Ltd,Public Sector Dept
2026-03-01,7168.97,Professional Fees,Azure Utilities,Public Sector Dept
2026-03-16,8058.5,Rent,Azure Utilities,Public Sector Dept
2026-01-28,5517.89,Rent,TechLogistics Corp,Retail Giant A
2026-03-23,7081.95,Sales Revenue,Prime Consulting,Public Sector Dept
2026-01-02,5806.03,Professional Fees,Global Office Ltd,Retail Giant A
2026-03-08,8743.31,Professional Fees,Global Office Ltd,SmallBiz Inc
2026-03-16,10963.78,Rent,Azure Utilities,Retail Giant A
2026-03-06,11534.02,Tax Provision,TechLogistics Corp,Direct Consumer
2026-03-15,10445.7,Tax Provision,Global Office Ltd,Retail Giant A
2026-03-16,8344.74,Rent,Azure Utilities,Public Sector Dept
2026-03-17,5456.3,Inventory,Azure Utilities,Public Sector Dept
2026-02-11,6990.68,Rent,Global Office Ltd,Retail Giant A
2026-01-25,7701.96,Professional Fees,TechLogistics Corp,Public Sector Dept
2026-02-11,7427.31,Tax Provision,Global Office Ltd,Retail Giant A
2026-03-19,11349.46,Sales Revenue,Prime Consulting,Retail Giant A
2026-01-25,8879.74,Rent,Prime Consulting,Retail Giant A
2026-02-20,9344.85,Sales Revenue,Global Office Ltd,Direct Consumer
2026-03-21,7466.21,Inventory,Azure Utilities,Retail Giant A
2026-03-31,8562.4,Sales Revenue,Azure Utilities,Public Sector Dept
2026-03-22,6657.5,Rent,Prime Consulting,Retail Giant A
2026-01-24,9788.64,Inventory,TechLogistics Corp,Direct Consumer
2026-01-27,9232.87,Tax Provision,Azure Utilities,Retail Giant A
2026-03-13,7027.27,Professional Fees,TechLogistics Corp,Retail Giant A
2026-01-29,9789.9,Inventory,Global Office Ltd,Global Office Ltd
2026-02-16,8015.48,Professional Fees,Azure Utilities,Retail Giant A
2026-03-13,4217.64,Rent,Prime Consulting,Retail Giant A
2026-01-26,8921.26,Professional Fees,TechLogistics Corp,SmallBiz Inc
2026-02-24,9496.59,Rent,TechLogistics Corp,SmallBiz Inc
2026-03-25,6037.99,Inventory,Global Office Ltd,SmallBiz Inc
2026-03-06,10558.31,Rent,Global Office Ltd,Direct Consumer
2026-01-25,9011.61,Sales Revenue,Azure Utilities,Direct Consumer
2026-02-18,3306.34,Professional Fees,Azure Utilities,Direct Consumer
2026-01-30,8948.58,Sales Revenue,Prime Consulting,SmallBiz Inc
2026-03-03,5760.03,Professional Fees,Global Office Ltd,SmallBiz Inc
2026-01-15,8714.78,Inventory,Azure Utilities,Retail Giant A
2026-01-20,4247.03,Professional Fees,Global Office Ltd,Public Sector Dept
2026-03-31,10549.65,Rent,Prime Consulting,Retail Giant A
2026-02-14,5525.3,Tax Provision,Prime Consulting,Direct Consumer
2026-03-22,7813.95,Rent,Global Office Ltd,Retail Giant A
2026-02-20,6733.84,Sales Revenue,Prime Consulting,Retail Giant A
2026-03-18,6407.93,Tax Provision,Prime Consulting,Retail Giant A
2026-02-09,9340.12,Inventory,Azure Utilities,Public Sector Dept
2026-01-02,9400.83,Professional Fees,Global Office Ltd,Direct Consumer
2026-02-24,9612.21,Rent,TechLogistics Corp,SmallBiz Inc
2026-03-20,8989.73,Sales Revenue,Azure Utilities,Public Sector Dept
2026-03-04,8059.84,Inventory,Prime Consulting,Direct Consumer
2026-01-12,7518.53,Rent,Azure Utilities,Retail Giant A
2026-01-17,9520.93,Rent,Azure Utilities,SmallBiz Inc
2026-02-22,9229.63,Sales Revenue,Global Office Ltd,Retail Giant A
2026-02-28,4485.81,Tax Provision,Azure Utilities,Direct Consumer
2026-03-18,7189.3,Inventory,Azure Utilities,Retail Giant A
2026-01-02,9689.74,Professional Fees,Global Office Ltd,Direct Consumer
2026-02-14,9853.99,Sales Revenue,TechLogistics Corp,SmallBiz Inc
2026-01-22,10924.4,Professional Fees,Prime Consulting,Retail Giant A
2026-03-02,8054.38,Inventory,TechLogistics Corp,SmallBiz Inc
2026-02-10,9931.08,Professional Fees,Global Office Ltd,Public Sector Dept
2026-03-12,7167.95,Rent,Prime Consulting,Public Sector Dept
2026-01-25,8132.38,Rent,Prime Consulting,Retail Giant A
2026-02-28,7085.94,Professional Fees,TechLogistics Corp,Public Sector Dept
2026-03-26,6521.29,Professional Fees,Prime Consulting,Direct Consumer
2026-01-29,9142.07,Inventory,Prime Consulting,Retail Giant A
2026-01-25,8217.99,Professional Fees,Azure Utilities,Direct Consumer
2026-01-16,9217.12,Rent,Global Office Ltd,Direct Consumer
2026-03-05,10099.79,Rent,Azure Utilities,SmallBiz Inc
2026-02-14,10250.27,Professional Fees,TechLogistics Corp,Public Sector Dept
2026-03-24,9689.14,Sales Revenue,Prime Consulting,Public Sector Dept
2026-03-30,6459.91,Sales Revenue,TechLogistics Corp,Direct Consumer
2026-02-03,6918.24,Tax Provision,Azure Utilities,Retail Giant A
2026-03-14,10302.43,Inventory,Global Office Ltd,SmallBiz Inc
2026-02-03,9398.26,Professional Fees,Azure Utilities,Direct Consumer
2026-02-02,4440.92,Rent,Azure Utilities,SmallBiz Inc
2026-03-26,4161.43,Inventory,Global Office Ltd,Public Sector Dept
2026-01-06,7179.24,Inventory,Global Office Ltd,SmallBiz Inc
2026-01-07,7483.78,Tax Provision,Prime Consulting,SmallBiz Inc
2026-03-10,3026.32,Tax Provision,Azure Utilities,Public Sector Dept
2026-01-01,5110.25,Inventory,Azure Utilities,Direct Consumer
2026-02-12,2806.25,Sales Revenue,Global Office Ltd,Direct Consumer
2026-03-21,8544.36,Sales Revenue,Global Office Ltd,Public Sector Dept
2026-02-06,7674.4,Inventory,TechLogistics Corp,SmallBiz Inc
2026-01-31,7605.24,Inventory,Azure Utilities,Retail Giant A
2026-02-26,7440.77,Rent,Global Office Ltd,Retail Giant A
2026-03-11,9464.74,Tax Provision,Prime Consulting,SmallBiz Inc
2026-01-17,9242.2,Rent,Global Office Ltd,SmallBiz Inc
2026-01-09,8609.08,Inventory,Azure Utilities,Direct Consumer
2026-03-28,4222.32,Sales Revenue,TechLogistics Corp,SmallBiz Inc
2026-02-07,9505.15,Sales Revenue,Azure Utilities,Retail Giant A
2026-02-17,8723.57,Sales Revenue,Global Office Ltd,Direct Consumer
2026-03-11,11042.81,Sales Revenue,Prime Consulting,Public Sector Dept
2026-01-27,10989.24,Inventory,Azure Utilities,Direct Consumer
2026-03-25,9847.36,Professional Fees,Azure Utilities,SmallBiz Inc
2026-03-24,4415.08,Inventory,Global Office Ltd,SmallBiz Inc
2026-02-26,7734.74,Tax Provision,Azure Utilities,Retail Giant A
2026-02-16,6178.59,Inventory,Azure Utilities,Public Sector Dept
2026-01-07,6025.5,Professional Fees,Azure Utilities,Retail Giant A
2026-03-02,8071.71,Professional Fees,TechLogistics Corp,Public Sector Dept
2026-01-13,11503.73,Professional Fees,TechLogistics Corp,Retail Giant A
2026-03-21,10268.29,Rent,Azure Utilities,Public Sector Dept
2026-01-05,7590.72,Inventory,Global Office Ltd,Public Sector Dept
2026-01-20,6537.23,Inventory,Global Office Ltd,Retail Giant A
2026-01-31,10177.29,Rent,Prime Consulting,Retail Giant A
2026-03-25,8852.26,Sales Revenue,TechLogistics Corp,Retail Giant A
2026-01-01,9744.66,Professional Fees,Prime Consulting,Public Sector Dept
2026-03-11,6494.2,Sales Revenue,Prime Consulting,Public Sector Dept
2026-01-05,7613.31,Tax Provision,Azure Utilities,Retail Giant A
2026-03-19,8914.91,Professional Fees,Global Office Ltd,Direct Consumer
2026-01-11,6145.42,Tax Provision,Azure Utilities,SmallBiz Inc
2026-02-09,9813.47,Inventory,Global Office Ltd,Retail Giant A
2026-01-03,12060.5,Tax Provision,Prime Consulting,Direct Consumer
2026-01-07,1019.53,Inventory,TechLogistics Corp,Public Sector Dept
2026-03-30,6120.88,Rent,Azure Utilities,Retail Giant A
2026-03-15,6489.6,Inventory,Global Office Ltd,Retail Giant A
2026-01-15,12100.01,Rent,TechLogistics Corp,Retail Giant A
2026-01-01,6612.87,Professional Fees,Azure Utilities,SmallBiz Inc
2026-01-04,9602.63,Tax Provision,Global Office Ltd,Public Sector Dept
2026-03-10,7855.03,Tax Provision,TechLogistics Corp,SmallBiz Inc
2026-01-27,6226.3,Tax Provision,Azure Utilities,Retail Giant A
2026-02-20,7079.75,Rent,TechLogistics Corp,Direct Consumer
2026-01-28,7225.12,Inventory,Global Office Ltd,SmallBiz Inc
2026-01-20,6545.59,Tax Provision,Azure Utilities,Public Sector Dept
2026-01-15,6119.91,Rent,Global Office Ltd,Direct Consumer
2026-03-20,8328.6,Tax Provision,Prime Consulting,Direct Consumer
2026-03-05,4487.42,Inventory,Global Office Ltd,Retail Giant A
2026-03-30,7919.23,Inventory,Azure Utilities,Azure Utilities
2026-01-08,6732.33,Inventory,Azure Utilities,Direct Consumer
2026-02-15,6738.57,Tax Provision,Global Office Ltd,Retail Giant A
2026-03-17,10117.26,Tax Provision,TechLogistics Corp,Direct Consumer
2026-02-20,6756.45,Inventory,Prime Consulting,Retail Giant A
2026-02-26,9649.2,Tax Provision,Global Office Ltd,Direct Consumer
2026-01-31,4157.87,Professional Fees,Azure Utilities,Public Sector Dept
2026-01-26,6454.44,Inventory,Azure Utilities,SmallBiz Inc
2026-03-21,5007.39,Inventory,Prime Consulting,Public Sector Dept
2026-03-07,6999.79,Inventory,Global Office Ltd,Retail Giant A
2026-02-04,-6108.76,Rent,TechLogistics Corp,Public Sector Dept
2026-01-30,7947.15,Rent,Prime Consulting,Public Sector Dept
2026-01-10,8132.41,Professional Fees,TechLogistics Corp,Retail Giant A
2026-01-11,10881.13,Tax Provision,Global Office Ltd,Public Sector Dept
2026-02-24,7656.17,Tax Provision,Prime Consulting,Public Sector Dept
2026-01-30,5765.4,Rent,Prime Consulting,SmallBiz Inc
2026-02-15,7397.35,Rent,Prime Consulting,SmallBiz Inc
2026-03-16,7994.36,Sales Revenue,Global Office Ltd,Retail Giant A
2026-02-02,5175.78,Professional Fees,Prime Consulting,Public Sector Dept
2026-03-02,10194.16,Tax Provision,Global Office Ltd,Direct Consumer
2026-03-11,9401.81,Inventory,Global Office Ltd,Retail Giant A
2026-03-03,6505.73,Rent,Global Office Ltd,Public Sector Dept
2026-03-16,12160.96,Rent,Prime Consulting,SmallBiz Inc
2026-03-06,10622.89,Professional Fees,Prime Consulting,Public Sector Dept
2026-02-26,6462.12,Inventory,Global Office Ltd,Public Sector Dept
2026-01-05,6935.22,Sales Revenue,Azure Utilities,SmallBiz Inc
2026-03-05,6158.81,Tax Provision,Prime Consulting,Retail Giant A
2026-03-18,3862.17,Professional Fees,Global Office Ltd,Retail Giant A
2026-02-22,8434.31,Rent,Global Office Ltd,Direct Consumer
2026-01-06,8826.22,Inventory,Global Office Ltd,Direct Consumer
2026-03-01,5348.83,Tax Provision,TechLogistics Corp,SmallBiz Inc
2026-02-04,7282.22,Rent,Global Office Ltd,Retail Giant A
2026-02-19,9388.92,Professional Fees,Azure Utilities,SmallBiz Inc
2026-02-21,8051.07,Inventory,Prime Consulting,SmallBiz Inc
2026-03-28,9319.68,Professional Fees,TechLogistics Corp,Retail Giant A
2026-02-15,12865.59,Sales Revenue,Prime Consulting,Direct Consumer
2026-03-06,8992.28,Sales Revenue,Azure Utilities,Direct Consumer
2026-02-23,7691.75,Inventory,Prime Consulting,Retail Giant A
2026-03-16,5507.08,Sales Revenue,Prime Consulting,Direct Consumer
2026-03-09,8224.55,Professional Fees,Azure Utilities,SmallBiz Inc
2026-01-01,8284.04,Professional Fees,Global Office Ltd,SmallBiz Inc
2026-03-14,-8149.82,Rent,Global Office Ltd,SmallBiz Inc
2026-01-06,6973.2,Professional Fees,Global Office Ltd,Retail Giant A
2026-02-17,8654.84,Inventory,TechLogistics Corp,Direct Consumer
2026-01-09,7308.54,Inventory,Azure Utilities,Public Sector Dept
2026-02-25,8331.41,Sales Revenue,Global Office Ltd,SmallBiz Inc
2026-03-14,4892.19,Rent,TechLogistics Corp,SmallBiz Inc
2026-03-22,14257.0,Inventory,Prime Consulting,SmallBiz Inc
2026-01-17,7030.28,Rent,Azure Utilities,Public Sector Dept
2026-03-10,5312.31,Sales Revenue,Prime Consulting,Direct Consumer
2026-03-19,9337.21,Inventory,Azure Utilities,SmallBiz Inc
2026-03-25,10796.88,Professional Fees,Azure Utilities,Direct Consumer
2026-02-05,6850.68,Inventory,TechLogistics Corp,Retail Giant A
2026-03-10,6023.92,Professional Fees,Azure Utilities,Retail Giant A
2026-02-28,4024.26,Rent,Global Office Ltd,SmallBiz Inc
2026-01-18,12272.3,Professional Fees,Prime Consulting,SmallBiz Inc
2026-03-30,8654.16,Rent,Global Office Ltd,Retail Giant A
2026-01-07,5816.53,Inventory,Prime Consulting,Public Sector Dept
2026-02-20,4760.46,Sales Revenue,TechLogistics Corp,Direct Consumer
2026-02-08,7101.78,Professional Fees,Global Office Ltd,SmallBiz Inc
2026-03-12,6859.68,Tax Provision,TechLogistics Corp,Public Sector Dept
2026-03-03,5792.89,Inventory,Prime Consulting,SmallBiz Inc
2026-03-01,5583.81,Professional Fees,Global Office Ltd,SmallBiz Inc
2026-02-21,4219.3,Sales Revenue,Azure Utilities,Direct Consumer
2026-01-13,9093.85,Rent,Global Office Ltd,SmallBiz Inc
2026-01-16,8846.93,Sales Revenue,Global Office Ltd,Retail Giant A
2026-02-08,5428.87,Rent,Prime Consulting,Public Sector Dept
2026-02-17,8468.4,Professional Fees,Prime Consulting,Retail Giant A
2026-02-08,7368.43,Professional Fees,Prime Consulting,Public Sector Dept
2026-01-26,7430.01,Sales Revenue,TechLogistics Corp,SmallBiz Inc
2026-02-20,8896.96,Tax Provision,Global Office Ltd,Retail Giant A
2026-02-12,7383.42,Professional Fees,Azure Utilities,SmallBiz Inc
2026-01-20,11416.33,Inventory,TechLogistics Corp,Direct Consumer
2026-03-31,7690.63,Rent,TechLogistics Corp,Public Sector Dept
2026-01-01,7071.7,Rent,Prime Consulting,Retail Giant A
2026-03-05,10130.19,Inventory,Prime Consulting,Direct Consumer
2026-02-28,5649.68,Tax Provision,Prime Consulting,Public Sector Dept
2026-02-22,6561.41,Sales Revenue,Prime Consulting,Direct Consumer
2026-01-13,8229.88,Sales Revenue,Global Office Ltd,Public Sector Dept
2026-03-05,6014.56,Inventory,Global Office Ltd,SmallBiz Inc
2026-01-12,9177.42,Inventory,TechLogistics Corp,Retail Giant A
2026-02-04,10825.88,Rent,Prime Consulting,Public Sector Dept
2026-01-13,8163.38,Rent,Prime Consulting,SmallBiz Inc
2026-02-04,7851.38,Professional Fees,Prime Consulting,SmallBiz Inc
2026-01-21,7166.28,Sales Revenue,Prime Consulting,SmallBiz Inc
2026-01-09,9387.93,Tax Provision,Azure Utilities,SmallBiz Inc
2026-02-21,7498.16,Professional Fees,Prime Consulting,Public Sector Dept
2026-03-24,9777.59,Inventory,Global Office Ltd,Retail Giant A
2026-03-06,4024.63,Professional Fees,Prime Consulting,SmallBiz Inc
2026-03-12,6715.03,Professional Fees,TechLogistics Corp,Public Sector Dept
2026-01-31,3559.22,Tax Provision,Azure Utilities,SmallBiz Inc
2026-03-05,5596.72,Inventory,Prime Consulting,Direct Consumer
2026-01-08,10236.65,Sales Revenue,Prime Consulting,Public Sector Dept
2026-01-15,7381.17,Sales Revenue,Azure Utilities,Direct Consumer
2026-03-29,7216.96,Professional Fees,Azure Utilities,Retail Giant A
2026-03-17,7416.96,Inventory,Prime Consulting,Retail Giant A
2026-02-10,7045.84,Professional Fees,Azure Utilities,Direct Consumer
2026-03-19,5759.73,Sales Revenue,Azure Utilities,Retail Giant A
2026-03-09,5448.04,Inventory,Prime Consulting,Retail Giant A
2026-02-24,9451.46,Tax Provision,Azure Utilities,SmallBiz Inc
2026-01-20,6367.61,Tax Provision,Azure Utilities,Direct Consumer
2026-03-24,7513.26,Rent,Prime Consulting,Public Sector Dept
2026-02-24,9311.28,Tax Provision,Prime Consulting,SmallBiz Inc
2026-01-23,8858.88,Tax Provision,TechLogistics Corp,Retail Giant A
2026-02-04,10385.24,Professional Fees,TechLogistics Corp,Public Sector Dept
2026-03-12,6921.27,Sales Revenue,Prime Consulting,Direct Consumer
2026-01-31,7385.61,Tax Provision,Azure Utilities,SmallBiz Inc
2026-01-30,11954.37,Sales Revenue,TechLogistics Corp,Direct Consumer
2026-01-06,5400.25,Rent,TechLogistics Corp,SmallBiz Inc
2026-01-21,7836.74,Rent,Global Office Ltd,Direct Consumer
2026-01-11,5085.2,Professional Fees,Global Office Ltd,Direct Consumer
2026-03-24,8226.23,Inventory,Global Office Ltd,SmallBiz Inc
2026-01-08,7166.28,Tax Provision,Prime Consulting,Public Sector Dept
2026-02-05,6010.46,Tax Provision,TechLogistics Corp,Direct Consumer
2026-03-25,4911.18,Rent,Prime Consulting,Public Sector Dept
2026-02-24,7054.71,Inventory,TechLogistics Corp,SmallBiz Inc
2026-03-22,7836.34,Rent,Prime Consulting,SmallBiz Inc
2026-03-12,7706.2,Sales Revenue,TechLogistics Corp,SmallBiz Inc
2026-02-10,6361.9,Sales Revenue,Azure Utilities,Direct Consumer
2026-01-05,8976.03,Tax Provision,Global Office Ltd,SmallBiz Inc
2026-01-20,9305.52,Tax Provision,Global Office Ltd,Public Sector Dept
2026-02-09,8775.05,Rent,Azure Utilities,Public Sector Dept
2026-02-18,8698.0,Professional Fees,Global Office Ltd,Public Sector Dept
2026-03-27,11819.56,Tax Provision,TechLogistics Corp,SmallBiz Inc
2026-03-31,7229.69,Tax Provision,Global Office Ltd,Direct Consumer
2026-03-22,5008.99,Professional Fees,Azure Utilities,SmallBiz Inc
2026-02-25,10754.91,Tax Provision,Azure Utilities,Retail Giant A
2026-03-28,4586.92,Tax Provision,Global Office Ltd,Retail Giant A
2026-01-09,7692.87,Inventory,Global Office Ltd,Direct Consumer
2026-03-12,9759.79,Tax Provision,Prime Consulting,Direct Consumer
2026-03-30,10590.17,Inventory,Prime Consulting,Direct Consumer
2026-02-16,9302.73,Sales Revenue,Global Office Ltd,Direct Consumer
2026-01-23,11314.17,Sales Revenue,TechLogistics Corp,SmallBiz Inc
2026-01-01,7446.55,Sales Revenue,TechLogistics Corp,Direct Consumer
2026-01-16,6723.69,Professional Fees,Global Office Ltd,Public Sector Dept
2026-02-25,10080.59,Sales Revenue,TechLogistics Corp,Public Sector Dept
2026-03-27,6581.68,Rent,Azure Utilities,SmallBiz Inc
2026-01-26,5716.83,Professional Fees,Global Office Ltd,Retail Giant A
2026-01-04,9231.63,Rent,Global Office Ltd,Public Sector Dept
2026-02-15,6755.58,Inventory,Azure Utilities,Direct Consumer
2026-03-13,7039.69,Inventory,TechLogistics Corp,Direct Consumer
2026-03-31,8459.6,Tax Provision,Prime Consulting,Public Sector Dept
2026-03-27,7761.06,Inventory,Azure Utilities,Retail Giant A
2026-01-31,9809.06,Sales Revenue,Azure Utilities,Retail Giant A
2026-02-04,6932.28,Rent,Azure Utilities,Azure Utilities
2026-03-15,10124.61,Professional Fees,Azure Utilities,Direct Consumer
2026-03-16,9651.46,Rent,TechLogistics Corp,Direct Consumer
2026-03-18,8430.55,Rent,Azure Utilities,Public Sector Dept
2026-03-21,9863.04,Tax Provision,Global Office Ltd,Direct Consumer
2026-01-21,6876.39,Inventory,Azure Utilities,SmallBiz Inc
2026-02-14,4895.04,Tax Provision,TechLogistics Corp,Direct Consumer
2026-01-30,9524.12,Sales Revenue,Azure Utilities,Direct Consumer
2026-01-31,7448.86,Sales Revenue,Azure Utilities,Retail Giant A
2026-02-08,8323.11,Professional Fees,Prime Consulting,Public Sector Dept
2026-01-08,5816.36,Sales Revenue,Azure Utilities,Public Sector Dept
2026-01-25,4771.13,Sales Revenue,Azure Utilities,Public Sector Dept
2026-03-20,7028.9,Tax Provision,Azure Utilities,SmallBiz Inc
2026-02-25,10113.32,Tax Provision,Azure Utilities,SmallBiz Inc
2026-02-17,5398.62,Professional Fees,Global Office Ltd,SmallBiz Inc
2026-01-15,6912.67,Sales Revenue,TechLogistics Corp,Direct Consumer
2026-01-05,5131.63,Tax Provision,TechLogistics Corp,Retail Giant A
2026-01-01,9718.73,Inventory,TechLogistics Corp,Direct Consumer
2026-03-21,5452.86,Tax Provision,Global Office Ltd,Public Sector Dept
2026-01-13,12617.47,Sales Revenue,Azure Utilities,Direct Consumer
2026-03-26,7955.29,Tax Provision,Global Office Ltd,SmallBiz Inc
2026-01-24,4166.77,Professional Fees,Azure Utilities,Direct Consumer
2026-03-04,4120.74,Tax Provision,Prime Consulting,SmallBiz Inc
2026-03-30,6400.84,Tax Provision,Global Office Ltd,SmallBiz Inc
2026-02-21,10156.38,Tax Provision,TechLogistics Corp,SmallBiz Inc
2026-03-04,10376.19,Rent,Global Office Ltd,Direct Consumer
2026-02-06,7107.25,Professional Fees,TechLogistics Corp,Direct Consumer
2026-01-23,8729.96,Tax Provision,Prime Consulting,Direct Consumer
2026-02-04,6896.17,Inventory,Global Office Ltd,Public Sector Dept
2026-01-16,7904.97,Rent,Azure Utilities,SmallBiz Inc
2026-02-22,8111.5,Professional Fees,Azure Utilities,SmallBiz Inc
2026-01-03,7116.9,Sales Revenue,Prime Consulting,SmallBiz Inc
2026-01-19,9583.42,Sales Revenue,TechLogistics Corp,Public Sector Dept
2026-01-16,9651.31,Professional Fees,Global Office Ltd,Public Sector Dept
2026-01-10,6461.63,Sales Revenue,Azure Utilities,Retail Giant A
2026-02-19,4490.89,Inventory,Global Office Ltd,Direct Consumer
2026-03-30,9181.51,Inventory,Prime Consulting,Direct Consumer
2026-03-16,8692.0,Rent,TechLogistics Corp,Direct Consumer
2026-02-25,7452.72,Sales Revenue,Azure Utilities,Direct Consumer
2026-01-07,9354.06,Inventory,TechLogistics Corp,Public Sector Dept
2026-01-25,11484.79,Professional Fees,Azure Utilities,Retail Giant A
2026-01-22,9488.73,Professional Fees,TechLogistics Corp,Public Sector Dept
2026-01-22,6434.4,Inventory,Prime Consulting,Public Sector Dept
2026-03-04,3405.66,Rent,Prime Consulting,SmallBiz Inc
2026-01-07,9974.96,Tax Provision,Global Office Ltd,Direct Consumer
2026-03-18,7789.76,Professional Fees,Azure Utilities,SmallBiz Inc
2026-03-11,7608.07,Tax Provision,Prime Consulting,SmallBiz Inc
2026-01-24,8173.24,Tax Provision,Azure Utilities,Public Sector Dept
2026-01-25,9390.17,Rent,TechLogistics Corp,Retail Giant A
2026-03-31,4880.28,Rent,TechLogistics Corp,Public Sector Dept
2026-01-02,4169.63,Sales Revenue,Global Office Ltd,Retail Giant A
2026-01-06,4937.65,Tax Provision,TechLogistics Corp,Retail Giant A
2026-03-13,5675.46,Rent,Azure Utilities,Direct Consumer
2026-03-14,5317.9,Inventory,Prime Consulting,Retail Giant A
2026-03-20,8439.99,Sales Revenue,TechLogistics Corp,Public Sector Dept
2026-03-14,9822.49,Rent,Global Office Ltd,Direct Consumer
2026-01-02,6668.22,Sales Revenue,Prime Consulting,Public Sector Dept
2026-01-23,7972.93,Tax Provision,TechLogistics Corp,Retail Giant A
2026-03-02,5604.0,Tax Provision,Azure Utilities,SmallBiz Inc
2026-02-12,5737.58,Tax Provision,Global Office Ltd,Direct Consumer
2026-03-12,7918.87,Sales Revenue,Prime Consulting,SmallBiz Inc
2026-01-14,10401.49,Rent,Prime Consulting,Direct Consumer
2026-02-01,5928.2,Tax Provision,Prime Consulting,Retail Giant A
2026-03-08,9853.22,Sales Revenue,Azure Utilities,Direct Consumer
2026-03-01,7542.99,Professional Fees,Azure Utilities,Public Sector Dept
2026-01-09,5707.95,Tax Provision,TechLogistics Corp,Public Sector Dept
2026-01-16,9626.44,Sales Revenue,Global Office Ltd,Global Office Ltd
2026-02-09,6830.51,Sales Revenue,Global Office Ltd,Public Sector Dept
2026-02-26,7756.52,Tax Provision,Global Office Ltd,Retail Giant A
2026-01-12,10435.59,Inventory,Global Office Ltd,Public Sector Dept
2026-02-21,6884.75,Rent,Prime Consulting,Direct Consumer
2026-01-31,7016.67,Sales Revenue,Prime Consulting,SmallBiz Inc
2026-02-23,9061.24,Sales Revenue,TechLogistics Corp,Public Sector Dept
2026-03-01,10307.69,Inventory,Azure Utilities,Direct Consumer
2026-02-24,8043.34,Professional Fees,TechLogistics Corp,Retail Giant A
2026-02-06,6114.66,Sales Revenue,TechLogistics Corp,Retail Giant A
2026-03-12,7185.7,Sales Revenue,Prime Consulting,Retail Giant A
2026-02-17,7762.4,Tax Provision,TechLogistics Corp,Retail Giant A
2026-03-12,7735.97,Inventory,Azure Utilities,Direct Consumer
2026-03-31,5439.8,Tax Provision,TechLogistics Corp,Direct Consumer
2026-01-01,8472.26,Rent,Prime Consulting,Retail Giant A
2026-03-30,8498.45,Inventory,Azure Utilities,SmallBiz Inc
2026-01-29,7509.14,Rent,Azure Utilities,Public Sector Dept
2026-02-12,7652.17,Tax Provision,Global Office Ltd,Public Sector Dept
2026-01-24,8882.46,Sales Revenue,Azure Utilities,Retail Giant A
2026-03-22,9959.16,Professional Fees,Global Office Ltd,Public Sector Dept
2026-03-01,13953.78,Tax Provision,Prime Consulting,Retail Giant A
2026-02-26,10935.04,Tax Provision,TechLogistics Corp,Retail Giant A
2026-01-25,6471.82,Tax Provision,Prime Consulting,SmallBiz Inc
2026-01-13,8445.42,Sales Revenue,Global Office Ltd,Direct Consumer
2026-03-05,10800.62,Professional Fees,Global Office Ltd,SmallBiz Inc
2026-02-21,10397.25,Professional Fees,TechLogistics Corp,SmallBiz Inc
2026-03-21,7434.65,Tax Provision,Azure Utilities,Retail Giant A
2026-01-28,4304.46,Tax Provision,TechLogistics Corp,SmallBiz Inc
2026-02-26,4130.94,Sales Revenue,TechLogistics Corp,Public Sector Dept
2026-02-01,7731.87,Inventory,Global Office Ltd,Public Sector Dept
2026-01-28,6494.01,Rent,TechLogistics Corp,Direct Consumer
2026-03-26,11383.01,Rent,Prime Consulting,SmallBiz Inc
2026-01-09,7615.15,Professional Fees,Global Office Ltd,Public Sector Dept
2026-03-09,8429.11,Sales Revenue,Global Office Ltd,Retail Giant A
2026-02-05,7929.08,Sales Revenue,TechLogistics Corp,SmallBiz Inc
2026-03-01,7216.0,Inventory,Global Office Ltd,Direct Consumer
2026-01-26,8592.37,Rent,Prime Consulting,Retail Giant A
2026-03-09,7560.74,Professional Fees,TechLogistics Corp,SmallBiz Inc
2026-03-30,8234.18,Professional Fees,TechLogistics Corp,SmallBiz Inc
2026-03-05,7256.06,Professional Fees,Prime Consulting,SmallBiz Inc
2026-03-14,7032.27,Rent,Prime Consulting,Direct Consumer
2026-03-30,8183.98,Sales Revenue,TechLogistics Corp,SmallBiz Inc
2026-01-09,8350.32,Tax Provision,Azure Utilities,Public Sector Dept
2026-02-27,11548.11,Inventory,Azure Utilities,Public Sector Dept
2026-01-01,7648.09,Sales Revenue,Prime Consulting,SmallBiz Inc
2026-01-13,6606.14,Inventory,Global Office Ltd,Retail Giant A
2026-02-06,7908.95,Professional Fees,TechLogistics Corp,SmallBiz Inc
2026-01-24,6499.68,Inventory,Azure Utilities,Direct Consumer
2026-03-13,4323.83,Professional Fees,Azure Utilities,SmallBiz Inc
2026-01-13,9899.38,Inventory,TechLogistics Corp,Public Sector Dept
2026-02-24,6537.18,Sales Revenue,Azure Utilities,Retail Giant A
2026-01-16,12184.95,Professional Fees,Prime Consulting,Direct Consumer
2026-02-03,9158.85,Professional Fees,Azure Utilities,Retail Giant A
2026-02-18,6002.25,Professional Fees,Global Office Ltd,Direct Consumer
2026-03-27,11322.85,Professional Fees,TechLogistics Corp,SmallBiz Inc
2026-01-02,7321.27,Inventory,Azure Utilities,Direct Consumer
2026-03-28,9627.43,Professional Fees,Azure Utilities,SmallBiz Inc
2026-01-09,6941.3,Inventory,Global Office Ltd,Direct Consumer
2026-01-14,10800.81,Rent,TechLogistics Corp,Direct Consumer
2026-01-07,9257.93,Inventory,TechLogistics Corp,Direct Consumer
2026-02-15,9385.25,Professional Fees,Prime Consulting,Public Sector Dept
2026-03-24,6391.41,Professional Fees,Global Office Ltd,Direct Consumer
2026-02-22,6528.43,Tax Provision,TechLogistics Corp,Retail Giant A
2026-03-23,6799.16,Inventory,Prime Consulting,Direct Consumer
2026-03-10,9782.3,Rent,Prime Consulting,Direct Consumer
2026-01-01,6257.5,Inventory,Azure Utilities,Retail Giant A
2026-02-04,6420.08,Rent,Azure Utilities,Direct Consumer
2026-01-23,10954.2,Tax Provision,TechLogistics Corp,Retail Giant A
2026-02-25,7804.45,Professional Fees,Global Office Ltd,SmallBiz Inc
2026-02-15,9550.93,Inventory,Global Office Ltd,Retail Giant A
2026-02-06,5991.89,Professional Fees,Global Office Ltd,Public Sector Dept
2026-03-10,13597.52,Inventory,Global Office Ltd,Public Sector Dept
2026-01-23,11632.84,Sales Revenue,TechLogistics Corp,SmallBiz Inc
2026-01-15,6104.24,Tax Provision,Azure Utilities,Public Sector Dept
2026-02-25,7217.7,Rent,Azure Utilities,SmallBiz Inc
2026-01-15,5616.31,Inventory,Global Office Ltd,Retail Giant A
2026-02-10,4330.2,Tax Provision,Global Office Ltd,Direct Consumer
2026-01-03,6621.44,Tax Provision,TechLogistics Corp,SmallBiz Inc
2026-02-21,9131.04,Sales Revenue,Prime Consulting,Retail Giant A
2026-03-19,6462.31,Professional Fees,Global Office Ltd,Public Sector Dept
2026-01-03,12786.73,Professional Fees,Global Office Ltd,Public Sector Dept
2026-03-21,10829.03,Rent,Global Office Ltd,Retail Giant A
2026-01-29,6876.92,Rent,Global Office Ltd,Retail Giant A
2026-02-23,5288.79,Rent,Prime Consulting,Public Sector Dept
2026-02-11,7229.37,Professional Fees,Global Office Ltd,Public Sector Dept
2026-02-19,9917.06,Sales Revenue,Prime Consulting,SmallBiz Inc
2026-03-05,6205.25,Rent,TechLogistics Corp,Direct Consumer
2026-01-20,11027.41,Inventory,Prime Consulting,Public Sector Dept
2026-03-01,7468.56,Professional Fees,Global Office Ltd,SmallBiz Inc
2026-03-13,12561.88,Sales Revenue,Azure Utilities,Public Sector Dept
2026-03-16,6564.6,Tax Provision,Prime Consulting,Direct Consumer
2026-03-04,7592.51,Sales Revenue,Prime Consulting,Direct Consumer
2026-03-12,6330.18,Professional Fees,Prime Consulting,Direct Consumer
2026-01-15,6954.23,Rent,TechLogistics Corp,Public Sector Dept
2026-02-15,9183.66,Tax Provision,Prime Consulting,Direct Consumer
2026-03-22,6902.92,Sales Revenue,Prime Consulting,Direct Consumer
2026-03-19,5817.64,Tax Provision,Global Office Ltd,Retail Giant A
2026-03-30,11478.31,Rent,Global Office Ltd,SmallBiz Inc
2026-03-17,10382.53,Inventory,TechLogistics Corp,Direct Consumer
2026-01-04,13293.06,Inventory,TechLogistics Corp,Public Sector Dept
2026-02-10,9222.45,Inventory,Global Office Ltd,Retail Giant A
2026-01-02,10894.91,Rent,Azure Utilities,Direct Consumer
2026-03-30,5354.96,Professional Fees,TechLogistics Corp,SmallBiz Inc
2026-01-07,5834.58,Tax Provision,Global Office Ltd,Direct Consumer
2026-03-17,8140.77,Tax Provision,Prime Consulting,SmallBiz Inc
2026-01-02,4633.35,Rent,TechLogistics Corp,Public Sector Dept
2026-02-07,3968.43,Inventory,Azure Utilities,SmallBiz Inc
2026-01-17,9479.53,Rent,Azure Utilities,Retail Giant A
2026-01-17,7750.73,Professional Fees,Global Office Ltd,SmallBiz Inc
2026-02-16,6775.18,Professional Fees,Azure Utilities,Public Sector Dept
2026-01-21,4808.23,Inventory,Prime Consulting,Direct Consumer
2026-02-03,5830.87,Rent,TechLogistics Corp,TechLogistics Corp
2026-01-22,9984.17,Inventory,TechLogistics Corp,Direct Consumer
2026-03-13,7626.54,Inventory,Global Office Ltd,Retail Giant A
2026-01-08,7104.92,Professional Fees,Global Office Ltd,SmallBiz Inc
2026-02-18,6416.43,Inventory,Azure Utilities,SmallBiz Inc
2026-03-06,8968.44,Sales Revenue,Azure Utilities,Retail Giant A
2026-02-09,5497.5,Rent,Prime Consulting,Direct Consumer
2026-01-06,7328.69,Sales Revenue,Prime Consulting,Direct Consumer
2026-03-13,9527.95,Professional Fees,Global Office Ltd,Public Sector Dept
2026-03-27,7847.76,Rent,TechLogistics Corp,Retail Giant A
2026-02-06,6473.38,Inventory,Prime Consulting,Retail Giant A
2026-02-01,3990.62,Rent,TechLogistics Corp,Retail Giant A
2026-01-04,7903.35,Sales Revenue,TechLogistics Corp,Retail Giant A
2026-02-24,7084.69,Sales Revenue,Prime Consulting,Retail Giant A
2026-01-13,6146.14,Sales Revenue,Global Office Ltd,SmallBiz Inc
2026-01-23,8758.66,Professional Fees,Global Office Ltd,Public Sector Dept
2026-01-12,8408.42,Tax Provision,TechLogistics Corp,SmallBiz Inc
2026-02-07,10692.71,Professional Fees,Prime Consulting,Public Sector Dept
2026-01-26,7640.85,Tax Provision,TechLogistics Corp,SmallBiz Inc
2026-01-12,6717.12,Sales Revenue,Global Office Ltd,Public Sector Dept
2026-02-05,6268.51,Inventory,Global Office Ltd,Public Sector Dept
2026-01-11,11485.04,Rent,Azure Utilities,SmallBiz Inc
2026-03-09,7543.47,Inventory,TechLogistics Corp,SmallBiz Inc
2026-01-04,7066.9,Inventory,TechLogistics Corp,Direct Consumer
2026-01-08,8810.38,Sales Revenue,TechLogistics Corp,Public Sector Dept
2026-01-15,7140.51,Inventory,TechLogistics Corp,Direct Consumer
2026-01-10,7932.5,Inventory,TechLogistics Corp,Direct Consumer
2026-02-03,13848.27,Sales Revenue,Azure Utilities,Public Sector Dept
2026-03-18,4085.23,Inventory,Global Office Ltd,Retail Giant A
2026-01-16,12719.98,Inventory,Prime Consulting,SmallBiz Inc
2026-02-26,6925.82,Sales Revenue,Prime Consulting,Direct Consumer
2026-01-07,7253.75,Professional Fees,Azure Utilities,Direct Consumer
2026-01-20,5799.59,Sales Revenue,Global Office Ltd,Public Sector Dept
2026-02-09,8690.61,Inventory,Prime Consulting,SmallBiz Inc
2026-01-01,7537.23,Rent,Azure Utilities,SmallBiz Inc
2026-02-11,7602.57,Inventory,Global Office Ltd,SmallBiz Inc
2026-01-06,6848.72,Professional Fees,Global Office Ltd,Public Sector Dept
2026-02-28,7473.1,Tax Provision,TechLogistics Corp,Public Sector Dept
2026-03-21,4861.28,Tax Provision,Global Office Ltd,SmallBiz Inc
2026-02-18,10503.05,Inventory,TechLogistics Corp,Public Sector Dept
2026-01-22,11986.87,Tax Provision,Global Office Ltd,Retail Giant A
2026-01-26,6772.32,Rent,Prime Consulting,Direct Consumer
2026-03-30,10802.02,Inventory,Global Office Ltd,Retail Giant A
2026-01-18,3685.36,Rent,Azure Utilities,Direct Consumer
2026-03-09,8707.7,Rent,Global Office Ltd,Public Sector Dept
2026-03-07,10595.83,Rent,Global Office Ltd,Public Sector Dept
2026-02-18,7232.32,Rent,Azure Utilities,SmallBiz Inc
2026-02-20,8432.11,Professional Fees,Prime Consulting,Direct Consumer
2026-01-15,8346.74,Tax Provision,TechLogistics Corp,Public Sector Dept
2026-02-09,7401.7,Sales Revenue,Prime Consulting,Public Sector Dept
2026-02-04,9716.26,Tax Provision,Global Office Ltd,Public Sector Dept
2026-02-02,10193.99,Tax Provision,TechLogistics Corp,Public Sector Dept
2026-01-22,6628.1,Rent,TechLogistics Corp,Public Sector Dept
2026-02-17,5875.57,Rent,TechLogistics Corp,Direct Consumer
2026-03-18,9472.23,Professional Fees,Global Office Ltd,Direct Consumer
2026-02-06,10365.93,Inventory,TechLogistics Corp,Public Sector Dept
2026-02-15,4109.62,Tax Provision,Azure Utilities,Direct Consumer
2026-02-20,7911.03,Rent,Prime Consulting,Direct Consumer
2026-03-24,9167.41,Sales Revenue,TechLogistics Corp,Retail Giant A
2026-03-27,7644.41,Inventory,Prime Consulting,SmallBiz Inc
2026-02-02,7345.92,Rent,TechLogistics Corp,Direct Consumer
2026-03-29,9229.41,Professional Fees,Azure Utilities,Retail Giant A
2026-02-25,7669.42,Rent,TechLogistics Corp,Retail Giant A
2026-01-18,5506.75,Rent,Prime Consulting,Public Sector Dept
2026-02-17,9903.65,Professional Fees,TechLogistics Corp,SmallBiz Inc
2026-01-03,7787.52,Inventory,TechLogistics Corp,Direct Consumer
2026-03-12,8966.85,Tax Provision,Azure Utilities,SmallBiz Inc
2026-01-19,5278.2,Sales Revenue,TechLogistics Corp,Public Sector Dept
2026-01-29,8866.67,Inventory,Azure Utilities,Direct Consumer
2026-01-08,9619.86,Rent,TechLogistics Corp,Public Sector Dept
2026-01-25,8603.82,Rent,Azure Utilities,Direct Consumer
2026-03-24,7772.94,Professional Fees,TechLogistics Corp,Direct Consumer
2026-03-07,10953.73,Rent,TechLogistics Corp,SmallBiz Inc
2026-01-05,10426.67,Sales Revenue,Azure Utilities,SmallBiz Inc
2026-01-13,9735.56,Professional Fees,TechLogistics Corp,Direct Consumer
2026-02-20,6169.46,Rent,TechLogistics Corp,Retail Giant A
2026-02-21,7490.97,Inventory,Azure Utilities,Public Sector Dept
2026-01-14,10049.28,Tax Provision,TechLogistics Corp,Direct Consumer
2026-03-06,4368.89,Professional Fees,TechLogistics Corp,Retail Giant A
2026-02-28,7673.87,Sales Revenue,Azure Utilities,Direct Consumer
2026-03-17,10335.6,Professional Fees,Azure Utilities,Direct Consumer
2026-01-19,12204.25,Professional Fees,Azure Utilities,SmallBiz Inc
2026-02-04,10241.62,Rent,Azure Utilities,SmallBiz Inc
2026-03-20,10237.08,Professional Fees,Prime Consulting,Retail Giant A
2026-01-26,5246.39,Inventory,Global Office Ltd,Direct Consumer
2026-02-28,9943.74,Rent,Azure Utilities,Azure Utilities
2026-03-09,8680.64,Rent,Prime Consulting,SmallBiz Inc
2026-01-09,4824.03,Inventory,Azure Utilities,Retail Giant A
2026-01-11,5422.43,Rent,Prime Consulting,Direct Consumer
2026-03-15,9738.82,Sales Revenue,TechLogistics Corp,Public Sector Dept
2026-01-07,6843.27,Tax Provision,Prime Consulting,Public Sector Dept
2026-03-02,10719.05,Rent,Global Office Ltd,Retail Giant A
2026-02-01,7537.53,Sales Revenue,Global Office Ltd,Retail Giant A
2026-01-30,6433.92,Rent,Prime Consulting,Direct Consumer
2026-02-01,8430.1,Tax Provision,Prime Consulting,Public Sector Dept
2026-03-16,5190.32,Sales Revenue,Prime Consulting,SmallBiz Inc
2026-02-06,4732.0,Rent,Azure Utilities,Direct Consumer
2026-02-18,9005.98,Inventory,Global Office Ltd,Retail Giant A
2026-03-11,10995.66,Rent,Global Office Ltd,Public Sector Dept
2026-01-23,6987.1,Sales Revenue,Prime Consulting,SmallBiz Inc
2026-03-21,8647.36,Professional Fees,Global Office Ltd,Public Sector Dept
2026-01-18,4308.61,Inventory,Azure Utilities,Direct Consumer
2026-02-12,7580.22,Rent,TechLogistics Corp,Retail Giant A
2026-02-09,6196.89,Rent,Global Office Ltd,Direct Consumer
2026-02-06,9396.2,Inventory,TechLogistics Corp,Public Sector Dept
2026-03-09,10011.48,Rent,Azure Utilities,Retail Giant A
2026-02-12,5488.17,Inventory,TechLogistics Corp,Direct Consumer
2026-02-07,8944.16,Professional Fees,Prime Consulting,Direct Consumer
2026-02-06,10557.13,Sales Revenue,Global Office Ltd,Direct Consumer
2026-02-07,7821.59,Tax Provision,Azure Utilities,Retail Giant A
2026-02-21,7242.86,Professional Fees,Global Office Ltd,Direct Consumer
2026-01-22,7512.15,Sales Revenue,Azure Utilities,Retail Giant A
2026-03-30,8519.47,Sales Revenue,Prime Consulting,Direct Consumer
2026-02-06,7511.34,Sales Revenue,Prime Consulting,Retail Giant A
2026-02-22,8346.12,Sales Revenue,Global Office Ltd,Public Sector Dept
2026-03-06,8673.3,Inventory,Azure Utilities,SmallBiz Inc
2026-02-13,9674.91,Sales Revenue,TechLogistics Corp,SmallBiz Inc
2026-02-24,8044.73,Tax Provision,Global Office Ltd,Retail Giant A
2026-01-31,8436.22,Sales Revenue,Global Office Ltd,Retail Giant A
2026-02-11,9208.73,Sales Revenue,TechLogistics Corp,Public Sector Dept
2026-01-07,11832.39,Professional Fees,Azure Utilities,Public Sector Dept
2026-02-17,7726.84,Professional Fees,Global Office Ltd,Public Sector Dept
2026-02-11,5887.01,Tax Provision,Azure Utilities,Direct Consumer
2026-02-09,5037.95,Inventory,Prime Consulting,Retail Giant A
2026-01-11,5564.16,Inventory,TechLogistics Corp,SmallBiz Inc
2026-02-03,3921.31,Sales Revenue,Azure Utilities,Retail Giant A
2026-01-27,8102.53,Rent,Global Office Ltd,Public Sector Dept
2026-01-27,7041.15,Tax Provision,Global Office Ltd,Direct Consumer
2026-03-04,10098.49,Inventory,Prime Consulting,SmallBiz Inc
2026-02-02,8995.68,Inventory,TechLogistics Corp,Public Sector Dept
2026-03-24,11542.28,Tax Provision,Prime Consulting,Direct Consumer
2026-03-14,10227.62,Sales Revenue,Global Office Ltd,Public Sector Dept
2026-01-17,6766.41,Rent,Azure Utilities,SmallBiz Inc
2026-03-06,5543.39,Inventory,Azure Utilities,Direct Consumer
2026-02-06,6253.35,Professional Fees,Azure Utilities,SmallBiz Inc
2026-02-04,4152.53,Tax Provision,Prime Consulting,Direct Consumer
2026-01-12,8172.26,Sales Revenue,Global Office Ltd,Direct Consumer
2026-03-05,7072.27,Sales Revenue,Global Office Ltd,Direct Consumer
2026-01-11,7580.21,Sales Revenue,Prime Consulting,SmallBiz Inc
2026-01-14,6934.89,Inventory,Global Office Ltd,SmallBiz Inc
2026-03-28,5131.0,Professional Fees,Prime Consulting,Retail Giant A
2026-02-21,7177.75,Rent,Azure Utilities,Public Sector Dept
2026-03-23,4985.88,Professional Fees,Azure Utilities,Public Sector Dept
2026-01-26,8740.82,Sales Revenue,Global Office Ltd,SmallBiz Inc
2026-02-28,9000.81,Rent,Azure Utilities,Direct Consumer
2026-01-18,9267.54,Inventory,Global Office Ltd,Retail Giant A
2026-03-21,8782.78,Rent,TechLogistics Corp,Direct Consumer
2026-02-19,11253.7,Professional Fees,TechLogistics Corp,SmallBiz Inc
2026-02-08,4588.11,Rent,Global Office Ltd,SmallBiz Inc
2026-02-19,5534.89,Sales Revenue,Global Office Ltd,Direct Consumer
2026-01-21,6384.11,Tax Provision,Azure Utilities,Direct Consumer
2026-01-17,7508.75,Tax Provision,Azure Utilities,Public Sector Dept
2026-03-11,4781.62,Professional Fees,TechLogistics Corp,SmallBiz Inc
2026-02-02,6383.97,Sales Revenue,Prime Consulting,Retail Giant A
2026-01-18,6252.75,Sales Revenue,Azure Utilities,SmallBiz Inc
2026-02-20,7350.61,Professional Fees,Global Office Ltd,Retail Giant A
2026-03-31,4773.33,Inventory,TechLogistics Corp,Retail Giant A
2026-03-02,11548.01,Sales Revenue,Azure Utilities,SmallBiz Inc
2026-01-17,6266.27,Tax Provision,Azure Utilities,SmallBiz Inc
2026-02-05,8984.18,Sales Revenue,Azure Utilities,Direct Consumer
2026-02-15,8095.06,Rent,Prime Consulting,Retail Giant A
2026-03-28,8579.9,Professional Fees,Global Office Ltd,SmallBiz Inc
2026-01-30,8029.5,Tax Provision,Global Office Ltd,Direct Consumer
2026-02-26,8692.87,Inventory,Prime Consulting,SmallBiz Inc
2026-03-19,5759.65,Tax Provision,TechLogistics Corp,SmallBiz Inc
2026-01-18,6786.37,Inventory,TechLogistics Corp,Public Sector Dept
2026-02-19,11741.74,Professional Fees,Prime Consulting,Retail Giant A
2026-02-12,7585.44,Sales Revenue,Global Office Ltd,Direct Consumer
2026-02-04,7631.51,Rent,TechLogistics Corp,SmallBiz Inc
2026-01-17,9895.84,Inventory,Global Office Ltd,Direct Consumer
2026-03-14,10005.58,Professional Fees,Prime Consulting,Direct Consumer
2026-02-02,5560.87,Professional Fees,Global Office Ltd,Public Sector Dept
2026-01-13,8463.68,Sales Revenue,Azure Utilities,Public Sector Dept
2026-02-17,10109.83,Rent,Azure Utilities,Public Sector Dept
2026-01-21,7948.76,Professional Fees,Global Office Ltd,Direct Consumer
2026-03-02,8816.22,Sales Revenue,Global Office Ltd,Direct Consumer
2026-01-24,5763.53,Sales Revenue,TechLogistics Corp,Retail Giant A
2026-03-01,5105.23,Rent,Prime Consulting,Public Sector Dept
2026-02-12,11016.37,Rent,Azure Utilities,Public Sector Dept
2026-02-21,7077.72,Professional Fees,TechLogistics Corp,Retail Giant A
2026-02-23,6235.34,Inventory,Azure Utilities,Direct Consumer
2026-02-17,6467.44,Inventory,Azure Utilities,Direct Consumer
2026-03-29,5831.72,Rent,Prime Consulting,Retail Giant A
2026-02-13,8615.1,Sales Revenue,Azure Utilities,Public Sector Dept
2026-02-26,9001.17,Rent,TechLogistics Corp,SmallBiz Inc
2026-02-03,8899.49,Inventory,TechLogistics Corp,Retail Giant A
2026-01-12,5811.37,Inventory,Prime Consulting,Public Sector Dept
2026-01-15,8424.94,Tax Provision,Global Office Ltd,Public Sector Dept
2026-03-04,9644.94,Rent,Prime Consulting,Retail Giant A
2026-03-03,6799.34,Tax Provision,TechLogistics Corp,Retail Giant A
2026-02-22,11302.5,Tax Provision,Global Office Ltd,SmallBiz Inc
2026-01-02,7023.67,Sales Revenue,Azure Utilities,Public Sector Dept
2026-03-26,9043.43,Inventory,Global Office Ltd,SmallBiz Inc
2026-02-22,9192.0,Sales Revenue,Azure Utilities,Direct Consumer
2026-01-27,6298.3,Professional Fees,Global Office Ltd,Public Sector Dept
2026-03-10,10925.66,Professional Fees,Azure Utilities,Public Sector Dept
2026-03-29,9164.2,Tax Provision,Global Office Ltd,SmallBiz Inc
2026-03-19,6529.72,Tax Provision,Azure Utilities,Direct Consumer
2026-03-14,4324.16,Inventory,TechLogistics Corp,SmallBiz Inc
2026-01-24,10769.18,Professional Fees,Azure Utilities,Direct Consumer
2026-01-06,10618.38,Inventory,Global Office Ltd,Direct Consumer
2026-01-17,8263.32,Tax Provision,Prime Consulting,Direct Consumer
2026-02-22,4332.93,Sales Revenue,Azure Utilities,Direct Consumer
2026-03-23,9080.91,Professional Fees,Global Office Ltd,Direct Consumer
2026-02-27,8061.43,Inventory,Global Office Ltd,Public Sector Dept
2026-03-26,8880.34,Rent,Global Office Ltd,Retail Giant A
2026-01-29,12493.46,Tax Provision,TechLogistics Corp,Retail Giant A
2026-01-02,8552.8,Professional Fees,Prime Consulting,Retail Giant A
2026-03-05,9991.24,Rent,Prime Consulting,SmallBiz Inc
2026-03-08,7782.81,Tax Provision,Prime Consulting,Direct Consumer
2026-02-27,7317.94,Sales Revenue,TechLogistics Corp,Public Sector Dept
2026-01-09,8558.03,Rent,Prime Consulting,Retail Giant A
2026-01-15,8070.33,Sales Revenue,Global Office Ltd,Public Sector Dept
2026-02-12,8945.0,Inventory,Prime Consulting,SmallBiz Inc
2026-01-06,5515.67,Tax Provision,Prime Consulting,SmallBiz Inc
2026-02-19,4501.87,Rent,Azure Utilities,Retail Giant A
2026-02-27,8846.22,Professional Fees,Global Office Ltd,Public Sector Dept
2026-01-16,7059.8,Sales Revenue,Azure Utilities,Public Sector Dept
2026-02-18,7990.61,Professional Fees,Azure Utilities,Retail Giant A
2026-02-24,9760.43,Inventory,Prime Consulting,Public Sector Dept
2026-01-17,5417.39,Professional Fees,Azure Utilities,Direct Consumer
2026-03-01,10433.55,Rent,Azure Utilities,Direct Consumer
2026-01-02,12415.11,Sales Revenue,TechLogistics Corp,Direct Consumer
2026-02-12,9369.1,Sales Revenue,Global Office Ltd,SmallBiz Inc
2026-03-02,6358.23,Tax Provision,Azure Utilities,Direct Consumer
2026-03-27,6904.47,Rent,Global Office Ltd,SmallBiz Inc
2026-02-03,4579.88,Rent,Prime Consulting,Public Sector Dept
2026-02-05,7396.94,Tax Provision,Global Office Ltd,Retail Giant A
2026-02-25,8360.48,Rent,TechLogistics Corp,Retail Giant A
2026-03-21,4878.95,Inventory,Azure Utilities,Retail Giant A
2026-02-09,7526.34,Professional Fees,Prime Consulting,Retail Giant A
2026-03-28,6933.8,Professional Fees,Global Office Ltd,SmallBiz Inc
2026-01-09,5708.43,Sales Revenue,TechLogistics Corp,Direct Consumer
2026-03-21,5411.2,Sales Revenue,Azure Utilities,Retail Giant A
2026-02-07,2318.93,Tax Provision,Global Office Ltd,Public Sector Dept
2026-01-10,8280.46,Tax Provision,Azure Utilities,SmallBiz Inc
2026-01-18,7256.35,Tax Provision,TechLogistics Corp,Direct Consumer
2026-03-18,8647.05,Professional Fees,Azure Utilities,Retail Giant A
2026-02-28,5769.85,Rent,Prime Consulting,Retail Giant A
2026-02-10,10592.11,Rent,TechLogistics Corp,Direct Consumer
2026-01-03,6756.28,Rent,Global Office Ltd,Public Sector Dept
2026-02-20,8350.46,Professional Fees,Global Office Ltd,Retail Giant A
2026-03-11,10397.84,Tax Provision,Prime Consulting,Retail Giant A
2026-02-21,10398.37,Tax Provision,Prime Consulting,Direct Consumer
2026-03-30,12743.98,Sales Revenue,Azure Utilities,Public Sector Dept
2026-02-03,7929.06,Rent,Prime Consulting,Retail Giant A
2026-01-12,4251.86,Rent,Azure Utilities,Public Sector Dept
2026-01-31,11853.3,Tax Provision,Prime Consulting,Retail Giant A
2026-01-16,7859.52,Rent,Azure Utilities,Public Sector Dept
2026-01-17,4639.91,Tax Provision,TechLogistics Corp,SmallBiz Inc
2026-01-23,11483.81,Sales Revenue,Prime Consulting,Public Sector Dept
2026-02-11,6475.64,Tax Provision,Azure Utilities,Direct Consumer
2026-03-29,7642.99,Tax Provision,TechLogistics Corp,Direct Consumer
2026-03-15,7044.59,Professional Fees,Prime Consulting,SmallBiz Inc
2026-01-27,2853.31,Rent,Azure Utilities,SmallBiz Inc
2026-03-25,9679.66,Sales Revenue,TechLogistics Corp,Direct Consumer
2026-02-19,9597.98,Inventory,TechLogistics Corp,Public Sector Dept
2026-03-10,10352.38,Professional Fees,Prime Consulting,Public Sector Dept
2026-01-25,7355.09,Tax Provision,Global Office Ltd,Retail Giant A
2026-01-23,9098.12,Tax Provision,Azure Utilities,Retail Giant A
2026-01-07,9269.78,Rent,Global Office Ltd,Retail Giant A
2026-02-19,9253.89,Tax Provision,Global Office Ltd,SmallBiz Inc
2026-02-08,6887.29,Tax Provision,Global Office Ltd,Retail Giant A
2026-02-17,7315.62,Professional Fees,TechLogistics Corp,SmallBiz Inc
2026-02-15,11942.45,Sales Revenue,Global Office Ltd,SmallBiz Inc
2026-03-14,5499.34,Inventory,Azure Utilities,Direct Consumer
2026-03-27,4367.04,Inventory,TechLogistics Corp,Public Sector Dept
2026-03-28,8145.91,Sales Revenue,Global Office Ltd,Direct Consumer
2026-03-04,8492.89,Sales Revenue,Global Office Ltd,SmallBiz Inc
2026-02-24,8487.97,Professional Fees,Global Office Ltd,Retail Giant A
2026-03-24,7892.35,Professional Fees,Global Office Ltd,SmallBiz Inc
2026-01-18,9247.41,Sales Revenue,Global Office Ltd,SmallBiz Inc
2026-01-12,5231.42,Rent,Prime Consulting,Direct Consumer
2026-01-10,5827.04,Professional Fees,Global Office Ltd,Public Sector Dept
2026-01-18,7908.22,Rent,Global Office Ltd,Direct Consumer
2026-01-03,7842.46,Professional Fees,Prime Consulting,Direct Consumer
2026-02-28,5657.67,Rent,Azure Utilities,SmallBiz Inc
2026-01-15,3637.64,Inventory,Azure Utilities,Direct Consumer
2026-03-31,5455.41,Inventory,TechLogistics Corp,Public Sector Dept
2026-01-18,8238.11,Tax Provision,Global Office Ltd,Retail Giant A
2026-02-24,4604.08,Inventory,Prime Consulting,SmallBiz Inc
2026-01-01,6153.86,Professional Fees,Global Office Ltd,Direct Consumer
2026-01-16,14889.12,Sales Revenue,Global Office Ltd,Retail Giant A
2026-01-04,5887.29,Rent,TechLogistics Corp,TechLogistics Corp
2026-03-26,9523.88,Professional Fees,Prime Consulting,Direct Consumer
2026-02-03,9029.28,Sales Revenue,Prime Consulting,SmallBiz Inc
2026-02-21,7848.48,Inventory,Azure Utilities,Retail Giant A
2026-02-12,6400.07,Inventory,Prime Consulting,SmallBiz Inc
2026-02-28,6462.99,Rent,TechLogistics Corp,Public Sector Dept
2026-02-14,9120.56,Tax Provision,TechLogistics Corp,SmallBiz Inc
2026-02-12,7353.66,Tax Provision,Azure Utilities,Direct Consumer
2026-01-18,8636.27,Rent,TechLogistics Corp,Retail Giant A
2026-03-22,10194.87,Inventory,Global Office Ltd,Retail Giant A
2026-01-17,7819.03,Rent,TechLogistics Corp,Direct Consumer
2026-02-07,5805.85,Rent,Prime Consulting,SmallBiz Inc
2026-01-04,9882.0,Sales Revenue,TechLogistics Corp,Retail Giant A
2026-03-05,4809.69,Sales Revenue,TechLogistics Corp,Retail Giant A
2026-01-29,7020.41,Professional Fees,Prime Consulting,Direct Consumer
2026-01-01,5608.5,Professional Fees,Prime Consulting,SmallBiz Inc
2026-02-15,7400.68,Rent,TechLogistics Corp,Public Sector Dept
2026-01-12,6814.64,Rent,Prime Consulting,SmallBiz Inc
2026-01-11,8560.14,Sales Revenue,Global Office Ltd,Global Office Ltd
2026-03-08,8010.72,Tax Provision,TechLogistics Corp,Public Sector Dept
2026-03-22,8626.93,Inventory,Global Office Ltd,Retail Giant A
2026-03-14,6543.72,Tax Provision,Prime Consulting,Retail Giant A
2026-03-08,8863.05,Professional Fees,TechLogistics Corp,SmallBiz Inc
2026-03-01,9227.9,Sales Revenue,TechLogistics Corp,Direct Consumer
2026-02-25,6478.08,Professional Fees,Global Office Ltd,SmallBiz Inc
2026-03-27,6260.43,Tax Provision,Global Office Ltd,SmallBiz Inc
2026-03-02,6888.21,Professional Fees,Azure Utilities,SmallBiz Inc
2026-01-30,4924.93,Rent,Global Office Ltd,SmallBiz Inc
2026-03-21,8152.39,Professional Fees,TechLogistics Corp,Retail Giant A
2026-01-18,8544.6,Inventory,Azure Utilities,SmallBiz Inc
2026-01-24,6050.29,Rent,Global Office Ltd,Direct Consumer
2026-03-17,5169.11,Inventory,Azure Utilities,Public Sector Dept
2026-03-23,8619.5,Rent,Prime Consulting,Public Sector Dept
2026-01-23,9197.14,Rent,Prime Consulting,SmallBiz Inc
2026-02-20,9890.1,Sales Revenue,Prime Consulting,SmallBiz Inc
2026-03-15,6907.37,Sales Revenue,Azure Utilities,Public Sector Dept
2026-02-14,5373.45,Professional Fees,Azure Utilities,SmallBiz Inc
2026-01-05,9164.2,Rent,Global Office Ltd,Direct Consumer
2026-02-11,9954.56,Professional Fees,Global Office Ltd,SmallBiz Inc
2026-02-26,10814.45,Inventory,Azure Utilities,Direct Consumer
2026-03-25,7780.22,Rent,Azure Utilities,Retail Giant A
2026-01-08,6305.05,Sales Revenue,Prime Consulting,Retail Giant A
2026-01-05,5601.14,Tax Provision,Azure Utilities,Retail Giant A
2026-02-15,7609.41,Tax Provision,Prime Consulting,Retail Giant A
2026-01-15,7887.68,Rent,Azure Utilities,SmallBiz Inc
2026-01-27,10372.27,Sales Revenue,TechLogistics Corp,SmallBiz Inc
2026-03-15,5009.25,Inventory,Azure Utilities,SmallBiz Inc
2026-01-01,6443.43,Sales Revenue,TechLogistics Corp,Direct Consumer
2026-01-10,6774.19,Rent,Global Office Ltd,Public Sector Dept
2026-03-18,8003.57,Inventory,Azure Utilities,Direct Consumer
2026-02-14,7039.84,Tax Provision,Global Office Ltd,Direct Consumer
2026-02-03,7436.78,Tax Provision,Prime Consulting,SmallBiz Inc
2026-03-31,6618.62,Tax Provision,TechLogistics Corp,Retail Giant A
2026-01-31,10314.2,Professional Fees,Azure Utilities,Public Sector Dept
2026-02-04,8188.38,Tax Provision,Global Office Ltd,SmallBiz Inc
2026-02-14,8284.61,Rent,TechLogistics Corp,Direct Consumer
2026-03-22,6215.15,Professional Fees,Azure Utilities,SmallBiz Inc
2026-01-21,9002.13,Inventory,TechLogistics Corp,SmallBiz Inc
2026-01-23,12602.86,Inventory,TechLogistics Corp,Direct Consumer
2026-03-20,9446.3,Sales Revenue,Global Office Ltd,Public Sector Dept
2026-03-03,9423.37,Sales Revenue,TechLogistics Corp,Public Sector Dept
2026-02-05,4821.3,Rent,Azure Utilities,Retail Giant A
2026-03-19,9017.91,Sales Revenue,Azure Utilities,Public Sector Dept
2026-03-16,7787.91,Inventory,TechLogistics Corp,Public Sector Dept
2026-02-18,10637.9,Rent,TechLogistics Corp,Retail Giant A
2026-01-29,6889.66,Rent,Prime Consulting,SmallBiz Inc
2026-01-22,11500.84,Professional Fees,Azure Utilities,Direct Consumer
2026-03-22,9765.48,Inventory,Azure Utilities,Retail Giant A
2026-01-24,7910.16,Inventory,Prime Consulting,Public Sector Dept
2026-02-08,8245.62,Rent,Azure Utilities,Retail Giant A
2026-03-01,7932.61,Professional Fees,TechLogistics Corp,SmallBiz Inc
2026-03-21,7599.28,Professional Fees,Azure Utilities,Public Sector Dept
2026-01-08,7036.63,Tax Provision,Azure Utilities,Retail Giant A
2026-02-26,7252.14,Rent,TechLogistics Corp,Retail Giant A
2026-01-02,6345.71,Tax Provision,Prime Consulting,Public Sector Dept
2026-01-22,4834.44,Rent,TechLogistics Corp,SmallBiz Inc
2026-03-03,4458.71,Sales Revenue,Global Office Ltd,SmallBiz Inc
2026-01-16,5550.17,Rent,Global Office Ltd,Retail Giant A
2026-03-04,9308.13,Rent,Prime Consulting,SmallBiz Inc
2026-03-03,8850.33,Sales Revenue,Azure Utilities,Public Sector Dept
2026-01-13,4595.03,Inventory,TechLogistics Corp,Direct Consumer
2026-01-22,9011.91,Sales Revenue,Prime Consulting,Retail Giant A
2026-02-20,4847.14,Sales Revenue,Global Office Ltd,Retail Giant A
2026-02-08,5236.17,Professional Fees,Global Office Ltd,Public Sector Dept
2026-01-11,10953.88,Inventory,Global Office Ltd,Public Sector Dept
2026-01-25,7042.48,Inventory,Global Office Ltd,SmallBiz Inc
2026-03-03,8501.78,Sales Revenue,Prime Consulting,SmallBiz Inc
2026-01-21,6992.55,Tax Provision,Prime Consulting,SmallBiz Inc
2026-03-29,6488.3,Sales Revenue,Azure Utilities,Public Sector Dept
2026-01-29,5156.63,Inventory,Azure Utilities,Retail Giant A
2026-02-12,5197.1,Tax Provision,Global Office Ltd,SmallBiz Inc
2026-01-21,8540.46,Professional Fees,Azure Utilities,Retail Giant A
2026-03-29,8051.31,Tax Provision,Azure Utilities,Direct Consumer
2026-02-20,7450.39,Professional Fees,Prime Consulting,SmallBiz Inc
2026-03-15,8139.58,Sales Revenue,Prime Consulting,Public Sector Dept
2026-03-28,5725.93,Professional Fees,Global Office Ltd,SmallBiz Inc
2026-01-08,6131.96,Tax Provision,TechLogistics Corp,Retail Giant A
2026-02-20,8233.04,Tax Provision,Global Office Ltd,SmallBiz Inc
2026-02-04,8960.92,Professional Fees,TechLogistics Corp,Public Sector Dept
2026-02-04,7209.06,Rent,Global Office Ltd,SmallBiz Inc
2026-03-19,5547.15,Professional Fees,Azure Utilities,Retail Giant A
2026-03-10,5885.07,Tax Provision,Prime Consulting,Direct Consumer
2026-03-01,7788.64,Professional Fees,Global Office Ltd,Public Sector Dept
2026-02-19,7115.76,Sales Revenue,Azure Utilities,Retail Giant A
2026-01-09,7357.42,Tax Provision,Azure Utilities,SmallBiz Inc
2026-02-06,6826.17,Professional Fees,TechLogistics Corp,Direct Consumer
2026-03-26,7622.84,Sales Revenue,Prime Consulting,Retail Giant A
2026-03-01,9907.79,Sales Revenue,TechLogistics Corp,Public Sector Dept
2026-01-04,6908.04,Inventory,Global Office Ltd,Global Office Ltd
2026-02-01,8604.99,Inventory,TechLogistics Corp,SmallBiz Inc
2026-03-15,7347.85,Inventory,Prime Consulting,Retail Giant A
2026-01-27,8679.95,Inventory,Global Office Ltd,Direct Consumer
2026-01-23,6854.29,Sales Revenue,Azure Utilities,SmallBiz Inc
2026-01-19,5000.75,Rent,TechLogistics Corp,SmallBiz Inc
2026-02-11,8034.58,Rent,Global Office Ltd,Public Sector Dept
2026-02-14,6907.24,Sales Revenue,Global Office Ltd,SmallBiz Inc
2026-03-01,5422.12,Rent,Azure Utilities,Public Sector Dept
2026-01-09,7648.0,Professional Fees,TechLogistics Corp,Public Sector Dept
2026-01-21,9910.15,Professional Fees,Global Office Ltd,SmallBiz Inc
2026-01-04,7992.92,Sales Revenue,Prime Consulting,SmallBiz Inc
2026-02-04,7575.33,Sales Revenue,Prime Consulting,Retail Giant A
2026-01-23,8246.99,Tax Provision,TechLogistics Corp,Public Sector Dept
2026-03-09,8422.22,Tax Provision,TechLogistics Corp,SmallBiz Inc
2026-01-15,6400.86,Professional Fees,Prime Consulting,Public Sector Dept
2026-02-04,3659.9,Rent,Global Office Ltd,Direct Consumer
2026-01-29,6974.23,Inventory,Prime Consulting,Public Sector Dept
2026-01-19,6313.72,Inventory,Global Office Ltd,SmallBiz Inc
2026-02-22,5994.09,Sales Revenue,Prime Consulting,Public Sector Dept
2026-03-24,6266.35,Sales Revenue,Prime Consulting,SmallBiz Inc
2026-03-19,6695.7,Sales Revenue,TechLogistics Corp,Public Sector Dept
2026-02-26,9406.82,Sales Revenue,Prime Consulting,Public Sector Dept
2026-03-15,9689.26,Professional Fees,Azure Utilities,Retail Giant A
2026-02-01,7902.07,Professional Fees,Azure Utilities,Retail Giant A
2026-03-23,8939.54,Sales Revenue,Global Office Ltd,SmallBiz Inc
2026-01-24,9791.72,Rent,Prime Consulting,SmallBiz Inc
2026-02-25,10153.08,Rent,Prime Consulting,Direct Consumer
2026-02-28,7035.01,Tax Provision,Prime Consulting,Retail Giant A
2026-02-14,9180.52,Inventory,Global Office Ltd,SmallBiz Inc
2026-03-04,7394.42,Tax Provision,Global Office Ltd,SmallBiz Inc
2026-03-27,9162.66,Tax Provision,Global Office Ltd,Public Sector Dept
2026-02-23,6576.11,Rent,Azure Utilities,SmallBiz Inc
2026-03-22,10920.63,Tax Provision,Azure Utilities,Retail Giant A
2026-01-05,10252.65,Sales Revenue,TechLogistics Corp,Public Sector Dept
2026-03-26,11221.33,Rent,Global Office Ltd,Retail Giant A
2026-03-28,11666.53,Rent,Prime Consulting,Retail Giant A
2026-02-11,10550.12,Tax Provision,TechLogistics Corp,Retail Giant A
2026-01-13,8979.0,Inventory,Global Office Ltd,Direct Consumer
2026-01-06,8349.39,Professional Fees,Prime Consulting,Retail Giant A
2026-02-15,9025.32,Inventory,TechLogistics Corp,Retail Giant A
2026-03-21,5452.86,Tax Provision,Global Office Ltd,Public Sector Dept
2026-02-14,5789.6,Professional Fees,Global Office Ltd,Direct Consumer
2026-01-04,11740.32,Professional Fees,Global Office Ltd,Retail Giant A
2026-03-06,9286.63,Tax Provision,Prime Consulting,Retail Giant A
2026-02-13,9169.61,Inventory,Azure Utilities,SmallBiz Inc
2026-01-26,9250.36,Tax Provision,Global Office Ltd,Public Sector Dept
2026-02-02,5756.34,Sales Revenue,TechLogistics Corp,Retail Giant A
2026-01-29,5451.29,Sales Revenue,Global Office Ltd,SmallBiz Inc
2026-01-31,7023.26,Tax Provision,Global Office Ltd,Retail Giant A
2026-02-05,11800.55,Inventory,TechLogistics Corp,SmallBiz Inc
2026-03-12,6552.57,Professional Fees,Global Office Ltd,SmallBiz Inc
2026-03-20,8302.3,Sales Revenue,Prime Consulting,Public Sector Dept
2026-03-07,10728.49,Tax Provision,TechLogistics Corp,Retail Giant A
2026-01-31,9169.83,Rent,Prime Consulting,Public Sector Dept
2026-01-07,9328.29,Sales Revenue,TechLogistics Corp,Public Sector Dept
2026-03-29,9159.82,Rent,Prime Consulting,Public Sector Dept
2026-01-14,8050.84,Inventory,Prime Consulting,SmallBiz Inc
2026-03-30,8082.94,Inventory,Global Office Ltd,Public Sector Dept
2026-03-17,5848.52,Tax Provision,Azure Utilities,Retail Giant A
2026-01-11,8587.66,Sales Revenue,Azure Utilities,Retail Giant A
2026-01-26,7534.55,Rent,Prime Consulting,SmallBiz Inc
2026-02-24,7804.59,Inventory,Prime Consulting,Public Sector Dept
2026-03-03,8242.76,Sales Revenue,Azure Utilities,Direct Consumer
2026-01-09,7283.48,Tax Provision,Global Office Ltd,Direct Consumer
2026-02-28,5043.26,Inventory,Global Office Ltd,Public Sector Dept
2026-03-04,8267.83,Sales Revenue,Azure Utilities,SmallBiz Inc
2026-01-06,6896.51,Professional Fees,Azure Utilities,SmallBiz Inc
2026-01-03,10329.0,Professional Fees,Azure Utilities,Direct Consumer
2026-03-24,6482.05,Professional Fees,Azure Utilities,Retail Giant A
2026-01-04,11588.14,Rent,Azure Utilities,SmallBiz Inc
2026-03-19,4407.79,Tax Provision,TechLogistics Corp,Public Sector Dept
2026-02-24,8956.07,Rent,Azure Utilities,SmallBiz Inc
2026-01-26,9578.98,Tax Provision,Azure Utilities,Public Sector Dept
2026-02-09,4477.91,Sales Revenue,Global Office Ltd,Public Sector Dept
2026-01-14,11345.67,Sales Revenue,Global Office Ltd,Public Sector Dept
2026-03-06,4776.83,Inventory,Global Office Ltd,Retail Giant A
2026-03-31,7639.02,Sales Revenue,Global Office Ltd,SmallBiz Inc
2026-01-06,7728.12,Professional Fees,Prime Consulting,Direct Consumer
2026-03-26,10669.86,Rent,Prime Consulting,Direct Consumer
2026-01-10,6500.2,Sales Revenue,Azure Utilities,Direct Consumer
2026-02-22,11403.72,Inventory,TechLogistics Corp,Public Sector Dept
2026-03-16,9101.36,Tax Provision,Azure Utilities,Public Sector Dept
2026-03-04,9622.36,Professional Fees,TechLogistics Corp,Retail Giant A
2026-02-20,9024.19,Tax Provision,Global Office Ltd,Direct Consumer
2026-02-01,7446.19,Tax Provision,TechLogistics Corp,SmallBiz Inc
2026-01-30,6938.96,Tax Provision,TechLogistics Corp,TechLogistics Corp
2026-03-26,7008.19,Rent,Global Office Ltd,Public Sector Dept
2026-03-18,7192.88,Tax Provision,Global Office Ltd,SmallBiz Inc
2026-03-27,9499.14,Inventory,Global Office Ltd,Direct Consumer
2026-02-21,6554.71,Inventory,Global Office Ltd,Retail Giant A
2026-03-28,7142.97,Inventory,Prime Consulting,Public Sector Dept
2026-01-06,6649.07,Sales Revenue,Prime Consulting,Public Sector Dept
2026-02-14,8625.0,Professional Fees,Azure Utilities,SmallBiz Inc
2026-01-05,6417.17,Professional Fees,Prime Consulting,Public Sector Dept
2026-02-02,6179.5,Sales Revenue,Global Office Ltd,SmallBiz Inc
2026-02-24,9013.75,Inventory,Prime Consulting,Public Sector Dept
2026-03-19,12805.56,Tax Provision,Prime Consulting,Public Sector Dept
2026-02-08,8136.64,Inventory,TechLogistics Corp,Retail Giant A
2026-02-10,7862.24,Sales Revenue,Azure Utilities,Direct Consumer
2026-03-30,6515.94,Inventory,Prime Consulting,SmallBiz Inc
2026-03-18,8762.6,Tax Provision,TechLogistics Corp,Public Sector Dept
2026-01-30,4892.1,Tax Provision,Azure Utilities,Direct Consumer
2026-02-19,8226.35,Inventory,TechLogistics Corp,Direct Consumer
2026-01-27,6466.84,Rent,Azure Utilities,Public Sector Dept
2026-02-21,7935.16,Sales Revenue,TechLogistics Corp,SmallBiz Inc
2026-03-28,7096.1,Inventory,Global Office Ltd,Direct Consumer
2026-01-29,10872.76,Rent,Prime Consulting,Direct Consumer
2026-03-21,10498.12,Inventory,TechLogistics Corp,Public Sector Dept
2026-01-12,11517.93,Inventory,Prime Consulting,Retail Giant A
2026-03-23,6422.75,Rent,Global Office Ltd,Public Sector Dept
2026-01-25,7856.27,Professional Fees,TechLogistics Corp,SmallBiz Inc
2026-03-01,7170.12,Sales Revenue,Global Office Ltd,Retail Giant A
2026-03-21,6242.41,Tax Provision,Azure Utilities,Azure Utilities
2026-02-03,10182.94,Professional Fees,Azure Utilities,Public Sector Dept
2026-03-05,10183.85,Inventory,Prime Consulting,SmallBiz Inc
2026-02-18,5008.02,Professional Fees,Global Office Ltd,Public Sector Dept
2026-03-09,11364.93,Tax Provision,Global Office Ltd,Retail Giant A
2026-02-06,8706.62,Professional Fees,Prime Consulting,Direct Consumer
2026-01-15,6054.85,Rent,Prime Consulting,Retail Giant A
2026-01-10,8952.28,Tax Provision,Global Office Ltd,Direct Consumer
2026-03-30,9724.39,Rent,Global Office Ltd,SmallBiz Inc
2026-01-08,9788.62,Sales Revenue,TechLogistics Corp,Direct Consumer
2026-01-24,7721.67,Tax Provision,TechLogistics Corp,Direct Consumer
2026-01-26,8838.9,Professional Fees,TechLogistics Corp,Direct Consumer
2026-02-28,8002.16,Rent,Global Office Ltd,SmallBiz Inc
2026-01-26,9977.53,Inventory,Azure Utilities,Retail Giant A
2026-02-08,7921.31,Inventory,Global Office Ltd,SmallBiz Inc
2026-01-02,8427.54,Rent,Global Office Ltd,Direct Consumer
2026-03-27,8715.63,Rent,Global Office Ltd,Retail Giant A
2026-02-15,10212.37,Professional Fees,Global Office Ltd,SmallBiz Inc
2026-03-03,6585.73,Tax Provision,Azure Utilities,Direct Consumer
2026-03-14,6730.05,Tax Provision,Prime Consulting,Retail Giant A
2026-03-27,7281.57,Rent,Azure Utilities,SmallBiz Inc
2026-01-04,10493.05,Professional Fees,Prime Consulting,Public Sector Dept
2026-03-23,9369.88,Sales Revenue,Global Office Ltd,Public Sector Dept
2026-01-08,11415.83,Sales Revenue,TechLogistics Corp,Retail Giant A
2026-02-09,7444.68,Professional Fees,Prime Consulting,SmallBiz Inc
2026-01-28,7401.83,Inventory,Prime Consulting,Public Sector Dept
2026-01-01,11695.23,Rent,Global Office Ltd,Direct Consumer
2026-01-20,8009.21,Tax Provision,Azure Utilities,Retail Giant A
2026-02-27,12520.37,Professional Fees,Prime Consulting,SmallBiz Inc
2026-03-22,4040.42,Sales Revenue,Azure Utilities,Retail Giant A
2026-02-22,7209.07,Tax Provision,Global Office Ltd,SmallBiz Inc
2026-02-25,6325.44,Rent,TechLogistics Corp,Retail Giant A
2026-01-04,10674.86,Rent,Azure Utilities,Direct Consumer
2026-01-16,8434.36,Professional Fees,Azure Utilities,Retail Giant A
2026-03-17,5223.13,Professional Fees,TechLogistics Corp,Direct Consumer
2026-02-02,10127.31,Tax Provision,Azure Utilities,Public Sector Dept
2026-01-09,7505.85,Inventory,TechLogistics Corp,SmallBiz Inc
2026-02-16,7247.8,Rent,TechLogistics Corp,Direct Consumer
2026-01-29,7752.5,Sales Revenue,Azure Utilities,Public Sector Dept
2026-01-22,8150.89,Professional Fees,Azure Utilities,Direct Consumer
2026-02-13,9888.52,Inventory,Prime Consulting,Public Sector Dept
2026-03-28,9466.88,Rent,Prime Consulting,Direct Consumer
2026-03-25,5400.07,Sales Revenue,Azure Utilities,Retail Giant A
2026-03-16,5737.8,Sales Revenue,Prime Consulting,Public Sector Dept
2026-03-09,7848.72,Rent,Azure Utilities,Direct Consumer
2026-03-24,7870.53,Tax Provision,Global Office Ltd,SmallBiz Inc
2026-01-04,10426.27,Professional Fees,Global Office Ltd,SmallBiz Inc
2026-02-14,8455.28,Rent,TechLogistics Corp,SmallBiz Inc
2026-01-17,2388.01,Sales Revenue,Azure Utilities,Retail Giant A
2026-02-23,5468.7,Sales Revenue,Global Office Ltd,Public Sector Dept
2026-02-09,8407.11,Inventory,TechLogistics Corp,Public Sector Dept
2026-02-01,6894.28,Inventory,Global Office Ltd,Public Sector Dept
2026-01-06,8385.64,Rent,Azure Utilities,SmallBiz Inc
2026-03-12,8488.34,Tax Provision,Azure Utilities,Public Sector Dept
2026-03-20,8826.98,Inventory,TechLogistics Corp,SmallBiz Inc
2026-03-18,8647.09,Tax Provision,Azure Utilities,Direct Consumer
2026-03-15,10163.72,Professional Fees,Azure Utilities,Public Sector Dept
2026-03-05,6228.28,Professional Fees,Prime Consulting,Retail Giant A
2026-02-14,7384.87,Professional Fees,TechLogistics Corp,Public Sector Dept
2026-01-10,6904.25,Inventory,Azure Utilities,Public Sector Dept
2026-01-16,7593.36,Sales Revenue,Global Office Ltd,SmallBiz Inc
2026-03-19,7855.41,Rent,Azure Utilities,Direct Consumer
2026-01-15,6600.55,Professional Fees,Global Office Ltd,SmallBiz Inc
2026-02-17,11681.65,Inventory,Azure Utilities,SmallBiz Inc
2026-01-05,6670.03,Tax Provision,Global Office Ltd,Direct Consumer
2026-03-26,7690.0,Sales Revenue,Global Office Ltd,Direct Consumer
2026-01-30,9878.68,Inventory,Prime Consulting,Direct Consumer
2026-01-16,8091.3,Professional Fees,TechLogistics Corp,Direct Consumer
2026-03-30,6349.12,Inventory,Prime Consulting,Retail Giant A
2026-02-07,7735.58,Tax Provision,Azure Utilities,Public Sector Dept
2026-03-24,6737.17,Professional Fees,Global Office Ltd,Retail Giant A
2026-01-01,8124.3,Professional Fees,TechLogistics Corp,SmallBiz Inc
2026-02-22,10014.36,Professional Fees,Prime Consulting,Public Sector Dept
2026-01-17,6931.76,Rent,Azure Utilities,Retail Giant A
2026-01-21,11722.63,Inventory,Global Office Ltd,Retail Giant A
2026-03-29,6762.13,Professional Fees,Global Office Ltd,Direct Consumer
2026-03-24,11051.51,Sales Revenue,Azure Utilities,Retail Giant A
2026-01-30,9074.83,Sales Revenue,Prime Consulting,Public Sector Dept
2026-01-14,6058.28,Sales Revenue,Azure Utilities,Retail Giant A
2026-01-24,7980.51,Inventory,TechLogistics Corp,SmallBiz Inc
2026-03-17,8214.61,Rent,Azure Utilities,SmallBiz Inc
2026-01-24,5924.14,Professional Fees,Global Office Ltd,Public Sector Dept
2026-03-15,9790.86,Tax Provision,TechLogistics Corp,Public Sector Dept
2026-01-15,12725.2,Rent,Azure Utilities,Public Sector Dept
2026-03-01,8726.72,Inventory,Azure Utilities,Direct Consumer
2026-02-28,6482.4,Tax Provision,Azure Utilities,Direct Consumer
2026-03-16,10259.72,Inventory,Azure Utilities,Direct Consumer
2026-02-09,7161.0,Tax Provision,TechLogistics Corp,Retail Giant A
2026-02-21,8786.38,Professional Fees,TechLogistics Corp,Public Sector Dept
2026-03-04,9890.65,Rent,Prime Consulting,Direct Consumer
2026-03-04,10375.58,Rent,Global Office Ltd,Public Sector Dept
2026-02-25,6781.24,Inventory,TechLogistics Corp,Public Sector Dept
2026-02-08,9958.64,Tax Provision,Azure Utilities,Retail Giant A
2026-03-27,9432.42,Professional Fees,Global Office Ltd,SmallBiz Inc
2026-02-09,9997.82,Tax Provision,TechLogistics Corp,Retail Giant A
2026-01-29,9062.0,Tax Provision,Global Office Ltd,Direct Consumer
2026-02-15,10009.44,Rent,Azure Utilities,Public Sector Dept
2026-01-12,3397.92,Professional Fees,Prime Consulting,Retail Giant A
2026-02-28,7230.0,Tax Provision,Prime Consulting,Direct Consumer
2026-02-14,5499.1,Inventory,TechLogistics Corp,Direct Consumer
2026-03-28,9565.03,Rent,Azure Utilities,Retail Giant A
2026-02-21,2935.37,Professional Fees,TechLogistics Corp,SmallBiz Inc
2026-03-29,5988.98,Inventory,Azure Utilities,SmallBiz Inc
2026-03-29,11537.27,Tax Provision,Azure Utilities,Retail Giant A
2026-03-11,7568.69,Tax Provision,Global Office Ltd,Retail Giant A
2026-03-21,7803.28,Tax Provision,TechLogistics Corp,Public Sector Dept
2026-02-20,6663.1,Rent,Prime Consulting,Retail Giant A
2026-01-10,7484.6,Inventory,Prime Consulting,Public Sector Dept
2026-01-17,9900.29,Inventory,Prime Consulting,Direct Consumer
2026-01-18,9637.35,Inventory,Prime Consulting,SmallBiz Inc
2026-01-17,7312.3,Inventory,Global Office Ltd,SmallBiz Inc
2026-02-19,5498.97,Tax Provision,Prime Consulting,Direct Consumer
2026-02-10,8146.4,Inventory,Azure Utilities,Retail Giant A
2026-01-09,5974.68,Sales Revenue,TechLogistics Corp,Direct Consumer
2026-03-09,9583.44,Sales Revenue,Azure Utilities,Direct Consumer
2026-01-23,6856.39,Inventory,TechLogistics Corp,Public Sector Dept
2026-02-06,9243.99,Sales Revenue,TechLogistics Corp,Retail Giant A
2026-01-31,9675.82,Rent,Prime Consulting,Retail Giant A
2026-03-24,10020.76,Professional Fees,Azure Utilities,SmallBiz Inc
2026-03-04,-10176.11,Rent,Global Office Ltd,SmallBiz Inc
2026-03-28,9919.66,Professional Fees,TechLogistics Corp,Direct Consumer
2026-01-07,9378.9,Inventory,Azure Utilities,Retail Giant A
2026-03-18,7174.88,Rent,TechLogistics Corp,Retail Giant A
2026-01-06,8860.16,Sales Revenue,Azure Utilities,Direct Consumer
2026-01-09,10443.89,Sales Revenue,TechLogistics Corp,SmallBiz Inc
2026-01-27,8045.06,Inventory,TechLogistics Corp,Public Sector Dept
2026-01-08,9513.96,Rent,TechLogistics Corp,Public Sector Dept
2026-03-14,8966.18,Inventory,Azure Utilities,SmallBiz Inc
2026-02-04,12526.71,Rent,Azure Utilities,SmallBiz Inc
2026-01-16,6950.12,Professional Fees,TechLogistics Corp,Public Sector Dept
2026-02-20,11011.79,Inventory,Prime Consulting,Retail Giant A
2026-01-03,7178.37,Sales Revenue,Azure Utilities,Direct Consumer
2026-03-17,9639.87,Rent,Prime Consulting,Retail Giant A
2026-02-11,4537.69,Tax Provision,Global Office Ltd,Retail Giant A
2026-03-04,8978.61,Rent,Prime Consulting,SmallBiz Inc
2026-02-08,9351.84,Rent,Global Office Ltd,SmallBiz Inc
2026-02-26,7107.46,Inventory,Global Office Ltd,Direct Consumer
2026-01-30,5249.65,Sales Revenue,TechLogistics Corp,Direct Consumer
2026-02-03,10307.47,Inventory,TechLogistics Corp,Retail Giant A
2026-03-12,10450.16,Sales Revenue,Global Office Ltd,Direct Consumer
2026-01-28,8379.47,Sales Revenue,Global Office Ltd,SmallBiz Inc
2026-01-07,8441.2,Tax Provision,Prime Consulting,Public Sector Dept
2026-02-15,8271.36,Professional Fees,Prime Consulting,Retail Giant A
2026-02-27,6905.86,Sales Revenue,TechLogistics Corp,SmallBiz Inc
2026-02-01,6636.62,Professional Fees,TechLogistics Corp,Retail Giant A
2026-03-07,8421.66,Professional Fees,Azure Utilities,SmallBiz Inc
2026-03-04,9931.69,Sales Revenue,Global Office Ltd,Public Sector Dept
2026-01-09,7051.85,Tax Provision,Global Office Ltd,Retail Giant A
2026-03-28,6047.81,Rent,TechLogistics Corp,SmallBiz Inc
2026-02-05,9731.36,Sales Revenue,Global Office Ltd,Direct Consumer
2026-02-11,9925.09,Sales Revenue,Prime Consulting,Public Sector Dept
2026-02-03,10236.65,Inventory,Azure Utilities,Public Sector Dept
2026-02-13,14997.83,Rent,TechLogistics Corp,Public Sector Dept
2026-01-21,9502.42,Tax Provision,Azure Utilities,SmallBiz Inc
2026-01-09,6389.93,Rent,Global Office Ltd,SmallBiz Inc
2026-03-23,6156.34,Sales Revenue,Prime Consulting,Public Sector Dept
2026-03-29,9136.4,Rent,TechLogistics Corp,SmallBiz Inc
2026-03-11,8990.46,Inventory,Azure Utilities,Direct Consumer
2026-02-19,6574.85,Rent,Global Office Ltd,Retail Giant A
2026-02-05,6721.81,Rent,Global Office Ltd,SmallBiz Inc
2026-02-18,4972.28,Rent,Azure Utilities,Direct Consumer
2026-01-03,7132.29,Professional Fees,Global Office Ltd,Retail Giant A
2026-03-15,4911.52,Inventory,Prime Consulting,Public Sector Dept
2026-01-16,6798.21,Professional Fees,TechLogistics Corp,Retail Giant A
2026-02-23,8990.41,Professional Fees,Prime Consulting,Direct Consumer
2026-03-09,4633.26,Inventory,Azure Utilities,Retail Giant A
2026-01-02,8014.63,Rent,Prime Consulting,Direct Consumer
2026-02-06,8951.48,Sales Revenue,TechLogistics Corp,Public Sector Dept
2026-03-08,5361.1,Professional Fees,Global Office Ltd,SmallBiz Inc
2026-03-02,3210.25,Sales Revenue,Global Office Ltd,Direct Consumer
2026-02-07,8949.33,Rent,TechLogistics Corp,Public Sector Dept
2026-02-11,9323.58,Professional Fees,Prime Consulting,Public Sector Dept
2026-02-21,4993.41,Sales Revenue,TechLogistics Corp,Direct Consumer
2026-03-07,5341.75,Professional Fees,Prime Consulting,Retail Giant A
2026-02-07,6225.35,Inventory,Global Office Ltd,Retail Giant A
2026-03-07,7243.8,Sales Revenue,Global Office Ltd,Public Sector Dept
2026-03-11,11217.7,Sales Revenue,Global Office Ltd,Retail Giant A
2026-03-06,5814.78,Inventory,Prime Consulting,SmallBiz Inc
2026-03-04,5937.8,Professional Fees,Prime Consulting,Direct Consumer
2026-03-03,9339.67,Professional Fees,Global Office Ltd,Retail Giant A
2026-01-04,9278.54,Sales Revenue,Prime Consulting,Public Sector Dept
2026-01-05,6085.7,Sales Revenue,TechLogistics Corp,Retail Giant A
2026-02-26,5412.06,Sales Revenue,TechLogistics Corp,SmallBiz Inc
2026-03-25,12016.51,Rent,Global Office Ltd,Retail Giant A
2026-01-13,8966.47,Tax Provision,Azure Utilities,SmallBiz Inc
2026-01-08,9557.99,Tax Provision,TechLogistics Corp,Retail Giant A
2026-01-12,8530.52,Sales Revenue,TechLogistics Corp,SmallBiz Inc
2026-03-30,7984.39,Rent,TechLogistics Corp,Direct Consumer
2026-01-18,9717.19,Sales Revenue,Global Office Ltd,Public Sector Dept
2026-02-22,9342.2,Professional Fees,TechLogistics Corp,Direct Consumer
2026-02-25,7528.62,Tax Provision,TechLogistics Corp,Retail Giant A
2026-03-06,6058.16,Professional Fees,TechLogistics Corp,Direct Consumer
2026-02-04,8319.1,Sales Revenue,Azure Utilities,Public Sector Dept
2026-03-14,11339.53,Sales Revenue,TechLogistics Corp,Direct Consumer
2026-02-04,5590.52,Professional Fees,Global Office Ltd,Direct Consumer
2026-02-04,10420.38,Tax Provision,Global Office Ltd,Direct Consumer
2026-03-10,10583.83,Tax Provision,Azure Utilities,SmallBiz Inc
2026-01-19,8042.76,Inventory,TechLogistics Corp,Direct Consumer
2026-01-20,10169.67,Tax Provision,Azure Utilities,Public Sector Dept
2026-02-24,7885.46,Sales Revenue,Prime Consulting,SmallBiz Inc
2026-02-24,7131.17,Professional Fees,Global Office Ltd,SmallBiz Inc
2026-01-28,6115.94,Inventory,Prime Consulting,SmallBiz Inc
2026-03-06,9411.04,Professional Fees,Azure Utilities,Direct Consumer
2026-01-09,7666.05,Rent,Prime Consulting,Retail Giant A
2026-01-16,8181.4,Professional Fees,TechLogistics Corp,Retail Giant A
2026-03-05,7301.73,Professional Fees,Azure Utilities,Retail Giant A
2026-02-05,9808.9,Inventory,Prime Consulting,Direct Consumer
2026-01-06,6990.94,Tax Provision,TechLogistics Corp,Retail Giant A
2026-02-10,7420.74,Sales Revenue,TechLogistics Corp,Direct Consumer
2026-01-03,10289.13,Professional Fees,Global Office Ltd,Public Sector Dept
2026-02-15,6873.55,Rent,Global Office Ltd,Direct Consumer
2026-03-19,7298.3,Rent,Azure Utilities,Public Sector Dept
2026-03-27,5574.93,Rent,Prime Consulting,Direct Consumer
2026-03-02,8500.13,Professional Fees,TechLogistics Corp,Public Sector Dept
2026-02-21,6764.57,Sales Revenue,Prime Consulting,Public Sector Dept
2026-03-17,6604.92,Rent,TechLogistics Corp,Public Sector Dept
2026-01-22,6744.56,Sales Revenue,Prime Consulting,SmallBiz Inc
2026-03-10,7939.65,Professional Fees,Azure Utilities,Public Sector Dept
2026-03-21,8260.61,Tax Provision,Prime Consulting,Public Sector Dept
2026-02-14,8770.06,Inventory,TechLogistics Corp,Public Sector Dept
2026-03-18,7496.96,Inventory,Prime Consulting,SmallBiz Inc
2026-02-17,8402.08,Sales Revenue,Global Office Ltd,SmallBiz Inc
2026-03-27,8378.07,Rent,Global Office Ltd,Retail Giant A
2026-02-21,7389.97,Tax Provision,TechLogistics Corp,SmallBiz Inc
2026-02-08,8593.05,Rent,Prime Consulting,Public Sector Dept
2026-02-22,7451.57,Rent,Prime Consulting,SmallBiz Inc
2026-01-04,5373.65,Inventory,Azure Utilities,SmallBiz Inc
2026-01-25,7264.13,Professional Fees,TechLogistics Corp,Public Sector Dept
2026-02-22,7708.3,Inventory,Azure Utilities,Public Sector Dept
2026-03-20,9226.49,Inventory,Azure Utilities,Retail Giant A
2026-03-08,5708.78,Professional Fees,TechLogistics Corp,Retail Giant A
2026-03-15,7295.16,Rent,TechLogistics Corp,Retail Giant A
2026-01-29,7770.34,Sales Revenue,Prime Consulting,Retail Giant A
2026-01-19,6691.58,Tax Provision,Azure Utilities,Retail Giant A
2026-02-06,7950.96,Tax Provision,Prime Consulting,Public Sector Dept
2026-03-05,5293.5,Rent,Azure Utilities,Azure Utilities
2026-02-05,11347.17,Sales Revenue,TechLogistics Corp,Direct Consumer
2026-02-19,5431.27,Professional Fees,Global Office Ltd,Public Sector Dept
2026-02-02,7696.38,Tax Provision,Global Office Ltd,Public Sector Dept
2026-01-27,11737.21,Rent,Global Office Ltd,Public Sector Dept
2026-03-11,10079.32,Rent,Azure Utilities,SmallBiz Inc
2026-01-09,5285.99,Professional Fees,Prime Consulting,Direct Consumer
2026-01-13,8131.4,Rent,Global Office Ltd,Public Sector Dept
2026-03-10,8243.95,Rent,Prime Consulting,Retail Giant A
2026-02-04,9764.57,Rent,TechLogistics Corp,Direct Consumer
2026-01-15,8560.57,Inventory,TechLogistics Corp,SmallBiz Inc
2026-02-15,6271.08,Tax Provision,Prime Consulting,Public Sector Dept
2026-02-07,7315.26,Inventory,Global Office Ltd,SmallBiz Inc
2026-01-09,6154.13,Inventory,Global Office Ltd,Public Sector Dept
2026-01-01,6603.17,Professional Fees,Global Office Ltd,Retail Giant A
2026-03-02,8214.35,Rent,Global Office Ltd,SmallBiz Inc
2026-03-21,10131.23,Rent,Prime Consulting,SmallBiz Inc
2026-01-28,3447.32,Professional Fees,Azure Utilities,Public Sector Dept
2026-03-01,8883.05,Tax Provision,Azure Utilities,Retail Giant A
2026-03-12,9707.35,Sales Revenue,Prime Consulting,Retail Giant A
2026-03-23,7659.05,Inventory,TechLogistics Corp,Public Sector Dept
2026-03-16,8121.89,Sales Revenue,TechLogistics Corp,Public Sector Dept
2026-01-18,5953.82,Inventory,TechLogistics Corp,Direct Consumer
2026-03-20,9252.35,Rent,Prime Consulting,Retail Giant A
2026-02-24,10828.37,Tax Provision,Azure Utilities,SmallBiz Inc
2026-03-14,13437.04,Rent,Azure Utilities,SmallBiz Inc
2026-02-03,7190.1,Professional Fees,Prime Consulting,Retail Giant A
2026-01-06,10465.83,Professional Fees,TechLogistics Corp,Retail Giant A
2026-03-28,9036.17,Tax Provision,TechLogistics Corp,Retail Giant A
2026-03-13,8711.51,Tax Provision,TechLogistics Corp,Public Sector Dept
2026-03-05,7823.0,Professional Fees,TechLogistics Corp,Direct Consumer
2026-01-04,7676.45,Professional Fees,TechLogistics Corp,Direct Consumer
2026-01-31,9412.13,Rent,Azure Utilities,Public Sector Dept
2026-02-09,8986.61,Tax Provision,Azure Utilities,Retail Giant A
2026-01-30,6907.84,Rent,Azure Utilities,Retail Giant A
2026-02-16,10442.34,Professional Fees,Azure Utilities,Public Sector Dept
2026-03-13,8948.09,Professional Fees,Global Office Ltd,Direct Consumer
2026-03-07,9511.65,Tax Provision,Azure Utilities,Direct Consumer
2026-02-22,5309.49,Rent,TechLogistics Corp,Public Sector Dept
2026-01-19,2151.13,Tax Provision,Prime Consulting,Retail Giant A
2026-03-17,8614.28,Sales Revenue,Global Office Ltd,Public Sector Dept
2026-03-20,5010.46,Inventory,Prime Consulting,Public Sector Dept
2026-03-15,7072.34,Sales Revenue,Azure Utilities,Public Sector Dept
2026-03-16,7676.64,Tax Provision,Azure Utilities,Public Sector Dept
2026-03-09,11015.37,Tax Provision,TechLogistics Corp,Retail Giant A
2026-02-23,9606.82,Sales Revenue,Azure Utilities,Azure Utilities
2026-03-29,9253.09,Tax Provision,Global Office Ltd,Retail Giant A
2026-01-12,9322.17,Tax Provision,Global Office Ltd,Retail Giant A
2026-03-31,7473.9,Rent,Global Office Ltd,Direct Consumer
2026-01-30,6097.66,Sales Revenue,Global Office Ltd,Retail Giant A
2026-01-23,11406.87,Sales Revenue,TechLogistics Corp,Retail Giant A
2026-02-12,9701.24,Tax Provision,Global Office Ltd,Direct Consumer
2026-02-16,9630.06,Inventory,TechLogistics Corp,SmallBiz Inc
2026-03-24,6328.01,Rent,TechLogistics Corp,Direct Consumer
2026-03-06,7356.9,Sales Revenue,Prime Consulting,Public Sector Dept
2026-01-27,7866.31,Rent,Prime Consulting,Public Sector Dept
2026-01-04,11512.59,Tax Provision,Azure Utilities,Direct Consumer
2026-01-16,8843.12,Sales Revenue,Prime Consulting,SmallBiz Inc
2026-02-07,9296.65,Sales Revenue,Global Office Ltd,Public Sector Dept
2026-02-06,8097.29,Tax Provision,Prime Consulting,Retail Giant A
2026-01-14,7925.16,Rent,Global Office Ltd,Retail Giant A
2026-03-14,6621.92,Inventory,Global Office Ltd,SmallBiz Inc
2026-01-30,7192.06,Rent,Azure Utilities,SmallBiz Inc
2026-02-20,11905.83,Professional Fees,TechLogistics Corp,Public Sector Dept
2026-02-02,9344.38,Inventory,TechLogistics Corp,SmallBiz Inc
2026-01-20,6384.28,Tax Provision,Global Office Ltd,Global Office Ltd
2026-02-27,8348.43,Tax Provision,TechLogistics Corp,Direct Consumer
2026-02-25,7242.39,Inventory,Azure Utilities,Direct Consumer
2026-02-21,4698.45,Inventory,Global Office Ltd,Public Sector Dept
2026-03-20,8300.94,Inventory,Global Office Ltd,Retail Giant A
2026-01-23,-7297.21,Sales Revenue,Global Office Ltd,Public Sector Dept
2026-01-19,6310.14,Sales Revenue,TechLogistics Corp,Direct Consumer
2026-01-30,9661.95,Sales Revenue,Prime Consulting,SmallBiz Inc
2026-02-14,7542.47,Sales Revenue,Prime Consulting,Direct Consumer
2026-03-15,8697.66,Professional Fees,Global Office Ltd,Retail Giant A
2026-03-02,7662.93,Tax Provision,TechLogistics Corp,TechLogistics Corp
2026-03-29,11488.86,Sales Revenue,Global Office Ltd,Direct Consumer
2026-03-30,10219.6,Inventory,TechLogistics Corp,Public Sector Dept
2026-02-17,6061.71,Inventory,TechLogistics Corp,SmallBiz Inc
2026-01-31,6942.35,Professional Fees,Prime Consulting,SmallBiz Inc
2026-01-12,10079.3,Rent,Global Office Ltd,Public Sector Dept
2026-02-13,9578.78,Rent,TechLogistics Corp,Direct Consumer
2026-03-26,8672.58,Tax Provision,Prime Consulting,Direct Consumer
2026-01-29,8668.3,Tax Provision,Azure Utilities,Retail Giant A
2026-03-26,9692.18,Professional Fees,Prime Consulting,SmallBiz Inc
2026-01-22,8846.11,Professional Fees,TechLogistics Corp,SmallBiz Inc
2026-02-13,8107.2,Inventory,Azure Utilities,Public Sector Dept
2026-01-22,9291.39,Inventory,Global Office Ltd,Retail Giant A
2026-02-17,8317.41,Tax Provision,Global Office Ltd,Public Sector Dept
2026-01-26,5797.85,Tax Provision,Global Office Ltd,Retail Giant A
2026-01-30,8068.56,Professional Fees,TechLogistics Corp,Retail Giant A
2026-03-21,10917.8,Tax Provision,Azure Utilities,SmallBiz Inc
2026-03-23,5727.24,Inventory,TechLogistics Corp,Retail Giant A
2026-02-10,7777.61,Tax Provision,Azure Utilities,Retail Giant A
2026-03-15,6569.95,Rent,Azure Utilities,Direct Consumer
2026-02-25,10283.66,Sales Revenue,Azure Utilities,Direct Consumer
2026-02-09,9696.37,Professional Fees,Global Office Ltd,Retail Giant A
2026-01-07,7845.41,Professional Fees,Azure Utilities,SmallBiz Inc
2026-01-02,10713.71,Sales Revenue,Prime Consulting,Public Sector Dept
2026-02-12,7282.25,Professional Fees,TechLogistics Corp,Public Sector Dept
2026-03-02,11021.54,Tax Provision,Global Office Ltd,Retail Giant A
2026-02-28,6647.17,Sales Revenue,Azure Utilities,Direct Consumer
2026-02-18,3612.73,Sales Revenue,Global Office Ltd,SmallBiz Inc
2026-03-18,4428.27,Rent,TechLogistics Corp,Public Sector Dept
2026-01-27,8193.41,Rent,Azure Utilities,SmallBiz Inc
2026-03-02,7841.45,Sales Revenue,Prime Consulting,Direct Consumer
2026-02-13,7487.6,Tax Provision,TechLogistics Corp,Direct Consumer
2026-01-30,5799.02,Sales Revenue,Prime Consulting,SmallBiz Inc
2026-03-23,6910.92,Inventory,Prime Consulting,Retail Giant A
2026-02-01,9187.16,Tax Provision,TechLogistics Corp,Public Sector Dept
2026-01-15,7183.88,Tax Provision,TechLogistics Corp,Direct Consumer
2026-02-02,7282.72,Tax Provision,Global Office Ltd,Retail Giant A
2026-03-15,8394.6,Inventory,Azure Utilities,Direct Consumer
2026-03-25,10349.54,Inventory,Global Office Ltd,Direct Consumer
2026-01-14,3887.69,Inventory,Global Office Ltd,Retail Giant A
2026-01-06,7209.55,Inventory,Global Office Ltd,Direct Consumer
2026-02-01,7467.03,Inventory,Azure Utilities,SmallBiz Inc
2026-03-09,-4763.04,Professional Fees,Azure Utilities,SmallBiz Inc
2026-03-28,11176.74,Rent,Prime Consulting,Direct Consumer
2026-01-19,7754.72,Professional Fees,TechLogistics Corp,SmallBiz Inc
2026-01-27,8600.12,Sales Revenue,Global Office Ltd,SmallBiz Inc
2026-02-10,6179.35,Professional Fees,Global Office Ltd,Direct Consumer
2026-02-23,9657.32,Sales Revenue,Azure Utilities,Public Sector Dept
2026-01-14,-9721.78,Professional Fees,Global Office Ltd,Public Sector Dept
2026-02-23,8542.21,Professional Fees,Global Office Ltd,Global Office Ltd
2026-03-31,8385.74,Professional Fees,Azure Utilities,Public Sector Dept
2026-02-11,5005.29,Inventory,Azure Utilities,Public Sector Dept
2026-02-12,5550.54,Professional Fees,Global Office Ltd,Public Sector Dept
2026-01-10,10676.8,Professional Fees,Azure Utilities,Public Sector Dept
2026-03-02,7831.0,Sales Revenue,Azure Utilities,SmallBiz Inc
2026-03-09,7794.18,Tax Provision,TechLogistics Corp,Public Sector Dept
2026-02-26,11403.61,Inventory,Azure Utilities,Public Sector Dept
2026-02-02,8539.49,Rent,Prime Consulting,Retail Giant A
2026-02-25,6704.97,Professional Fees,Azure Utilities,Direct Consumer
2026-02-12,9751.81,Inventory,Prime Consulting,Direct Consumer
2026-01-05,6847.47,Rent,TechLogistics Corp,Direct Consumer
2026-02-21,9949.18,Sales Revenue,TechLogistics Corp,SmallBiz Inc
2026-02-07,9668.91,Sales Revenue,Prime Consulting,Public Sector Dept
2026-03-14,4649.0,Professional Fees,Prime Consulting,SmallBiz Inc
2026-02-17,10056.75,Inventory,Azure Utilities,Public Sector Dept
2026-01-13,10281.6,Professional Fees,Global Office Ltd,Direct Consumer
2026-02-24,9556.39,Sales Revenue,Azure Utilities,Retail Giant A
2026-01-07,8603.44,Sales Revenue,TechLogistics Corp,Public Sector Dept
2026-01-13,7858.9,Inventory,Prime Consulting,Public Sector Dept
2026-01-09,9674.11,Rent,TechLogistics Corp,Retail Giant A
2026-02-21,1808.14,Sales Revenue,Prime Consulting,Direct Consumer
2026-01-18,9354.64,Tax Provision,Azure Utilities,Public Sector Dept
2026-01-15,6577.16,Rent,Prime Consulting,SmallBiz Inc
2026-02-17,5564.04,Tax Provision,Azure Utilities,Direct Consumer
2026-01-11,7987.86,Inventory,TechLogistics Corp,SmallBiz Inc
2026-02-19,6895.16,Rent,TechLogistics Corp,Public Sector Dept
2026-02-26,7120.9,Sales Revenue,TechLogistics Corp,Retail Giant A
2026-01-07,7664.77,Professional Fees,Azure Utilities,Direct Consumer
2026-02-23,7611.36,Inventory,Global Office Ltd,SmallBiz Inc
2026-03-06,6710.93,Professional Fees,Prime Consulting,Direct Consumer
2026-02-27,6390.21,Professional Fees,TechLogistics Corp,Retail Giant A
2026-03-24,7447.05,Sales Revenue,Global Office Ltd,Retail Giant A
2026-03-06,6646.53,Inventory,Azure Utilities,Direct Consumer
2026-03-12,3008.17,Inventory,Prime Consulting,SmallBiz Inc
2026-01-11,8929.88,Tax Provision,TechLogistics Corp,SmallBiz Inc
2026-02-06,7966.87,Rent,TechLogistics Corp,SmallBiz Inc
2026-02-21,6256.36,Tax Provision,Azure Utilities,Public Sector Dept
2026-02-11,6248.99,Professional Fees,Prime Consulting,Public Sector Dept
2026-02-02,6124.49,Tax Provision,Prime Consulting,Public Sector Dept
2026-02-26,2445.16,Inventory,TechLogistics Corp,Retail Giant A
2026-03-02,5278.75,Rent,TechLogistics Corp,SmallBiz Inc
2026-03-28,8628.41,Tax Provision,Prime Consulting,Retail Giant A
2026-01-14,10912.24,Rent,TechLogistics Corp,SmallBiz Inc
2026-01-26,8440.37,Inventory,TechLogistics Corp,Direct Consumer
2026-03-06,6162.36,Professional Fees,TechLogistics Corp,Direct Consumer
2026-03-29,10123.65,Professional Fees,TechLogistics Corp,Public Sector Dept
2026-03-14,6985.96,Sales Revenue,Azure Utilities,SmallBiz Inc
2026-01-06,8609.53,Rent,Azure Utilities,SmallBiz Inc
2026-01-27,10126.38,Professional Fees,TechLogistics Corp,Retail Giant A
2026-01-21,3290.92,Sales Revenue,Prime Consulting,Retail Giant A
2026-03-06,9161.9,Professional Fees,TechLogistics Corp,Direct Consumer
2026-02-27,8458.85,Rent,Global Office Ltd,Retail Giant A
2026-03-26,5063.79,Professional Fees,Global Office Ltd,Public Sector Dept
2026-02-19,10725.34,Tax Provision,Global Office Ltd,Direct Consumer
2026-01-19,6180.14,Inventory,Prime Consulting,Public Sector Dept
2026-03-28,9485.62,Rent,Global Office Ltd,Direct Consumer
2026-03-20,8376.99,Professional Fees,Global Office Ltd,SmallBiz Inc
2026-01-27,3185.68,Professional Fees,Prime Consulting,Retail Giant A
2026-03-30,11379.9,Inventory,Global Office Ltd,SmallBiz Inc
2026-03-17,8055.77,Professional Fees,Azure Utilities,Public Sector Dept
2026-03-20,8654.64,Inventory,Prime Consulting,Direct Consumer
2026-02-20,9613.42,Rent,Azure Utilities,SmallBiz Inc
2026-02-06,4581.03,Inventory,Prime Consulting,Direct Consumer
2026-02-22,6135.47,Sales Revenue,Global Office Ltd,Direct Consumer
2026-02-23,9573.91,Tax Provision,TechLogistics Corp,Direct Consumer
2026-01-06,9348.12,Professional Fees,Global Office Ltd,Direct Consumer
2026-01-21,5871.44,Tax Provision,Global Office Ltd,SmallBiz Inc
2026-02-04,6485.57,Rent,Prime Consulting,SmallBiz Inc
2026-03-18,7198.79,Inventory,Prime Consulting,SmallBiz Inc
2026-01-19,8136.71,Sales Revenue,TechLogistics Corp,Direct Consumer
2026-02-18,7674.41,Tax Provision,Azure Utilities,SmallBiz Inc
2026-02-18,5746.96,Tax Provision,Prime Consulting,Direct Consumer
2026-02-28,8085.53,Professional Fees,Global Office Ltd,Direct Consumer
2026-01-18,8549.86,Tax Provision,TechLogistics Corp,Direct Consumer
2026-03-14,8400.06,Rent,Prime Consulting,Retail Giant A
2026-03-25,10694.65,Rent,TechLogistics Corp,Public Sector Dept
2026-03-16,7961.41,Rent,Prime Consulting,Public Sector Dept
2026-02-13,6560.93,Tax Provision,Prime Consulting,SmallBiz Inc
2026-02-19,10084.4,Sales Revenue,Prime Consulting,Retail Giant A
2026-01-25,9739.93,Inventory,TechLogistics Corp,Public Sector Dept
2026-01-12,7787.36,Professional Fees,TechLogistics Corp,Public Sector Dept
2026-02-06,6316.77,Inventory,TechLogistics Corp,SmallBiz Inc
2026-01-27,6480.38,Inventory,Global Office Ltd,SmallBiz Inc
2026-01-18,9116.29,Tax Provision,Prime Consulting,Retail Giant A
2026-03-03,7893.31,Inventory,Prime Consulting,Public Sector Dept
2026-01-29,6610.02,Rent,Global Office Ltd,Direct Consumer
2026-03-19,3118.14,Sales Revenue,Prime Consulting,Public Sector Dept
2026-02-26,7711.95,Professional Fees,Azure Utilities,Direct Consumer
2026-01-06,9330.42,Sales Revenue,Prime Consulting,SmallBiz Inc
2026-02-16,3999.09,Rent,Global Office Ltd,Public Sector Dept
2026-03-01,7500.61,Tax Provision,Azure Utilities,Retail Giant A
2026-01-10,7898.69,Inventory,Prime Consulting,Direct Consumer
2026-03-30,5861.08,Professional Fees,TechLogistics Corp,SmallBiz Inc
2026-02-09,9568.17,Sales Revenue,Azure Utilities,Direct Consumer
2026-03-25,6297.3,Sales Revenue,Global Office Ltd,Retail Giant A
2026-01-30,6455.1,Tax Provision,TechLogistics Corp,SmallBiz Inc
2026-03-16,6415.31,Rent,Prime Consulting,Direct Consumer
2026-03-07,8333.86,Professional Fees,Global Office Ltd,Direct Consumer
2026-02-15,7737.35,Professional Fees,Prime Consulting,Public Sector Dept
2026-02-10,9488.28,Professional Fees,Global Office Ltd,Retail Giant A
2026-01-08,5312.98,Inventory,Azure Utilities,SmallBiz Inc
2026-01-08,9322.17,Professional Fees,Global Office Ltd,SmallBiz Inc
2026-01-21,13266.39,Sales Revenue,TechLogistics Corp,Direct Consumer
2026-03-06,5453.55,Tax Provision,Azure Utilities,Direct Consumer
2026-03-20,9417.82,Sales Revenue,Global Office Ltd,SmallBiz Inc
2026-02-15,5938.28,Inventory,Prime Consulting,Retail Giant A
2026-02-04,7432.39,Inventory,Azure Utilities,Direct Consumer
2026-01-11,4780.61,Rent,Prime Consulting,Public Sector Dept
2026-03-20,8056.78,Sales Revenue,Prime Consulting,Public Sector Dept
2026-03-02,8403.93,Professional Fees,Azure Utilities,Direct Consumer
2026-03-22,12556.25,Rent,Azure Utilities,Retail Giant A
2026-03-08,7054.99,Rent,Global Office Ltd,Retail Giant A
2026-01-20,8715.68,Rent,TechLogistics Corp,SmallBiz Inc
2026-02-08,7755.95,Professional Fees,Global Office Ltd,Direct Consumer
2026-03-27,9626.75,Inventory,Global Office Ltd,Retail Giant A
2026-03-13,6344.62,Tax Provision,Global Office Ltd,Direct Consumer
2026-01-22,12320.9,Professional Fees,Azure Utilities,Retail Giant A
2026-03-06,6375.13,Tax Provision,Azure Utilities,Retail Giant A
2026-01-16,6791.2,Tax Provision,TechLogistics Corp,Public Sector Dept
2026-02-23,8927.1,Professional Fees,Global Office Ltd,Direct Consumer
2026-03-24,6451.8,Sales Revenue,Prime Consulting,SmallBiz Inc
2026-01-15,7136.43,Inventory,Azure Utilities,Public Sector Dept
2026-03-26,10025.11,Professional Fees,Prime Consulting,Direct Consumer
2026-03-29,8441.17,Inventory,TechLogistics Corp,SmallBiz Inc
2026-03-23,8213.69,Sales Revenue,Azure Utilities,Direct Consumer
2026-01-21,8809.92,Rent,Global Office Ltd,SmallBiz Inc
2026-03-03,7292.89,Rent,TechLogistics Corp,Public Sector Dept
2026-03-11,5734.95,Rent,Global Office Ltd,SmallBiz Inc
2026-03-10,6636.33,Tax Provision,Azure Utilities,Direct Consumer
2026-03-10,5664.69,Rent,Azure Utilities,Direct Consumer
2026-01-05,6845.34,Rent,Azure Utilities,SmallBiz Inc
2026-03-08,8275.97,Sales Revenue,Prime Consulting,SmallBiz Inc
2026-01-29,6116.56,Tax Provision,Prime Consulting,Public Sector Dept
2026-01-25,8772.06,Inventory,TechLogistics Corp,Direct Consumer
2026-03-15,8751.56,Sales Revenue,Azure Utilities,SmallBiz Inc
2026-02-26,8057.03,Sales Revenue,Azure Utilities,Public Sector Dept
2026-03-13,7871.55,Inventory,Prime Consulting,Direct Consumer
2026-02-09,10706.92,Professional Fees,Prime Consulting,Retail Giant A
2026-03-31,5876.89,Tax Provision,Global Office Ltd,Retail Giant A
2026-02-03,9252.17,Tax Provision,Global Office Ltd,Retail Giant A
2026-03-21,6788.2,Rent,TechLogistics Corp,Direct Consumer
2026-03-21,9581.35,Sales Revenue,Azure Utilities,SmallBiz Inc
2026-01-14,7148.57,Professional Fees,Prime Consulting,Retail Giant A
2026-03-25,11433.62,Rent,Azure Utilities,Retail Giant A
2026-01-29,7166.51,Tax Provision,Azure Utilities,SmallBiz Inc
2026-02-27,7724.79,Tax Provision,Global Office Ltd,Retail Giant A
2026-02-08,6815.09,Tax Provision,Global Office Ltd,Public Sector Dept
2026-01-09,5874.13,Sales Revenue,Prime Consulting,Retail Giant A
2026-03-08,4836.98,Rent,Prime Consulting,SmallBiz Inc
2026-01-09,5305.06,Rent,Prime Consulting,SmallBiz Inc
2026-01-08,5952.82,Sales Revenue,Prime Consulting,SmallBiz Inc
2026-02-27,8682.6,Inventory,TechLogistics Corp,SmallBiz Inc
2026-03-20,7304.56,Tax Provision,Prime Consulting,SmallBiz Inc
2026-01-18,8754.89,Professional Fees,Global Office Ltd,Direct Consumer
2026-02-20,10573.46,Professional Fees,TechLogistics Corp,SmallBiz Inc
2026-03-01,7955.78,Tax Provision,Global Office Ltd,Public Sector Dept
2026-03-17,7542.08,Professional Fees,Azure Utilities,Direct Consumer
2026-01-20,10070.28,Professional Fees,Prime Consulting,Direct Consumer
2026-01-01,5520.97,Rent,Azure Utilities,Retail Giant A
2026-03-20,7159.22,Sales Revenue,Prime Consulting,Public Sector Dept
2026-01-18,6822.73,Professional Fees,TechLogistics Corp,SmallBiz Inc
2026-02-06,12001.27,Inventory,Prime Consulting,Retail Giant A
2026-02-24,7807.03,Inventory,TechLogistics Corp,Direct Consumer
2026-03-28,6766.93,Rent,Global Office Ltd,Public Sector Dept
2026-02-24,7311.0,Rent,TechLogistics Corp,Public Sector Dept
2026-02-04,7875.93,Inventory,Global Office Ltd,Retail Giant A
2026-02-05,8128.07,Inventory,Prime Consulting,Public Sector Dept
2026-01-30,6223.44,Tax Provision,Prime Consulting,Direct Consumer
2026-02-08,9854.35,Sales Revenue,TechLogistics Corp,SmallBiz Inc
2026-03-19,7033.28,Inventory,Azure Utilities,Direct Consumer
2026-01-06,7726.41,Inventory,Global Office Ltd,Retail Giant A
2026-02-24,9393.25,Professional Fees,Global Office Ltd,Public Sector Dept
2026-03-31,10146.25,Rent,Azure Utilities,Public Sector Dept
2026-03-27,8568.2,Sales Revenue,Prime Consulting,Public Sector Dept
2026-03-24,10896.51,Tax Provision,Azure Utilities,Direct Consumer
2026-03-08,10648.15,Tax Provision,Prime Consulting,SmallBiz Inc
2026-02-07,7031.9,Sales Revenue,Azure Utilities,SmallBiz Inc
2026-01-17,11400.46,Sales Revenue,TechLogistics Corp,SmallBiz Inc
2026-03-11,9098.25,Rent,Prime Consulting,Direct Consumer
2026-01-16,6139.85,Inventory,Azure Utilities,Retail Giant A
2026-03-09,6950.09,Professional Fees,Global Office Ltd,SmallBiz Inc
2026-02-19,7294.75,Tax Provision,TechLogistics Corp,Direct Consumer
2026-01-22,7827.62,Inventory,Azure Utilities,Public Sector Dept
2026-02-18,11311.59,Rent,Prime Consulting,Retail Giant A
2026-03-25,11653.91,Professional Fees,Prime Consulting,Retail Giant A
2026-01-11,10454.01,Tax Provision,TechLogistics Corp,Public Sector Dept
2026-01-29,7840.45,Tax Provision,Prime Consulting,Retail Giant A
2026-02-23,10595.33,Sales Revenue,Azure Utilities,SmallBiz Inc
2026-03-10,6470.16,Inventory,Prime Consulting,Public Sector Dept
2026-02-17,8983.31,Sales Revenue,Global Office Ltd,Public Sector Dept
2026-02-27,6216.66,Inventory,Global Office Ltd,Public Sector Dept
2026-01-04,10341.49,Sales Revenue,Azure Utilities,SmallBiz Inc
2026-02-03,5104.6,Sales Revenue,Global Office Ltd,Direct Consumer
2026-01-26,8676.16,Tax Provision,Prime Consulting,SmallBiz Inc
2026-02-24,7974.1,Tax Provision,Global Office Ltd,SmallBiz Inc
2026-03-25,8212.83,Sales Revenue,Global Office Ltd,Direct Consumer
2026-01-14,7208.4,Professional Fees,Azure Utilities,Public Sector Dept
2026-03-30,8684.08,Rent,Global Office Ltd,Direct Consumer
2026-03-01,5865.8,Inventory,Azure Utilities,Retail Giant A
2026-01-24,8640.75,Professional Fees,TechLogistics Corp,SmallBiz Inc
2026-01-20,10097.05,Professional Fees,Azure Utilities,Direct Consumer
2026-01-25,7509.09,Professional Fees,TechLogistics Corp,Retail Giant A
2026-02-27,9453.3,Tax Provision,Global Office Ltd,SmallBiz Inc
2026-03-11,9149.85,Tax Provision,TechLogistics Corp,Public Sector Dept
2026-01-17,6685.01,Tax Provision,TechLogistics Corp,Direct Consumer
2026-02-24,7911.36,Rent,Global Office Ltd,Public Sector Dept
2026-02-24,11184.71,Rent,Prime Consulting,SmallBiz Inc
2026-03-28,8861.28,Tax Provision,TechLogistics Corp,Direct Consumer
2026-02-19,12665.05,Tax Provision,TechLogistics Corp,SmallBiz Inc
2026-03-08,9637.54,Professional Fees,Azure Utilities,SmallBiz Inc
2026-01-11,8803.29,Sales Revenue,Azure Utilities,Public Sector Dept
2026-02-16,7408.27,Rent,Azure Utilities,Direct Consumer
2026-02-24,5526.69,Tax Provision,Global Office Ltd,SmallBiz Inc
2026-01-12,4991.92,Inventory,Global Office Ltd,Public Sector Dept
2026-03-15,5038.44,Rent,Prime Consulting,Retail Giant A
2026-03-08,10768.02,Inventory,TechLogistics Corp,SmallBiz Inc
2026-03-25,8317.0,Tax Provision,Global Office Ltd,Direct Consumer
2026-02-23,3733.57,Inventory,Prime Consulting,Retail Giant A
2026-03-21,5740.68,Inventory,Global Office Ltd,SmallBiz Inc
2026-03-07,5535.84,Inventory,Prime Consulting,Public Sector Dept
2026-02-07,6197.22,Rent,TechLogistics Corp,Public Sector Dept
2026-01-12,7507.68,Sales Revenue,Azure Utilities,Direct Consumer
2026-03-03,7306.41,Sales Revenue,Azure Utilities,Retail Giant A
2026-03-26,11092.49,Inventory,Prime Consulting,Direct Consumer
2026-02-01,9578.91,Rent,Azure Utilities,Direct Consumer
2026-02-26,6421.39,Professional Fees,Prime Consulting,SmallBiz Inc
2026-03-10,6876.41,Sales Revenue,Global Office Ltd,Public Sector Dept
2026-03-24,4547.24,Sales Revenue,Azure Utilities,Retail Giant A
2026-01-27,9371.82,Sales Revenue,Azure Utilities,Public Sector Dept
2026-03-11,5898.68,Tax Provision,Prime Consulting,Public Sector Dept
2026-01-31,8627.64,Tax Provision,TechLogistics Corp,Retail Giant A
2026-02-27,8940.37,Inventory,Global Office Ltd,Public Sector Dept
2026-01-30,9051.09,Tax Provision,Global Office Ltd,SmallBiz Inc
2026-03-11,5852.37,Sales Revenue,Azure Utilities,Retail Giant A
2026-01-19,9359.29,Inventory,Global Office Ltd,Public Sector Dept
2026-01-23,5269.63,Inventory,TechLogistics Corp,Direct Consumer
2026-02-19,6648.4,Inventory,Prime Consulting,SmallBiz Inc
2026-01-24,12318.69,Tax Provision,Prime Consulting,Public Sector Dept
2026-03-20,4745.03,Professional Fees,Azure Utilities,Retail Giant A
2026-02-07,6990.61,Sales Revenue,Global Office Ltd,Direct Consumer
2026-03-18,8913.33,Inventory,Azure Utilities,Retail Giant A
2026-03-22,6031.54,Tax Provision,Prime Consulting,Public Sector Dept
2026-02-28,10669.41,Sales Revenue,Global Office Ltd,SmallBiz Inc
2026-01-26,8829.77,Rent,Azure Utilities,Public Sector Dept
2026-03-17,8016.77,Tax Provision,TechLogistics Corp,Retail Giant A
2026-02-15,5544.81,Rent,Azure Utilities,Direct Consumer
2026-03-05,9660.39,Sales Revenue,Global Office Ltd,SmallBiz Inc
2026-03-17,9057.64,Professional Fees,Global Office Ltd,Direct Consumer
2026-01-19,5480.38,Tax Provision,Azure Utilities,Retail Giant A
2026-03-10,7079.76,Inventory,Azure Utilities,Public Sector Dept
2026-03-23,8540.59,Rent,TechLogistics Corp,Retail Giant A
2026-02-11,10069.45,Professional Fees,Prime Consulting,Direct Consumer
2026-01-08,6489.17,Sales Revenue,Prime Consulting,Retail Giant A
2026-03-18,6982.74,Sales Revenue,Prime Consulting,Direct Consumer
2026-03-02,3471.41,Professional Fees,Prime Consulting,Retail Giant A
2026-03-06,5325.98,Inventory,Global Office Ltd,Public Sector Dept
2026-02-04,6718.1,Rent,Global Office Ltd,Direct Consumer
2026-01-14,7430.42,Sales Revenue,Azure Utilities,SmallBiz Inc
2026-03-22,8386.31,Tax Provision,TechLogistics Corp,Direct Consumer
2026-02-09,7972.01,Tax Provision,Azure Utilities,SmallBiz Inc
2026-03-20,7352.62,Rent,Prime Consulting,Retail Giant A
2026-01-20,9808.16,Professional Fees,Azure Utilities,Azure Utilities
2026-01-28,7632.59,Inventory,Prime Consulting,Public Sector Dept
2026-03-19,3740.45,Professional Fees,TechLogistics Corp,SmallBiz Inc
2026-02-13,6743.15,Rent,Azure Utilities,SmallBiz Inc
2026-03-07,5080.52,Professional Fees,Prime Consulting,SmallBiz Inc
2026-01-27,9208.95,Sales Revenue,Global Office Ltd,Direct Consumer
2026-01-29,5479.99,Professional Fees,Azure Utilities,Retail Giant A
2026-03-20,6472.22,Inventory,Prime Consulting,Direct Consumer
2026-02-11,8494.29,Tax Provision,Prime Consulting,Retail Giant A
2026-03-04,7699.09,Rent,TechLogistics Corp,Direct Consumer
2026-01-03,8699.41,Sales Revenue,Prime Consulting,Public Sector Dept
2026-03-14,5709.74,Professional Fees,TechLogistics Corp,SmallBiz Inc
2026-02-06,7881.06,Inventory,Azure Utilities,SmallBiz Inc
2026-01-17,9843.85,Inventory,TechLogistics Corp,Direct Consumer
2026-03-09,8782.61,Professional Fees,Prime Consulting,Direct Consumer
2026-01-27,8097.58,Rent,TechLogistics Corp,Retail Giant A
2026-02-20,7302.11,Tax Provision,Global Office Ltd,Direct Consumer
2026-01-11,6760.59,Inventory,Azure Utilities,Public Sector Dept
2026-03-22,6217.03,Inventory,Prime Consulting,SmallBiz Inc
2026-02-01,7347.22,Sales Revenue,TechLogistics Corp,Retail Giant A
2026-03-30,4961.08,Inventory,Prime Consulting,Public Sector Dept
2026-01-15,6644.82,Professional Fees,Prime Consulting,Public Sector Dept
2026-03-11,8563.8,Rent,Global Office Ltd,Public Sector Dept
2026-01-18,11483.97,Sales Revenue,Azure Utilities,SmallBiz Inc
2026-01-28,6634.29,Professional Fees,TechLogistics Corp,Direct Consumer
2026-01-04,8754.24,Rent,Global Office Ltd,SmallBiz Inc
2026-01-01,8664.08,Professional Fees,Global Office Ltd,SmallBiz Inc
2026-03-09,7880.94,Professional Fees,Azure Utilities,Direct Consumer
2026-02-18,10798.49,Rent,Global Office Ltd,Direct Consumer
2026-02-16,7176.21,Professional Fees,TechLogistics Corp,Retail Giant A
2026-03-07,9543.91,Inventory,Global Office Ltd,Public Sector Dept
2026-03-15,7600.87,Tax Provision,TechLogistics Corp,Public Sector Dept
2026-03-21,11517.9,Tax Provision,TechLogistics Corp,Retail Giant A
2026-01-14,8946.22,Inventory,TechLogistics Corp,SmallBiz Inc
2026-03-02,7789.17,Rent,Global Office Ltd,Direct Consumer
2026-01-21,7073.09,Tax Provision,Global Office Ltd,Public Sector Dept
2026-03-29,8046.11,Inventory,TechLogistics Corp,SmallBiz Inc
2026-01-09,10252.11,Rent,Azure Utilities,Public Sector Dept
2026-02-08,3651.72,Rent,Prime Consulting,Retail Giant A
2026-03-25,8234.91,Sales Revenue,Prime Consulting,SmallBiz Inc
2026-03-24,7609.32,Rent,Azure Utilities,Public Sector Dept
2026-02-25,8342.55,Rent,TechLogistics Corp,Public Sector Dept
2026-01-15,3362.39,Rent,Prime Consulting,Direct Consumer
2026-02-27,10144.17,Professional Fees,Azure Utilities,Public Sector Dept
2026-01-03,9002.54,Sales Revenue,TechLogistics Corp,Public Sector Dept
2026-03-25,6810.94,Inventory,Azure Utilities,SmallBiz Inc
2026-01-12,6535.02,Inventory,Azure Utilities,SmallBiz Inc
2026-02-23,10051.96,Inventory,Azure Utilities,Public Sector Dept
2026-01-30,8500.73,Tax Provision,Prime Consulting,SmallBiz Inc
2026-03-23,5172.23,Professional Fees,Prime Consulting,Direct Consumer
2026-03-28,7229.52,Rent,Prime Consulting,SmallBiz Inc
2026-01-25,12321.59,Tax Provision,TechLogistics Corp,Retail Giant A
2026-01-01,8827.65,Sales Revenue,Global Office Ltd,Public Sector Dept
2026-02-15,8004.5,Professional Fees,Prime Consulting,Public Sector Dept
2026-02-15,10963.54,Sales Revenue,Global Office Ltd,Direct Consumer
2026-01-02,7804.31,Sales Revenue,Prime Consulting,SmallBiz Inc
2026-01-16,12231.54,Professional Fees,Prime Consulting,SmallBiz Inc
2026-03-30,8776.33,Tax Provision,TechLogistics Corp,Direct Consumer
2026-02-17,7812.38,Tax Provision,Azure Utilities,Direct Consumer
2026-01-16,7360.32,Sales Revenue,Global Office Ltd,Public Sector Dept
2026-01-31,7158.56,Tax Provision,Azure Utilities,Direct Consumer
2026-03-22,8286.77,Sales Revenue,Global Office Ltd,SmallBiz Inc
2026-02-13,5509.32,Rent,Prime Consulting,SmallBiz Inc
2026-03-03,10483.22,Professional Fees,Global Office Ltd,Retail Giant A
2026-01-10,8587.32,Inventory,Global Office Ltd,Public Sector Dept
2026-02-11,6510.22,Inventory,TechLogistics Corp,Public Sector Dept
2026-02-19,7518.08,Rent,Prime Consulting,Retail Giant A
2026-01-12,9294.32,Professional Fees,Azure Utilities,Public Sector Dept
2026-03-17,7982.81,Tax Provision,TechLogistics Corp,Direct Consumer
2026-02-04,13822.1,Professional Fees,TechLogistics Corp,Retail Giant A
2026-03-20,12109.96,Rent,Azure Utilities,Public Sector Dept
2026-01-10,10278.03,Professional Fees,TechLogistics Corp,Public Sector Dept
2026-01-04,9277.65,Rent,TechLogistics Corp,Direct Consumer
2026-01-19,10277.91,Tax Provision,Azure Utilities,Public Sector Dept
2026-02-02,8975.42,Tax Provision,Global Office Ltd,Retail Giant A
2026-02-01,5852.41,Professional Fees,TechLogistics Corp,Retail Giant A
2026-03-20,11075.9,Sales Revenue,Azure Utilities,Retail Giant A
2026-03-09,7764.8,Rent,Prime Consulting,Direct Consumer
2026-02-25,5710.14,Professional Fees,Azure Utilities,Public Sector Dept
2026-01-16,6509.87,Professional Fees,TechLogistics Corp,Public Sector Dept
2026-01-08,8670.62,Tax Provision,TechLogistics Corp,Retail Giant A
2026-02-05,8976.66,Rent,Prime Consulting,Prime Consulting
2026-03-03,8322.06,Sales Revenue,Azure Utilities,Public Sector Dept
2026-01-23,9410.85,Sales Revenue,Global Office Ltd,SmallBiz Inc
2026-01-12,10623.75,Rent,Global Office Ltd,Public Sector Dept
2026-03-21,10883.48,Rent,Global Office Ltd,Retail Giant A
2026-01-08,3345.65,Rent,Prime Consulting,SmallBiz Inc
2026-01-10,9256.37,Inventory,TechLogistics Corp,Direct Consumer
2026-01-04,3715.09,Inventory,Global Office Ltd,Direct Consumer
2026-02-04,8975.02,Sales Revenue,Azure Utilities,Public Sector Dept
2026-02-15,4001.05,Tax Provision,Azure Utilities,Public Sector Dept
2026-03-21,8517.26,Rent,TechLogistics Corp,Direct Consumer
2026-02-11,-9896.94,Tax Provision,Azure Utilities,Direct Consumer
2026-03-16,8736.84,Professional Fees,Azure Utilities,SmallBiz Inc
2026-03-19,8508.65,Inventory,Prime Consulting,SmallBiz Inc
2026-02-08,3302.63,Sales Revenue,Global Office Ltd,Retail Giant A
2026-03-13,5241.9,Tax Provision,Azure Utilities,Retail Giant A
2026-02-28,8004.55,Inventory,Azure Utilities,Retail Giant A
2026-01-05,8747.19,Sales Revenue,Prime Consulting,Retail Giant A
2026-02-19,10953.3,Sales Revenue,TechLogistics Corp,Public Sector Dept
2026-03-21,8117.02,Tax Provision,Prime Consulting,Public Sector Dept
2026-02-06,8643.74,Tax Provision,TechLogistics Corp,Direct Consumer
2026-03-30,6233.16,Sales Revenue,Global Office Ltd,Public Sector Dept
2026-02-26,13094.13,Professional Fees,Prime Consulting,SmallBiz Inc
2026-02-20,8532.56,Inventory,TechLogistics Corp,Direct Consumer
2026-01-09,6144.86,Rent,Global Office Ltd,Retail Giant A
2026-03-08,8817.69,Inventory,Global Office Ltd,Retail Giant A
2026-02-14,7919.48,Inventory,Prime Consulting,Direct Consumer
2026-01-07,8023.45,Tax Provision,Prime Consulting,Prime Consulting
2026-02-08,7501.35,Rent,Prime Consulting,Public Sector Dept
2026-01-15,10145.43,Inventory,Prime Consulting,Retail Giant A
2026-02-10,10479.81,Tax Provision,Azure Utilities,Public Sector Dept
2026-01-03,3852.74,Tax Provision,Prime Consulting,Public Sector Dept
2026-03-23,6907.88,Professional Fees,TechLogistics Corp,Public Sector Dept
2026-03-09,2709.37,Professional Fees,TechLogistics Corp,Direct Consumer
2026-02-08,8871.5,Professional Fees,Prime Consulting,Public Sector Dept
2026-03-23,5251.16,Inventory,TechLogistics Corp,Retail Giant A
2026-02-24,9097.79,Inventory,Azure Utilities,Direct Consumer
2026-01-03,9900.99,Tax Provision,Global Office Ltd,Public Sector Dept
2026-02-18,10522.15,Rent,TechLogistics Corp,SmallBiz Inc
2026-02-06,3126.5,Professional Fees,Prime Consulting,SmallBiz Inc
2026-03-26,10322.62,Rent,Azure Utilities,Direct Consumer
2026-02-28,10150.96,Professional Fees,TechLogistics Corp,SmallBiz Inc
2026-03-29,6767.79,Sales Revenue,Azure Utilities,Retail Giant A
2026-03-07,8493.8,Professional Fees,Global Office Ltd,SmallBiz Inc
2026-02-01,8771.07,Professional Fees,Prime Consulting,Public Sector Dept
2026-02-22,9867.8,Professional Fees,TechLogistics Corp,Retail Giant A
2026-02-21,5709.93,Tax Provision,Prime Consulting,Retail Giant A
2026-01-19,7739.72,Sales Revenue,TechLogistics Corp,Direct Consumer
2026-03-07,9734.4,Sales Revenue,Azure Utilities,SmallBiz Inc
2026-03-21,7998.76,Sales Revenue,Prime Consulting,Retail Giant A
2026-01-19,6180.14,Inventory,Prime Consulting,Public Sector Dept
2026-02-02,8145.92,Professional Fees,Prime Consulting,Public Sector Dept
2026-01-20,2978.09,Professional Fees,Global Office Ltd,Retail Giant A
2026-01-11,6958.17,Tax Provision,TechLogistics Corp,Direct Consumer
2026-03-25,8406.91,Professional Fees,Global Office Ltd,Retail Giant A
2026-03-12,5491.06,Sales Revenue,TechLogistics Corp,SmallBiz Inc
2026-01-10,4409.3,Rent,Azure Utilities,Retail Giant A
2026-03-07,8031.64,Inventory,Global Office Ltd,Public Sector Dept
2026-01-11,7245.11,Professional Fees,TechLogistics Corp,Direct Consumer
2026-03-08,12587.16,Professional Fees,TechLogistics Corp,Direct Consumer
2026-01-20,7907.8,Tax Provision,Global Office Ltd,Direct Consumer
2026-01-03,7782.08,Rent,TechLogistics Corp,Retail Giant A
2026-02-19,7713.29,Rent,Prime Consulting,Direct Consumer
2026-03-20,6630.09,Rent,Azure Utilities,Retail Giant A
2026-03-16,12128.18,Professional Fees,Azure Utilities,Direct Consumer
2026-01-13,8112.61,Sales Revenue,Global Office Ltd,SmallBiz Inc
2026-03-10,2950.82,Professional Fees,Prime Consulting,Direct Consumer
2026-01-23,3230.24,Professional Fees,Global Office Ltd,Public Sector Dept
2026-01-12,7257.26,Professional Fees,Global Office Ltd,Direct Consumer
2026-02-22,10251.51,Tax Provision,TechLogistics Corp,Retail Giant A
2026-02-08,9159.27,Sales Revenue,TechLogistics Corp,Public Sector Dept
2026-01-04,8130.03,Sales Revenue,TechLogistics Corp,Public Sector Dept
2026-03-30,8413.49,Sales Revenue,Global Office Ltd,SmallBiz Inc
2026-01-12,8637.95,Sales Revenue,Prime Consulting,SmallBiz Inc
2026-01-15,10053.19,Sales Revenue,TechLogistics Corp,Direct Consumer
2026-03-12,3717.44,Sales Revenue,TechLogistics Corp,Public Sector Dept
2026-02-10,9634.58,Rent,Azure Utilities,Public Sector Dept
2026-03-13,4937.91,Rent,TechLogistics Corp,Retail Giant A
2026-03-17,6453.06,Tax Provision,Prime Consulting,Direct Consumer
2026-01-13,8937.62,Tax Provision,Azure Utilities,SmallBiz Inc
2026-01-05,8954.86,Inventory,Azure Utilities,Public Sector Dept
2026-02-21,10323.43,Sales Revenue,Prime Consulting,SmallBiz Inc
2026-03-24,8560.35,Sales Revenue,TechLogistics Corp,Public Sector Dept
2026-03-28,3380.61,Professional Fees,Azure Utilities,Public Sector Dept
2026-01-14,10071.17,Tax Provision,Prime Consulting,SmallBiz Inc
2026-02-01,7113.13,Inventory,Prime Consulting,Direct Consumer
2026-02-16,9890.57,Rent,TechLogistics Corp,SmallBiz Inc
2026-03-23,10160.97,Sales Revenue,Prime Consulting,Direct Consumer
2026-01-14,5487.11,Sales Revenue,Azure Utilities,Retail Giant A
2026-01-11,7824.67,Inventory,Global Office Ltd,SmallBiz Inc
2026-01-14,4874.24,Professional Fees,Azure Utilities,Direct Consumer
2026-01-06,9208.0,Rent,TechLogistics Corp,TechLogistics Corp
2026-02-20,8198.04,Sales Revenue,Prime Consulting,Public Sector Dept
2026-01-20,9431.72,Inventory,Global Office Ltd,SmallBiz Inc
2026-03-25,8223.09,Rent,Global Office Ltd,SmallBiz Inc
2026-01-12,8327.02,Tax Provision,Global Office Ltd,Direct Consumer
2026-03-30,12118.97,Tax Provision,Prime Consulting,SmallBiz Inc
2026-01-27,10369.99,Rent,Azure Utilities,Public Sector Dept
2026-01-16,9579.89,Rent,Azure Utilities,Retail Giant A
2026-03-04,7381.6,Rent,TechLogistics Corp,Retail Giant A
2026-01-09,8154.41,Inventory,Global Office Ltd,Direct Consumer
2026-03-17,7116.05,Professional Fees,Prime Consulting,Retail Giant A
2026-03-23,7246.41,Rent,Azure Utilities,SmallBiz Inc
2026-01-16,7971.8,Sales Revenue,Global Office Ltd,Direct Consumer
2026-01-20,7872.77,Inventory,Azure Utilities,SmallBiz Inc
2026-01-13,4866.55,Inventory,Global Office Ltd,Retail Giant A
2026-02-14,7955.22,Rent,Global Office Ltd,Retail Giant A
2026-03-28,4684.46,Sales Revenue,Prime Consulting,Direct Consumer
2026-01-22,7450.52,Rent,Prime Consulting,SmallBiz Inc
2026-03-06,8101.81,Professional Fees,TechLogistics Corp,Direct Consumer
2026-03-03,8481.81,Tax Provision,Global Office Ltd,Retail Giant A
2026-01-08,9174.61,Rent,Azure Utilities,SmallBiz Inc
2026-02-17,9387.04,Rent,Prime Consulting,Direct Consumer
2026-01-09,6382.22,Rent,Global Office Ltd,SmallBiz Inc
2026-02-20,10950.39,Rent,TechLogistics Corp,Direct Consumer
2026-02-27,9209.19,Tax Provision,Prime Consulting,SmallBiz Inc
2026-01-21,7560.54,Rent,Azure Utilities,Direct Consumer
2026-03-11,6445.34,Rent,Prime Consulting,Retail Giant A
2026-03-25,6182.49,Sales Revenue,Global Office Ltd,Direct Consumer
2026-02-15,5160.33,Professional Fees,Global Office Ltd,Public Sector Dept
2026-01-05,10772.27,Inventory,Global Office Ltd,Public Sector Dept
2026-03-08,6450.89,Inventory,TechLogistics Corp,SmallBiz Inc
2026-01-05,10016.93,Tax Provision,Prime Consulting,Direct Consumer
2026-03-30,7917.41,Inventory,Global Office Ltd,Public Sector Dept
2026-02-03,8141.16,Sales Revenue,TechLogistics Corp,Public Sector Dept
2026-02-08,9043.06,Tax Provision,TechLogistics Corp,Direct Consumer
2026-02-12,10997.91,Rent,Azure Utilities,Direct Consumer
2026-02-11,9214.47,Inventory,Global Office Ltd,Direct Consumer
2026-03-22,5994.08,Professional Fees,Azure Utilities,SmallBiz Inc
2026-03-01,10185.99,Inventory,Azure Utilities,Retail Giant A
2026-03-19,9793.2,Professional Fees,Global Office Ltd,SmallBiz Inc
2026-01-26,7201.09,Inventory,Prime Consulting,SmallBiz Inc
2026-02-08,6866.01,Professional Fees,Azure Utilities,Retail Giant A
2026-03-04,6133.0,Sales Revenue,TechLogistics Corp,SmallBiz Inc
2026-01-06,7470.44,Inventory,TechLogistics Corp,Retail Giant A
2026-03-31,7252.19,Sales Revenue,TechLogistics Corp,SmallBiz Inc
2026-01-28,8145.69,Sales Revenue,Global Office Ltd,Public Sector Dept
2026-03-12,10557.69,Tax Provision,Prime Consulting,SmallBiz Inc
2026-02-19,11187.62,Inventory,Azure Utilities,Retail Giant A
2026-02-22,6737.43,Inventory,Prime Consulting,Direct Consumer
2026-03-21,9622.42,Sales Revenue,Prime Consulting,SmallBiz Inc
2026-02-19,4038.69,Rent,Prime Consulting,SmallBiz Inc
2026-02-20,7116.07,Rent,Prime Consulting,Retail Giant A
2026-02-07,4688.9,Inventory,Prime Consulting,Direct Consumer
2026-02-10,9151.13,Professional Fees,Global Office Ltd,Retail Giant A
2026-02-06,8513.86,Rent,Global Office Ltd,Direct Consumer
2026-03-31,10438.79,Inventory,Azure Utilities,SmallBiz Inc
2026-03-31,8513.94,Inventory,TechLogistics Corp,Direct Consumer
2026-03-01,11163.53,Rent,Azure Utilities,Public Sector Dept
2026-01-05,5596.69,Inventory,Azure Utilities,Direct Consumer
2026-01-29,4349.64,Professional Fees,Prime Consulting,Public Sector Dept
2026-02-07,9984.96,Tax Provision,Prime Consulting,SmallBiz Inc
2026-02-23,8668.37,Inventory,Global Office Ltd,Public Sector Dept
2026-01-15,6239.4,Tax Provision,TechLogistics Corp,Direct Consumer
2026-01-07,5921.4,Tax Provision,TechLogistics Corp,Retail Giant A
2026-02-13,5450.27,Professional Fees,Azure Utilities,SmallBiz Inc
2026-01-20,8770.7,Sales Revenue,Azure Utilities,Retail Giant A
2026-01-15,6809.45,Professional Fees,Azure Utilities,SmallBiz Inc
2026-02-19,5923.84,Tax Provision,Prime Consulting,Public Sector Dept
2026-01-07,4902.44,Rent,Prime Consulting,Direct Consumer
2026-03-26,5838.7,Inventory,Azure Utilities,SmallBiz Inc
2026-01-15,7809.8,Professional Fees,TechLogistics Corp,Public Sector Dept
2026-03-28,6640.17,Tax Provision,TechLogistics Corp,Retail Giant A
2026-02-05,9646.39,Inventory,Azure Utilities,Direct Consumer
2026-03-19,8357.82,Inventory,Azure Utilities,Direct Consumer
2026-01-24,9819.4,Sales Revenue,Prime Consulting,SmallBiz Inc
2026-02-02,9001.62,Inventory,TechLogistics Corp,SmallBiz Inc
2026-01-02,7298.2,Tax Provision,Prime Consulting,Retail Giant A
2026-03-04,6980.91,Rent,Azure Utilities,SmallBiz Inc
2026-03-28,6934.97,Rent,Prime Consulting,SmallBiz Inc
2026-03-02,11234.77,Tax Provision,Global Office Ltd,Retail Giant A
2026-03-03,6414.58,Rent,Azure Utilities,Retail Giant A
2026-02-20,8339.35,Inventory,Azure Utilities,Direct Consumer
2026-02-25,8195.66,Professional Fees,Azure Utilities,Public Sector Dept
2026-03-30,6389.02,Professional Fees,Prime Consulting,Direct Consumer
2026-03-19,9625.91,Sales Revenue,Azure Utilities,Direct Consumer
2026-01-10,6293.22,Inventory,Prime Consulting,Retail Giant A
2026-01-20,5673.77,Professional Fees,Azure Utilities,Retail Giant A
2026-02-25,4579.98,Rent,Azure Utilities,SmallBiz Inc
2026-03-04,4564.89,Rent,TechLogistics Corp,Public Sector Dept
2026-01-28,5312.15,Rent,Global Office Ltd,Retail Giant A
2026-03-04,11424.35,Inventory,Global Office Ltd,SmallBiz Inc
2026-01-14,6405.66,Sales Revenue,TechLogistics Corp,Retail Giant A
2026-03-09,6455.75,Professional Fees,Global Office Ltd,SmallBiz Inc
2026-03-26,6021.58,Inventory,Prime Consulting,Public Sector Dept
2026-02-13,11314.46,Sales Revenue,Azure Utilities,Public Sector Dept
2026-01-21,8200.39,Inventory,Azure Utilities,Public Sector Dept
2026-01-09,6268.48,Tax Provision,TechLogistics Corp,Public Sector Dept
2026-01-09,5613.89,Professional Fees,Global Office Ltd,SmallBiz Inc
2026-01-14,4882.85,Tax Provision,Azure Utilities,Direct Consumer
2026-01-26,8679.79,Professional Fees,TechLogistics Corp,Retail Giant A
2026-01-11,4603.01,Professional Fees,Prime Consulting,Retail Giant A
2026-03-27,8611.72,Inventory,Prime Consulting,Retail Giant A
2026-03-15,8766.0,Sales Revenue,Prime Consulting,SmallBiz Inc
2026-03-12,7450.11,Tax Provision,Azure Utilities,SmallBiz Inc
2026-03-26,7541.7,Sales Revenue,Azure Utilities,Direct Consumer
2026-03-30,8363.05,Tax Provision,Azure Utilities,Retail Giant A
2026-01-21,6688.0,Inventory,Prime Consulting,Retail Giant A
2026-03-20,8559.76,Sales Revenue,TechLogistics Corp,SmallBiz Inc
2026-02-08,12577.96,Sales Revenue,TechLogistics Corp,Public Sector Dept
2026-01-02,7015.05,Professional Fees,Prime Consulting,Public Sector Dept
2026-01-19,4703.3,Inventory,Azure Utilities,SmallBiz Inc
2026-03-16,6149.34,Rent,Global Office Ltd,Direct Consumer
2026-01-13,10187.96,Tax Provision,TechLogistics Corp,Public Sector Dept
2026-03-21,7887.97,Rent,Global Office Ltd,SmallBiz Inc
2026-03-28,4797.77,Rent,TechLogistics Corp,Retail Giant A
2026-03-24,12770.43,Rent,TechLogistics Corp,Retail Giant A
2026-03-29,10389.3,Sales Revenue,Azure Utilities,SmallBiz Inc
2026-02-23,5498.05,Rent,Azure Utilities,SmallBiz Inc
2026-03-14,10291.23,Sales Revenue,TechLogistics Corp,Public Sector Dept
2026-01-17,9006.08,Tax Provision,TechLogistics Corp,Direct Consumer
2026-03-19,9871.61,Professional Fees,Prime Consulting,SmallBiz Inc
2026-03-05,7289.58,Professional Fees,Global Office Ltd,Direct Consumer
2026-02-24,8121.56,Professional Fees,Prime Consulting,SmallBiz Inc
2026-01-24,10255.73,Rent,Prime Consulting,Retail Giant A
2026-01-15,7498.32,Professional Fees,Global Office Ltd,SmallBiz Inc
2026-02-07,7072.95,Rent,Azure Utilities,Public Sector Dept
2026-01-06,5419.68,Inventory,TechLogistics Corp,Retail Giant A
2026-01-24,9019.1,Sales Revenue,Prime Consulting,Retail Giant A
2026-03-31,7615.26,Inventory,Azure Utilities,Public Sector Dept
2026-02-24,7410.79,Inventory,Global Office Ltd,Direct Consumer
2026-03-04,9145.26,Tax Provision,Prime Consulting,Direct Consumer
2026-02-05,8401.29,Inventory,Prime Consulting,Direct Consumer
2026-02-20,8291.96,Inventory,Prime Consulting,Direct Consumer
2026-02-23,7857.11,Tax Provision,Global Office Ltd,SmallBiz Inc
2026-02-05,10006.62,Rent,TechLogistics Corp,Public Sector Dept
2026-02-09,9047.4,Professional Fees,Prime Consulting,SmallBiz Inc
2026-02-08,4216.66,Tax Provision,Prime Consulting,Public Sector Dept
2026-01-03,7901.53,Sales Revenue,Azure Utilities,SmallBiz Inc
2026-01-13,8283.61,Professional Fees,Global Office Ltd,Retail Giant A
2026-03-21,10950.6,Professional Fees,Prime Consulting,Direct Consumer
2026-01-30,1209.75,Rent,Global Office Ltd,Direct Consumer
2026-03-25,5127.16,Tax Provision,Azure Utilities,SmallBiz Inc
2026-01-21,10027.43,Inventory,Azure Utilities,Public Sector Dept
2026-01-28,8318.68,Sales Revenue,Global Office Ltd,Public Sector Dept
2026-02-16,5095.63,Inventory,TechLogistics Corp,SmallBiz Inc
2026-02-14,4910.11,Tax Provision,TechLogistics Corp,Direct Consumer
2026-03-17,7469.74,Sales Revenue,TechLogistics Corp,Retail Giant A
2026-01-01,6971.16,Sales Revenue,Prime Consulting,Direct Consumer
2026-01-25,6427.7,Rent,Global Office Ltd,Direct Consumer
2026-03-13,8880.59,Tax Provision,Azure Utilities,SmallBiz Inc
2026-01-06,10389.82,Tax Provision,Global Office Ltd,Public Sector Dept
2026-02-08,6656.94,Tax Provision,Global Office Ltd,Public Sector Dept
2026-02-21,9638.9,Professional Fees,Azure Utilities,SmallBiz Inc
2026-03-11,6663.52,Rent,Azure Utilities,Public Sector Dept
2026-03-09,7684.99,Sales Revenue,Global Office Ltd,Public Sector Dept
2026-03-27,8267.59,Tax Provision,Azure Utilities,Retail Giant A
2026-01-13,9183.48,Professional Fees,Azure Utilities,Public Sector Dept
2026-03-09,9402.77,Rent,Global Office Ltd,SmallBiz Inc
2026-03-08,4211.64,Tax Provision,Global Office Ltd,Retail Giant A
2026-01-06,4956.72,Rent,Azure Utilities,SmallBiz Inc
2026-02-07,4891.3,Tax Provision,Azure Utilities,SmallBiz Inc
2026-03-21,6126.13,Tax Provision,Prime Consulting,Direct Consumer
2026-02-26,7544.66,Rent,Azure Utilities,Direct Consumer
2026-01-18,10336.77,Inventory,TechLogistics Corp,TechLogistics Corp
2026-01-28,11104.79,Inventory,Azure Utilities,Retail Giant A
2026-02-07,9267.99,Inventory,Prime Consulting,Direct Consumer
2026-03-16,11301.71,Sales Revenue,TechLogistics Corp,Direct Consumer
2026-02-22,9351.55,Tax Provision,Azure Utilities,Retail Giant A
2026-03-02,6174.55,Sales Revenue,Global Office Ltd,Public Sector Dept
2026-03-23,11551.21,Rent,TechLogistics Corp,Retail Giant A
2026-03-25,8795.28,Professional Fees,Azure Utilities,Public Sector Dept
2026-02-05,5878.25,Tax Provision,TechLogistics Corp,Retail Giant A
2026-01-03,10575.96,Tax Provision,Azure Utilities,Retail Giant A
2026-03-24,7855.07,Inventory,Prime Consulting,Public Sector Dept
2026-03-15,10244.47,Professional Fees,Azure Utilities,Public Sector Dept
2026-02-08,9182.03,Inventory,Prime Consulting,SmallBiz Inc
2026-03-17,9617.84,Sales Revenue,Prime Consulting,Prime Consulting
2026-03-08,6019.71,Rent,Azure Utilities,SmallBiz Inc
2026-03-31,9078.3,Inventory,Global Office Ltd,Direct Consumer
2026-02-05,12152.42,Rent,TechLogistics Corp,Direct Consumer
2026-02-21,10423.89,Inventory,Global Office Ltd,Direct Consumer
2026-01-16,8512.31,Rent,Prime Consulting,Retail Giant A
2026-01-16,7545.06,Tax Provision,TechLogistics Corp,SmallBiz Inc
2026-01-03,11274.82,Professional Fees,Prime Consulting,Public Sector Dept
2026-03-04,6883.52,Professional Fees,Prime Consulting,Public Sector Dept
2026-01-28,8628.91,Sales Revenue,Azure Utilities,Public Sector Dept
2026-01-13,6538.78,Sales Revenue,Prime Consulting,Direct Consumer
2026-03-21,9005.49,Professional Fees,TechLogistics Corp,SmallBiz Inc
2026-02-01,7190.47,Rent,Azure Utilities,SmallBiz Inc
2026-02-19,9951.54,Tax Provision,Prime Consulting,Public Sector Dept
2026-01-03,6257.07,Inventory,Azure Utilities,Public Sector Dept
2026-01-27,8171.79,Rent,Global Office Ltd,Direct Consumer
2026-01-21,8048.99,Sales Revenue,Azure Utilities,SmallBiz Inc
2026-03-23,8747.92,Professional Fees,TechLogistics Corp,Retail Giant A
2026-02-06,7480.03,Professional Fees,TechLogistics Corp,SmallBiz Inc
2026-03-24,11009.69,Rent,Prime Consulting,Public Sector Dept
2026-02-28,7324.6,Inventory,TechLogistics Corp,SmallBiz Inc
2026-01-24,7173.79,Rent,Prime Consulting,Retail Giant A
2026-01-14,6815.1,Tax Provision,Global Office Ltd,Direct Consumer
2026-02-02,7299.46,Sales Revenue,Prime Consulting,Direct Consumer
2026-01-16,5275.43,Sales Revenue,Global Office Ltd,SmallBiz Inc
2026-02-26,10621.8,Tax Provision,Global Office Ltd,SmallBiz Inc
2026-03-22,-8144.77,Professional Fees,TechLogistics Corp,SmallBiz Inc
2026-02-25,6127.8,Tax Provision,TechLogistics Corp,SmallBiz Inc
2026-01-02,4157.75,Professional Fees,TechLogistics Corp,Direct Consumer
2026-01-23,6139.12,Inventory,Prime Consulting,Public Sector Dept
2026-02-05,8610.88,Sales Revenue,TechLogistics Corp,Public Sector Dept
2026-03-25,9653.66,Professional Fees,Azure Utilities,SmallBiz Inc
2026-01-23,8893.89,Rent,Global Office Ltd,Direct Consumer
2026-03-23,9566.45,Tax Provision,Prime Consulting,Public Sector Dept
2026-02-04,5518.72,Sales Revenue,Azure Utilities,Public Sector Dept
2026-03-01,6932.02,Rent,TechLogistics Corp,SmallBiz Inc
2026-02-17,6828.35,Professional Fees,Global Office Ltd,Retail Giant A
2026-03-27,8294.77,Sales Revenue,Global Office Ltd,SmallBiz Inc
2026-01-06,6898.78,Inventory,TechLogistics Corp,SmallBiz Inc
2026-01-28,4881.14,Rent,Prime Consulting,SmallBiz Inc
2026-02-05,6146.87,Tax Provision,Prime Consulting,SmallBiz Inc
2026-01-31,13661.43,Tax Provision,Global Office Ltd,Retail Giant A
2026-01-04,9398.5,Rent,Global Office Ltd,Retail Giant A
2026-03-31,7949.83,Rent,Global Office Ltd,Public Sector Dept
2026-03-09,5502.03,Professional Fees,Azure Utilities,Retail Giant A
2026-03-30,6352.24,Rent,TechLogistics Corp,Retail Giant A
2026-03-13,8983.78,Inventory,Global Office Ltd,Public Sector Dept
2026-03-02,8146.31,Inventory,TechLogistics Corp,Direct Consumer
2026-02-11,10401.04,Tax Provision,Prime Consulting,SmallBiz Inc
2026-03-15,7446.87,Rent,Prime Consulting,Retail Giant A
2026-01-20,6900.46,Sales Revenue,Prime Consulting,Retail Giant A
2026-03-25,9819.21,Tax Provision,Azure Utilities,SmallBiz Inc
2026-01-09,5782.35,Rent,Prime Consulting,Public Sector Dept
2026-03-26,8966.19,Professional Fees,Prime Consulting,Public Sector Dept
2026-01-24,4866.1,Rent,TechLogistics Corp,Retail Giant A
2026-01-15,3689.97,Professional Fees,Prime Consulting,SmallBiz Inc
2026-02-11,4859.31,Tax Provision,Global Office Ltd,Direct Consumer
2026-01-31,5742.16,Rent,Prime Consulting,Direct Consumer
2026-01-01,5571.82,Professional Fees,Global Office Ltd,Direct Consumer
2026-01-04,6800.73,Professional Fees,TechLogistics Corp,SmallBiz Inc
2026-01-17,7950.84,Inventory,Prime Consulting,Public Sector Dept
2026-03-21,10069.22,Sales Revenue,Prime Consulting,Public Sector Dept
2026-03-21,9014.22,Professional Fees,Global Office Ltd,Retail Giant A
2026-03-08,5883.45,Inventory,TechLogistics Corp,Direct Consumer
2026-01-02,10205.17,Rent,Azure Utilities,SmallBiz Inc
2026-02-27,7894.9,Rent,TechLogistics Corp,Public Sector Dept
2026-01-24,10372.38,Inventory,Global Office Ltd,Public Sector Dept
2026-03-01,8072.26,Inventory,Azure Utilities,Direct Consumer
2026-03-01,999999.99,Tax Provision,Global Office Ltd,Retail Giant A
2026-01-24,8299.99,Professional Fees,Global Office Ltd,Retail Giant A
2026-01-07,7246.86,Tax Provision,Global Office Ltd,Direct Consumer
2026-03-23,7515.08,Rent,Global Office Ltd,Public Sector Dept
2026-01-28,8709.02,Professional Fees,Global Office Ltd,Retail Giant A
2026-01-06,8383.69,Rent,TechLogistics Corp,Direct Consumer
2026-01-23,8022.52,Professional Fees,TechLogistics Corp,SmallBiz Inc
2026-02-09,7348.73,Inventory,TechLogistics Corp,SmallBiz Inc
2026-02-05,8669.34,Professional Fees,TechLogistics Corp,Retail Giant A
2026-02-22,9369.76,Rent,TechLogistics Corp,Public Sector Dept
2026-01-21,7648.36,Professional Fees,TechLogistics Corp,Public Sector Dept
2026-02-06,5050.88,Inventory,TechLogistics Corp,SmallBiz Inc
2026-01-30,7244.33,Sales Revenue,Global Office Ltd,Direct Consumer
2026-03-13,5006.78,Tax Provision,TechLogistics Corp,SmallBiz Inc
2026-01-23,8814.38,Tax Provision,TechLogistics Corp,Public Sector Dept
2026-03-10,7916.85,Inventory,Prime Consulting,Direct Consumer
2026-03-01,4681.68,Sales Revenue,Global Office Ltd,SmallBiz Inc
2026-01-18,11535.16,Inventory,Global Office Ltd,SmallBiz Inc
2026-03-11,8532.53,Sales Revenue,Global Office Ltd,Direct Consumer
2026-01-27,5321.52,Rent,TechLogistics Corp,Public Sector Dept
2026-01-31,11835.83,Sales Revenue,Prime Consulting,Direct Consumer
2026-03-29,9330.06,Tax Provision,Global Office Ltd,Retail Giant A
2026-03-09,5651.92,Tax Provision,TechLogistics Corp,Public Sector Dept
2026-01-02,7243.36,Tax Provision,Azure Utilities,Retail Giant A
2026-03-20,10097.53,Professional Fees,Global Office Ltd,Direct Consumer
2026-02-28,5954.27,Professional Fees,Azure Utilities,Direct Consumer
2026-01-19,9462.75,Sales Revenue,Azure Utilities,Direct Consumer
2026-01-14,9945.87,Tax Provision,Prime Consulting,Retail Giant A
2026-01-27,6799.01,Rent,Prime Consulting,Public Sector Dept
2026-02-26,7066.89,Inventory,Global Office Ltd,SmallBiz Inc
2026-03-30,7642.15,Sales Revenue,Global Office Ltd,SmallBiz Inc
2026-02-13,6227.12,Rent,Azure Utilities,SmallBiz Inc
2026-03-01,6384.89,Inventory,Global Office Ltd,Retail Giant A
2026-03-23,6652.32,Tax Provision,Global Office Ltd,SmallBiz Inc
2026-01-26,6749.71,Professional Fees,Azure Utilities,SmallBiz Inc
2026-01-20,8234.35,Professional Fees,Prime Consulting,Retail Giant A
2026-02-27,8379.38,Sales Revenue,Prime Consulting,SmallBiz Inc
2026-02-21,4883.6,Rent,Azure Utilities,SmallBiz Inc
2026-02-14,10681.32,Professional Fees,TechLogistics Corp,SmallBiz Inc
2026-02-16,9052.18,Tax Provision,TechLogistics Corp,Retail Giant A
2026-03-21,8843.93,Professional Fees,Azure Utilities,Direct Consumer
2026-01-12,9449.91,Inventory,Global Office Ltd,Direct Consumer
2026-03-11,4033.0,Inventory,Prime Consulting,Public Sector Dept
2026-01-06,6475.96,Professional Fees,Prime Consulting,Public Sector Dept
2026-01-31,10211.61,Inventory,Global Office Ltd,Retail Giant A
2026-03-12,8304.18,Tax Provision,Prime Consulting,Retail Giant A
2026-03-14,6227.65,Tax Provision,Azure Utilities,Retail Giant A
2026-03-29,6069.37,Professional Fees,Prime Consulting,Public Sector Dept
2026-03-10,10040.84,Tax Provision,Prime Consulting,Retail Giant A
2026-01-31,6399.62,Professional Fees,Prime Consulting,SmallBiz Inc
2026-02-19,8039.89,Professional Fees,TechLogistics Corp,Direct Consumer
2026-03-31,11528.7,Rent,TechLogistics Corp,SmallBiz Inc
2026-03-24,6881.14,Inventory,TechLogistics Corp,Public Sector Dept
2026-02-25,7409.17,Professional Fees,Prime Consulting,Public Sector Dept
2026-03-08,6734.54,Inventory,Prime Consulting,Public Sector Dept
2026-01-12,7965.51,Professional Fees,Prime Consulting,Retail Giant A
2026-03-19,8343.82,Professional Fees,TechLogistics Corp,TechLogistics Corp
2026-01-29,11605.06,Tax Provision,TechLogistics Corp,Direct Consumer
2026-03-10,8835.67,Inventory,Azure Utilities,Direct Consumer
2026-02-28,10559.0,Sales Revenue,TechLogistics Corp,Direct Consumer
2026-03-06,7790.47,Tax Provision,Global Office Ltd,Direct Consumer
2026-03-22,8982.42,Rent,Prime Consulting,Retail Giant A
2026-02-12,6651.49,Tax Provision,Prime Consulting,Direct Consumer
2026-02-22,7205.42,Rent,Global Office Ltd,Public Sector Dept
2026-01-13,4528.86,Professional Fees,Prime Consulting,Retail Giant A
2026-03-22,9575.01,Sales Revenue,TechLogistics Corp,Direct Consumer
2026-03-21,7744.53,Tax Provision,Prime Consulting,Public Sector Dept
2026-01-03,8372.98,Sales Revenue,Global Office Ltd,Retail Giant A
2026-03-28,6993.81,Tax Provision,Azure Utilities,SmallBiz Inc
2026-02-02,8465.59,Sales Revenue,Prime Consulting,Direct Consumer
2026-01-05,7289.28,Tax Provision,TechLogistics Corp,Direct Consumer
2026-01-25,7750.84,Sales Revenue,Prime Consulting,SmallBiz Inc
2026-03-11,6470.95,Tax Provision,Azure Utilities,Public Sector Dept
2026-01-04,8474.48,Tax Provision,Azure Utilities,Public Sector Dept
2026-03-21,5660.74,Inventory,Global Office Ltd,SmallBiz Inc
2026-03-11,4496.45,Inventory,Prime Consulting,Retail Giant A
2026-03-23,7697.66,Tax Provision,Azure Utilities,Public Sector Dept
2026-02-18,9379.44,Sales Revenue,Global Office Ltd,SmallBiz Inc
2026-03-25,7002.69,Inventory,Azure Utilities,SmallBiz Inc
2026-02-20,6312.03,Professional Fees,Azure Utilities,Public Sector Dept
2026-02-18,9480.92,Tax Provision,Global Office Ltd,Direct Consumer
2026-01-18,5440.95,Inventory,TechLogistics Corp,Direct Consumer
2026-03-07,5595.02,Sales Revenue,Azure Utilities,SmallBiz Inc
2026-02-17,7465.64,Rent,TechLogistics Corp,Public Sector Dept
2026-02-19,8741.83,Rent,Prime Consulting,Public Sector Dept
2026-01-20,5922.46,Rent,Azure Utilities,Public Sector Dept
2026-03-30,7771.03,Professional Fees,TechLogistics Corp,Direct Consumer
2026-01-15,8198.18,Inventory,Prime Consulting,SmallBiz Inc
2026-03-27,8755.06,Inventory,Prime Consulting,SmallBiz Inc
2026-01-12,8752.85,Tax Provision,Azure Utilities,SmallBiz Inc
2026-02-11,6820.87,Rent,Azure Utilities,Public Sector Dept
2026-02-18,7538.03,Sales Revenue,Prime Consulting,Public Sector Dept
2026-03-25,8568.81,Rent,TechLogistics Corp,SmallBiz Inc
2026-02-09,4609.93,Inventory,Prime Consulting,Direct Consumer
2026-02-15,7584.7,Inventory,TechLogistics Corp,Retail Giant A
2026-01-29,6098.02,Rent,TechLogistics Corp,SmallBiz Inc
2026-01-21,11896.08,Rent,Global Office Ltd,Global Office Ltd
2026-01-23,8474.93,Professional Fees,Global Office Ltd,SmallBiz Inc
2026-01-04,9685.78,Inventory,TechLogistics Corp,Retail Giant A
2026-03-16,8466.98,Tax Provision,Azure Utilities,Retail Giant A
2026-01-15,8973.76,Rent,Prime Consulting,SmallBiz Inc
2026-02-07,3846.63,Sales Revenue,Prime Consulting,SmallBiz Inc
2026-02-05,4428.48,Rent,Global Office Ltd,Direct Consumer
2026-03-22,8577.49,Inventory,Global Office Ltd,Public Sector Dept
2026-03-26,6824.72,Rent,Azure Utilities,SmallBiz Inc
2026-02-22,6225.86,Professional Fees,TechLogistics Corp,Retail Giant A
2026-01-06,8142.54,Tax Provision,TechLogistics Corp,Retail Giant A
2026-03-22,10593.74,Sales Revenue,TechLogistics Corp,Direct Consumer
2026-02-25,9130.74,Tax Provision,Global Office Ltd,Public Sector Dept
2026-03-10,10148.09,Rent,Azure Utilities,Direct Consumer
2026-03-19,7523.57,Rent,Azure Utilities,SmallBiz Inc
2026-02-25,5728.04,Inventory,Azure Utilities,Direct Consumer
2026-03-11,4718.31,Tax Provision,TechLogistics Corp,Retail Giant A
2026-02-25,6984.62,Sales Revenue,Azure Utilities,Direct Consumer
2026-03-09,8527.89,Rent,Azure Utilities,Direct Consumer
2026-03-27,8789.81,Tax Provision,TechLogistics Corp,Direct Consumer
2026-03-23,4496.83,Inventory,Azure Utilities,Public Sector Dept
2026-02-03,6589.88,Inventory,Prime Consulting,SmallBiz Inc
2026-01-09,5342.81,Inventory,Global Office Ltd,Direct Consumer
2026-02-26,6745.59,Tax Provision,Global Office Ltd,Direct Consumer
2026-02-10,10195.74,Tax Provision,Prime Consulting,SmallBiz Inc
2026-01-31,7152.12,Professional Fees,Prime Consulting,Retail Giant A
2026-03-11,8226.65,Rent,Azure Utilities,Retail Giant A
2026-01-12,9061.93,Inventory,Azure Utilities,Retail Giant A
2026-03-05,8604.95,Tax Provision,Global Office Ltd,Retail Giant A
2026-02-13,4296.36,Tax Provision,TechLogistics Corp,Retail Giant A
2026-02-22,8653.7,Tax Provision,Azure Utilities,Retail Giant A
2026-03-04,5781.82,Inventory,Azure Utilities,SmallBiz Inc
2026-01-13,7103.61,Sales Revenue,Azure Utilities,Public Sector Dept
2026-01-10,4942.8,Professional Fees,Prime Consulting,Public Sector Dept
2026-01-19,-6154.06,Inventory,Prime Consulting,Public Sector Dept
2026-03-14,9146.7,Professional Fees,Azure Utilities,Retail Giant A
2026-01-09,5872.85,Sales Revenue,TechLogistics Corp,Direct Consumer
2026-03-09,9432.4,Rent,Azure Utilities,Public Sector Dept
2026-03-14,11543.02,Rent,Global Office Ltd,Retail Giant A
2026-03-30,6839.18,Tax Provision,Prime Consulting,SmallBiz Inc
2026-02-11,5289.99,Inventory,TechLogistics Corp,Retail Giant A
2026-02-06,10764.48,Professional Fees,TechLogistics Corp,Public Sector Dept
2026-03-03,10257.72,Inventory,Prime Consulting,Public Sector Dept
2026-01-20,8801.01,Tax Provision,Global Office Ltd,Direct Consumer
2026-03-08,7812.11,Tax Provision,Global Office Ltd,SmallBiz Inc
2026-02-18,10950.5,Tax Provision,Global Office Ltd,SmallBiz Inc
2026-01-04,9416.72,Sales Revenue,TechLogistics Corp,Direct Consumer
2026-02-27,9758.72,Professional Fees,TechLogistics Corp,Retail Giant A
2026-03-07,9138.65,Professional Fees,Azure Utilities,SmallBiz Inc
2026-02-22,6221.44,Inventory,TechLogistics Corp,Retail Giant A
2026-02-05,8393.97,Professional Fees,Prime Consulting,Direct Consumer
2026-03-28,7672.01,Inventory,Prime Consulting,Retail Giant A
2026-03-05,9185.48,Inventory,TechLogistics Corp,SmallBiz Inc
2026-02-17,5981.43,Sales Revenue,Global Office Ltd,Direct Consumer
2026-01-19,4854.46,Professional Fees,Azure Utilities,Direct Consumer
2026-02-16,6893.17,Tax Provision,TechLogistics Corp,Direct Consumer
2026-03-14,10375.14,Tax Provision,Azure Utilities,Direct Consumer
2026-03-09,5508.58,Inventory,TechLogistics Corp,Public Sector Dept
2026-01-20,6848.7,Tax Provision,Prime Consulting,SmallBiz Inc
2026-03-22,9439.28,Tax Provision,TechLogistics Corp,Retail Giant A
2026-01-23,3355.47,Professional Fees,TechLogistics Corp,Retail Giant A
2026-02-06,8529.95,Tax Provision,Prime Consulting,Direct Consumer
2026-03-15,9196.61,Rent,TechLogistics Corp,SmallBiz Inc
2026-01-17,5222.39,Inventory,Prime Consulting,Public Sector Dept
2026-01-04,3646.97,Rent,Global Office Ltd,Public Sector Dept
2026-01-29,8068.86,Rent,Global Office Ltd,Public Sector Dept
2026-03-25,10405.24,Sales Revenue,TechLogistics Corp,SmallBiz Inc
2026-02-11,8575.68,Professional Fees,Prime Consulting,Direct Consumer
2026-03-11,7853.45,Tax Provision,Global Office Ltd,Direct Consumer
2026-01-29,11528.27,Sales Revenue,Prime Consulting,SmallBiz Inc
2026-03-23,12887.72,Tax Provision,Azure Utilities,SmallBiz Inc
2026-02-22,8200.97,Tax Provision,TechLogistics Corp,SmallBiz Inc
2026-01-15,8563.11,Professional Fees,Global Office Ltd,Retail Giant A
2026-02-06,5994.78,Tax Provision,Prime Consulting,Retail Giant A
2026-01-07,6994.69,Tax Provision,Azure Utilities,Retail Giant A
2026-01-30,5548.98,Sales Revenue,Global Office Ltd,Public Sector Dept
2026-01-18,8308.53,Tax Provision,TechLogistics Corp,Public Sector Dept
2026-03-18,7034.28,Rent,Azure Utilities,Retail Giant A
2026-01-07,8295.03,Inventory,Azure Utilities,Retail Giant A
2026-01-28,11068.83,Rent,Global Office Ltd,SmallBiz Inc
2026-01-20,4605.0,Inventory,TechLogistics Corp,Public Sector Dept
2026-01-02,8070.14,Tax Provision,Global Office Ltd,Public Sector Dept
2026-02-19,7354.36,Professional Fees,Prime Consulting,Retail Giant A
2026-03-30,8057.96,Inventory,Prime Consulting,SmallBiz Inc
2026-03-22,11174.96,Rent,Prime Consulting,Retail Giant A
2026-01-08,9266.84,Tax Provision,TechLogistics Corp,Direct Consumer
2026-02-22,7006.62,Rent,Global Office Ltd,SmallBiz Inc
2026-03-15,5238.27,Rent,Prime Consulting,Direct Consumer
2026-03-09,6526.0,Rent,Global Office Ltd,Retail Giant A
2026-03-21,6221.31,Sales Revenue,TechLogistics Corp,SmallBiz Inc
2026-01-03,8305.65,Professional Fees,Prime Consulting,Direct Consumer
2026-01-03,6227.77,Sales Revenue,TechLogistics Corp,SmallBiz Inc
2026-03-25,7715.02,Sales Revenue,TechLogistics Corp,Direct Consumer
2026-03-21,7849.27,Sales Revenue,Global Office Ltd,SmallBiz Inc
2026-03-03,8768.2,Rent,Azure Utilities,Direct Consumer
2026-03-03,3858.53,Sales Revenue,Azure Utilities,Retail Giant A
2026-01-15,7736.3,Professional Fees,Global Office Ltd,Public Sector Dept
2026-03-16,-9747.83,Professional Fees,TechLogistics Corp,Public Sector Dept
2026-01-13,6434.02,Professional Fees,TechLogistics Corp,Direct Consumer
2026-02-08,12367.7,Sales Revenue,TechLogistics Corp,Public Sector Dept
2026-03-31,7014.01,Rent,Prime Consulting,Retail Giant A
2026-03-11,7319.36,Professional Fees,TechLogistics Corp,SmallBiz Inc
2026-02-01,9248.05,Rent,Prime Consulting,Retail Giant A
2026-02-14,7820.37,Rent,TechLogistics Corp,Direct Consumer
2026-01-16,9416.28,Rent,Prime Consulting,Public Sector Dept
2026-02-18,6512.43,Rent,TechLogistics Corp,Public Sector Dept
2026-02-09,10915.02,Sales Revenue,Global Office Ltd,Retail Giant A
2026-02-24,7489.99,Inventory,Azure Utilities,Direct Consumer
2026-01-30,6430.62,Inventory,Prime Consulting,Public Sector Dept
2026-02-04,6990.84,Professional Fees,Prime Consulting,Retail Giant A
2026-01-18,6419.87,Tax Provision,Global Office Ltd,Retail Giant A
2026-01-07,6675.27,Sales Revenue,Prime Consulting,Direct Consumer
2026-02-07,8908.02,Inventory,TechLogistics Corp,Direct Consumer
2026-03-22,5938.86,Sales Revenue,Global Office Ltd,Public Sector Dept
2026-01-23,9080.59,Professional Fees,Global Office Ltd,Retail Giant A
2026-01-13,11273.66,Professional Fees,Azure Utilities,Direct Consumer
2026-02-05,8139.55,Tax Provision,Prime Consulting,Retail Giant A
2026-02-02,5111.75,Professional Fees,TechLogistics Corp,Retail Giant A
2026-02-27,9036.25,Professional Fees,TechLogistics Corp,Public Sector Dept
2026-03-11,9411.24,Rent,TechLogistics Corp,Direct Consumer
2026-03-14,5704.34,Tax Provision,TechLogistics Corp,Public Sector Dept
2026-02-16,6528.76,Inventory,Azure Utilities,Public Sector Dept
2026-01-31,7428.48,Professional Fees,TechLogistics Corp,Retail Giant A
2026-03-30,5348.53,Professional Fees,TechLogistics Corp,Retail Giant A
2026-02-08,5656.83,Rent,Global Office Ltd,Direct Consumer
2026-01-08,8594.93,Tax Provision,Azure Utilities,SmallBiz Inc
2026-02-24,10622.83,Inventory,TechLogistics Corp,Retail Giant A
2026-03-11,12136.98,Rent,TechLogistics Corp,Public Sector Dept
2026-03-15,7576.32,Professional Fees,Azure Utilities,Retail Giant A
2026-01-12,10594.92,Professional Fees,Prime Consulting,Prime Consulting
2026-02-16,8174.9,Rent,Prime Consulting,Direct Consumer
2026-03-22,8875.7,Professional Fees,Prime Consulting,Direct Consumer
2026-01-30,4741.04,Tax Provision,Global Office Ltd,Retail Giant A
2026-01-12,8353.51,Tax Provision,Global Office Ltd,Retail Giant A
2026-02-08,10138.07,Rent,TechLogistics Corp,Retail Giant A
2026-03-28,11771.55,Sales Revenue,TechLogistics Corp,Retail Giant A
2026-02-11,10313.68,Tax Provision,Azure Utilities,Direct Consumer
2026-03-27,10464.44,Tax Provision,Azure Utilities,Retail Giant A
2026-01-01,8437.24,Sales Revenue,Prime Consulting,Public Sector Dept
2026-03-03,9028.26,Sales Revenue,Azure Utilities,Public Sector Dept
2026-01-24,8421.07,Professional Fees,TechLogistics Corp,Direct Consumer
2026-03-14,6882.0,Rent,Prime Consulting,Retail Giant A
2026-01-22,10354.66,Rent,Global Office Ltd,SmallBiz Inc
2026-03-03,6052.5,Sales Revenue,TechLogistics Corp,SmallBiz Inc
2026-01-15,8129.5,Rent,Global Office Ltd,Retail Giant A
2026-03-16,5021.09,Sales Revenue,Azure Utilities,Direct Consumer
2026-02-05,8331.62,Rent,Azure Utilities,SmallBiz Inc
2026-03-21,13612.96,Sales Revenue,TechLogistics Corp,Public Sector Dept
2026-03-16,8168.87,Rent,Global Office Ltd,Public Sector Dept
2026-03-31,7679.73,Rent,TechLogistics Corp,Direct Consumer
2026-01-23,4004.59,Sales Revenue,TechLogistics Corp,SmallBiz Inc
2026-03-06,5535.2,Inventory,Global Office Ltd,Public Sector Dept
2026-01-18,9200.91,Professional Fees,Global Office Ltd,Global Office Ltd
2026-01-26,7769.38,Professional Fees,Prime Consulting,Direct Consumer
2026-02-19,8876.4,Tax Provision,Prime Consulting,Public Sector Dept
2026-03-06,7532.26,Inventory,Prime Consulting,Direct Consumer
2026-01-28,6821.81,Rent,Prime Consulting,SmallBiz Inc
2026-03-10,9474.51,Professional Fees,Prime Consulting,Public Sector Dept
2026-03-06,9945.92,Tax Provision,Azure Utilities,Public Sector Dept
2026-02-20,7485.08,Sales Revenue,TechLogistics Corp,SmallBiz Inc
2026-03-26,9960.53,Rent,Azure Utilities,SmallBiz Inc
2026-02-08,8571.83,Professional Fees,Prime Consulting,SmallBiz Inc
2026-03-15,8616.19,Inventory,Prime Consulting,SmallBiz Inc
2026-02-19,9433.4,Inventory,Global Office Ltd,Direct Consumer
2026-01-06,6625.56,Professional Fees,TechLogistics Corp,SmallBiz Inc
2026-02-14,6107.17,Inventory,Azure Utilities,SmallBiz Inc
2026-01-29,6921.76,Professional Fees,Global Office Ltd,Public Sector Dept
2026-01-12,10362.25,Professional Fees,Prime Consulting,Direct Consumer
2026-03-20,11327.42,Rent,Global Office Ltd,Direct Consumer
2026-02-13,6685.8,Inventory,Prime Consulting,Public Sector Dept
2026-02-25,5998.07,Professional Fees,TechLogistics Corp,Direct Consumer
2026-01-24,9506.99,Rent,Global Office Ltd,Direct Consumer
2026-02-05,7696.19,Tax Provision,Global Office Ltd,Direct Consumer
2026-02-24,6815.01,Sales Revenue,TechLogistics Corp,Retail Giant A
2026-01-03,7534.74,Tax Provision,Azure Utilities,Public Sector Dept
2026-03-01,7984.38,Inventory,Global Office Ltd,SmallBiz Inc
2026-01-21,7362.42,Rent,Global Office Ltd,SmallBiz Inc
2026-01-14,5732.18,Sales Revenue,Global Office Ltd,Retail Giant A
2026-02-21,5238.35,Professional Fees,Global Office Ltd,Retail Giant A
2026-02-27,8042.46,Rent,Global Office Ltd,Retail Giant A
2026-01-28,8117.26,Sales Revenue,Global Office Ltd,SmallBiz Inc
2026-02-26,5714.05,Rent,Global Office Ltd,Direct Consumer
2026-02-15,8491.03,Professional Fees,Azure Utilities,Direct Consumer
2026-03-02,8123.6,Tax Provision,Azure Utilities,Retail Giant A
2026-02-02,9135.55,Tax Provision,Azure Utilities,Direct Consumer
2026-03-27,8936.12,Tax Provision,Prime Consulting,Direct Consumer
2026-03-11,7837.3,Rent,Prime Consulting,SmallBiz Inc
2026-02-27,9174.62,Sales Revenue,TechLogistics Corp,SmallBiz Inc
2026-01-22,8555.45,Rent,Global Office Ltd,Direct Consumer
2026-02-02,9235.89,Tax Provision,TechLogistics Corp,Direct Consumer
2026-02-02,11243.54,Tax Provision,Prime Consulting,Direct Consumer
2026-03-05,7069.19,Rent,Azure Utilities,Direct Consumer
2026-01-09,7031.35,Inventory,TechLogistics Corp,Public Sector Dept
2026-03-24,11411.14,Sales Revenue,Azure Utilities,Direct Consumer
2026-03-14,11979.6,Tax Provision,TechLogistics Corp,SmallBiz Inc
2026-02-13,4957.88,Professional Fees,Prime Consulting,SmallBiz Inc
2026-01-04,6228.71,Tax Provision,Global Office Ltd,Public Sector Dept
2026-01-13,6548.86,Sales Revenue,Global Office Ltd,Direct Consumer
2026-02-03,7374.67,Tax Provision,Prime Consulting,Public Sector Dept
2026-01-06,8732.53,Rent,Global Office Ltd,Direct Consumer
2026-03-14,6614.75,Tax Provision,Azure Utilities,Azure Utilities
2026-01-21,12132.66,Inventory,Global Office Ltd,SmallBiz Inc
2026-03-03,7836.75,Tax Provision,TechLogistics Corp,Retail Giant A
2026-01-13,7817.06,Tax Provision,TechLogistics Corp,Retail Giant A
2026-03-31,6055.49,Rent,TechLogistics Corp,SmallBiz Inc
2026-01-13,8673.21,Inventory,TechLogistics Corp,SmallBiz Inc
2026-03-30,8915.86,Professional Fees,Global Office Ltd,Public Sector Dept
2026-01-13,8929.98,Professional Fees,Azure Utilities,SmallBiz Inc
2026-02-02,6843.23,Rent,Azure Utilities,Direct Consumer
2026-01-14,3449.31,Tax Provision,Prime Consulting,Public Sector Dept
2026-01-15,9327.0,Inventory,Prime Consulting,SmallBiz Inc
2026-01-04,9597.11,Tax Provision,Azure Utilities,Direct Consumer
2026-02-07,6664.95,Sales Revenue,Global Office Ltd,Retail Giant A
2026-01-20,6495.9,Inventory,Prime Consulting,Public Sector Dept
2026-01-06,8813.48,Tax Provision,Prime Consulting,SmallBiz Inc
2026-02-04,7718.56,Tax Provision,Global Office Ltd,SmallBiz Inc
2026-02-27,13525.79,Sales Revenue,Prime Consulting,SmallBiz Inc
2026-03-26,9058.81,Professional Fees,TechLogistics Corp,Public Sector Dept
2026-01-18,6440.6,Rent,Global Office Ltd,SmallBiz Inc
2026-01-16,10393.76,Professional Fees,Global Office Ltd,Public Sector Dept
2026-03-12,6684.73,Inventory,Global Office Ltd,Direct Consumer
2026-01-06,7888.15,Professional Fees,TechLogistics Corp,SmallBiz Inc
2026-01-29,6404.12,Professional Fees,Azure Utilities,Direct Consumer
2026-02-02,9277.13,Tax Provision,TechLogistics Corp,Retail Giant A
2026-03-06,5126.32,Sales Revenue,Azure Utilities,Retail Giant A
2026-03-25,6415.37,Rent,TechLogistics Corp,Retail Giant A
2026-01-14,7661.01,Rent,Azure Utilities,Retail Giant A
2026-03-30,9709.7,Sales Revenue,Prime Consulting,Retail Giant A
2026-03-02,5788.34,Rent,TechLogistics Corp,Retail Giant A
2026-03-23,6886.9,Tax Provision,TechLogistics Corp,Retail Giant A
2026-03-26,8388.97,Sales Revenue,Azure Utilities,Direct Consumer
2026-01-09,9342.89,Rent,Prime Consulting,Direct Consumer
2026-02-24,9209.14,Sales Revenue,Azure Utilities,Public Sector Dept
2026-03-29,9496.13,Rent,TechLogistics Corp,Retail Giant A
2026-01-03,6186.6,Inventory,Global Office Ltd,Direct Consumer
2026-01-31,8343.94,Inventory,TechLogistics Corp,Retail Giant A
2026-03-24,6516.92,Tax Provision,Prime Consulting,Direct Consumer
2026-03-28,9525.67,Sales Revenue,TechLogistics Corp,Direct Consumer
2026-02-18,7538.63,Rent,Azure Utilities,SmallBiz Inc
2026-01-13,5883.6,Professional Fees,Azure Utilities,SmallBiz Inc
2026-01-17,9209.86,Inventory,Azure Utilities,Retail Giant A
2026-03-04,7432.72,Professional Fees,Prime Consulting,Public Sector Dept
2026-03-22,7733.28,Sales Revenue,Azure Utilities,SmallBiz Inc
2026-03-21,9926.16,Rent,TechLogistics Corp,Retail Giant A
2026-01-19,5715.78,Rent,TechLogistics Corp,Public Sector Dept
2026-01-31,9592.39,Professional Fees,Prime Consulting,Direct Consumer
2026-03-01,9456.37,Inventory,Prime Consulting,Direct Consumer
2026-01-25,7614.48,Professional Fees,Azure Utilities,Direct Consumer
2026-01-07,6666.44,Sales Revenue,Global Office Ltd,Direct Consumer
2026-03-02,3958.37,Inventory,TechLogistics Corp,Direct Consumer
2026-03-17,6951.11,Tax Provision,TechLogistics Corp,SmallBiz Inc
2026-03-20,9175.07,Professional Fees,Azure Utilities,Public Sector Dept
2026-03-20,8153.28,Tax Provision,Prime Consulting,Direct Consumer
2026-03-30,5830.36,Inventory,TechLogistics Corp,Direct Consumer
2026-03-20,9077.09,Rent,Global Office Ltd,Public Sector Dept
2026-02-28,8402.56,Tax Provision,Global Office Ltd,Public Sector Dept
2026-01-04,8658.16,Rent,TechLogistics Corp,SmallBiz Inc
2026-03-07,8362.55,Sales Revenue,TechLogistics Corp,Direct Consumer
2026-02-27,7880.6,Sales Revenue,TechLogistics Corp,SmallBiz Inc
2026-03-12,10075.5,Professional Fees,Prime Consulting,Direct Consumer
2026-02-21,3992.48,Tax Provision,TechLogistics Corp,SmallBiz Inc
2026-01-02,8244.18,Tax Provision,TechLogistics Corp,SmallBiz Inc
2026-03-26,7457.21,Rent,Prime Consulting,Direct Consumer
2026-02-12,9943.95,Tax Provision,Global Office Ltd,Retail Giant A
2026-03-03,6218.21,Inventory,Prime Consulting,Direct Consumer
2026-03-09,9535.7,Tax Provision,Azure Utilities,Direct Consumer
2026-02-11,6936.82,Rent,TechLogistics Corp,Direct Consumer
2026-02-28,9639.27,Professional Fees,Azure Utilities,SmallBiz Inc
2026-03-12,11063.48,Sales Revenue,TechLogistics Corp,SmallBiz Inc
2026-02-08,7401.6,Tax Provision,TechLogistics Corp,Public Sector Dept
2026-02-23,7141.69,Rent,Prime Consulting,Direct Consumer
2026-02-13,6723.72,Sales Revenue,Prime Consulting,SmallBiz Inc
2026-02-27,7924.24,Professional Fees,Global Office Ltd,Retail Giant A
2026-02-22,8513.19,Professional Fees,Global Office Ltd,SmallBiz Inc
2026-01-12,4720.63,Sales Revenue,Global Office Ltd,Direct Consumer
2026-03-20,9988.34,Sales Revenue,TechLogistics Corp,SmallBiz Inc
2026-02-24,6666.91,Sales Revenue,Global Office Ltd,Public Sector Dept
2026-02-14,5108.21,Sales Revenue,TechLogistics Corp,Retail Giant A
2026-02-26,6714.97,Sales Revenue,Global Office Ltd,SmallBiz Inc
2026-03-18,8016.36,Sales Revenue,Global Office Ltd,Retail Giant A
2026-01-12,5969.55,Professional Fees,TechLogistics Corp,Public Sector Dept
2026-03-19,5653.43,Tax Provision,Azure Utilities,Direct Consumer
2026-02-07,8020.43,Professional Fees,Prime Consulting,Public Sector Dept
2026-02-10,9009.63,Sales Revenue,TechLogistics Corp,Retail Giant A
2026-03-27,7117.08,Inventory,TechLogistics Corp,Public Sector Dept
2026-01-16,5473.26,Sales Revenue,Global Office Ltd,Direct Consumer
2026-02-14,9180.11,Tax Provision,Prime Consulting,SmallBiz Inc
2026-02-24,6276.96,Inventory,Azure Utilities,Retail Giant A
2026-02-19,6356.33,Tax Provision,Global Office Ltd,Retail Giant A
2026-02-03,8612.18,Rent,TechLogistics Corp,Direct Consumer
2026-03-05,5674.34,Professional Fees,Azure Utilities,Direct Consumer
2026-03-06,8030.95,Tax Provision,Azure Utilities,SmallBiz Inc
2026-02-15,6761.46,Rent,Global Office Ltd,Direct Consumer
2026-03-15,4101.31,Inventory,Global Office Ltd,Global Office Ltd
2026-01-28,9005.64,Rent,Azure Utilities,SmallBiz Inc
2026-02-25,5527.75,Sales Revenue,TechLogistics Corp,SmallBiz Inc
2026-01-26,8825.76,Rent,Prime Consulting,Public Sector Dept
2026-01-23,6031.18,Professional Fees,TechLogistics Corp,Public Sector Dept
2026-01-09,6622.43,Inventory,Prime Consulting,Direct Consumer
2026-02-24,-4529.75,Inventory,TechLogistics Corp,Public Sector Dept
2026-02-01,7894.4,Rent,Global Office Ltd,Direct Consumer
2026-02-07,7041.08,Professional Fees,TechLogistics Corp,Public Sector Dept
2026-03-13,7333.51,Rent,Prime Consulting,SmallBiz Inc
2026-03-02,11775.83,Inventory,Prime Consulting,Retail Giant A
2026-03-02,9649.01,Sales Revenue,Global Office Ltd,Direct Consumer
2026-02-16,5181.31,Tax Provision,Prime Consulting,Retail Giant A
2026-03-19,8557.43,Rent,TechLogistics Corp,Public Sector Dept
2026-03-30,11165.82,Tax Provision,Prime Consulting,Retail Giant A
2026-02-22,7069.68,Inventory,Prime Consulting,SmallBiz Inc
2026-02-04,7061.6,Professional Fees,Azure Utilities,Retail Giant A
2026-01-07,8088.37,Tax Provision,Global Office Ltd,SmallBiz Inc
2026-02-09,8701.61,Inventory,Global Office Ltd,Direct Consumer
2026-02-06,6374.54,Sales Revenue,Global Office Ltd,Retail Giant A
2026-01-05,7495.16,Sales Revenue,Azure Utilities,Retail Giant A
2026-03-14,-6517.47,Professional Fees,Prime Consulting,Public Sector Dept
2026-03-13,5388.82,Tax Provision,TechLogistics Corp,Retail Giant A
2026-02-16,6174.47,Inventory,TechLogistics Corp,SmallBiz Inc
2026-01-23,6184.32,Tax Provision,Prime Consulting,Retail Giant A
2026-01-06,5214.22,Sales Revenue,Prime Consulting,Public Sector Dept
2026-02-02,9402.31,Sales Revenue,Azure Utilities,SmallBiz Inc
2026-01-02,8375.38,Tax Provision,TechLogistics Corp,SmallBiz Inc
2026-02-23,7975.41,Inventory,Azure Utilities,Direct Consumer
2026-02-22,6261.02,Professional Fees,Azure Utilities,SmallBiz Inc
2026-01-14,9736.17,Inventory,Prime Consulting,SmallBiz Inc
2026-01-02,5714.53,Tax Provision,Global Office Ltd,SmallBiz Inc
2026-01-24,5261.11,Sales Revenue,Prime Consulting,Retail Giant A
2026-02-28,9053.83,Rent,Azure Utilities,Public Sector Dept
2026-01-29,11605.06,Tax Provision,TechLogistics Corp,Direct Consumer
2026-03-25,8714.79,Sales Revenue,TechLogistics Corp,Direct Consumer
2026-03-31,9557.08,Sales Revenue,Azure Utilities,Direct Consumer
2026-03-03,8568.93,Professional Fees,Global Office Ltd,Retail Giant A
2026-02-05,12352.11,Tax Provision,Prime Consulting,SmallBiz Inc
2026-03-08,11092.55,Inventory,Prime Consulting,Direct Consumer
2026-03-15,8632.05,Tax Provision,Global Office Ltd,Direct Consumer
2026-02-01,2597.7,Inventory,Prime Consulting,Retail Giant A
2026-02-24,6361.15,Professional Fees,Prime Consulting,Retail Giant A
2026-02-21,6296.36,Tax Provision,TechLogistics Corp,Public Sector Dept
2026-03-07,4611.19,Professional Fees,Azure Utilities,SmallBiz Inc
2026-02-24,10971.34,Rent,Azure Utilities,SmallBiz Inc
2026-03-13,10420.53,Professional Fees,Global Office Ltd,SmallBiz Inc
2026-03-17,7181.97,Inventory,Global Office Ltd,Direct Consumer
2026-03-08,7454.14,Rent,Prime Consulting,Public Sector Dept
2026-02-20,6087.94,Inventory,Azure Utilities,Direct Consumer
2026-01-24,11069.12,Sales Revenue,Global Office Ltd,SmallBiz Inc
2026-03-27,9194.06,Inventory,Global Office Ltd,Direct Consumer
2026-01-31,10147.84,Sales Revenue,Azure Utilities,SmallBiz Inc
2026-03-04,6147.01,Rent,Azure Utilities,SmallBiz Inc
2026-03-31,13022.8,Professional Fees,Azure Utilities,Direct Consumer
2026-03-25,8480.05,Tax Provision,Prime Consulting,Retail Giant A
2026-03-04,8052.53,Tax Provision,Prime Consulting,Public Sector Dept
2026-03-02,5403.41,Professional Fees,Prime Consulting,Retail Giant A
2026-02-19,7435.27,Inventory,Azure Utilities,Direct Consumer
2026-01-23,5711.27,Inventory,Azure Utilities,Public Sector Dept
2026-02-22,7584.67,Tax Provision,Global Office Ltd,Direct Consumer
2026-02-19,8597.29,Professional Fees,TechLogistics Corp,Direct Consumer
2026-03-27,8174.28,Inventory,TechLogistics Corp,Retail Giant A
2026-03-24,7071.6,Professional Fees,Global Office Ltd,SmallBiz Inc
2026-03-27,8814.85,Tax Provision,TechLogistics Corp,Public Sector Dept
2026-01-31,8745.86,Rent,Global Office Ltd,Direct Consumer
2026-01-03,8325.79,Rent,TechLogistics Corp,Direct Consumer
2026-02-06,10767.18,Professional Fees,Azure Utilities,Public Sector Dept
2026-03-04,8123.76,Tax Provision,Global Office Ltd,Public Sector Dept
2026-01-13,3672.79,Professional Fees,Azure Utilities,Direct Consumer
2026-03-13,8710.98,Inventory,Prime Consulting,Retail Giant A
2026-03-03,8344.33,Sales Revenue,Global Office Ltd,SmallBiz Inc
2026-03-18,6723.09,Sales Revenue,Prime Consulting,Direct Consumer
2026-02-02,4932.75,Tax Provision,TechLogistics Corp,Direct Consumer
2026-02-14,7167.2,Professional Fees,Prime Consulting,Retail Giant A
2026-01-05,8960.46,Rent,Global Office Ltd,Retail Giant A
2026-03-26,9551.86,Sales Revenue,Prime Consulting,Direct Consumer
2026-02-14,7160.92,Tax Provision,Global Office Ltd,SmallBiz Inc
2026-02-11,10186.73,Inventory,TechLogistics Corp,Retail Giant A
2026-01-09,8287.86,Sales Revenue,TechLogistics Corp,Direct Consumer
2026-02-26,5897.81,Sales Revenue,Prime Consulting,Retail Giant A
2026-02-07,9803.47,Professional Fees,Azure Utilities,Public Sector Dept
2026-01-20,8840.38,Professional Fees,Prime Consulting,SmallBiz Inc
2026-02-09,11069.93,Tax Provision,Prime Consulting,SmallBiz Inc
2026-03-26,8373.09,Professional Fees,TechLogistics Corp,Retail Giant A
2026-02-13,6891.36,Rent,Azure Utilities,Public Sector Dept
2026-03-26,5024.38,Professional Fees,Azure Utilities,Retail Giant A
2026-03-19,8979.14,Professional Fees,Azure Utilities,Direct Consumer
2026-01-18,9119.71,Professional Fees,TechLogistics Corp,Retail Giant A
2026-02-15,7766.06,Inventory,TechLogistics Corp,SmallBiz Inc
2026-02-22,9202.01,Tax Provision,Prime Consulting,SmallBiz Inc
2026-02-13,6692.82,Professional Fees,TechLogistics Corp,Retail Giant A
2026-02-14,8897.68,Tax Provision,Azure Utilities,Public Sector Dept
2026-02-23,4979.16,Professional Fees,TechLogistics Corp,Retail Giant A
2026-02-17,10027.01,Inventory,Prime Consulting,Direct Consumer
2026-03-13,6760.5,Professional Fees,Azure Utilities,Retail Giant A
2026-01-25,8302.17,Inventory,Azure Utilities,Public Sector Dept
2026-02-18,6015.68,Rent,TechLogistics Corp,Public Sector Dept
2026-03-01,11787.9,Rent,Azure Utilities,Retail Giant A
2026-01-17,8233.61,Professional Fees,TechLogistics Corp,Direct Consumer
2026-03-10,8819.89,Sales Revenue,Azure Utilities,Public Sector Dept
2026-02-24,8224.67,Inventory,Prime Consulting,Public Sector Dept
2026-03-14,4662.43,Inventory,Prime Consulting,Retail Giant A
2026-02-20,6651.68,Inventory,Global Office Ltd,SmallBiz Inc
2026-03-22,7630.28,Sales Revenue,TechLogistics Corp,Retail Giant A
2026-01-27,8890.85,Sales Revenue,Azure Utilities,Public Sector Dept
2026-01-04,7500.22,Professional Fees,TechLogistics Corp,SmallBiz Inc
2026-02-22,9494.06,Rent,Prime Consulting,SmallBiz Inc
2026-01-01,5669.83,Tax Provision,Global Office Ltd,Direct Consumer
2026-02-12,3562.85,Tax Provision,Global Office Ltd,SmallBiz Inc
2026-01-13,10364.34,Sales Revenue,Prime Consulting,SmallBiz Inc
2026-01-19,6224.31,Rent,TechLogistics Corp,Direct Consumer
2026-02-02,5785.47,Rent,Global Office Ltd,Direct Consumer
2026-03-28,8323.16,Rent,Global Office Ltd,Public Sector Dept
2026-02-20,4605.38,Tax Provision,Azure Utilities,Direct Consumer
2026-01-11,8413.22,Professional Fees,Azure Utilities,Retail Giant A
2026-03-02,5668.57,Rent,TechLogistics Corp,Direct Consumer
2026-03-09,9155.32,Tax Provision,Global Office Ltd,Public Sector Dept
2026-01-26,10826.5,Sales Revenue,Prime Consulting,Public Sector Dept
2026-03-04,8437.16,Rent,TechLogistics Corp,SmallBiz Inc
2026-02-24,8044.31,Sales Revenue,Azure Utilities,Public Sector Dept
2026-01-25,5943.46,Sales Revenue,TechLogistics Corp,SmallBiz Inc
2026-01-16,-7885.68,Professional Fees,Global Office Ltd,SmallBiz Inc
2026-01-21,6322.51,Professional Fees,Global Office Ltd,Direct Consumer
2026-02-13,8253.79,Rent,Global Office Ltd,Direct Consumer
2026-02-14,10878.97,Tax Provision,Prime Consulting,Direct Consumer
2026-01-06,8213.04,Tax Provision,TechLogistics Corp,SmallBiz Inc
2026-02-08,7127.99,Rent,Global Office Ltd,SmallBiz Inc
2026-01-28,9134.81,Inventory,TechLogistics Corp,SmallBiz Inc
2026-03-09,8458.98,Professional Fees,Prime Consulting,Public Sector Dept
2026-02-07,7361.25,Rent,TechLogistics Corp,SmallBiz Inc
2026-01-10,9021.79,Inventory,Azure Utilities,SmallBiz Inc
2026-02-25,9407.55,Tax Provision,Azure Utilities,SmallBiz Inc
2026-02-28,11565.19,Sales Revenue,Global Office Ltd,Public Sector Dept
2026-02-16,5827.92,Inventory,Azure Utilities,SmallBiz Inc
2026-03-17,8399.83,Sales Revenue,Global Office Ltd,SmallBiz Inc
2026-02-24,6759.16,Tax Provision,TechLogistics Corp,Public Sector Dept
2026-03-09,11261.41,Rent,Global Office Ltd,SmallBiz Inc
2026-03-06,8188.88,Sales Revenue,Global Office Ltd,Direct Consumer
2026-02-18,10045.44,Professional Fees,Prime Consulting,Retail Giant A
2026-03-26,10076.65,Professional Fees,Global Office Ltd,Public Sector Dept
2026-03-18,6560.98,Tax Provision,Prime Consulting,SmallBiz Inc
2026-01-24,6802.91,Rent,Azure Utilities,Retail Giant A
2026-01-02,10466.82,Rent,Global Office Ltd,Public Sector Dept
2026-03-14,8373.03,Professional Fees,TechLogistics Corp,SmallBiz Inc
2026-03-04,4047.38,Rent,TechLogistics Corp,Direct Consumer
2026-01-26,7209.71,Rent,Global Office Ltd,Public Sector Dept
2026-01-25,7719.05,Sales Revenue,Global Office Ltd,Direct Consumer
2026-01-26,6236.58,Rent,TechLogistics Corp,Public Sector Dept
2026-03-23,9325.64,Inventory,Global Office Ltd,SmallBiz Inc
2026-01-01,6919.37,Rent,Global Office Ltd,Direct Consumer
2026-03-01,6052.96,Tax Provision,Prime Consulting,SmallBiz Inc
2026-01-03,6074.35,Professional Fees,TechLogistics Corp,Direct Consumer
2026-02-28,12706.06,Tax Provision,Global Office Ltd,SmallBiz Inc
2026-02-03,8083.42,Tax Provision,Azure Utilities,Retail Giant A
2026-01-17,7150.01,Sales Revenue,Global Office Ltd,Public Sector Dept
2026-03-05,9439.26,Professional Fees,Global Office Ltd,Retail Giant A
2026-03-21,6825.75,Sales Revenue,Global Office Ltd,Direct Consumer
2026-03-20,-8167.8,Inventory,TechLogistics Corp,Retail Giant A
2026-01-06,7371.85,Rent,TechLogistics Corp,Direct Consumer
2026-03-26,7865.0,Sales Revenue,TechLogistics Corp,Direct Consumer
2026-03-24,7323.17,Sales Revenue,Prime Consulting,Public Sector Dept
2026-03-14,8315.01,Sales Revenue,Global Office Ltd,Public Sector Dept
2026-03-06,8693.13,Sales Revenue,TechLogistics Corp,Public Sector Dept
2026-01-19,2954.51,Inventory,TechLogistics Corp,Public Sector Dept
2026-01-13,8697.55,Inventory,Azure Utilities,SmallBiz Inc
2026-03-01,7620.73,Rent,Global Office Ltd,SmallBiz Inc
2026-02-23,6804.53,Inventory,Global Office Ltd,Direct Consumer
2026-01-01,4920.09,Inventory,Prime Consulting,Retail Giant A
2026-02-05,9269.41,Inventory,Azure Utilities,Retail Giant A
2026-02-18,9016.56,Rent,Global Office Ltd,Direct Consumer
2026-02-06,8433.37,Tax Provision,Prime Consulting,Direct Consumer
2026-03-05,8324.27,Sales Revenue,Azure Utilities,Direct Consumer
2026-02-14,7550.17,Sales Revenue,Prime Consulting,Public Sector Dept
2026-02-26,9948.15,Tax Provision,Prime Consulting,SmallBiz Inc
2026-03-06,8240.3,Rent,Prime Consulting,Retail Giant A
2026-01-04,9856.96,Inventory,Prime Consulting,Public Sector Dept
2026-02-26,10064.41,Professional Fees,Azure Utilities,Direct Consumer
2026-02-22,8619.44,Sales Revenue,Prime Consulting,SmallBiz Inc
2026-03-30,10226.15,Rent,Prime Consulting,Retail Giant A
2026-03-16,7551.37,Sales Revenue,Global Office Ltd,SmallBiz Inc
2026-01-16,7510.99,Tax Provision,Azure Utilities,Direct Consumer
2026-02-23,7120.97,Rent,Global Office Ltd,SmallBiz Inc
2026-02-07,9338.85,Sales Revenue,Azure Utilities,Public Sector Dept
2026-01-16,7956.73,Rent,Azure Utilities,Retail Giant A
2026-03-17,6316.34,Rent,Global Office Ltd,Retail Giant A
2026-01-04,5710.89,Inventory,Azure Utilities,Direct Consumer
2026-02-18,8368.95,Sales Revenue,TechLogistics Corp,Public Sector Dept
2026-03-31,10479.56,Inventory,Global Office Ltd,Retail Giant A
2026-03-31,7408.32,Tax Provision,TechLogistics Corp,SmallBiz Inc
2026-01-01,7732.7,Sales Revenue,Prime Consulting,Public Sector Dept
2026-01-01,6005.79,Rent,Azure Utilities,SmallBiz Inc
2026-02-16,8252.96,Inventory,Global Office Ltd,Public Sector Dept
2026-02-07,8193.91,Rent,Prime Consulting,SmallBiz Inc
2026-01-10,5716.93,Inventory,TechLogistics Corp,Public Sector Dept
2026-03-03,10644.81,Inventory,Global Office Ltd,Retail Giant A
2026-01-31,8214.65,Rent,Global Office Ltd,Public Sector Dept
2026-01-28,9581.05,Professional Fees,TechLogistics Corp,SmallBiz Inc
2026-03-25,6465.89,Inventory,Prime Consulting,Retail Giant A
2026-01-25,5699.14,Tax Provision,Prime Consulting,Direct Consumer
2026-01-20,8857.66,Rent,TechLogistics Corp,Public Sector Dept
2026-01-28,8618.73,Inventory,Global Office Ltd,Retail Giant A
2026-02-28,7674.93,Tax Provision,TechLogistics Corp,Direct Consumer
2026-01-09,9411.84,Tax Provision,Azure Utilities,SmallBiz Inc
2026-02-07,11134.32,Tax Provision,Prime Consulting,Retail Giant A
2026-03-24,6711.09,Inventory,Prime Consulting,Public Sector Dept
2026-02-28,9188.87,Professional Fees,Prime Consulting,Public Sector Dept
2026-01-19,9188.35,Tax Provision,Azure Utilities,Retail Giant A
2026-03-19,7975.48,Sales Revenue,TechLogistics Corp,Direct Consumer
2026-02-27,7042.77,Sales Revenue,TechLogistics Corp,SmallBiz Inc
2026-03-24,13905.66,Professional Fees,TechLogistics Corp,SmallBiz Inc
2026-02-26,8763.27,Professional Fees,Azure Utilities,Direct Consumer
2026-01-12,6193.93,Tax Provision,Prime Consulting,Direct Consumer
2026-03-28,8421.27,Rent,Prime Consulting,Retail Giant A
2026-02-02,10062.17,Sales Revenue,Prime Consulting,Retail Giant A
2026-01-29,7304.1,Tax Provision,Prime Consulting,SmallBiz Inc
2026-01-03,6744.41,Professional Fees,Global Office Ltd,Public Sector Dept
2026-03-31,7023.94,Inventory,Prime Consulting,Retail Giant A
2026-01-27,9258.16,Rent,Global Office Ltd,Retail Giant A
2026-01-30,9214.85,Inventory,Prime Consulting,Public Sector Dept
2026-03-16,9279.95,Professional Fees,TechLogistics Corp,SmallBiz Inc
2026-02-08,9704.16,Tax Provision,Prime Consulting,SmallBiz Inc
2026-01-30,8895.84,Inventory,TechLogistics Corp,Retail Giant A
2026-01-24,8552.68,Sales Revenue,Prime Consulting,Direct Consumer
2026-03-19,7551.51,Inventory,Global Office Ltd,Direct Consumer
2026-01-17,5787.38,Inventory,Azure Utilities,SmallBiz Inc
2026-01-30,9882.49,Rent,Prime Consulting,Public Sector Dept
2026-03-15,5847.41,Sales Revenue,Azure Utilities,Direct Consumer
2026-02-03,7618.68,Inventory,Azure Utilities,Public Sector Dept
2026-01-09,9462.85,Inventory,TechLogistics Corp,SmallBiz Inc
2026-03-06,10084.17,Tax Provision,Prime Consulting,Direct Consumer
2026-01-27,6640.45,Inventory,TechLogistics Corp,SmallBiz Inc
2026-02-26,4640.17,Sales Revenue,Prime Consulting,Retail Giant A
2026-03-16,9829.63,Rent,Prime Consulting,SmallBiz Inc
2026-03-13,7186.77,Professional Fees,TechLogistics Corp,Public Sector Dept
2026-02-16,4167.45,Tax Provision,TechLogistics Corp,SmallBiz Inc
2026-03-13,6497.27,Sales Revenue,Prime Consulting,SmallBiz Inc
2026-02-23,9490.9,Tax Provision,Azure Utilities,Public Sector Dept
2026-01-18,12341.99,Professional Fees,Prime Consulting,Public Sector Dept
2026-01-23,7119.23,Sales Revenue,Global Office Ltd,Direct Consumer
2026-01-01,8394.7,Inventory,Prime Consulting,SmallBiz Inc
2026-03-30,10747.83,Sales Revenue,TechLogistics Corp,Direct Consumer
2026-02-02,10286.42,Tax Provision,Azure Utilities,Public Sector Dept
2026-03-29,8204.69,Inventory,Azure Utilities,Public Sector Dept
2026-01-10,5044.18,Rent,Prime Consulting,Retail Giant A
2026-03-07,6764.91,Inventory,Global Office Ltd,Retail Giant A
2026-03-29,10097.98,Professional Fees,Prime Consulting,Retail Giant A
2026-03-01,11463.44,Sales Revenue,Azure Utilities,Public Sector Dept
2026-01-19,4793.09,Tax Provision,Azure Utilities,Retail Giant A
2026-01-20,11478.19,Tax Provision,Global Office Ltd,Public Sector Dept
2026-02-17,10814.29,Sales Revenue,TechLogistics Corp,Direct Consumer
2026-02-12,9465.33,Rent,Prime Consulting,Retail Giant A
2026-01-29,7592.32,Rent,Global Office Ltd,Retail Giant A
2026-03-06,6186.36,Rent,Azure Utilities,Retail Giant A
2026-01-22,7397.96,Professional Fees,TechLogistics Corp,Direct Consumer
2026-01-02,12995.39,Rent,Azure Utilities,Retail Giant A
2026-02-27,6538.46,Sales Revenue,Prime Consulting,Direct Consumer
2026-02-05,5198.86,Inventory,Prime Consulting,Direct Consumer
2026-01-22,9320.88,Inventory,Global Office Ltd,Public Sector Dept
2026-03-05,6185.71,Professional Fees,Global Office Ltd,Retail Giant A
2026-01-12,10921.0,Professional Fees,TechLogistics Corp,SmallBiz Inc
2026-02-15,7603.38,Sales Revenue,Prime Consulting,Direct Consumer
2026-03-22,5819.2,Tax Provision,Global Office Ltd,Retail Giant A
2026-03-30,12517.08,Rent,Prime Consulting,SmallBiz Inc
2026-03-31,9820.23,Professional Fees,TechLogistics Corp,SmallBiz Inc
2026-02-21,5284.29,Inventory,Prime Consulting,SmallBiz Inc
2026-03-06,7693.46,Rent,Azure Utilities,Public Sector Dept
2026-01-18,6742.8,Tax Provision,TechLogistics Corp,SmallBiz Inc
2026-02-16,7511.13,Rent,Global Office Ltd,SmallBiz Inc
2026-03-18,6793.41,Professional Fees,Prime Consulting,Retail Giant A
2026-01-13,11281.8,Professional Fees,Global Office Ltd,SmallBiz Inc
2026-03-23,8619.8,Sales Revenue,Azure Utilities,SmallBiz Inc
2026-02-26,6743.53,Professional Fees,Global Office Ltd,Direct Consumer
2026-03-12,9663.15,Rent,TechLogistics Corp,Retail Giant A
2026-02-15,5798.25,Tax Provision,Prime Consulting,SmallBiz Inc
2026-02-26,8204.18,Sales Revenue,Azure Utilities,Public Sector Dept
2026-01-30,6396.41,Professional Fees,TechLogistics Corp,Public Sector Dept
2026-01-12,6324.68,Sales Revenue,Global Office Ltd,Direct Consumer
2026-03-01,8563.26,Professional Fees,Azure Utilities,Direct Consumer
2026-03-17,8715.11,Sales Revenue,Global Office Ltd,Public Sector Dept
2026-01-31,7705.57,Sales Revenue,TechLogistics Corp,Public Sector Dept
2026-01-08,8758.01,Tax Provision,Prime Consulting,SmallBiz Inc
2026-02-01,8991.82,Inventory,Global Office Ltd,SmallBiz Inc
2026-02-19,9205.91,Rent,Global Office Ltd,Public Sector Dept
2026-01-21,5405.41,Professional Fees,Prime Consulting,SmallBiz Inc
2026-03-09,6896.73,Sales Revenue,Prime Consulting,Direct Consumer
2026-02-16,8089.45,Sales Revenue,TechLogistics Corp,SmallBiz Inc
2026-03-31,5698.29,Inventory,Global Office Ltd,Direct Consumer
2026-03-09,7320.55,Rent,Azure Utilities,Public Sector Dept
2026-02-23,6495.78,Inventory,Prime Consulting,SmallBiz Inc
2026-03-23,9686.95,Rent,Azure Utilities,Public Sector Dept
2026-03-26,9495.37,Sales Revenue,Prime Consulting,Prime Consulting
2026-02-11,8207.73,Professional Fees,Prime Consulting,Direct Consumer
2026-01-01,9842.11,Sales Revenue,Global Office Ltd,SmallBiz Inc
2026-03-23,4993.52,Tax Provision,Prime Consulting,SmallBiz Inc
2026-03-09,8630.14,Professional Fees,Prime Consulting,Direct Consumer
2026-02-20,8897.15,Inventory,TechLogistics Corp,SmallBiz Inc
2026-03-10,11379.92,Rent,TechLogistics Corp,Retail Giant A
2026-02-18,8803.53,Rent,TechLogistics Corp,Public Sector Dept
2026-03-20,5874.17,Inventory,Azure Utilities,Direct Consumer
2026-02-01,8309.21,Professional Fees,Azure Utilities,Direct Consumer
2026-02-12,10329.92,Rent,Prime Consulting,Retail Giant A
2026-02-06,3327.83,Inventory,Prime Consulting,Direct Consumer
2026-02-13,5513.53,Inventory,TechLogistics Corp,Public Sector Dept
2026-01-21,7864.13,Inventory,Prime Consulting,SmallBiz Inc
2026-03-08,11338.39,Tax Provision,Prime Consulting,Public Sector Dept
2026-02-12,7269.21,Tax Provision,Global Office Ltd,Public Sector Dept
2026-01-29,5357.22,Rent,TechLogistics Corp,Public Sector Dept
2026-02-22,8505.23,Professional Fees,TechLogistics Corp,Retail Giant A
2026-02-11,7030.97,Tax Provision,Azure Utilities,Direct Consumer
2026-02-02,5567.04,Professional Fees,Azure Utilities,Retail Giant A
2026-02-23,9746.61,Inventory,TechLogistics Corp,Public Sector Dept
2026-02-01,8486.84,Rent,Global Office Ltd,Retail Giant A
2026-03-14,7438.36,Rent,Prime Consulting,SmallBiz Inc
2026-01-25,6093.59,Inventory,TechLogistics Corp,Direct Consumer
2026-02-16,7311.75,Tax Provision,Azure Utilities,Retail Giant A
2026-02-21,9000.5,Professional Fees,Azure Utilities,SmallBiz Inc
2026-01-06,5249.76,Professional Fees,TechLogistics Corp,Public Sector Dept
2026-01-12,8536.54,Professional Fees,Azure Utilities,Retail Giant A
2026-02-26,4316.4,Rent,Prime Consulting,Direct Consumer
2026-03-15,6870.48,Inventory,TechLogistics Corp,Retail Giant A
2026-03-23,8918.5,Tax Provision,Azure Utilities,SmallBiz Inc
2026-02-21,7247.76,Tax Provision,Azure Utilities,Direct Consumer
2026-02-14,6528.03,Inventory,Azure Utilities,Direct Consumer
2026-02-03,12480.22,Inventory,Prime Consulting,Direct Consumer
2026-02-21,10068.89,Professional Fees,TechLogistics Corp,Public Sector Dept
2026-02-02,10671.11,Professional Fees,Prime Consulting,Direct Consumer
2026-02-22,6892.89,Rent,Global Office Ltd,Direct Consumer
2026-02-19,5635.76,Tax Provision,Prime Consulting,Direct Consumer
2026-03-16,8316.02,Rent,TechLogistics Corp,SmallBiz Inc
2026-03-12,6873.41,Rent,Azure Utilities,SmallBiz Inc
2026-01-13,5646.54,Rent,Global Office Ltd,SmallBiz Inc
2026-01-05,4569.43,Rent,Prime Consulting,Direct Consumer
2026-03-29,9431.91,Professional Fees,Global Office Ltd,Public Sector Dept
2026-03-31,9033.45,Professional Fees,Prime Consulting,Direct Consumer
2026-02-15,7753.39,Professional Fees,TechLogistics Corp,Retail Giant A
2026-02-09,10639.42,Inventory,TechLogistics Corp,Retail Giant A
2026-01-31,11156.06,Rent,Global Office Ltd,SmallBiz Inc
2026-02-16,4842.83,Tax Provision,Prime Consulting,Retail Giant A
2026-01-20,6920.49,Rent,Global Office Ltd,Public Sector Dept
2026-02-27,8784.64,Inventory,TechLogistics Corp,SmallBiz Inc
2026-02-13,7257.61,Inventory,Prime Consulting,Retail Giant A
2026-01-23,5799.23,Inventory,Prime Consulting,SmallBiz Inc
2026-03-11,8415.39,Professional Fees,Global Office Ltd,Public Sector Dept
2026-02-09,7642.43,Tax Provision,Prime Consulting,Retail Giant A
2026-03-09,6854.36,Tax Provision,Azure Utilities,SmallBiz Inc
2026-02-04,4861.02,Sales Revenue,TechLogistics Corp,Direct Consumer
2026-01-07,5736.18,Inventory,Azure Utilities,Retail Giant A
2026-02-03,6377.34,Sales Revenue,Global Office Ltd,Public Sector Dept
2026-01-06,8264.05,Professional Fees,TechLogistics Corp,Direct Consumer
2026-01-18,6963.99,Inventory,TechLogistics Corp,Direct Consumer
2026-01-12,8270.18,Rent,Global Office Ltd,Public Sector Dept
2026-02-08,8989.95,Rent,Azure Utilities,Retail Giant A
2026-02-14,7127.29,Rent,Global Office Ltd,Public Sector Dept
2026-03-13,9093.06,Professional Fees,Azure Utilities,SmallBiz Inc
2026-02-22,8787.84,Tax Provision,Global Office Ltd,SmallBiz Inc
2026-03-05,7189.6,Professional Fees,Azure Utilities,SmallBiz Inc
2026-02-01,7208.97,Inventory,Azure Utilities,SmallBiz Inc
2026-01-11,8320.89,Sales Revenue,Prime Consulting,SmallBiz Inc
2026-03-05,7006.22,Rent,Prime Consulting,Retail Giant A
2026-02-07,5583.76,Professional Fees,Prime Consulting,Direct Consumer
2026-01-06,5205.68,Sales Revenue,TechLogistics Corp,Public Sector Dept
2026-01-04,7745.59,Inventory,Azure Utilities,Direct Consumer
2026-03-18,6732.44,Rent,Global Office Ltd,Direct Consumer
2026-01-18,7357.14,Tax Provision,Prime Consulting,Public Sector Dept
2026-02-13,8162.52,Rent,Prime Consulting,SmallBiz Inc
2026-02-20,5297.16,Tax Provision,Azure Utilities,Direct Consumer
2026-01-23,6998.18,Tax Provision,Global Office Ltd,Retail Giant A
2026-02-24,4845.94,Sales Revenue,Azure Utilities,SmallBiz Inc
2026-03-19,6843.16,Inventory,Prime Consulting,Retail Giant A
2026-01-31,7818.68,Tax Provision,Global Office Ltd,SmallBiz Inc
2026-03-01,8661.74,Tax Provision,Global Office Ltd,Public Sector Dept
2026-01-17,9519.11,Inventory,Global Office Ltd,Direct Consumer
2026-03-01,10970.23,Inventory,Azure Utilities,Retail Giant A
2026-03-24,5704.71,Professional Fees,Global Office Ltd,Retail Giant A
2026-01-14,7451.96,Inventory,TechLogistics Corp,Direct Consumer
2026-02-25,7978.41,Professional Fees,Global Office Ltd,SmallBiz Inc
2026-01-31,5164.07,Tax Provision,Azure Utilities,Retail Giant A
2026-01-04,8289.8,Tax Provision,TechLogistics Corp,Retail Giant A
2026-02-20,6898.6,Professional Fees,Prime Consulting,Direct Consumer
2026-03-23,7937.23,Professional Fees,Prime Consulting,SmallBiz Inc
2026-02-27,8828.8,Rent,Azure Utilities,SmallBiz Inc
2026-02-03,7899.85,Inventory,Azure Utilities,SmallBiz Inc
2026-02-19,5241.67,Professional Fees,Azure Utilities,Retail Giant A
2026-02-22,7546.95,Tax Provision,Prime Consulting,Retail Giant A
2026-02-28,4787.62,Inventory,Global Office Ltd,Public Sector Dept
2026-02-13,7496.61,Inventory,Prime Consulting,Retail Giant A
2026-02-28,6731.58,Inventory,Azure Utilities,Public Sector Dept
2026-02-19,9747.89,Tax Provision,Prime Consulting,Public Sector Dept
2026-02-19,11061.9,Sales Revenue,Global Office Ltd,Retail Giant A
2026-03-14,12417.81,Inventory,TechLogistics Corp,TechLogistics Corp
2026-01-08,9227.8,Rent,TechLogistics Corp,SmallBiz Inc
2026-03-12,8605.9,Inventory,Prime Consulting,SmallBiz Inc
2026-02-02,9132.15,Inventory,Global Office Ltd,Public Sector Dept
2026-01-23,7650.15,Inventory,Azure Utilities,SmallBiz Inc
2026-01-08,9186.74,Professional Fees,TechLogistics Corp,SmallBiz Inc
2026-01-08,7170.7,Tax Provision,Global Office Ltd,Direct Consumer
2026-01-04,5495.79,Sales Revenue,Prime Consulting,Public Sector Dept
2026-02-16,6918.95,Sales Revenue,Prime Consulting,Public Sector Dept
2026-02-12,8847.57,Inventory,Global Office Ltd,Direct Consumer
2026-02-26,6344.01,Sales Revenue,Global Office Ltd,Public Sector Dept
2026-03-26,8152.71,Tax Provision,Azure Utilities,Retail Giant A
2026-01-15,7308.16,Sales Revenue,Global Office Ltd,SmallBiz Inc
2026-01-05,6216.27,Sales Revenue,Global Office Ltd,Direct Consumer
2026-01-29,9047.6,Professional Fees,TechLogistics Corp,Direct Consumer
2026-03-13,7281.81,Sales Revenue,TechLogistics Corp,Retail Giant A
2026-03-08,8222.54,Tax Provision,Prime Consulting,Public Sector Dept
2026-02-14,8522.98,Sales Revenue,Azure Utilities,SmallBiz Inc
2026-01-14,9323.22,Sales Revenue,Global Office Ltd,Public Sector Dept
2026-03-06,11383.04,Professional Fees,Azure Utilities,Retail Giant A
2026-03-22,5555.31,Tax Provision,TechLogistics Corp,SmallBiz Inc
2026-01-29,6363.94,Sales Revenue,Azure Utilities,Public Sector Dept
2026-03-28,8814.45,Rent,Global Office Ltd,Direct Consumer
2026-03-07,8388.14,Rent,Global Office Ltd,Retail Giant A
2026-02-08,7663.65,Sales Revenue,TechLogistics Corp,Direct Consumer
2026-02-17,6017.18,Tax Provision,Azure Utilities,Direct Consumer
2026-01-11,7282.34,Inventory,Prime Consulting,SmallBiz Inc
2026-03-16,11570.07,Professional Fees,Prime Consulting,SmallBiz Inc
2026-02-01,11447.36,Professional Fees,TechLogistics Corp,Public Sector Dept
2026-01-28,9902.37,Inventory,Azure Utilities,Public Sector Dept
2026-01-04,5936.39,Rent,Azure Utilities,SmallBiz Inc
2026-03-29,6054.23,Inventory,Prime Consulting,SmallBiz Inc
2026-02-21,7335.22,Inventory,Global Office Ltd,SmallBiz Inc
2026-03-16,7855.04,Inventory,TechLogistics Corp,Direct Consumer
2026-02-22,5227.15,Sales Revenue,Azure Utilities,SmallBiz Inc
2026-03-09,6768.58,Rent,Prime Consulting,Direct Consumer
2026-01-14,8638.76,Sales Revenue,Global Office Ltd,Public Sector Dept
2026-03-24,7958.3,Sales Revenue,Prime Consulting,Retail Giant A
2026-02-10,9910.72,Professional Fees,Prime Consulting,Retail Giant A
2026-01-07,7709.12,Tax Provision,Global Office Ltd,SmallBiz Inc
2026-03-08,6500.66,Inventory,TechLogistics Corp,Public Sector Dept
2026-01-19,8774.24,Inventory,Global Office Ltd,Public Sector Dept
2026-02-17,12524.49,Tax Provision,Global Office Ltd,Direct Consumer
2026-03-16,5278.68,Sales Revenue,TechLogistics Corp,Public Sector Dept
2026-02-01,6567.16,Sales Revenue,Prime Consulting,SmallBiz Inc
2026-02-17,6632.54,Sales Revenue,Global Office Ltd,SmallBiz Inc
2026-03-28,5448.55,Sales Revenue,Azure Utilities,SmallBiz Inc
2026-03-30,7035.97,Tax Provision,Prime Consulting,Direct Consumer
2026-02-28,10521.41,Rent,TechLogistics Corp,Direct Consumer
2026-01-11,9260.69,Sales Revenue,Prime Consulting,Public Sector Dept
2026-01-05,8151.67,Rent,Azure Utilities,Retail Giant A
2026-02-14,10659.91,Professional Fees,Global Office Ltd,Direct Consumer
2026-02-04,11839.93,Inventory,Prime Consulting,Direct Consumer
2026-03-16,11010.58,Rent,Global Office Ltd,Public Sector Dept
2026-01-25,8637.19,Rent,TechLogistics Corp,Public Sector Dept
2026-01-14,7667.41,Sales Revenue,Global Office Ltd,SmallBiz Inc
2026-03-13,5547.51,Rent,TechLogistics Corp,Direct Consumer
2026-01-06,6859.27,Tax Provision,Global Office Ltd,SmallBiz Inc
2026-02-16,6689.52,Sales Revenue,Azure Utilities,Retail Giant A
2026-03-31,8070.79,Sales Revenue,TechLogistics Corp,SmallBiz Inc
2026-01-26,8338.2,Rent,Global Office Ltd,Public Sector Dept
2026-01-22,9413.0,Inventory,Azure Utilities,Public Sector Dept
2026-01-11,10071.74,Sales Revenue,TechLogistics Corp,SmallBiz Inc
2026-03-27,5190.95,Sales Revenue,Global Office Ltd,SmallBiz Inc
2026-01-08,3832.63,Sales Revenue,Azure Utilities,Direct Consumer
2026-03-13,7663.99,Rent,Prime Consulting,SmallBiz Inc
2026-01-06,10229.58,Professional Fees,Azure Utilities,SmallBiz Inc
2026-02-28,10376.12,Rent,TechLogistics Corp,Public Sector Dept
2026-01-27,6177.95,Inventory,Prime Consulting,SmallBiz Inc
2026-03-19,12292.4,Sales Revenue,Global Office Ltd,SmallBiz Inc
2026-01-18,6408.58,Inventory,TechLogistics Corp,Direct Consumer
2026-01-27,8122.7,Inventory,Global Office Ltd,Direct Consumer
2026-02-25,10127.54,Sales Revenue,TechLogistics Corp,Public Sector Dept
2026-03-18,6433.09,Professional Fees,Prime Consulting,Direct Consumer
2026-01-01,13983.92,Professional Fees,Prime Consulting,Retail Giant A
2026-01-07,8458.66,Tax Provision,Global Office Ltd,SmallBiz Inc
2026-01-15,7021.53,Professional Fees,Prime Consulting,Retail Giant A
2026-02-18,11691.4,Inventory,Azure Utilities,SmallBiz Inc
2026-03-26,7951.92,Inventory,TechLogistics Corp,SmallBiz Inc
2026-03-17,7784.78,Sales Revenue,TechLogistics Corp,Direct Consumer
2026-02-04,6755.06,Professional Fees,TechLogistics Corp,Retail Giant A
2026-03-17,11645.63,Sales Revenue,Azure Utilities,Retail Giant A
2026-01-25,5588.26,Inventory,Azure Utilities,SmallBiz Inc
2026-03-30,5711.83,Professional Fees,TechLogistics Corp,Retail Giant A
2026-03-13,-8981.24,Inventory,Prime Consulting,Direct Consumer
2026-01-16,8868.12,Rent,Global Office Ltd,Public Sector Dept
2026-03-24,11092.01,Tax Provision,TechLogistics Corp,SmallBiz Inc
2026-02-18,6482.26,Inventory,Prime Consulting,Public Sector Dept
2026-01-16,9273.58,Professional Fees,TechLogistics Corp,Public Sector Dept
2026-01-06,10083.55,Professional Fees,TechLogistics Corp,Direct Consumer
2026-01-06,11124.9,Professional Fees,Prime Consulting,Public Sector Dept
2026-01-03,10033.69,Sales Revenue,Azure Utilities,Direct Consumer
2026-03-16,8311.53,Sales Revenue,Prime Consulting,SmallBiz Inc
2026-02-18,10925.75,Tax Provision,TechLogistics Corp,Retail Giant A
2026-01-03,12557.5,Inventory,Global Office Ltd,Direct Consumer
2026-03-04,6170.33,Inventory,Global Office Ltd,Retail Giant A
2026-02-23,7326.21,Sales Revenue,Prime Consulting,SmallBiz Inc
2026-01-19,8637.14,Sales Revenue,Global Office Ltd,Public Sector Dept
2026-01-23,10029.09,Inventory,Global Office Ltd,Direct Consumer
2026-01-29,10283.64,Rent,Global Office Ltd,Public Sector Dept
2026-02-05,6994.33,Sales Revenue,TechLogistics Corp,Direct Consumer
2026-02-24,7956.55,Inventory,Global Office Ltd,Retail Giant A
2026-01-09,9902.09,Rent,TechLogistics Corp,Retail Giant A
2026-02-16,7835.85,Inventory,Azure Utilities,Retail Giant A
2026-02-09,8868.33,Sales Revenue,Global Office Ltd,Public Sector Dept
2026-02-07,6748.09,Professional Fees,Global Office Ltd,Direct Consumer
2026-02-16,7941.55,Professional Fees,Prime Consulting,Prime Consulting
2026-02-02,7695.51,Inventory,TechLogistics Corp,Public Sector Dept
2026-03-14,7694.93,Professional Fees,Azure Utilities,Public Sector Dept
2026-02-15,9100.88,Sales Revenue,TechLogistics Corp,Public Sector Dept
2026-03-23,8648.23,Tax Provision,TechLogistics Corp,Direct Consumer
2026-02-26,13364.16,Rent,Azure Utilities,Direct Consumer
2026-03-10,7319.45,Rent,Prime Consulting,Direct Consumer
2026-03-22,6817.14,Inventory,Global Office Ltd,Direct Consumer
2026-02-01,6066.48,Inventory,TechLogistics Corp,Public Sector Dept
2026-02-18,8669.7,Sales Revenue,Global Office Ltd,SmallBiz Inc
2026-03-26,7228.67,Inventory,Global Office Ltd,Direct Consumer
2026-01-27,8973.76,Professional Fees,Azure Utilities,SmallBiz Inc
2026-01-25,5448.44,Tax Provision,Azure Utilities,Retail Giant A
2026-03-28,7733.2,Rent,Prime Consulting,Retail Giant A
2026-02-08,5643.82,Inventory,TechLogistics Corp,SmallBiz Inc
2026-01-18,7192.56,Sales Revenue,Global Office Ltd,Direct Consumer
2026-01-02,6491.79,Inventory,Prime Consulting,SmallBiz Inc
2026-01-16,6106.34,Professional Fees,TechLogistics Corp,Direct Consumer
2026-03-29,7967.09,Professional Fees,Prime Consulting,SmallBiz Inc
2026-01-28,6308.71,Tax Provision,Global Office Ltd,SmallBiz Inc
2026-02-24,3860.81,Rent,Azure Utilities,SmallBiz Inc
2026-03-13,6883.09,Sales Revenue,Prime Consulting,Direct Consumer
2026-01-04,8415.24,Inventory,TechLogistics Corp,SmallBiz Inc
2026-03-22,6658.86,Inventory,TechLogistics Corp,Retail Giant A
2026-03-04,7864.19,Inventory,Azure Utilities,Public Sector Dept
2026-03-11,7749.27,Inventory,Prime Consulting,Public Sector Dept
2026-01-17,9985.13,Inventory,Azure Utilities,Public Sector Dept
2026-03-13,9148.04,Professional Fees,TechLogistics Corp,Direct Consumer
2026-03-18,9919.77,Sales Revenue,Azure Utilities,Direct Consumer
2026-03-25,5291.2,Sales Revenue,Azure Utilities,Retail Giant A
2026-03-10,8490.38,Professional Fees,Azure Utilities,Direct Consumer
2026-02-17,10657.09,Inventory,TechLogistics Corp,TechLogistics Corp
2026-03-14,8270.61,Professional Fees,Prime Consulting,SmallBiz Inc
2026-02-08,11140.08,Sales Revenue,TechLogistics Corp,Direct Consumer
2026-01-28,7187.28,Tax Provision,Azure Utilities,Retail Giant A
2026-01-06,12092.03,Rent,Global Office Ltd,Public Sector Dept
2026-01-05,5591.61,Rent,Azure Utilities,Retail Giant A
2026-02-19,7974.59,Tax Provision,TechLogistics Corp,SmallBiz Inc
2026-03-02,7557.47,Sales Revenue,Azure Utilities,Direct Consumer
2026-03-06,8817.6,Sales Revenue,Prime Consulting,SmallBiz Inc
2026-02-07,9744.08,Sales Revenue,Azure Utilities,Public Sector Dept
2026-02-24,9656.13,Sales Revenue,Prime Consulting,SmallBiz Inc
2026-03-14,6735.33,Tax Provision,TechLogistics Corp,Direct Consumer
2026-02-17,9609.64,Inventory,Prime Consulting,Public Sector Dept
2026-02-24,5954.77,Professional Fees,Azure Utilities,Direct Consumer
2026-03-21,8879.37,Rent,Azure Utilities,SmallBiz Inc
2026-01-17,7328.08,Tax Provision,Prime Consulting,Direct Consumer
2026-02-07,8349.56,Tax Provision,Global Office Ltd,Public Sector Dept
2026-02-26,3727.18,Sales Revenue,Azure Utilities,Public Sector Dept
2026-02-15,-9502.15,Tax Provision,Global Office Ltd,Direct Consumer
2026-03-18,8577.25,Sales Revenue,Azure Utilities,Direct Consumer
2026-01-11,8688.8,Tax Provision,TechLogistics Corp,SmallBiz Inc
2026-01-17,6838.47,Sales Revenue,Prime Consulting,Retail Giant A
2026-02-27,8480.03,Tax Provision,Global Office Ltd,Retail Giant A
2026-02-01,8862.3,Professional Fees,TechLogistics Corp,SmallBiz Inc
2026-03-29,7999.42,Professional Fees,Global Office Ltd,SmallBiz Inc
2026-03-12,8865.99,Tax Provision,TechLogistics Corp,Direct Consumer
2026-03-19,7784.75,Professional Fees,Global Office Ltd,Retail Giant A
2026-02-14,6380.39,Tax Provision,Prime Consulting,Public Sector Dept
2026-02-04,8830.67,Professional Fees,TechLogistics Corp,SmallBiz Inc
2026-03-21,9411.74,Tax Provision,TechLogistics Corp,Retail Giant A
2026-02-12,7217.82,Professional Fees,Azure Utilities,Direct Consumer
2026-03-18,5976.51,Professional Fees,Global Office Ltd,SmallBiz Inc
2026-01-03,7152.59,Tax Provision,Azure Utilities,SmallBiz Inc
2026-02-19,10242.47,Professional Fees,Azure Utilities,Direct Consumer
2026-03-02,8269.92,Sales Revenue,Global Office Ltd,Direct Consumer
2026-01-02,10980.77,Rent,TechLogistics Corp,SmallBiz Inc
2026-03-05,7146.06,Professional Fees,TechLogistics Corp,Public Sector Dept
2026-01-18,7741.52,Tax Provision,Global Office Ltd,Public Sector Dept
2026-01-05,5948.59,Inventory,Prime Consulting,Public Sector Dept
2026-01-29,9988.79,Rent,TechLogistics Corp,Public Sector Dept
2026-01-17,7289.82,Sales Revenue,Prime Consulting,SmallBiz Inc
2026-01-17,5988.36,Sales Revenue,Global Office Ltd,Retail Giant A
2026-03-06,8475.32,Rent,TechLogistics Corp,SmallBiz Inc
2026-01-29,9425.72,Rent,TechLogistics Corp,Direct Consumer
2026-03-16,8466.54,Rent,Azure Utilities,Public Sector Dept
2026-02-04,9662.68,Professional Fees,Prime Consulting,Retail Giant A
2026-01-27,8237.0,Inventory,Global Office Ltd,Retail Giant A
2026-01-16,10595.08,Rent,TechLogistics Corp,Public Sector Dept
2026-03-06,8038.37,Sales Revenue,Prime Consulting,Retail Giant A
2026-03-11,6262.76,Inventory,TechLogistics Corp,SmallBiz Inc
2026-03-19,12779.65,Sales Revenue,Prime Consulting,Direct Consumer
2026-02-18,9481.7,Rent,Azure Utilities,Direct Consumer
2026-03-04,6572.68,Tax Provision,TechLogistics Corp,SmallBiz Inc
2026-02-13,11215.23,Inventory,Azure Utilities,Retail Giant A
2026-03-18,9051.73,Inventory,TechLogistics Corp,SmallBiz Inc
2026-01-27,9803.73,Inventory,TechLogistics Corp,Public Sector Dept
2026-02-07,9520.43,Tax Provision,Azure Utilities,Direct Consumer
2026-01-15,6603.62,Professional Fees,Azure Utilities,Public Sector Dept
2026-03-08,10786.67,Professional Fees,Prime Consulting,Retail Giant A
2026-03-26,8787.21,Tax Provision,Global Office Ltd,Retail Giant A
2026-03-31,9989.84,Professional Fees,Global Office Ltd,Retail Giant A
2026-03-12,12130.0,Rent,Prime Consulting,Retail Giant A
2026-02-12,5288.27,Professional Fees,Prime Consulting,Public Sector Dept
2026-03-24,6516.53,Tax Provision,Global Office Ltd,SmallBiz Inc
2026-01-22,9402.3,Rent,Global Office Ltd,Direct Consumer
2026-01-04,9958.55,Professional Fees,Prime Consulting,Retail Giant A
2026-02-06,9644.29,Rent,Global Office Ltd,SmallBiz Inc
2026-02-08,8285.35,Sales Revenue,Global Office Ltd,Public Sector Dept
2026-01-24,8817.09,Professional Fees,TechLogistics Corp,Direct Consumer
2026-03-07,9611.7,Professional Fees,Prime Consulting,Public Sector Dept
2026-02-26,7324.64,Rent,Prime Consulting,Retail Giant A
2026-02-20,10498.82,Rent,Azure Utilities,Public Sector Dept
2026-01-14,8487.08,Sales Revenue,Azure Utilities,Direct Consumer
2026-01-08,3501.03,Tax Provision,Global Office Ltd,Retail Giant A
2026-02-19,5411.73,Inventory,Global Office Ltd,SmallBiz Inc
2026-03-12,6274.9,Professional Fees,Prime Consulting,Direct Consumer
2026-01-10,9104.34,Professional Fees,Prime Consulting,Retail Giant A
2026-02-21,9787.22,Rent,TechLogistics Corp,SmallBiz Inc
2026-01-11,6478.68,Professional Fees,Global Office Ltd,Direct Consumer
2026-03-11,5326.43,Professional Fees,Azure Utilities,Direct Consumer
2026-01-08,7876.92,Inventory,Global Office Ltd,Retail Giant A
2026-02-27,6978.7,Inventory,Global Office Ltd,Direct Consumer
2026-03-18,6454.22,Tax Provision,Azure Utilities,Retail Giant A
2026-03-08,9180.37,Tax Provision,Global Office Ltd,Public Sector Dept
2026-03-16,7455.23,Professional Fees,Azure Utilities,Retail Giant A
2026-01-16,4321.28,Tax Provision,Azure Utilities,Direct Consumer
2026-02-21,9010.18,Sales Revenue,TechLogistics Corp,Public Sector Dept
2026-03-09,8329.1,Inventory,Azure Utilities,Direct Consumer
2026-01-14,8635.86,Inventory,Global Office Ltd,Retail Giant A
2026-03-23,6794.32,Sales Revenue,TechLogistics Corp,Public Sector Dept
2026-02-22,6961.7,Tax Provision,Global Office Ltd,Retail Giant A
2026-02-08,10154.47,Professional Fees,Azure Utilities,Public Sector Dept
2026-03-06,5797.58,Rent,Azure Utilities,Direct Consumer
2026-02-20,4244.35,Inventory,TechLogistics Corp,Retail Giant A
2026-02-26,10325.43,Sales Revenue,Global Office Ltd,Retail Giant A
2026-01-20,6556.0,Rent,Azure Utilities,Retail Giant A
2026-03-05,7369.36,Inventory,Azure Utilities,Retail Giant A
2026-03-15,6091.41,Tax Provision,Prime Consulting,SmallBiz Inc
2026-01-29,10066.59,Rent,Global Office Ltd,Direct Consumer
2026-02-20,7479.91,Professional Fees,Prime Consulting,Direct Consumer
2026-03-18,6719.09,Tax Provision,Global Office Ltd,Retail Giant A
2026-02-04,9328.97,Rent,Global Office Ltd,Direct Consumer
2026-01-13,9938.72,Rent,Global Office Ltd,Direct Consumer
2026-02-20,5746.8,Professional Fees,Azure Utilities,Public Sector Dept
2026-03-02,10314.97,Rent,Prime Consulting,Public Sector Dept
2026-01-26,7370.26,Inventory,Global Office Ltd,Retail Giant A
2026-03-05,10477.05,Rent,Prime Consulting,Direct Consumer
2026-01-25,9815.2,Inventory,Global Office Ltd,Public Sector Dept
2026-02-21,5646.93,Tax Provision,Global Office Ltd,Retail Giant A
2026-01-25,6692.25,Professional Fees,Global Office Ltd,SmallBiz Inc
2026-02-19,-7006.09,Professional Fees,Azure Utilities,Public Sector Dept
2026-02-15,7636.55,Rent,Azure Utilities,Direct Consumer
2026-01-06,8753.66,Rent,Prime Consulting,Direct Consumer
2026-03-04,6347.96,Inventory,Azure Utilities,Public Sector Dept
2026-02-11,9216.27,Inventory,Prime Consulting,Retail Giant A
2026-01-24,10304.95,Tax Provision,TechLogistics Corp,Public Sector Dept
2026-03-16,10358.8,Sales Revenue,TechLogistics Corp,Direct Consumer
2026-03-15,7487.52,Sales Revenue,Prime Consulting,SmallBiz Inc
2026-03-21,6176.75,Sales Revenue,Global Office Ltd,Public Sector Dept
2026-03-16,8956.15,Rent,Azure Utilities,SmallBiz Inc
2026-02-20,8474.33,Tax Provision,TechLogistics Corp,Direct Consumer
2026-02-21,7961.6,Rent,Global Office Ltd,SmallBiz Inc
2026-02-20,10329.73,Professional Fees,Azure Utilities,Public Sector Dept
2026-02-10,8774.97,Sales Revenue,Global Office Ltd,SmallBiz Inc
2026-02-11,10137.64,Rent,Global Office Ltd,Retail Giant A
2026-03-28,7765.37,Inventory,Prime Consulting,SmallBiz Inc
2026-02-23,4686.0,Sales Revenue,Global Office Ltd,Public Sector Dept
2026-01-29,4886.02,Inventory,Prime Consulting,SmallBiz Inc
2026-03-14,9875.31,Professional Fees,Global Office Ltd,Direct Consumer
2026-03-21,7943.4,Inventory,Global Office Ltd,Retail Giant A
2026-03-21,5676.66,Sales Revenue,Global Office Ltd,SmallBiz Inc
2026-01-08,5344.18,Rent,Global Office Ltd,Public Sector Dept
2026-01-05,6022.03,Rent,Prime Consulting,SmallBiz Inc
2026-03-10,6257.5,Sales Revenue,Global Office Ltd,Retail Giant A
2026-03-15,5405.64,Rent,Prime Consulting,SmallBiz Inc
2026-03-28,6950.64,Tax Provision,Azure Utilities,Retail Giant A
2026-01-28,7061.04,Rent,Global Office Ltd,Public Sector Dept
2026-01-18,9908.11,Professional Fees,TechLogistics Corp,Public Sector Dept
2026-03-14,8531.67,Tax Provision,TechLogistics Corp,Public Sector Dept
2026-01-05,6230.04,Professional Fees,TechLogistics Corp,SmallBiz Inc
2026-03-23,6240.42,Rent,Global Office Ltd,Direct Consumer
2026-03-17,9195.28,Professional Fees,TechLogistics Corp,Direct Consumer
2026-03-04,10363.95,Inventory,TechLogistics Corp,Retail Giant A
2026-01-16,7716.53,Inventory,Azure Utilities,SmallBiz Inc
2026-02-02,6990.65,Professional Fees,TechLogistics Corp,Public Sector Dept
2026-03-26,9199.64,Rent,Azure Utilities,Public Sector Dept
2026-02-25,11603.37,Professional Fees,Global Office Ltd,SmallBiz Inc
2026-03-23,7045.83,Inventory,Prime Consulting,Public Sector Dept
2026-01-01,7929.76,Inventory,TechLogistics Corp,Direct Consumer
2026-02-16,11810.27,Inventory,Prime Consulting,Public Sector Dept
2026-02-10,8198.72,Sales Revenue,TechLogistics Corp,Retail Giant A
2026-03-09,10507.14,Professional Fees,Global Office Ltd,Retail Giant A
2026-03-22,6907.52,Professional Fees,TechLogistics Corp,Direct Consumer
2026-03-10,7331.75,Professional Fees,TechLogistics Corp,Direct Consumer
2026-03-20,8589.29,Tax Provision,Azure Utilities,SmallBiz Inc
2026-03-24,8433.46,Rent,Prime Consulting,Retail Giant A
2026-01-23,4652.4,Sales Revenue,TechLogistics Corp,Public Sector Dept
2026-03-18,8862.99,Tax Provision,Azure Utilities,Public Sector Dept
2026-01-24,7114.23,Rent,TechLogistics Corp,Public Sector Dept
2026-03-20,6504.16,Tax Provision,Azure Utilities,Direct Consumer
2026-01-09,8819.81,Professional Fees,Global Office Ltd,Direct Consumer
2026-01-24,7790.66,Professional Fees,Prime Consulting,Retail Giant A
2026-03-26,6197.63,Inventory,Azure Utilities,Direct Consumer
2026-03-15,7622.48,Sales Revenue,Prime Consulting,Retail Giant A
2026-01-25,11448.13,Tax Provision,TechLogistics Corp,SmallBiz Inc
2026-01-04,9706.84,Rent,Prime Consulting,Retail Giant A
2026-02-09,9335.56,Inventory,Azure Utilities,Public Sector Dept
2026-01-18,7585.86,Tax Provision,TechLogistics Corp,Direct Consumer
2026-01-11,4754.23,Tax Provision,TechLogistics Corp,Retail Giant A
2026-03-12,4865.23,Rent,Global Office Ltd,SmallBiz Inc
2026-03-07,9044.42,Inventory,Global Office Ltd,SmallBiz Inc
2026-03-04,10131.48,Rent,TechLogistics Corp,Retail Giant A
2026-01-23,6922.39,Sales Revenue,Azure Utilities,Public Sector Dept
2026-03-28,5657.68,Professional Fees,Azure Utilities,Direct Consumer
2026-01-27,8329.5,Tax Provision,TechLogistics Corp,Retail Giant A
2026-03-30,7894.93,Tax Provision,Azure Utilities,Direct Consumer
2026-03-18,7512.55,Rent,Azure Utilities,Public Sector Dept
2026-03-29,9416.2,Inventory,TechLogistics Corp,Direct Consumer
2026-03-20,7831.53,Tax Provision,TechLogistics Corp,Public Sector Dept
2026-02-24,9998.62,Sales Revenue,Prime Consulting,Direct Consumer
2026-02-19,6953.56,Rent,TechLogistics Corp,Public Sector Dept
2026-02-26,9956.65,Rent,Prime Consulting,Direct Consumer
2026-03-16,7184.88,Rent,Azure Utilities,Retail Giant A
2026-02-19,9449.28,Rent,Prime Consulting,SmallBiz Inc
2026-03-05,7207.69,Rent,Azure Utilities,Direct Consumer
2026-03-08,8960.19,Sales Revenue,TechLogistics Corp,Retail Giant A
2026-02-27,9079.65,Tax Provision,TechLogistics Corp,Retail Giant A
2026-02-24,7643.75,Tax Provision,TechLogistics Corp,Public Sector Dept
2026-02-11,3563.5,Tax Provision,TechLogistics Corp,Public Sector Dept
2026-03-07,6993.61,Professional Fees,Global Office Ltd,Retail Giant A
2026-02-12,6438.96,Tax Provision,TechLogistics Corp,Retail Giant A
2026-02-19,8227.27,Professional Fees,Prime Consulting,SmallBiz Inc
2026-02-16,6754.23,Inventory,TechLogistics Corp,Direct Consumer
2026-03-02,6738.75,Inventory,TechLogistics Corp,Public Sector Dept
2026-03-25,7966.78,Inventory,Azure Utilities,Direct Consumer
2026-03-10,7465.42,Inventory,Azure Utilities,Retail Giant A
2026-03-07,5511.59,Professional Fees,Prime Consulting,Direct Consumer
2026-02-16,9237.83,Rent,Azure Utilities,Direct Consumer
2026-01-24,9742.94,Professional Fees,Global Office Ltd,Retail Giant A
2026-02-12,8113.39,Rent,Global Office Ltd,SmallBiz Inc
2026-02-24,6039.84,Tax Provision,Prime Consulting,SmallBiz Inc
2026-01-11,11658.0,Tax Provision,Azure Utilities,SmallBiz Inc
2026-03-12,4110.75,Inventory,Prime Consulting,Retail Giant A
2026-03-10,6134.18,Rent,Global Office Ltd,Retail Giant A
2026-03-19,5405.02,Sales Revenue,Prime Consulting,Retail Giant A
2026-02-16,6266.11,Rent,TechLogistics Corp,Direct Consumer
2026-02-13,7180.78,Sales Revenue,Prime Consulting,Public Sector Dept
2026-01-25,10388.39,Inventory,Prime Consulting,Direct Consumer
2026-02-12,7983.54,Rent,Global Office Ltd,SmallBiz Inc
2026-01-11,13415.77,Professional Fees,Global Office Ltd,Direct Consumer
2026-01-10,8002.01,Sales Revenue,Global Office Ltd,Public Sector Dept
2026-03-08,10742.45,Professional Fees,Azure Utilities,Public Sector Dept
2026-02-15,10435.51,Rent,Prime Consulting,Retail Giant A
2026-01-28,5774.53,Rent,Azure Utilities,SmallBiz Inc
2026-02-17,11124.14,Inventory,Global Office Ltd,Global Office Ltd
2026-01-23,7048.63,Rent,Azure Utilities,Direct Consumer
2026-03-02,8915.08,Professional Fees,Prime Consulting,Public Sector Dept
2026-03-02,11557.83,Inventory,Prime Consulting,Direct Consumer
2026-03-13,12924.24,Tax Provision,Global Office Ltd,SmallBiz Inc
2026-01-10,8094.08,Professional Fees,Azure Utilities,SmallBiz Inc
2026-03-21,10248.99,Professional Fees,TechLogistics Corp,Public Sector Dept
2026-02-01,8286.02,Rent,Global Office Ltd,Retail Giant A
2026-03-15,7365.38,Sales Revenue,Global Office Ltd,SmallBiz Inc
2026-01-22,7501.23,Rent,Global Office Ltd,Retail Giant A
2026-02-20,10911.85,Professional Fees,Global Office Ltd,Direct Consumer
2026-03-18,9134.42,Rent,TechLogistics Corp,SmallBiz Inc
2026-02-02,9336.02,Professional Fees,Prime Consulting,Public Sector Dept
2026-02-25,8789.86,Rent,Prime Consulting,Retail Giant A
2026-02-11,8222.53,Tax Provision,Prime Consulting,Public Sector Dept
2026-01-12,9760.32,Professional Fees,Prime Consulting,Direct Consumer
2026-03-14,9894.97,Professional Fees,Prime Consulting,Retail Giant A
2026-01-25,6951.71,Rent,Global Office Ltd,Retail Giant A
2026-03-23,6601.97,Professional Fees,Global Office Ltd,SmallBiz Inc
2026-01-13,7294.87,Inventory,Prime Consulting,Retail Giant A
2026-02-17,9502.64,Inventory,TechLogistics Corp,SmallBiz Inc
2026-01-12,6543.45,Sales Revenue,Azure Utilities,SmallBiz Inc
2026-02-09,5932.34,Sales Revenue,Prime Consulting,SmallBiz Inc
2026-01-20,5942.26,Sales Revenue,Prime Consulting,SmallBiz Inc
2026-02-07,7452.36,Rent,TechLogistics Corp,SmallBiz Inc
2026-03-19,7706.74,Professional Fees,TechLogistics Corp,Direct Consumer
2026-02-14,9417.31,Rent,Azure Utilities,Direct Consumer
2026-03-09,8236.23,Sales Revenue,TechLogistics Corp,Direct Consumer
2026-02-10,10612.88,Professional Fees,Global Office Ltd,Public Sector Dept
2026-02-22,5379.37,Rent,Global Office Ltd,Public Sector Dept
2026-03-20,4808.76,Inventory,Global Office Ltd,Direct Consumer
2026-03-26,9520.85,Tax Provision,TechLogistics Corp,Direct Consumer
2026-02-26,5157.68,Professional Fees,TechLogistics Corp,Direct Consumer
2026-02-27,5571.22,Inventory,Azure Utilities,Direct Consumer
2026-03-22,10812.72,Rent,Prime Consulting,SmallBiz Inc
2026-02-13,7209.17,Rent,Prime Consulting,Public Sector Dept
2026-02-17,6137.59,Professional Fees,TechLogistics Corp,Retail Giant A
2026-01-16,4169.47,Inventory,Prime Consulting,Public Sector Dept
2026-03-20,10195.3,Rent,Global Office Ltd,Direct Consumer
2026-01-17,10303.48,Professional Fees,Prime Consulting,Public Sector Dept
2026-01-31,9601.94,Rent,Prime Consulting,Public Sector Dept
2026-01-20,4166.24,Tax Provision,TechLogistics Corp,SmallBiz Inc
2026-03-28,8087.9,Professional Fees,Prime Consulting,Public Sector Dept
2026-02-26,6741.33,Sales Revenue,Prime Consulting,SmallBiz Inc
2026-03-17,8300.21,Inventory,Prime Consulting,SmallBiz Inc
2026-01-19,7251.09,Sales Revenue,Prime Consulting,Direct Consumer
2026-03-19,6495.61,Tax Provision,Global Office Ltd,SmallBiz Inc
2026-02-16,11852.45,Professional Fees,Global Office Ltd,SmallBiz Inc
2026-01-21,7118.94,Sales Revenue,Azure Utilities,Direct Consumer
2026-01-22,4964.1,Professional Fees,Global Office Ltd,SmallBiz Inc
2026-01-31,8590.93,Sales Revenue,Global Office Ltd,Direct Consumer
2026-02-16,6057.62,Inventory,Global Office Ltd,SmallBiz Inc
2026-02-28,10401.12,Inventory,Prime Consulting,Retail Giant A
2026-02-26,5910.18,Rent,Global Office Ltd,Public Sector Dept
2026-03-15,5784.59,Tax Provision,Global Office Ltd,Direct Consumer
2026-02-22,7834.9,Tax Provision,TechLogistics Corp,Public Sector Dept
2026-01-06,5608.47,Tax Provision,Azure Utilities,Retail Giant A
2026-01-25,8237.83,Professional Fees,TechLogistics Corp,Public Sector Dept
2026-01-26,7275.7,Rent,TechLogistics Corp,TechLogistics Corp
2026-02-12,3285.58,Sales Revenue,Azure Utilities,Direct Consumer
2026-01-05,7869.53,Inventory,Prime Consulting,Retail Giant A
2026-01-09,6990.99,Professional Fees,Azure Utilities,Retail Giant A
2026-02-19,8034.0,Inventory,Global Office Ltd,Retail Giant A
2026-03-05,9462.11,Professional Fees,Azure Utilities,SmallBiz Inc
2026-03-13,7910.69,Tax Provision,Prime Consulting,Direct Consumer
2026-01-11,5402.15,Inventory,Azure Utilities,SmallBiz Inc
2026-02-11,9539.88,Professional Fees,Global Office Ltd,Retail Giant A
2026-03-13,10505.39,Inventory,Azure Utilities,Public Sector Dept
2026-03-22,5914.42,Inventory,Global Office Ltd,Public Sector Dept
2026-01-19,8734.73,Rent,TechLogistics Corp,Direct Consumer
2026-03-06,5605.72,Sales Revenue,Prime Consulting,SmallBiz Inc
2026-03-21,8116.54,Professional Fees,Global Office Ltd,Public Sector Dept
2026-03-22,4306.65,Inventory,Prime Consulting,Retail Giant A
2026-03-22,9390.47,Tax Provision,Global Office Ltd,SmallBiz Inc
2026-03-01,6398.61,Rent,Global Office Ltd,Retail Giant A
2026-02-18,12076.5,Professional Fees,Azure Utilities,Azure Utilities
2026-03-31,9501.81,Rent,TechLogistics Corp,Retail Giant A
2026-03-12,7970.89,Rent,TechLogistics Corp,Public Sector Dept
2026-02-13,9092.66,Tax Provision,Global Office Ltd,SmallBiz Inc
2026-02-22,5293.27,Rent,Azure Utilities,Direct Consumer
2026-03-08,9937.07,Tax Provision,Global Office Ltd,Public Sector Dept
2026-02-12,7292.91,Sales Revenue,Global Office Ltd,Direct Consumer
2026-03-15,7863.15,Rent,Global Office Ltd,Direct Consumer
2026-01-12,5808.88,Professional Fees,Global Office Ltd,Retail Giant A
2026-03-23,8701.87,Professional Fees,Global Office Ltd,SmallBiz Inc
2026-03-23,7611.74,Tax Provision,Azure Utilities,SmallBiz Inc
2026-02-17,8544.54,Sales Revenue,Azure Utilities,Direct Consumer
2026-01-22,4727.15,Tax Provision,TechLogistics Corp,Direct Consumer
2026-01-28,6219.74,Rent,Azure Utilities,Retail Giant A
2026-01-09,7970.89,Inventory,Global Office Ltd,SmallBiz Inc
2026-03-24,10164.42,Inventory,Prime Consulting,Direct Consumer
2026-03-07,7466.31,Rent,TechLogistics Corp,SmallBiz Inc
2026-02-10,7300.22,Rent,TechLogistics Corp,Public Sector Dept
2026-01-03,10867.41,Professional Fees,Prime Consulting,Direct Consumer
2026-02-01,4493.76,Rent,Azure Utilities,Public Sector Dept
2026-02-23,6096.98,Tax Provision,TechLogistics Corp,Direct Consumer
2026-01-23,11254.85,Sales Revenue,TechLogistics Corp,Retail Giant A
2026-01-30,6157.23,Tax Provision,Azure Utilities,Retail Giant A
2026-02-15,11721.46,Inventory,Prime Consulting,SmallBiz Inc
2026-02-12,9620.75,Tax Provision,Azure Utilities,SmallBiz Inc
2026-02-15,6791.14,Inventory,Azure Utilities,Retail Giant A
2026-01-01,9367.6,Sales Revenue,TechLogistics Corp,Direct Consumer
2026-02-17,3659.96,Professional Fees,TechLogistics Corp,Direct Consumer
2026-01-14,7956.04,Tax Provision,Global Office Ltd,Direct Consumer
2026-03-27,3654.44,Sales Revenue,TechLogistics Corp,SmallBiz Inc
2026-01-02,10411.06,Tax Provision,TechLogistics Corp,SmallBiz Inc
2026-03-23,6922.2,Tax Provision,TechLogistics Corp,Direct Consumer
2026-01-07,7313.5,Tax Provision,TechLogistics Corp,Public Sector Dept
2026-01-06,9113.5,Professional Fees,Azure Utilities,Retail Giant A
2026-02-17,10677.59,Tax Provision,Azure Utilities,SmallBiz Inc
2026-01-29,7453.14,Sales Revenue,Azure Utilities,Direct Consumer
2026-02-06,7686.23,Rent,Global Office Ltd,Retail Giant A
2026-01-10,7612.94,Sales Revenue,TechLogistics Corp,Retail Giant A
2026-01-23,7295.16,Rent,Prime Consulting,SmallBiz Inc
2026-03-10,7169.07,Sales Revenue,Global Office Ltd,SmallBiz Inc
2026-02-28,6176.42,Professional Fees,Azure Utilities,Retail Giant A
2026-01-27,5120.91,Inventory,Global Office Ltd,Direct Consumer
2026-03-05,8595.59,Rent,TechLogistics Corp,SmallBiz Inc
2026-03-14,6100.63,Rent,Prime Consulting,Direct Consumer
2026-03-19,10096.77,Sales Revenue,TechLogistics Corp,Direct Consumer
2026-03-19,7573.21,Rent,Global Office Ltd,Direct Consumer
2026-03-24,11023.04,Tax Provision,Azure Utilities,SmallBiz Inc
2026-03-31,11174.92,Sales Revenue,Azure Utilities,Retail Giant A
2026-02-18,8404.62,Tax Provision,Azure Utilities,Retail Giant A
2026-03-24,3769.34,Professional Fees,Global Office Ltd,SmallBiz Inc
2026-01-25,3564.37,Professional Fees,Azure Utilities,SmallBiz Inc
2026-01-04,9013.49,Inventory,Azure Utilities,Direct Consumer
2026-02-18,8062.7,Rent,Prime Consulting,SmallBiz Inc
2026-03-28,8274.65,Tax Provision,Prime Consulting,SmallBiz Inc
2026-03-01,8894.23,Inventory,Azure Utilities,SmallBiz Inc
2026-02-09,12503.96,Sales Revenue,TechLogistics Corp,Direct Consumer
2026-02-22,6242.77,Rent,Global Office Ltd,SmallBiz Inc
2026-03-29,11645.96,Rent,Azure Utilities,Public Sector Dept
2026-03-28,8503.23,Inventory,Global Office Ltd,Direct Consumer
2026-01-10,10611.11,Inventory,Azure Utilities,Public Sector Dept
2026-02-09,4986.36,Inventory,Global Office Ltd,Retail Giant A
2026-01-16,7794.39,Tax Provision,Global Office Ltd,Retail Giant A
2026-02-12,6229.54,Inventory,Azure Utilities,SmallBiz Inc
2026-03-31,10784.34,Professional Fees,Azure Utilities,Direct Consumer
2026-03-27,4700.64,Sales Revenue,Azure Utilities,Public Sector Dept
2026-01-10,4975.18,Inventory,TechLogistics Corp,Public Sector Dept
2026-01-02,3818.18,Inventory,Global Office Ltd,SmallBiz Inc
2026-03-11,6448.66,Sales Revenue,Azure Utilities,Direct Consumer
2026-02-27,8128.51,Tax Provision,Prime Consulting,SmallBiz Inc
2026-02-07,10342.76,Rent,Azure Utilities,Public Sector Dept
2026-02-24,6601.25,Sales Revenue,Prime Consulting,Retail Giant A
2026-02-24,6916.89,Tax Provision,TechLogistics Corp,SmallBiz Inc
2026-02-17,9287.4,Inventory,TechLogistics Corp,Direct Consumer
2026-03-25,5633.56,Sales Revenue,Prime Consulting,Retail Giant A
2026-02-11,5514.34,Rent,TechLogistics Corp,Public Sector Dept
2026-01-14,9256.14,Rent,Azure Utilities,Public Sector Dept
2026-03-04,8604.79,Rent,Azure Utilities,Retail Giant A
2026-03-26,8548.31,Inventory,Prime Consulting,Retail Giant A
2026-02-22,8508.64,Sales Revenue,Azure Utilities,Public Sector Dept
2026-01-01,5760.59,Sales Revenue,Prime Consulting,SmallBiz Inc
2026-03-03,10363.58,Professional Fees,Azure Utilities,Retail Giant A
2026-01-07,4070.08,Rent,TechLogistics Corp,Direct Consumer
2026-03-18,9436.5,Inventory,Prime Consulting,SmallBiz Inc
2026-02-03,7740.16,Professional Fees,Global Office Ltd,Direct Consumer
2026-02-23,3838.36,Tax Provision,Global Office Ltd,Public Sector Dept
2026-03-18,7407.34,Tax Provision,Prime Consulting,Retail Giant A
2026-03-27,5023.23,Rent,Prime Consulting,Direct Consumer
2026-01-18,8146.02,Inventory,TechLogistics Corp,Retail Giant A
2026-02-13,7077.12,Inventory,Global Office Ltd,Retail Giant A
2026-02-02,9995.63,Tax Provision,Azure Utilities,Public Sector Dept
2026-01-19,12148.93,Tax Provision,Azure Utilities,Direct Consumer
2026-03-24,6718.71,Inventory,Global Office Ltd,Direct Consumer
2026-01-26,4646.74,Inventory,Global Office Ltd,Direct Consumer
2026-02-21,5656.72,Inventory,Global Office Ltd,Public Sector Dept
2026-02-24,8880.1,Rent,Prime Consulting,SmallBiz Inc
2026-03-16,7553.62,Professional Fees,Prime Consulting,SmallBiz Inc
2026-02-14,8019.9,Professional Fees,Azure Utilities,Retail Giant A
2026-01-03,4664.1,Professional Fees,Azure Utilities,Direct Consumer
2026-03-28,8326.61,Tax Provision,TechLogistics Corp,Direct Consumer
2026-01-21,8187.13,Tax Provision,Azure Utilities,Retail Giant A
2026-03-03,8191.77,Professional Fees,Prime Consulting,Direct Consumer
2026-01-14,9192.06,Sales Revenue,Global Office Ltd,Direct Consumer
2026-02-26,9976.07,Sales Revenue,Azure Utilities,SmallBiz Inc
2026-03-17,12792.5,Tax Provision,Azure Utilities,Public Sector Dept
2026-01-13,9699.55,Inventory,TechLogistics Corp,Direct Consumer
2026-01-20,5455.36,Rent,TechLogistics Corp,SmallBiz Inc
2026-02-02,8045.33,Rent,TechLogistics Corp,Retail Giant A
2026-03-12,4663.31,Tax Provision,TechLogistics Corp,SmallBiz Inc
2026-03-29,6863.66,Rent,Azure Utilities,Direct Consumer
2026-02-20,5895.88,Inventory,Azure Utilities,Direct Consumer
2026-03-28,6727.96,Inventory,Prime Consulting,Public Sector Dept
2026-02-12,7748.47,Rent,TechLogistics Corp,Direct Consumer
2026-03-21,8052.08,Tax Provision,Azure Utilities,Direct Consumer
2026-03-28,13179.93,Inventory,Global Office Ltd,Retail Giant A
2026-02-17,8754.64,Sales Revenue,Azure Utilities,SmallBiz Inc
2026-01-08,7842.92,Professional Fees,Azure Utilities,Retail Giant A
2026-02-20,6661.65,Professional Fees,TechLogistics Corp,SmallBiz Inc
2026-01-20,7490.39,Tax Provision,TechLogistics Corp,Retail Giant A
2026-03-01,7532.9,Rent,Global Office Ltd,SmallBiz Inc
2026-03-30,10367.17,Sales Revenue,TechLogistics Corp,Retail Giant A
2026-01-26,10310.27,Professional Fees,Global Office Ltd,SmallBiz Inc
2026-03-22,7205.94,Inventory,Prime Consulting,Public Sector Dept
2026-02-15,12067.67,Rent,Global Office Ltd,Retail Giant A
2026-03-27,9260.91,Sales Revenue,Prime Consulting,Direct Consumer
2026-02-15,7965.79,Tax Provision,TechLogistics Corp,SmallBiz Inc
2026-03-21,8442.84,Sales Revenue,Azure Utilities,Direct Consumer
2026-02-03,10094.96,Tax Provision,Azure Utilities,Public Sector Dept
2026-03-27,8306.13,Professional Fees,Global Office Ltd,Retail Giant A
2026-02-24,5975.62,Inventory,Azure Utilities,Direct Consumer
2026-03-30,7311.48,Rent,Prime Consulting,Retail Giant A
2026-01-14,4931.18,Sales Revenue,Global Office Ltd,Public Sector Dept
2026-03-09,5881.54,Rent,Prime Consulting,Direct Consumer
2026-01-10,7197.99,Sales Revenue,Prime Consulting,SmallBiz Inc
2026-02-25,4836.13,Inventory,Azure Utilities,Public Sector Dept
2026-01-05,7641.43,Professional Fees,Prime Consulting,SmallBiz Inc
2026-01-28,9620.94,Inventory,Azure Utilities,Direct Consumer
2026-01-01,8186.16,Professional Fees,Azure Utilities,Direct Consumer
2026-02-05,6248.69,Inventory,Azure Utilities,Direct Consumer
2026-02-11,4190.61,Inventory,Prime Consulting,Retail Giant A
2026-03-05,10631.22,Tax Provision,TechLogistics Corp,Direct Consumer
2026-02-10,8798.69,Sales Revenue,Prime Consulting,Direct Consumer
2026-01-31,10695.82,Inventory,TechLogistics Corp,Retail Giant A
2026-01-07,10966.77,Tax Provision,Azure Utilities,Direct Consumer
2026-01-24,5587.66,Professional Fees,Azure Utilities,SmallBiz Inc
2026-03-17,10307.3,Rent,Azure Utilities,Public Sector Dept
2026-01-05,5641.09,Rent,TechLogistics Corp,Public Sector Dept
2026-02-25,6432.59,Inventory,Prime Consulting,Direct Consumer
2026-01-17,9138.4,Professional Fees,Prime Consulting,SmallBiz Inc
2026-01-28,10063.02,Professional Fees,TechLogistics Corp,SmallBiz Inc
2026-03-25,7346.08,Rent,TechLogistics Corp,Direct Consumer
2026-03-03,8479.57,Tax Provision,Azure Utilities,Direct Consumer
2026-03-28,10065.63,Rent,Prime Consulting,Retail Giant A
2026-03-03,5334.94,Inventory,Azure Utilities,SmallBiz Inc
2026-02-24,5661.4,Inventory,Global Office Ltd,Retail Giant A
2026-03-29,7895.33,Sales Revenue,TechLogistics Corp,Public Sector Dept
2026-01-11,6576.19,Professional Fees,TechLogistics Corp,SmallBiz Inc
2026-03-10,8710.3,Inventory,Prime Consulting,Public Sector Dept
2026-03-25,4695.41,Rent,Global Office Ltd,Retail Giant A
2026-03-07,8307.93,Professional Fees,Prime Consulting,Public Sector Dept
2026-02-07,8330.79,Inventory,Prime Consulting,Retail Giant A
2026-03-27,9482.05,Sales Revenue,Global Office Ltd,Retail Giant A
2026-02-20,7361.77,Tax Provision,TechLogistics Corp,Direct Consumer
2026-03-05,5708.4,Inventory,Global Office Ltd,SmallBiz Inc
2026-02-20,7148.21,Rent,Prime Consulting,Retail Giant A
2026-03-03,7748.22,Rent,TechLogistics Corp,Retail Giant A
2026-01-27,11433.05,Sales Revenue,TechLogistics Corp,Public Sector Dept
2026-02-23,12551.14,Professional Fees,Global Office Ltd,SmallBiz Inc
2026-02-23,6604.87,Sales Revenue,Prime Consulting,Retail Giant A
2026-01-02,3695.03,Sales Revenue,Azure Utilities,Retail Giant A
2026-02-16,5593.2,Sales Revenue,TechLogistics Corp,Retail Giant A
2026-03-11,8174.94,Rent,Global Office Ltd,Direct Consumer
2026-03-23,7174.68,Tax Provision,Azure Utilities,Direct Consumer
2026-02-15,9511.61,Sales Revenue,Azure Utilities,Retail Giant A
2026-01-22,10628.45,Sales Revenue,Azure Utilities,Direct Consumer
2026-02-19,9556.55,Tax Provision,Azure Utilities,Direct Consumer
2026-03-04,10869.11,Inventory,Prime Consulting,SmallBiz Inc
2026-01-03,8230.89,Inventory,Azure Utilities,Direct Consumer
2026-03-27,9818.55,Inventory,Global Office Ltd,SmallBiz Inc
2026-03-14,10145.06,Professional Fees,Global Office Ltd,SmallBiz Inc
2026-01-15,5630.27,Rent,Global Office Ltd,Retail Giant A
2026-01-07,10552.57,Sales Revenue,Azure Utilities,Retail Giant A
2026-03-22,8726.88,Tax Provision,TechLogistics Corp,Direct Consumer
2026-01-07,9958.59,Professional Fees,Prime Consulting,Public Sector Dept
2026-02-05,5750.3,Inventory,Global Office Ltd,Direct Consumer
2026-02-19,5564.04,Tax Provision,TechLogistics Corp,Public Sector Dept
2026-01-17,8375.64,Sales Revenue,Prime Consulting,Public Sector Dept
2026-03-10,7625.42,Professional Fees,Azure Utilities,Direct Consumer
2026-03-09,9555.45,Rent,TechLogistics Corp,SmallBiz Inc
2026-01-23,5150.33,Tax Provision,Global Office Ltd,Direct Consumer
2026-02-18,13056.05,Professional Fees,Azure Utilities,Retail Giant A
2026-01-10,10803.91,Rent,Prime Consulting,Public Sector Dept
2026-01-13,6345.47,Rent,Prime Consulting,Public Sector Dept
2026-01-08,9783.11,Tax Provision,Azure Utilities,Public Sector Dept
2026-03-29,10787.58,Inventory,Global Office Ltd,Public Sector Dept
2026-03-04,7549.26,Sales Revenue,TechLogistics Corp,SmallBiz Inc
2026-01-20,9883.28,Tax Provision,TechLogistics Corp,Public Sector Dept
2026-01-24,6854.77,Inventory,Prime Consulting,Public Sector Dept
2026-03-29,8200.5,Professional Fees,Prime Consulting,SmallBiz Inc
2026-02-10,8767.02,Sales Revenue,TechLogistics Corp,Direct Consumer
2026-03-06,8190.88,Professional Fees,Azure Utilities,Public Sector Dept
2026-01-12,9890.75,Tax Provision,Azure Utilities,Direct Consumer
2026-03-30,7031.78,Inventory,Global Office Ltd,SmallBiz Inc
2026-03-18,8799.55,Tax Provision,Global Office Ltd,SmallBiz Inc
2026-01-01,9398.49,Sales Revenue,TechLogistics Corp,Direct Consumer
2026-02-24,9743.38,Inventory,Azure Utilities,Direct Consumer
2026-03-08,7181.05,Professional Fees,TechLogistics Corp,Direct Consumer
2026-01-23,6371.44,Rent,Azure Utilities,SmallBiz Inc
2026-02-06,6939.6,Inventory,Azure Utilities,Retail Giant A
2026-03-10,7520.69,Rent,Prime Consulting,SmallBiz Inc
2026-03-29,10251.13,Inventory,Global Office Ltd,Public Sector Dept
2026-03-08,5842.08,Professional Fees,Prime Consulting,Retail Giant A
2026-01-26,9672.65,Inventory,Global Office Ltd,Public Sector Dept
2026-01-05,4694.55,Rent,Prime Consulting,SmallBiz Inc
2026-03-27,7189.2,Professional Fees,Azure Utilities,SmallBiz Inc
2026-01-27,9119.69,Rent,Azure Utilities,Public Sector Dept
2026-03-09,8257.1,Tax Provision,Global Office Ltd,SmallBiz Inc
2026-02-17,9028.11,Rent,TechLogistics Corp,Retail Giant A
2026-03-18,10151.87,Professional Fees,Azure Utilities,Retail Giant A
2026-01-22,7074.58,Tax Provision,TechLogistics Corp,Direct Consumer
2026-03-17,8393.1,Inventory,Global Office Ltd,SmallBiz Inc
2026-02-10,6365.52,Professional Fees,Global Office Ltd,SmallBiz Inc
2026-03-10,10515.65,Inventory,Global Office Ltd,Direct Consumer
2026-01-10,5754.14,Tax Provision,Global Office Ltd,Direct Consumer
2026-03-15,7173.92,Sales Revenue,TechLogistics Corp,TechLogistics Corp
2026-03-05,7375.89,Inventory,Azure Utilities,Public Sector Dept
2026-02-24,9401.79,Professional Fees,Prime Consulting,Retail Giant A
2026-01-17,6598.47,Sales Revenue,Global Office Ltd,Public Sector Dept
2026-02-25,8104.56,Tax Provision,TechLogistics Corp,Retail Giant A
2026-02-10,7205.34,Tax Provision,Global Office Ltd,Direct Consumer
2026-01-24,6532.16,Rent,TechLogistics Corp,Retail Giant A
2026-03-23,7126.95,Professional Fees,Prime Consulting,SmallBiz Inc
2026-01-29,7286.11,Tax Provision,Azure Utilities,Retail Giant A
2026-01-18,10120.9,Inventory,Global Office Ltd,Public Sector Dept
2026-01-18,10947.01,Sales Revenue,TechLogistics Corp,SmallBiz Inc
2026-02-02,5750.99,Inventory,Azure Utilities,Retail Giant A
2026-01-04,8747.75,Professional Fees,Global Office Ltd,Direct Consumer
2026-03-03,8880.92,Tax Provision,Azure Utilities,Direct Consumer
2026-03-26,11633.87,Inventory,Global Office Ltd,Public Sector Dept
2026-03-30,9260.09,Tax Provision,Azure Utilities,Public Sector Dept
2026-02-16,8816.87,Sales Revenue,Global Office Ltd,Retail Giant A
2026-03-31,7785.62,Professional Fees,Prime Consulting,SmallBiz Inc
2026-02-13,7289.65,Tax Provision,Azure Utilities,Public Sector Dept
2026-02-11,5884.65,Sales Revenue,Prime Consulting,SmallBiz Inc
2026-02-17,9351.81,Sales Revenue,TechLogistics Corp,Public Sector Dept
2026-01-13,8007.96,Rent,TechLogistics Corp,SmallBiz Inc
2026-03-06,7420.15,Rent,Global Office Ltd,Retail Giant A
2026-03-05,11850.53,Professional Fees,TechLogistics Corp,SmallBiz Inc
2026-01-30,9065.97,Sales Revenue,Prime Consulting,SmallBiz Inc
2026-02-06,6332.91,Tax Provision,Global Office Ltd,Retail Giant A
2026-03-04,4969.83,Inventory,Global Office Ltd,Direct Consumer
2026-03-12,8270.66,Inventory,Global Office Ltd,Direct Consumer
2026-03-20,4556.11,Inventory,Prime Consulting,Public Sector Dept
2026-03-20,3545.9,Tax Provision,TechLogistics Corp,Public Sector Dept
2026-01-18,6631.64,Rent,Prime Consulting,SmallBiz Inc
2026-03-11,7726.77,Professional Fees,Global Office Ltd,SmallBiz Inc
2026-01-21,6006.71,Tax Provision,Azure Utilities,Direct Consumer
2026-01-16,6789.24,Professional Fees,Azure Utilities,Public Sector Dept
2026-01-14,6339.56,Tax Provision,TechLogistics Corp,Retail Giant A
2026-03-03,9083.56,Sales Revenue,TechLogistics Corp,Direct Consumer
2026-01-22,8681.75,Inventory,Azure Utilities,SmallBiz Inc
2026-03-31,8741.53,Tax Provision,TechLogistics Corp,Direct Consumer
2026-02-18,5389.41,Sales Revenue,Azure Utilities,SmallBiz Inc
2026-02-10,6565.48,Tax Provision,Azure Utilities,Direct Consumer
2026-02-12,9670.34,Tax Provision,TechLogistics Corp,SmallBiz Inc
2026-03-01,9357.99,Tax Provision,Prime Consulting,Retail Giant A
2026-03-05,6775.54,Professional Fees,Prime Consulting,SmallBiz Inc
2026-03-25,4390.81,Inventory,Prime Consulting,Public Sector Dept
2026-01-28,6673.45,Professional Fees,Global Office Ltd,Retail Giant A
2026-03-10,6681.16,Professional Fees,Prime Consulting,Public Sector Dept
2026-03-08,9418.11,Tax Provision,Prime Consulting,Direct Consumer
2026-02-25,13458.34,Sales Revenue,Global Office Ltd,Direct Consumer
2026-02-10,10043.58,Tax Provision,Prime Consulting,Retail Giant A
2026-03-03,9531.21,Tax Provision,TechLogistics Corp,Retail Giant A
2026-02-28,10348.16,Professional Fees,TechLogistics Corp,Direct Consumer
2026-01-05,5506.59,Rent,TechLogistics Corp,Direct Consumer
2026-03-12,4849.79,Sales Revenue,Azure Utilities,SmallBiz Inc
2026-02-17,8547.15,Rent,TechLogistics Corp,Retail Giant A
2026-01-02,9428.26,Sales Revenue,TechLogistics Corp,SmallBiz Inc
2026-02-01,12560.28,Tax Provision,TechLogistics Corp,Direct Consumer
2026-02-02,4566.67,Professional Fees,Global Office Ltd,Retail Giant A
2026-03-06,5859.56,Inventory,TechLogistics Corp,SmallBiz Inc
2026-01-12,5243.09,Tax Provision,Prime Consulting,Direct Consumer
2026-01-22,5131.44,Inventory,Global Office Ltd,Public Sector Dept
2026-03-07,6737.18,Sales Revenue,Global Office Ltd,Direct Consumer
2026-03-19,6533.58,Inventory,Prime Consulting,Public Sector Dept
2026-02-19,9006.1,Rent,Global Office Ltd,Public Sector Dept
2026-02-19,7490.53,Inventory,TechLogistics Corp,SmallBiz Inc
2026-02-23,7632.73,Rent,TechLogistics Corp,Public Sector Dept
2026-01-12,6496.23,Inventory,Azure Utilities,SmallBiz Inc
2026-02-17,9131.08,Inventory,Global Office Ltd,Direct Consumer
2026-03-13,12982.73,Rent,Prime Consulting,Direct Consumer
2026-03-08,8516.54,Rent,Global Office Ltd,Direct Consumer
2026-01-23,8645.48,Professional Fees,Prime Consulting,SmallBiz Inc
2026-03-15,9981.72,Tax Provision,Global Office Ltd,Public Sector Dept
2026-02-19,9720.36,Rent,Prime Consulting,Retail Giant A
2026-03-11,7786.4,Inventory,TechLogistics Corp,Retail Giant A
2026-01-16,3858.25,Rent,Global Office Ltd,Retail Giant A
2026-02-10,9199.04,Inventory,TechLogistics Corp,Direct Consumer
2026-01-24,8003.34,Professional Fees,Prime Consulting,SmallBiz Inc
2026-02-22,8205.37,Sales Revenue,Global Office Ltd,Direct Consumer
2026-01-21,10898.81,Sales Revenue,Prime Consulting,Direct Consumer
2026-01-12,9804.58,Sales Revenue,Global Office Ltd,Public Sector Dept
2026-01-15,6843.69,Tax Provision,TechLogistics Corp,Public Sector Dept
2026-01-08,6451.49,Rent,TechLogistics Corp,Public Sector Dept
2026-01-09,10935.36,Rent,Global Office Ltd,Public Sector Dept
2026-02-26,7806.2,Inventory,Azure Utilities,SmallBiz Inc
2026-02-07,8870.96,Tax Provision,Global Office Ltd,SmallBiz Inc
2026-03-04,10355.94,Sales Revenue,Azure Utilities,Retail Giant A
2026-02-17,9662.33,Inventory,Prime Consulting,Direct Consumer
2026-02-21,10638.81,Rent,Prime Consulting,SmallBiz Inc
2026-01-24,10365.29,Tax Provision,Azure Utilities,Retail Giant A
2026-03-03,7969.14,Tax Provision,Global Office Ltd,Direct Consumer
2026-01-19,5330.5,Rent,TechLogistics Corp,Public Sector Dept
2026-01-01,6727.45,Inventory,Azure Utilities,Retail Giant A
2026-02-04,6311.42,Tax Provision,Prime Consulting,Direct Consumer
2026-02-26,6553.89,Tax Provision,Prime Consulting,Public Sector Dept
2026-01-16,6521.92,Tax Provision,Prime Consulting,Public Sector Dept
2026-01-19,11171.28,Rent,Prime Consulting,Retail Giant A
2026-03-10,7697.37,Rent,Global Office Ltd,Retail Giant A
2026-03-13,8200.22,Professional Fees,Prime Consulting,Public Sector Dept
2026-02-10,7836.02,Rent,Azure Utilities,Public Sector Dept
2026-02-04,10234.2,Professional Fees,Azure Utilities,Public Sector Dept
2026-03-11,10613.26,Inventory,Global Office Ltd,Retail Giant A
2026-01-29,9576.88,Rent,Azure Utilities,Public Sector Dept
2026-03-02,6549.78,Professional Fees,TechLogistics Corp,Direct Consumer
2026-03-24,9945.29,Rent,Prime Consulting,Direct Consumer
2026-02-13,8606.55,Inventory,Global Office Ltd,SmallBiz Inc
2026-03-20,6752.42,Professional Fees,Azure Utilities,SmallBiz Inc
2026-03-11,12008.9,Inventory,Prime Consulting,Retail Giant A
2026-03-07,10555.9,Inventory,Azure Utilities,Retail Giant A
2026-03-05,6106.2,Sales Revenue,Azure Utilities,Azure Utilities
2026-01-16,8481.87,Inventory,TechLogistics Corp,Retail Giant A
2026-01-11,11217.74,Professional Fees,Prime Consulting,Retail Giant A
2026-03-05,5776.47,Inventory,Prime Consulting,SmallBiz Inc
2026-01-31,9328.21,Rent,TechLogistics Corp,Public Sector Dept
2026-02-15,4496.16,Rent,Azure Utilities,SmallBiz Inc
2026-02-02,7930.11,Inventory,Prime Consulting,Direct Consumer
2026-02-27,5121.08,Sales Revenue,TechLogistics Corp,Retail Giant A
2026-01-25,9582.19,Sales Revenue,Azure Utilities,Direct Consumer
2026-01-21,5761.98,Rent,TechLogistics Corp,Direct Consumer
2026-02-05,11462.99,Inventory,Prime Consulting,Direct Consumer
2026-03-05,6182.96,Sales Revenue,Global Office Ltd,Direct Consumer
2026-02-05,8120.56,Sales Revenue,TechLogistics Corp,SmallBiz Inc
2026-01-09,11337.84,Rent,Global Office Ltd,Direct Consumer
2026-02-08,6698.15,Rent,Global Office Ltd,SmallBiz Inc
2026-01-24,6368.81,Professional Fees,Prime Consulting,SmallBiz Inc
2026-02-22,11023.4,Sales Revenue,Azure Utilities,Direct Consumer
2026-01-12,7603.04,Sales Revenue,Global Office Ltd,Direct Consumer
2026-02-06,7330.99,Sales Revenue,Global Office Ltd,SmallBiz Inc
2026-02-02,6255.37,Inventory,Global Office Ltd,Retail Giant A
2026-02-26,8377.21,Tax Provision,Prime Consulting,Retail Giant A
2026-02-01,5593.91,Professional Fees,TechLogistics Corp,Public Sector Dept
2026-02-14,6302.37,Tax Provision,TechLogistics Corp,Retail Giant A
2026-02-07,11997.53,Tax Provision,Prime Consulting,Retail Giant A
2026-03-10,9485.81,Rent,TechLogistics Corp,Direct Consumer
2026-01-09,9370.59,Rent,TechLogistics Corp,Retail Giant A
2026-01-10,10025.17,Sales Revenue,Global Office Ltd,Public Sector Dept
2026-02-03,7200.74,Professional Fees,Azure Utilities,Direct Consumer
2026-01-31,7097.42,Professional Fees,Global Office Ltd,SmallBiz Inc
2026-02-15,8782.36,Sales Revenue,Prime Consulting,Public Sector Dept
2026-03-05,7806.76,Rent,Prime Consulting,Direct Consumer
2026-01-04,5468.34,Sales Revenue,TechLogistics Corp,Public Sector Dept
2026-02-19,6518.92,Sales Revenue,TechLogistics Corp,Direct Consumer
2026-03-16,9221.43,Tax Provision,Global Office Ltd,Public Sector Dept
2026-02-08,9528.04,Sales Revenue,Azure Utilities,Retail Giant A
2026-02-07,8701.06,Rent,Azure Utilities,SmallBiz Inc
2026-02-17,4113.2,Tax Provision,Global Office Ltd,Direct Consumer
2026-01-04,5368.66,Inventory,TechLogistics Corp,Direct Consumer
2026-01-16,9141.71,Inventory,Prime Consulting,Retail Giant A
2026-01-18,7210.88,Inventory,Global Office Ltd,Retail Giant A
2026-03-15,3247.31,Sales Revenue,Global Office Ltd,Direct Consumer
2026-02-16,6476.47,Tax Provision,Global Office Ltd,Public Sector Dept
2026-02-04,7222.8,Professional Fees,Prime Consulting,Direct Consumer
2026-03-15,5064.06,Inventory,Global Office Ltd,SmallBiz Inc
2026-01-15,10718.01,Rent,TechLogistics Corp,SmallBiz Inc
2026-03-01,7014.91,Sales Revenue,TechLogistics Corp,Retail Giant A
2026-01-17,7074.94,Rent,Azure Utilities,Public Sector Dept
2026-02-15,6264.8,Tax Provision,Azure Utilities,Direct Consumer
2026-02-12,8264.95,Sales Revenue,TechLogistics Corp,Retail Giant A
2026-03-10,12509.49,Sales Revenue,TechLogistics Corp,Public Sector Dept
2026-03-04,6899.92,Tax Provision,Global Office Ltd,Public Sector Dept
2026-02-10,5821.23,Professional Fees,Azure Utilities,Public Sector Dept
2026-01-08,8722.5,Professional Fees,Global Office Ltd,SmallBiz Inc
2026-01-04,8775.16,Inventory,Azure Utilities,Retail Giant A
2026-02-15,9783.77,Professional Fees,Prime Consulting,Retail Giant A
2026-02-18,8152.03,Sales Revenue,TechLogistics Corp,Retail Giant A
2026-03-29,8733.93,Tax Provision,Azure Utilities,SmallBiz Inc
2026-03-09,7778.08,Tax Provision,TechLogistics Corp,Direct Consumer
2026-03-22,11971.6,Rent,Prime Consulting,Retail Giant A
2026-02-14,3608.75,Inventory,TechLogistics Corp,SmallBiz Inc
2026-02-19,9389.52,Professional Fees,Prime Consulting,Retail Giant A
2026-01-02,6891.8,Professional Fees,TechLogistics Corp,Retail Giant A
2026-02-14,7224.56,Professional Fees,TechLogistics Corp,Direct Consumer
2026-03-28,6389.66,Inventory,Global Office Ltd,Retail Giant A
2026-01-14,6495.56,Inventory,Global Office Ltd,Direct Consumer
2026-03-20,7453.7,Rent,Global Office Ltd,Direct Consumer
2026-01-21,7581.48,Sales Revenue,TechLogistics Corp,Public Sector Dept
2026-02-18,9531.91,Sales Revenue,Azure Utilities,Direct Consumer
2026-03-02,11539.55,Inventory,TechLogistics Corp,Public Sector Dept
2026-02-01,11616.94,Rent,Global Office Ltd,Public Sector Dept
2026-03-23,7900.67,Sales Revenue,Global Office Ltd,Retail Giant A
2026-03-20,8186.81,Sales Revenue,Prime Consulting,SmallBiz Inc
2026-01-29,7537.89,Tax Provision,Prime Consulting,Public Sector Dept
2026-02-07,6850.58,Sales Revenue,Global Office Ltd,Retail Giant A
2026-01-14,10009.49,Professional Fees,Azure Utilities,Public Sector Dept
2026-01-30,9232.2,Professional Fees,TechLogistics Corp,Public Sector Dept
2026-01-14,7283.99,Professional Fees,Prime Consulting,Public Sector Dept
2026-01-16,-9387.3,Inventory,TechLogistics Corp,Retail Giant A
2026-02-08,6311.14,Sales Revenue,Azure Utilities,SmallBiz Inc
2026-02-20,7617.31,Professional Fees,Prime Consulting,Direct Consumer
2026-01-29,5483.28,Tax Provision,TechLogistics Corp,SmallBiz Inc
2026-02-23,10080.97,Tax Provision,Global Office Ltd,SmallBiz Inc
2026-02-02,7717.92,Professional Fees,Prime Consulting,Retail Giant A
2026-01-17,8462.28,Rent,TechLogistics Corp,SmallBiz Inc
2026-01-12,11122.62,Rent,Global Office Ltd,SmallBiz Inc
2026-01-08,7812.19,Rent,Azure Utilities,Public Sector Dept
2026-01-15,10163.4,Rent,Prime Consulting,Direct Consumer
2026-01-26,7177.8,Sales Revenue,Global Office Ltd,SmallBiz Inc
2026-01-18,9945.47,Rent,TechLogistics Corp,SmallBiz Inc
2026-01-05,9448.67,Inventory,TechLogistics Corp,SmallBiz Inc
2026-01-30,5543.57,Sales Revenue,Global Office Ltd,Direct Consumer
2026-03-15,12096.34,Professional Fees,Global Office Ltd,Direct Consumer
2026-03-10,8600.69,Rent,Global Office Ltd,Direct Consumer
2026-03-20,7886.96,Sales Revenue,Global Office Ltd,Retail Giant A
2026-01-02,9845.46,Rent,TechLogistics Corp,Direct Consumer
2026-01-01,2553.03,Rent,TechLogistics Corp,Direct Consumer
2026-01-28,9864.77,Rent,Prime Consulting,Public Sector Dept
2026-03-18,10388.72,Rent,Global Office Ltd,Public Sector Dept
2026-02-01,7122.62,Tax Provision,Global Office Ltd,Retail Giant A
2026-02-14,9773.21,Sales Revenue,Azure Utilities,SmallBiz Inc
2026-03-19,7464.64,Inventory,Azure Utilities,Public Sector Dept
2026-02-06,9278.75,Professional Fees,Azure Utilities,Retail Giant A
2026-02-18,11584.09,Tax Provision,Global Office Ltd,SmallBiz Inc
2026-01-07,7425.99,Tax Provision,Prime Consulting,Public Sector Dept
2026-02-24,6847.56,Tax Provision,Azure Utilities,Direct Consumer
2026-01-10,7845.4,Tax Provision,Azure Utilities,SmallBiz Inc
2026-01-20,6713.33,Rent,Prime Consulting,Direct Consumer
2026-02-11,3714.05,Rent,TechLogistics Corp,Retail Giant A
2026-02-23,4311.99,Professional Fees,Global Office Ltd,Direct Consumer
2026-02-25,8331.56,Inventory,Global Office Ltd,Direct Consumer
2026-03-07,10659.99,Professional Fees,Azure Utilities,Public Sector Dept
2026-02-28,6965.75,Inventory,TechLogistics Corp,SmallBiz Inc
2026-01-27,9426.56,Rent,Azure Utilities,Direct Consumer
2026-03-25,5140.03,Rent,Prime Consulting,Public Sector Dept
2026-03-24,9618.59,Tax Provision,Prime Consulting,SmallBiz Inc
2026-01-18,4456.8,Inventory,Prime Consulting,SmallBiz Inc
2026-03-01,7506.58,Sales Revenue,TechLogistics Corp,SmallBiz Inc
2026-03-31,5390.3,Inventory,Global Office Ltd,Retail Giant A
2026-03-02,9030.26,Sales Revenue,Global Office Ltd,Public Sector Dept
2026-02-06,8609.73,Tax Provision,Prime Consulting,SmallBiz Inc
2026-01-22,4849.24,Sales Revenue,Global Office Ltd,Retail Giant A
2026-02-03,7149.65,Tax Provision,Azure Utilities,SmallBiz Inc
2026-02-14,4398.91,Professional Fees,Prime Consulting,Retail Giant A
2026-01-20,6960.85,Inventory,Azure Utilities,Retail Giant A
2026-02-23,5450.78,Sales Revenue,Prime Consulting,SmallBiz Inc
2026-03-27,8119.56,Sales Revenue,Azure Utilities,Direct Consumer
2026-02-14,5201.22,Inventory,Azure Utilities,Retail Giant A
2026-02-08,9473.45,Professional Fees,Prime Consulting,Direct Consumer
2026-01-16,8132.59,Tax Provision,Prime Consulting,SmallBiz Inc
2026-03-20,6919.05,Sales Revenue,Prime Consulting,Direct Consumer
2026-02-08,9624.23,Sales Revenue,Azure Utilities,Retail Giant A
2026-03-29,5028.11,Tax Provision,TechLogistics Corp,Public Sector Dept
2026-02-26,7187.66,Tax Provision,Prime Consulting,Public Sector Dept
2026-02-13,8238.59,Sales Revenue,Global Office Ltd,Retail Giant A
2026-01-24,8775.72,Rent,Prime Consulting,Public Sector Dept
2026-02-03,8112.74,Tax Provision,Prime Consulting,Retail Giant A
2026-02-10,10237.26,Sales Revenue,Global Office Ltd,Global Office Ltd
2026-02-19,8080.92,Rent,Prime Consulting,Prime Consulting
2026-01-14,8428.36,Rent,TechLogistics Corp,SmallBiz Inc
2026-02-24,5436.71,Sales Revenue,TechLogistics Corp,Public Sector Dept
2026-01-23,6925.92,Inventory,TechLogistics Corp,Public Sector Dept
2026-03-31,11794.39,Inventory,TechLogistics Corp,Public Sector Dept
2026-03-02,10330.03,Inventory,TechLogistics Corp,Public Sector Dept
2026-01-26,8200.69,Professional Fees,Global Office Ltd,Retail Giant A
2026-02-11,8348.73,Sales Revenue,TechLogistics Corp,Public Sector Dept
2026-03-20,10002.18,Professional Fees,Azure Utilities,SmallBiz Inc
2026-03-06,5977.43,Professional Fees,Azure Utilities,SmallBiz Inc
2026-01-21,9531.69,Rent,Prime Consulting,Retail Giant A
2026-03-17,7940.54,Inventory,Prime Consulting,SmallBiz Inc
2026-03-02,7441.27,Rent,Azure Utilities,SmallBiz Inc
2026-02-20,5393.47,Inventory,Global Office Ltd,Public Sector Dept
2026-01-31,8395.93,Tax Provision,TechLogistics Corp,Public Sector Dept
2026-01-19,7259.76,Inventory,Global Office Ltd,Retail Giant A
2026-01-09,7139.51,Inventory,Global Office Ltd,SmallBiz Inc
2026-03-20,5282.68,Professional Fees,Global Office Ltd,Retail Giant A
2026-02-05,10697.03,Professional Fees,Prime Consulting,SmallBiz Inc
2026-01-09,9305.34,Inventory,Azure Utilities,Retail Giant A
2026-01-27,7310.95,Professional Fees,Prime Consulting,Direct Consumer
2026-01-17,5383.68,Sales Revenue,Azure Utilities,Direct Consumer
2026-01-14,8172.3,Professional Fees,Global Office Ltd,SmallBiz Inc
2026-02-19,7035.02,Professional Fees,Global Office Ltd,SmallBiz Inc
2026-01-09,14555.95,Tax Provision,TechLogistics Corp,Public Sector Dept
2026-01-31,4567.07,Tax Provision,Global Office Ltd,Retail Giant A
2026-02-06,10382.6,Inventory,Prime Consulting,SmallBiz Inc
2026-03-22,8209.8,Tax Provision,Global Office Ltd,Direct Consumer
2026-02-06,9123.45,Inventory,TechLogistics Corp,SmallBiz Inc
2026-03-18,12981.37,Professional Fees,TechLogistics Corp,Public Sector Dept
2026-01-16,8784.11,Sales Revenue,Global Office Ltd,Direct Consumer
2026-02-02,10429.07,Professional Fees,Prime Consulting,SmallBiz Inc
2026-03-30,6860.8,Tax Provision,Global Office Ltd,Public Sector Dept
2026-02-22,8612.51,Rent,Prime Consulting,Retail Giant A
2026-01-19,8513.62,Sales Revenue,Global Office Ltd,Direct Consumer
2026-03-05,8547.29,Tax Provision,Prime Consulting,Direct Consumer
2026-01-01,9871.92,Tax Provision,TechLogistics Corp,Retail Giant A
2026-01-27,7206.11,Rent,Prime Consulting,Public Sector Dept
2026-03-04,4688.08,Tax Provision,Global Office Ltd,Direct Consumer
2026-01-28,10397.17,Sales Revenue,TechLogistics Corp,SmallBiz Inc
2026-02-17,5728.77,Inventory,Azure Utilities,Retail Giant A
2026-03-24,4973.71,Inventory,Global Office Ltd,Direct Consumer
2026-01-14,7444.62,Tax Provision,Global Office Ltd,SmallBiz Inc
2026-01-31,9190.88,Sales Revenue,Azure Utilities,SmallBiz Inc
2026-02-16,8856.41,Sales Revenue,Global Office Ltd,Direct Consumer
2026-03-27,7903.64,Tax Provision,Azure Utilities,SmallBiz Inc
2026-03-19,6932.26,Rent,Azure Utilities,Public Sector Dept
2026-03-18,5261.69,Rent,TechLogistics Corp,Direct Consumer
2026-01-24,9196.2,Professional Fees,Prime Consulting,Direct Consumer
2026-02-16,5680.02,Inventory,Prime Consulting,Public Sector Dept
2026-02-17,7250.68,Rent,Prime Consulting,Direct Consumer
2026-02-07,8337.53,Tax Provision,Global Office Ltd,Public Sector Dept
2026-02-25,7855.79,Inventory,Azure Utilities,Public Sector Dept
2026-01-15,8915.78,Inventory,Global Office Ltd,SmallBiz Inc
2026-01-19,6826.98,Professional Fees,TechLogistics Corp,SmallBiz Inc
2026-02-15,13388.88,Rent,Global Office Ltd,Direct Consumer
2026-01-20,11463.1,Rent,Prime Consulting,Direct Consumer
2026-03-06,8205.39,Sales Revenue,Global Office Ltd,SmallBiz Inc
2026-01-11,10039.66,Sales Revenue,Azure Utilities,Direct Consumer
2026-01-26,2961.73,Inventory,Azure Utilities,Retail Giant A
2026-01-14,10497.76,Tax Provision,Global Office Ltd,SmallBiz Inc
2026-02-10,8734.04,Rent,Azure Utilities,SmallBiz Inc
2026-02-11,7868.89,Professional Fees,Prime Consulting,SmallBiz Inc
2026-03-03,3403.77,Rent,Prime Consulting,Direct Consumer
2026-02-23,9156.9,Tax Provision,Global Office Ltd,Public Sector Dept
2026-01-02,6624.33,Inventory,TechLogistics Corp,SmallBiz Inc
2026-01-29,4985.48,Professional Fees,TechLogistics Corp,Direct Consumer
2026-03-06,9046.47,Professional Fees,Prime Consulting,Retail Giant A
2026-03-10,10667.4,Rent,Prime Consulting,SmallBiz Inc
2026-03-31,5921.72,Sales Revenue,Azure Utilities,Retail Giant A
2026-01-16,8429.76,Inventory,Prime Consulting,Retail Giant A
2026-02-17,9449.86,Rent,Prime Consulting,Retail Giant A
2026-03-05,6489.15,Rent,TechLogistics Corp,SmallBiz Inc
2026-02-03,10100.11,Inventory,Prime Consulting,Retail Giant A
2026-02-18,6113.63,Professional Fees,TechLogistics Corp,Retail Giant A
2026-01-07,10361.57,Professional Fees,TechLogistics Corp,SmallBiz Inc
2026-01-20,5468.34,Tax Provision,Global Office Ltd,Direct Consumer
2026-02-15,5783.4,Sales Revenue,Azure Utilities,Retail Giant A
2026-02-12,5880.2,Rent,Global Office Ltd,Direct Consumer
2026-01-02,8620.93,Professional Fees,TechLogistics Corp,Retail Giant A
2026-03-12,7535.68,Sales Revenue,TechLogistics Corp,SmallBiz Inc
2026-03-14,7614.0,Rent,Prime Consulting,SmallBiz Inc
2026-01-23,7707.34,Sales Revenue,Global Office Ltd,SmallBiz Inc
2026-03-07,8405.65,Tax Provision,Prime Consulting,Retail Giant A
2026-01-16,5763.53,Inventory,Prime Consulting,Direct Consumer
2026-01-30,10380.45,Tax Provision,Prime Consulting,Retail Giant A
2026-02-16,9379.01,Inventory,Global Office Ltd,SmallBiz Inc
2026-03-30,13687.27,Rent,Global Office Ltd,SmallBiz Inc
2026-02-09,9530.61,Rent,Prime Consulting,Direct Consumer
2026-02-18,6071.6,Rent,Prime Consulting,Public Sector Dept
2026-01-15,6091.25,Tax Provision,Azure Utilities,Retail Giant A
2026-02-04,9377.0,Professional Fees,Azure Utilities,Retail Giant A
2026-02-08,9353.85,Rent,Global Office Ltd,SmallBiz Inc
2026-01-09,8992.18,Rent,Azure Utilities,SmallBiz Inc
2026-02-19,4966.95,Tax Provision,Global Office Ltd,Public Sector Dept
2026-01-02,6172.5,Rent,Azure Utilities,Public Sector Dept
2026-03-07,10073.98,Sales Revenue,TechLogistics Corp,Public Sector Dept
2026-01-10,10393.0,Tax Provision,Azure Utilities,Retail Giant A
2026-01-08,13253.04,Professional Fees,Prime Consulting,Retail Giant A
2026-03-04,9545.92,Rent,TechLogistics Corp,Direct Consumer
2026-01-06,6969.55,Rent,TechLogistics Corp,SmallBiz Inc
2026-02-03,7685.97,Inventory,TechLogistics Corp,Public Sector Dept
2026-03-02,10827.82,Inventory,Global Office Ltd,SmallBiz Inc
2026-03-09,9169.26,Sales Revenue,TechLogistics Corp,Retail Giant A
2026-03-10,8070.88,Sales Revenue,Azure Utilities,Public Sector Dept
2026-02-11,6298.38,Tax Provision,Prime Consulting,Public Sector Dept
2026-02-05,5996.81,Inventory,TechLogistics Corp,Public Sector Dept
2026-02-19,6772.07,Professional Fees,Global Office Ltd,SmallBiz Inc
2026-03-29,4519.69,Rent,Prime Consulting,Retail Giant A
2026-02-11,8448.21,Inventory,TechLogistics Corp,Direct Consumer
2026-01-14,4390.56,Tax Provision,TechLogistics Corp,Direct Consumer
2026-03-18,7522.81,Tax Provision,Azure Utilities,Direct Consumer
2026-03-02,8147.98,Rent,TechLogistics Corp,Public Sector Dept
2026-02-27,5850.53,Tax Provision,TechLogistics Corp,Direct Consumer
2026-02-13,5588.24,Rent,Azure Utilities,Public Sector Dept
2026-01-31,7227.9,Professional Fees,TechLogistics Corp,Retail Giant A
2026-03-10,9975.93,Tax Provision,Prime Consulting,SmallBiz Inc
2026-03-25,10165.56,Rent,Azure Utilities,Direct Consumer
2026-03-30,6287.05,Professional Fees,Global Office Ltd,Direct Consumer
2026-03-31,8954.27,Rent,Azure Utilities,Direct Consumer
2026-01-27,6121.45,Tax Provision,Global Office Ltd,Direct Consumer
2026-02-25,10721.45,Inventory,Prime Consulting,Retail Giant A
2026-02-02,6016.32,Rent,Prime Consulting,Retail Giant A
2026-03-07,9235.35,Inventory,Prime Consulting,Public Sector Dept
2026-01-09,6318.62,Tax Provision,Global Office Ltd,Direct Consumer
2026-01-15,8625.28,Professional Fees,Azure Utilities,Retail Giant A
2026-03-13,9044.08,Professional Fees,Azure Utilities,Public Sector Dept
2026-02-11,7698.39,Inventory,TechLogistics Corp,Public Sector Dept
2026-02-10,7585.04,Rent,Global Office Ltd,Retail Giant A
2026-02-26,6733.63,Inventory,Prime Consulting,Retail Giant A
2026-03-17,7068.07,Inventory,TechLogistics Corp,SmallBiz Inc
2026-03-11,7739.9,Tax Provision,Global Office Ltd,Retail Giant A
2026-02-25,5212.64,Tax Provision,Azure Utilities,SmallBiz Inc
2026-01-16,5739.89,Inventory,TechLogistics Corp,SmallBiz Inc
2026-02-27,4035.15,Tax Provision,TechLogistics Corp,Direct Consumer
2026-01-17,10232.18,Tax Provision,Global Office Ltd,Direct Consumer
2026-02-17,9810.0,Professional Fees,Azure Utilities,Direct Consumer
2026-01-05,5288.85,Professional Fees,Prime Consulting,Public Sector Dept
2026-03-10,5863.47,Inventory,Global Office Ltd,Retail Giant A
2026-02-01,4499.31,Tax Provision,Azure Utilities,Retail Giant A
2026-03-12,8835.49,Rent,TechLogistics Corp,Retail Giant A
2026-02-26,8233.74,Tax Provision,TechLogistics Corp,Public Sector Dept
2026-02-17,9178.84,Sales Revenue,Global Office Ltd,Retail Giant A
2026-03-01,9046.37,Inventory,Global Office Ltd,Retail Giant A
2026-01-28,11324.22,Inventory,Prime Consulting,Retail Giant A
2026-02-14,8407.45,Sales Revenue,Global Office Ltd,Direct Consumer
2026-03-31,6616.9,Sales Revenue,Global Office Ltd,Public Sector Dept
2026-03-23,6401.84,Tax Provision,Prime Consulting,SmallBiz Inc
2026-03-05,5894.07,Sales Revenue,Azure Utilities,SmallBiz Inc
2026-02-13,6884.24,Rent,Azure Utilities,Direct Consumer
2026-01-20,12792.17,Professional Fees,Azure Utilities,Direct Consumer
2026-02-18,-10144.06,Tax Provision,TechLogistics Corp,SmallBiz Inc
2026-01-09,7081.5,Sales Revenue,Prime Consulting,Direct Consumer
2026-03-27,6806.58,Tax Provision,Azure Utilities,Direct Consumer
2026-02-12,9386.52,Inventory,Azure Utilities,Direct Consumer
2026-02-16,7623.96,Professional Fees,TechLogistics Corp,Retail Giant A
2026-02-23,8282.13,Professional Fees,Global Office Ltd,Direct Consumer
2026-02-23,7249.32,Inventory,TechLogistics Corp,SmallBiz Inc
2026-01-05,6514.0,Sales Revenue,Global Office Ltd,Retail Giant A
2026-03-17,7352.97,Tax Provision,Global Office Ltd,Direct Consumer
2026-03-02,4283.65,Professional Fees,TechLogistics Corp,SmallBiz Inc
2026-02-12,8919.93,Inventory,Global Office Ltd,Direct Consumer
2026-02-21,5344.01,Tax Provision,TechLogistics Corp,SmallBiz Inc
2026-02-24,8410.12,Sales Revenue,Global Office Ltd,Retail Giant A
2026-01-02,9092.17,Rent,Global Office Ltd,Retail Giant A
2026-01-08,7730.23,Rent,TechLogistics Corp,SmallBiz Inc
2026-03-14,7345.52,Tax Provision,Prime Consulting,Retail Giant A
2026-03-06,9440.19,Sales Revenue,TechLogistics Corp,Direct Consumer
2026-03-09,11835.31,Inventory,Prime Consulting,Retail Giant A
2026-03-06,7725.9,Inventory,TechLogistics Corp,Direct Consumer
2026-01-05,8559.52,Inventory,Azure Utilities,Retail Giant A
2026-03-19,9112.5,Rent,Azure Utilities,Public Sector Dept
2026-03-10,8834.86,Professional Fees,Azure Utilities,Retail Giant A
2026-03-26,5239.58,Tax Provision,Prime Consulting,Public Sector Dept
2026-02-22,7213.91,Inventory,Prime Consulting,Retail Giant A
2026-01-31,8145.79,Tax Provision,TechLogistics Corp,SmallBiz Inc
2026-02-12,7114.64,Inventory,TechLogistics Corp,SmallBiz Inc
2026-02-22,6347.89,Tax Provision,TechLogistics Corp,Public Sector Dept
2026-01-14,10697.38,Inventory,TechLogistics Corp,Public Sector Dept
2026-03-19,9017.09,Tax Provision,Azure Utilities,Retail Giant A
2026-01-01,-7771.68,Inventory,TechLogistics Corp,SmallBiz Inc
2026-01-09,9151.49,Sales Revenue,Prime Consulting,Retail Giant A
2026-01-05,9018.87,Inventory,TechLogistics Corp,Direct Consumer
2026-02-02,7453.73,Professional Fees,Azure Utilities,SmallBiz Inc
2026-01-29,8861.14,Inventory,Global Office Ltd,SmallBiz Inc
2026-01-22,5740.52,Rent,Azure Utilities,Retail Giant A
2026-02-16,5604.02,Professional Fees,TechLogistics Corp,Public Sector Dept
2026-02-24,10025.9,Professional Fees,Azure Utilities,SmallBiz Inc
2026-02-22,7170.82,Professional Fees,Prime Consulting,Public Sector Dept
2026-01-20,6933.77,Professional Fees,Global Office Ltd,Direct Consumer
2026-03-12,10875.35,Tax Provision,Global Office Ltd,SmallBiz Inc
2026-03-02,6989.84,Rent,Azure Utilities,Public Sector Dept
2026-03-09,8447.96,Professional Fees,TechLogistics Corp,Public Sector Dept
2026-01-25,8092.4,Tax Provision,Global Office Ltd,Retail Giant A
2026-02-02,7961.13,Sales Revenue,Azure Utilities,Retail Giant A
2026-03-14,10250.31,Professional Fees,Global Office Ltd,Direct Consumer
2026-01-08,6000.01,Tax Provision,Global Office Ltd,Retail Giant A
2026-01-27,6765.64,Tax Provision,Global Office Ltd,Retail Giant A
2026-03-11,10835.33,Professional Fees,TechLogistics Corp,Public Sector Dept
2026-02-03,6547.96,Inventory,Prime Consulting,SmallBiz Inc
2026-03-04,7957.25,Sales Revenue,Prime Consulting,Retail Giant A
2026-01-26,10161.46,Professional Fees,Azure Utilities,Public Sector Dept
2026-03-27,7988.53,Professional Fees,Prime Consulting,Direct Consumer
2026-03-22,7487.34,Rent,Azure Utilities,Direct Consumer
2026-02-23,9902.81,Professional Fees,Prime Consulting,Retail Giant A
2026-02-06,7075.58,Rent,Prime Consulting,Retail Giant A
2026-01-17,8912.99,Professional Fees,TechLogistics Corp,Retail Giant A
2026-03-05,8052.6,Inventory,Azure Utilities,Retail Giant A
2026-03-18,9174.05,Tax Provision,Global Office Ltd,Direct Consumer
2026-03-20,8153.88,Tax Provision,Prime Consulting,Public Sector Dept
2026-03-11,7977.13,Rent,TechLogistics Corp,Retail Giant A
2026-02-18,7341.05,Inventory,Azure Utilities,Retail Giant A
2026-01-09,9169.23,Inventory,Global Office Ltd,Direct Consumer
2026-03-15,8480.52,Tax Provision,Global Office Ltd,Direct Consumer
2026-02-20,8518.09,Rent,Azure Utilities,Retail Giant A
2026-02-25,8819.91,Professional Fees,Azure Utilities,Public Sector Dept
2026-01-06,8280.08,Rent,Azure Utilities,Public Sector Dept
2026-03-28,4040.17,Rent,Prime Consulting,Public Sector Dept
2026-03-03,11561.9,Professional Fees,Prime Consulting,Direct Consumer
2026-02-21,11186.94,Rent,TechLogistics Corp,Direct Consumer
2026-02-23,8595.36,Rent,TechLogistics Corp,Direct Consumer
2026-01-25,9020.03,Sales Revenue,Azure Utilities,Retail Giant A
2026-03-01,11950.96,Inventory,Global Office Ltd,SmallBiz Inc
2026-02-21,6228.56,Inventory,Prime Consulting,Direct Consumer
2026-01-01,8198.95,Professional Fees,Azure Utilities,SmallBiz Inc
2026-01-20,5050.48,Professional Fees,TechLogistics Corp,Retail Giant A
2026-01-03,3354.83,Tax Provision,Prime Consulting,Direct Consumer
2026-01-17,999999.99,Sales Revenue,Prime Consulting,Direct Consumer
2026-03-12,9502.07,Tax Provision,Global Office Ltd,SmallBiz Inc
2026-01-09,5939.58,Sales Revenue,Azure Utilities,Direct Consumer
2026-02-25,9612.65,Tax Provision,Global Office Ltd,Public Sector Dept
2026-01-28,8280.66,Sales Revenue,Global Office Ltd,Public Sector Dept
2026-01-17,-7696.49,Sales Revenue,TechLogistics Corp,Public Sector Dept
2026-01-05,6650.58,Professional Fees,Prime Consulting,Retail Giant A
2026-01-29,8932.32,Sales Revenue,Prime Consulting,Retail Giant A
2026-03-11,8456.95,Sales Revenue,Azure Utilities,Retail Giant A
2026-01-07,6363.91,Sales Revenue,Azure Utilities,Retail Giant A
2026-03-14,7005.76,Rent,Prime Consulting,Public Sector Dept
2026-02-06,7530.53,Professional Fees,Azure Utilities,Retail Giant A
2026-03-16,8258.81,Sales Revenue,Azure Utilities,Retail Giant A
2026-02-22,6098.36,Sales Revenue,Azure Utilities,Public Sector Dept
2026-02-06,6889.01,Sales Revenue,Azure Utilities,Direct Consumer
2026-01-26,6251.45,Inventory,Azure Utilities,Retail Giant A
2026-03-10,10518.1,Inventory,Prime Consulting,Public Sector Dept
2026-02-03,8010.84,Professional Fees,Global Office Ltd,Public Sector Dept
2026-01-12,8866.44,Sales Revenue,Azure Utilities,SmallBiz Inc
2026-02-19,6468.96,Inventory,Global Office Ltd,Direct Consumer
2026-02-17,7280.57,Professional Fees,Prime Consulting,Retail Giant A
2026-03-28,8308.58,Inventory,Global Office Ltd,Retail Giant A
2026-01-15,4893.1,Tax Provision,Prime Consulting,Direct Consumer
2026-03-30,7768.93,Tax Provision,Azure Utilities,Retail Giant A
2026-03-08,9617.0,Tax Provision,Azure Utilities,SmallBiz Inc
2026-01-23,7661.08,Professional Fees,Global Office Ltd,Public Sector Dept
2026-01-31,5260.39,Sales Revenue,Azure Utilities,Direct Consumer
2026-03-12,10340.26,Rent,Global Office Ltd,Direct Consumer
2026-03-15,6074.94,Rent,TechLogistics Corp,Retail Giant A
2026-01-15,9409.72,Rent,TechLogistics Corp,Direct Consumer
2026-01-19,7995.31,Tax Provision,Azure Utilities,Public Sector Dept
2026-02-01,13244.27,Sales Revenue,Azure Utilities,Direct Consumer
2026-03-07,6807.63,Rent,Prime Consulting,SmallBiz Inc
2026-01-01,7129.59,Professional Fees,TechLogistics Corp,Public Sector Dept
2026-03-05,7848.27,Rent,Azure Utilities,Public Sector Dept
2026-02-08,8222.44,Sales Revenue,TechLogistics Corp,Direct Consumer
2026-01-12,5537.19,Tax Provision,Azure Utilities,Retail Giant A
2026-01-30,6872.68,Sales Revenue,TechLogistics Corp,SmallBiz Inc
2026-01-27,9107.57,Tax Provision,Global Office Ltd,Public Sector Dept
2026-02-11,10732.69,Rent,Azure Utilities,Retail Giant A
2026-03-10,6349.73,Tax Provision,TechLogistics Corp,Direct Consumer
2026-03-17,11659.3,Tax Provision,Prime Consulting,Direct Consumer
2026-01-05,10686.2,Rent,Azure Utilities,Direct Consumer
2026-02-13,4917.77,Inventory,TechLogistics Corp,Public Sector Dept
2026-03-05,9656.32,Professional Fees,Prime Consulting,SmallBiz Inc
2026-01-20,7381.49,Tax Provision,TechLogistics Corp,Direct Consumer
2026-01-10,7911.45,Rent,Prime Consulting,Retail Giant A
2026-03-18,12450.78,Tax Provision,TechLogistics Corp,Public Sector Dept
2026-03-27,4606.23,Tax Provision,Global Office Ltd,SmallBiz Inc
2026-01-20,9053.7,Rent,Prime Consulting,Direct Consumer
2026-03-24,7820.36,Inventory,Global Office Ltd,Public Sector Dept
2026-01-08,8304.97,Sales Revenue,TechLogistics Corp,Retail Giant A
2026-01-11,7054.75,Rent,Prime Consulting,Retail Giant A
2026-01-10,8732.56,Professional Fees,Global Office Ltd,Public Sector Dept
2026-01-20,7902.79,Inventory,Prime Consulting,SmallBiz Inc
2026-01-27,7164.37,Professional Fees,Azure Utilities,SmallBiz Inc
2026-01-06,5461.93,Sales Revenue,Azure Utilities,Retail Giant A
2026-01-30,6248.55,Tax Provision,Global Office Ltd,Retail Giant A
2026-03-31,3609.9,Professional Fees,Global Office Ltd,SmallBiz Inc
2026-02-23,6392.99,Inventory,Azure Utilities,SmallBiz Inc
2026-01-17,9921.53,Rent,TechLogistics Corp,Retail Giant A
2026-01-26,9007.41,Sales Revenue,Global Office Ltd,SmallBiz Inc
2026-02-17,7264.86,Rent,Global Office Ltd,SmallBiz Inc
2026-03-14,10677.3,Sales Revenue,Azure Utilities,Retail Giant A
2026-03-31,7743.2,Tax Provision,Prime Consulting,Retail Giant A
2026-03-26,7128.5,Inventory,Global Office Ltd,SmallBiz Inc
2026-03-11,11493.07,Inventory,Prime Consulting,SmallBiz Inc
2026-01-10,12695.8,Tax Provision,Prime Consulting,Retail Giant A
2026-03-24,10973.03,Sales Revenue,Prime Consulting,Public Sector Dept
2026-03-02,9760.44,Inventory,Global Office Ltd,Retail Giant A
2026-01-31,11389.67,Tax Provision,TechLogistics Corp,Direct Consumer
2026-01-14,7218.83,Rent,Prime Consulting,Direct Consumer
2026-01-31,9563.72,Sales Revenue,Global Office Ltd,Direct Consumer
2026-03-14,8227.86,Sales Revenue,TechLogistics Corp,SmallBiz Inc
2026-03-08,4712.21,Tax Provision,Prime Consulting,Direct Consumer
2026-02-21,7144.02,Tax Provision,Global Office Ltd,SmallBiz Inc
2026-01-24,6425.08,Professional Fees,Prime Consulting,Direct Consumer
2026-01-27,2890.56,Inventory,Global Office Ltd,SmallBiz Inc
2026-03-16,4020.77,Sales Revenue,Prime Consulting,Retail Giant A
2026-03-23,7935.24,Sales Revenue,TechLogistics Corp,Retail Giant A
2026-03-29,9290.73,Professional Fees,Prime Consulting,SmallBiz Inc
2026-03-11,3434.82,Inventory,Prime Consulting,Direct Consumer
2026-01-04,10625.93,Rent,Prime Consulting,Public Sector Dept
2026-01-15,7577.48,Sales Revenue,Global Office Ltd,SmallBiz Inc
2026-01-09,9062.17,Professional Fees,TechLogistics Corp,Direct Consumer
2026-03-30,11636.07,Tax Provision,Azure Utilities,Retail Giant A
2026-01-14,6029.93,Professional Fees,TechLogistics Corp,Public Sector Dept
2026-01-28,11481.34,Inventory,Azure Utilities,Retail Giant A
2026-01-25,7834.0,Sales Revenue,TechLogistics Corp,Public Sector Dept
2026-02-19,9816.2,Sales Revenue,TechLogistics Corp,Public Sector Dept
2026-03-23,7914.01,Professional Fees,Azure Utilities,Retail Giant A
2026-02-14,13189.27,Tax Provision,Global Office Ltd,Public Sector Dept
2026-02-27,8610.44,Inventory,Global Office Ltd,Direct Consumer
2026-03-04,4045.51,Rent,Prime Consulting,SmallBiz Inc
2026-03-21,7262.82,Inventory,TechLogistics Corp,Direct Consumer
2026-02-17,3135.19,Sales Revenue,Prime Consulting,SmallBiz Inc
2026-02-21,8029.95,Inventory,Global Office Ltd,Retail Giant A
2026-02-06,8031.33,Rent,Prime Consulting,Retail Giant A
2026-01-02,6995.95,Professional Fees,TechLogistics Corp,Retail Giant A
2026-01-19,9514.86,Sales Revenue,Global Office Ltd,SmallBiz Inc
2026-01-05,10682.46,Rent,Azure Utilities,Direct Consumer
2026-03-11,14481.64,Tax Provision,Prime Consulting,Direct Consumer
2026-03-05,2755.95,Rent,Prime Consulting,Public Sector Dept
2026-02-10,7814.44,Inventory,Azure Utilities,Direct Consumer
2026-02-02,9605.48,Tax Provision,TechLogistics Corp,Public Sector Dept
2026-01-07,999999.99,Tax Provision,Azure Utilities,Direct Consumer
2026-01-23,8786.36,Sales Revenue,Azure Utilities,Retail Giant A
2026-02-11,9204.81,Sales Revenue,TechLogistics Corp,SmallBiz Inc
2026-02-23,7223.85,Professional Fees,Azure Utilities,Public Sector Dept
2026-01-27,11804.34,Sales Revenue,TechLogistics Corp,SmallBiz Inc
2026-02-23,10096.99,Rent,TechLogistics Corp,SmallBiz Inc
2026-02-24,9545.41,Professional Fees,Global Office Ltd,Direct Consumer
2026-01-16,3682.88,Professional Fees,Global Office Ltd,Public Sector Dept
2026-01-03,4814.4,Tax Provision,Azure Utilities,SmallBiz Inc
2026-03-17,6907.21,Tax Provision,Global Office Ltd,Retail Giant A
2026-01-31,7358.84,Professional Fees,Prime Consulting,Direct Consumer
2026-03-15,7210.68,Rent,Global Office Ltd,Public Sector Dept
2026-03-19,8975.32,Inventory,Prime Consulting,SmallBiz Inc
2026-03-31,5839.51,Sales Revenue,Global Office Ltd,Public Sector Dept
2026-01-13,6884.68,Tax Provision,Azure Utilities,SmallBiz Inc
2026-01-04,8927.46,Inventory,TechLogistics Corp,SmallBiz Inc
2026-02-14,7623.22,Rent,Prime Consulting,Retail Giant A
2026-01-06,10023.81,Rent,Global Office Ltd,Retail Giant A
2026-02-01,5479.61,Rent,Global Office Ltd,SmallBiz Inc
2026-03-05,4951.23,Inventory,Azure Utilities,Public Sector Dept
2026-01-27,4996.27,Tax Provision,TechLogistics Corp,Direct Consumer
2026-03-20,6197.78,Tax Provision,Prime Consulting,Direct Consumer
2026-03-26,8941.89,Tax Provision,Azure Utilities,Direct Consumer
2026-01-31,5671.45,Rent,Prime Consulting,Public Sector Dept
2026-01-25,9960.1,Tax Provision,Azure Utilities,Azure Utilities
2026-03-02,9330.68,Inventory,Global Office Ltd,SmallBiz Inc
2026-03-07,8246.61,Inventory,Global Office Ltd,SmallBiz Inc
2026-01-07,9263.03,Professional Fees,TechLogistics Corp,SmallBiz Inc
2026-02-22,8827.46,Sales Revenue,Prime Consulting,Direct Consumer
2026-03-08,8449.88,Tax Provision,Global Office Ltd,SmallBiz Inc
2026-03-25,10572.42,Professional Fees,Prime Consulting,Direct Consumer
2026-03-14,6969.6,Professional Fees,Prime Consulting,Retail Giant A
2026-01-05,8499.05,Inventory,Global Office Ltd,Public Sector Dept
2026-02-04,12540.38,Professional Fees,Prime Consulting,SmallBiz Inc
2026-02-16,6314.81,Sales Revenue,Prime Consulting,Retail Giant A
2026-02-23,7164.96,Rent,Prime Consulting,SmallBiz Inc
2026-03-07,6217.41,Inventory,Prime Consulting,SmallBiz Inc
2026-01-09,7237.8,Tax Provision,Global Office Ltd,SmallBiz Inc
2026-03-27,5375.25,Professional Fees,Azure Utilities,SmallBiz Inc
2026-03-24,7288.8,Rent,TechLogistics Corp,Direct Consumer
2026-01-13,12773.14,Professional Fees,TechLogistics Corp,SmallBiz Inc
2026-01-31,9250.93,Sales Revenue,TechLogistics Corp,SmallBiz Inc
2026-02-03,7054.88,Rent,TechLogistics Corp,SmallBiz Inc
2026-02-01,7326.56,Tax Provision,Global Office Ltd,SmallBiz Inc
2026-03-08,6629.62,Professional Fees,Azure Utilities,SmallBiz Inc
2026-03-25,7664.74,Sales Revenue,TechLogistics Corp,Direct Consumer
2026-03-10,11017.75,Rent,TechLogistics Corp,SmallBiz Inc
2026-01-02,8311.79,Inventory,Azure Utilities,Retail Giant A
2026-02-05,9854.32,Professional Fees,Prime Consulting,Retail Giant A
2026-01-27,10689.79,Tax Provision,Prime Consulting,SmallBiz Inc
2026-01-23,11370.73,Tax Provision,Prime Consulting,SmallBiz Inc
2026-01-24,9180.71,Sales Revenue,Azure Utilities,Retail Giant A
2026-02-28,8808.93,Rent,TechLogistics Corp,SmallBiz Inc
2026-03-08,5856.09,Sales Revenue,Global Office Ltd,SmallBiz Inc
2026-03-04,6127.51,Rent,Azure Utilities,Public Sector Dept
2026-02-06,8063.53,Sales Revenue,Azure Utilities,Public Sector Dept
2026-03-11,7132.75,Rent,Azure Utilities,Direct Consumer
2026-03-01,9330.67,Professional Fees,TechLogistics Corp,Retail Giant A
2026-03-14,7999.32,Inventory,Azure Utilities,Retail Giant A
2026-03-09,4856.15,Sales Revenue,TechLogistics Corp,SmallBiz Inc
2026-03-25,10413.25,Rent,Prime Consulting,Retail Giant A
2026-02-02,8833.59,Sales Revenue,Global Office Ltd,Public Sector Dept
2026-02-14,6553.75,Professional Fees,Global Office Ltd,Public Sector Dept
2026-03-27,5067.48,Tax Provision,TechLogistics Corp,Public Sector Dept
2026-03-05,8311.11,Sales Revenue,TechLogistics Corp,Direct Consumer
2026-03-01,9379.37,Inventory,Global Office Ltd,Retail Giant A
2026-02-08,6275.91,Rent,TechLogistics Corp,Direct Consumer
2026-03-04,8878.63,Sales Revenue,TechLogistics Corp,SmallBiz Inc
2026-01-03,3872.6,Rent,Global Office Ltd,SmallBiz Inc
2026-03-18,10996.66,Sales Revenue,Global Office Ltd,SmallBiz Inc
2026-02-17,7722.08,Tax Provision,Azure Utilities,Public Sector Dept
2026-01-19,6568.57,Inventory,Global Office Ltd,Public Sector Dept
2026-03-11,4411.67,Tax Provision,TechLogistics Corp,Direct Consumer
2026-03-17,7870.73,Tax Provision,Azure Utilities,Retail Giant A
2026-01-02,8215.21,Professional Fees,Azure Utilities,SmallBiz Inc
2026-03-29,9135.77,Tax Provision,Prime Consulting,Direct Consumer
2026-01-02,9433.47,Inventory,Prime Consulting,Direct Consumer
2026-02-07,9317.78,Professional Fees,Prime Consulting,Public Sector Dept
2026-01-30,9231.23,Rent,TechLogistics Corp,SmallBiz Inc
2026-01-25,8067.86,Rent,TechLogistics Corp,Retail Giant A
2026-03-30,8517.64,Sales Revenue,TechLogistics Corp,SmallBiz Inc
2026-03-01,7251.75,Professional Fees,Prime Consulting,Retail Giant A
2026-03-13,7345.45,Inventory,TechLogistics Corp,Retail Giant A
2026-02-15,10229.65,Sales Revenue,Azure Utilities,Retail Giant A
2026-03-04,6848.49,Professional Fees,Prime Consulting,SmallBiz Inc
2026-02-22,12827.91,Rent,Azure Utilities,Direct Consumer
2026-02-20,5956.72,Inventory,Azure Utilities,SmallBiz Inc
2026-02-06,8465.42,Rent,TechLogistics Corp,Retail Giant A
2026-02-24,7858.36,Inventory,TechLogistics Corp,Direct Consumer
2026-02-06,10678.18,Tax Provision,TechLogistics Corp,Retail Giant A
2026-01-14,13457.05,Rent,Prime Consulting,Direct Consumer
2026-03-10,10046.22,Inventory,Azure Utilities,Direct Consumer
2026-02-16,8830.12,Rent,TechLogistics Corp,Public Sector Dept
2026-02-03,9153.47,Rent,Prime Consulting,Public Sector Dept
2026-02-27,6478.58,Rent,Global Office Ltd,Retail Giant A
2026-03-10,11779.56,Sales Revenue,TechLogistics Corp,SmallBiz Inc
2026-02-12,8172.96,Tax Provision,Azure Utilities,Public Sector Dept
2026-03-06,8680.42,Tax Provision,Azure Utilities,Retail Giant A
2026-01-01,7800.25,Inventory,Prime Consulting,Direct Consumer
2026-03-20,5840.87,Sales Revenue,Global Office Ltd,Direct Consumer
2026-03-20,10531.02,Rent,TechLogistics Corp,Retail Giant A
2026-03-19,7917.94,Tax Provision,Global Office Ltd,Public Sector Dept
2026-03-21,7938.42,Inventory,TechLogistics Corp,Retail Giant A
2026-02-01,7837.38,Sales Revenue,Global Office Ltd,SmallBiz Inc
2026-02-22,5706.51,Inventory,Prime Consulting,SmallBiz Inc
2026-02-04,8448.62,Tax Provision,Prime Consulting,Direct Consumer
2026-02-25,5370.74,Rent,Global Office Ltd,Global Office Ltd
2026-03-21,12652.33,Tax Provision,Global Office Ltd,Direct Consumer
2026-01-16,8438.32,Professional Fees,TechLogistics Corp,Direct Consumer
2026-01-02,7381.37,Tax Provision,Azure Utilities,SmallBiz Inc
2026-02-24,7590.67,Sales Revenue,Global Office Ltd,Direct Consumer
2026-01-13,8264.07,Tax Provision,Prime Consulting,Direct Consumer
2026-01-09,10249.81,Tax Provision,Global Office Ltd,SmallBiz Inc
2026-03-12,7525.74,Sales Revenue,Azure Utilities,SmallBiz Inc
2026-01-28,6448.63,Sales Revenue,Prime Consulting,Retail Giant A
2026-02-24,-9320.44,Inventory,TechLogistics Corp,SmallBiz Inc
2026-01-25,9399.8,Professional Fees,Azure Utilities,SmallBiz Inc
2026-03-02,7227.31,Sales Revenue,Azure Utilities,Retail Giant A
2026-01-12,8834.94,Sales Revenue,Azure Utilities,Retail Giant A
2026-02-28,7386.79,Inventory,Global Office Ltd,Direct Consumer
2026-02-17,8659.28,Inventory,Azure Utilities,Direct Consumer
2026-03-12,6757.98,Sales Revenue,Global Office Ltd,Retail Giant A
2026-01-25,8396.23,Rent,Prime Consulting,SmallBiz Inc
2026-03-04,11053.11,Professional Fees,TechLogistics Corp,Public Sector Dept
2026-01-12,7121.81,Inventory,TechLogistics Corp,Public Sector Dept
2026-03-13,10477.89,Sales Revenue,Prime Consulting,Direct Consumer
2026-02-03,7679.34,Rent,Azure Utilities,Retail Giant A
2026-02-08,3555.38,Tax Provision,Prime Consulting,Retail Giant A
2026-02-26,5494.79,Inventory,Global Office Ltd,SmallBiz Inc
2026-02-16,8015.48,Professional Fees,Azure Utilities,Retail Giant A
2026-03-25,9582.4,Inventory,TechLogistics Corp,SmallBiz Inc
2026-03-01,7190.57,Inventory,Global Office Ltd,SmallBiz Inc
2026-01-15,7332.23,Sales Revenue,Azure Utilities,SmallBiz Inc
2026-03-25,9520.57,Inventory,Azure Utilities,Direct Consumer
2026-02-15,7681.3,Rent,Global Office Ltd,Retail Giant A
2026-01-29,6708.94,Rent,Prime Consulting,Public Sector Dept
2026-02-03,9635.81,Sales Revenue,Azure Utilities,SmallBiz Inc
2026-03-24,4227.64,Inventory,TechLogistics Corp,SmallBiz Inc
2026-01-25,9672.77,Tax Provision,Azure Utilities,SmallBiz Inc
2026-01-20,10104.71,Professional Fees,TechLogistics Corp,Retail Giant A
2026-03-23,8533.79,Sales Revenue,Global Office Ltd,SmallBiz Inc
2026-01-18,9080.49,Inventory,Azure Utilities,Direct Consumer
2026-03-19,4944.18,Sales Revenue,TechLogistics Corp,SmallBiz Inc
2026-01-22,5387.5,Professional Fees,TechLogistics Corp,Public Sector Dept
2026-02-27,10513.39,Inventory,Azure Utilities,Direct Consumer
2026-02-11,5952.09,Inventory,Azure Utilities,Public Sector Dept
2026-01-02,10335.1,Professional Fees,Azure Utilities,SmallBiz Inc
2026-03-24,7565.56,Inventory,Global Office Ltd,SmallBiz Inc
2026-01-14,7529.92,Tax Provision,Global Office Ltd,Retail Giant A
2026-01-17,7860.42,Inventory,Prime Consulting,Public Sector Dept
2026-02-01,11469.65,Inventory,TechLogistics Corp,Public Sector Dept
2026-03-21,5703.63,Rent,Prime Consulting,SmallBiz Inc
2026-02-02,6441.82,Tax Provision,Global Office Ltd,Retail Giant A
2026-02-05,7413.17,Tax Provision,TechLogistics Corp,SmallBiz Inc
2026-01-03,7980.35,Rent,TechLogistics Corp,Retail Giant A
2026-02-04,6417.37,Tax Provision,Prime Consulting,Public Sector Dept
2026-03-10,11824.04,Rent,TechLogistics Corp,SmallBiz Inc
2026-02-05,12876.96,Sales Revenue,Azure Utilities,SmallBiz Inc
2026-03-31,7450.55,Tax Provision,Prime Consulting,Public Sector Dept
2026-03-23,9384.8,Rent,Global Office Ltd,Public Sector Dept
2026-02-11,5201.0,Professional Fees,Prime Consulting,Direct Consumer
2026-01-07,8704.94,Professional Fees,Prime Consulting,SmallBiz Inc
2026-01-06,8745.42,Inventory,Azure Utilities,Retail Giant A
2026-01-02,6094.29,Tax Provision,Global Office Ltd,Retail Giant A
2026-02-24,7754.38,Tax Provision,TechLogistics Corp,Direct Consumer
2026-03-14,10063.34,Professional Fees,TechLogistics Corp,Public Sector Dept
2026-03-24,11004.42,Sales Revenue,Prime Consulting,Public Sector Dept
2026-03-26,10325.5,Sales Revenue,Azure Utilities,Direct Consumer
2026-03-04,2517.62,Inventory,Prime Consulting,Direct Consumer
2026-02-18,12655.89,Professional Fees,Azure Utilities,Direct Consumer
2026-03-19,7948.3,Sales Revenue,Global Office Ltd,Direct Consumer
2026-03-05,6601.53,Inventory,Prime Consulting,Public Sector Dept
2026-01-21,7714.04,Rent,Global Office Ltd,SmallBiz Inc
2026-02-11,10452.04,Professional Fees,Prime Consulting,SmallBiz Inc
2026-01-28,3617.62,Rent,TechLogistics Corp,Direct Consumer
2026-02-21,8273.08,Rent,Prime Consulting,Direct Consumer
2026-03-19,8254.03,Rent,Prime Consulting,Retail Giant A
2026-01-04,11042.67,Rent,Global Office Ltd,Public Sector Dept
2026-01-29,4597.76,Tax Provision,Global Office Ltd,Public Sector Dept
2026-01-10,3877.2,Sales Revenue,TechLogistics Corp,Direct Consumer
2026-02-06,7352.25,Tax Provision,Prime Consulting,Direct Consumer
2026-01-14,9000.93,Professional Fees,TechLogistics Corp,Retail Giant A
2026-01-15,9418.32,Tax Provision,Global Office Ltd,Public Sector Dept
2026-02-01,10359.75,Sales Revenue,Prime Consulting,Direct Consumer
2026-02-17,7183.72,Tax Provision,Azure Utilities,Direct Consumer
2026-01-29,3375.07,Rent,Azure Utilities,Public Sector Dept
2026-03-29,5613.74,Professional Fees,Prime Consulting,Public Sector Dept
2026-02-24,6910.9,Rent,TechLogistics Corp,Direct Consumer
2026-02-22,7224.61,Sales Revenue,Global Office Ltd,Retail Giant A
2026-02-22,9778.66,Inventory,Prime Consulting,Direct Consumer
2026-02-24,9881.72,Sales Revenue,TechLogistics Corp,Direct Consumer
2026-01-23,9004.63,Professional Fees,Azure Utilities,SmallBiz Inc
2026-02-18,12582.31,Professional Fees,Prime Consulting,SmallBiz Inc
2026-01-15,6020.65,Rent,Azure Utilities,Retail Giant A
2026-02-13,9365.79,Rent,TechLogistics Corp,SmallBiz Inc
2026-03-12,7339.81,Tax Provision,Global Office Ltd,Retail Giant A
2026-01-09,5645.74,Sales Revenue,TechLogistics Corp,SmallBiz Inc
2026-03-08,9497.0,Sales Revenue,Global Office Ltd,Direct Consumer
2026-03-27,7994.74,Professional Fees,TechLogistics Corp,Direct Consumer
2026-02-01,8545.73,Professional Fees,Azure Utilities,Public Sector Dept
2026-03-15,11672.89,Inventory,Global Office Ltd,Retail Giant A
2026-03-29,10265.15,Professional Fees,Prime Consulting,Direct Consumer
2026-03-06,7262.4,Professional Fees,Prime Consulting,Retail Giant A
2026-01-18,6506.1,Rent,Global Office Ltd,Public Sector Dept
2026-01-31,7244.32,Inventory,Global Office Ltd,Retail Giant A
2026-01-18,8689.26,Rent,Global Office Ltd,Public Sector Dept
2026-01-03,7789.12,Sales Revenue,Global Office Ltd,Direct Consumer
2026-03-04,6992.68,Tax Provision,Global Office Ltd,SmallBiz Inc
2026-01-14,9622.72,Rent,TechLogistics Corp,Direct Consumer
2026-01-27,6618.52,Inventory,Global Office Ltd,Direct Consumer
2026-02-23,7043.81,Inventory,TechLogistics Corp,Retail Giant A
2026-03-30,5360.74,Tax Provision,Prime Consulting,SmallBiz Inc
2026-03-26,7323.91,Sales Revenue,Global Office Ltd,Global Office Ltd
2026-02-13,6667.45,Rent,Global Office Ltd,Retail Giant A
2026-03-20,9005.69,Inventory,Azure Utilities,Direct Consumer
2026-01-26,11702.93,Rent,TechLogistics Corp,SmallBiz Inc
2026-02-24,7701.0,Rent,TechLogistics Corp,SmallBiz Inc
2026-03-26,9738.17,Inventory,Azure Utilities,Retail Giant A
2026-02-27,7502.97,Inventory,Azure Utilities,SmallBiz Inc
2026-03-08,7321.54,Tax Provision,Prime Consulting,SmallBiz Inc
2026-03-01,9129.06,Professional Fees,Global Office Ltd,Public Sector Dept
2026-03-08,12592.18,Tax Provision,TechLogistics Corp,Retail Giant A
2026-02-17,4454.24,Sales Revenue,Global Office Ltd,SmallBiz Inc
2026-02-22,8314.68,Tax Provision,Azure Utilities,Public Sector Dept
2026-01-10,7303.58,Inventory,Prime Consulting,Retail Giant A
2026-03-06,5800.22,Sales Revenue,TechLogistics Corp,SmallBiz Inc
2026-03-12,6654.18,Rent,Prime Consulting,Retail Giant A
2026-03-13,5730.72,Rent,Global Office Ltd,Direct Consumer
2026-01-04,10227.2,Inventory,TechLogistics Corp,SmallBiz Inc
2026-03-10,9211.42,Inventory,Prime Consulting,Retail Giant A
2026-03-21,10770.45,Sales Revenue,Prime Consulting,Retail Giant A
2026-02-15,8548.1,Rent,Global Office Ltd,Retail Giant A
2026-02-23,9535.53,Inventory,TechLogistics Corp,Retail Giant A
2026-03-14,3824.42,Sales Revenue,Azure Utilities,SmallBiz Inc
2026-01-30,7340.53,Rent,Azure Utilities,Retail Giant A
2026-01-29,8273.81,Professional Fees,TechLogistics Corp,SmallBiz Inc
2026-03-28,8637.98,Tax Provision,Global Office Ltd,Retail Giant A
2026-02-26,8906.03,Rent,Azure Utilities,SmallBiz Inc
2026-02-23,6950.48,Professional Fees,Prime Consulting,SmallBiz Inc
2026-01-28,8752.08,Rent,Prime Consulting,Direct Consumer
2026-03-17,8629.92,Sales Revenue,Prime Consulting,Retail Giant A
2026-02-15,6521.13,Rent,TechLogistics Corp,Direct Consumer
2026-02-07,10223.61,Tax Provision,TechLogistics Corp,Direct Consumer
2026-02-28,8668.63,Inventory,Global Office Ltd,SmallBiz Inc
2026-02-16,7943.46,Rent,Prime Consulting,Direct Consumer
2026-03-20,10684.7,Tax Provision,Azure Utilities,Retail Giant A
2026-02-15,8109.42,Professional Fees,Prime Consulting,Retail Giant A
2026-03-21,3821.78,Rent,Prime Consulting,SmallBiz Inc
2026-01-30,9416.93,Inventory,Azure Utilities,SmallBiz Inc
2026-03-10,4586.44,Sales Revenue,Prime Consulting,Retail Giant A
2026-03-17,6884.27,Professional Fees,TechLogistics Corp,Retail Giant A
2026-01-31,9044.01,Rent,Azure Utilities,Public Sector Dept
2026-01-30,9519.66,Inventory,Prime Consulting,SmallBiz Inc
2026-02-07,7167.27,Tax Provision,Azure Utilities,SmallBiz Inc
2026-03-29,10609.54,Inventory,Prime Consulting,SmallBiz Inc
2026-02-18,11815.15,Tax Provision,Azure Utilities,SmallBiz Inc
2026-01-20,8218.69,Inventory,TechLogistics Corp,SmallBiz Inc
2026-02-11,6426.32,Rent,Global Office Ltd,Public Sector Dept
2026-02-16,7113.0,Rent,Global Office Ltd,Public Sector Dept
2026-02-25,9057.26,Inventory,Azure Utilities,Retail Giant A
2026-03-04,6543.22,Rent,TechLogistics Corp,SmallBiz Inc
2026-03-06,3971.53,Rent,TechLogistics Corp,Public Sector Dept
2026-01-27,7522.64,Sales Revenue,Prime Consulting,SmallBiz Inc
2026-02-08,6345.01,Professional Fees,TechLogistics Corp,Public Sector Dept
2026-01-14,10754.3,Sales Revenue,Global Office Ltd,SmallBiz Inc
2026-01-19,8900.48,Rent,Prime Consulting,Public Sector Dept
2026-01-31,8300.24,Professional Fees,Azure Utilities,Direct Consumer
2026-01-31,9316.12,Rent,Global Office Ltd,Direct Consumer
2026-03-16,8276.91,Inventory,Azure Utilities,Retail Giant A
2026-01-31,10696.79,Inventory,Prime Consulting,Direct Consumer
2026-01-06,6566.93,Rent,Prime Consulting,SmallBiz Inc
2026-02-22,4833.24,Professional Fees,TechLogistics Corp,Public Sector Dept
2026-02-20,8352.16,Sales Revenue,Prime Consulting,Public Sector Dept
2026-02-13,6276.07,Professional Fees,Prime Consulting,Direct Consumer
2026-03-30,5754.99,Professional Fees,TechLogistics Corp,Public Sector Dept
2026-01-15,7510.68,Professional Fees,Azure Utilities,Direct Consumer
2026-01-27,2023.67,Inventory,Prime Consulting,Public Sector Dept
2026-02-06,8941.62,Inventory,Azure Utilities,SmallBiz Inc
2026-01-23,9925.38,Inventory,Global Office Ltd,Public Sector Dept
2026-01-20,7658.33,Professional Fees,Prime Consulting,SmallBiz Inc
2026-02-18,7598.17,Professional Fees,TechLogistics Corp,Public Sector Dept
2026-02-20,6279.33,Rent,Azure Utilities,Retail Giant A
2026-03-27,8499.46,Tax Provision,Global Office Ltd,Public Sector Dept
2026-02-19,6024.82,Sales Revenue,Prime Consulting,Retail Giant A
2026-02-20,8569.96,Inventory,Azure Utilities,SmallBiz Inc
2026-01-06,6024.65,Inventory,Global Office Ltd,Retail Giant A
2026-01-31,5394.89,Tax Provision,Azure Utilities,SmallBiz Inc
2026-02-03,8536.76,Sales Revenue,TechLogistics Corp,Retail Giant A
2026-02-07,7225.0,Tax Provision,Prime Consulting,SmallBiz Inc
2026-03-12,13870.1,Inventory,Prime Consulting,Retail Giant A
2026-01-29,9561.68,Tax Provision,Prime Consulting,Retail Giant A
2026-01-06,8606.43,Inventory,Prime Consulting,SmallBiz Inc
2026-01-19,4394.4,Inventory,TechLogistics Corp,Public Sector Dept
2026-03-23,8854.38,Professional Fees,Global Office Ltd,Retail Giant A
2026-03-13,11550.81,Inventory,Azure Utilities,SmallBiz Inc
2026-01-09,8188.34,Tax Provision,Prime Consulting,Direct Consumer
2026-01-22,7846.77,Professional Fees,Global Office Ltd,Retail Giant A
2026-03-20,7673.67,Sales Revenue,Azure Utilities,SmallBiz Inc
2026-02-25,8426.33,Inventory,Global Office Ltd,Public Sector Dept
2026-01-19,7168.64,Professional Fees,TechLogistics Corp,Direct Consumer
2026-01-06,8482.2,Professional Fees,Azure Utilities,SmallBiz Inc
2026-03-16,8327.32,Tax Provision,Azure Utilities,Direct Consumer
2026-01-21,11671.82,Professional Fees,Global Office Ltd,SmallBiz Inc
2026-03-10,8973.33,Sales Revenue,Global Office Ltd,Retail Giant A
2026-02-07,8812.89,Rent,Global Office Ltd,Direct Consumer
2026-01-05,6344.48,Professional Fees,Global Office Ltd,SmallBiz Inc
2026-01-15,12164.16,Tax Provision,TechLogistics Corp,SmallBiz Inc
2026-03-07,6769.6,Tax Provision,Global Office Ltd,Public Sector Dept
2026-02-01,8609.41,Professional Fees,Prime Consulting,SmallBiz Inc
2026-01-12,6464.22,Sales Revenue,Azure Utilities,SmallBiz Inc
2026-03-01,12207.84,Tax Provision,Prime Consulting,Retail Giant A
2026-03-28,7038.45,Rent,TechLogistics Corp,Direct Consumer
2026-02-19,6432.48,Inventory,Prime Consulting,Direct Consumer
2026-02-14,6342.11,Tax Provision,Azure Utilities,SmallBiz Inc
2026-01-17,10306.5,Professional Fees,Prime Consulting,SmallBiz Inc
2026-01-07,11079.35,Tax Provision,Global Office Ltd,Public Sector Dept
2026-03-27,9881.87,Rent,TechLogistics Corp,SmallBiz Inc
2026-02-15,6680.12,Sales Revenue,TechLogistics Corp,SmallBiz Inc
2026-02-12,9788.37,Inventory,Prime Consulting,SmallBiz Inc
2026-02-07,8242.97,Inventory,TechLogistics Corp,Direct Consumer
2026-02-16,2877.04,Tax Provision,Azure Utilities,Direct Consumer
2026-01-19,10846.14,Professional Fees,Global Office Ltd,Retail Giant A
2026-01-01,6720.39,Sales Revenue,Azure Utilities,SmallBiz Inc
2026-01-09,9159.46,Inventory,Prime Consulting,Retail Giant A
2026-02-15,8781.78,Rent,Prime Consulting,Retail Giant A
2026-02-18,8404.62,Tax Provision,Azure Utilities,Retail Giant A
2026-01-19,7681.37,Rent,Prime Consulting,Direct Consumer
2026-01-15,6829.77,Sales Revenue,TechLogistics Corp,SmallBiz Inc
2026-02-26,7050.77,Tax Provision,Global Office Ltd,Retail Giant A
2026-03-16,7303.88,Inventory,Prime Consulting,Retail Giant A
2026-01-11,7896.88,Tax Provision,TechLogistics Corp,Direct Consumer
2026-02-11,11140.23,Professional Fees,Prime Consulting,Retail Giant A
2026-01-27,9265.82,Inventory,Prime Consulting,Public Sector Dept
2026-02-15,12316.89,Inventory,Global Office Ltd,Retail Giant A
2026-02-26,9994.7,Sales Revenue,Prime Consulting,SmallBiz Inc
2026-03-05,12782.61,Professional Fees,Prime Consulting,Direct Consumer
2026-01-26,8168.96,Rent,Azure Utilities,SmallBiz Inc
2026-01-31,9002.66,Professional Fees,TechLogistics Corp,SmallBiz Inc
2026-01-03,8375.85,Tax Provision,Global Office Ltd,SmallBiz Inc
2026-02-12,9400.68,Rent,Azure Utilities,Direct Consumer
2026-02-05,13100.91,Professional Fees,TechLogistics Corp,Retail Giant A
2026-03-05,7190.43,Professional Fees,TechLogistics Corp,SmallBiz Inc
2026-03-27,5315.35,Inventory,TechLogistics Corp,Public Sector Dept
2026-03-15,9027.78,Sales Revenue,Global Office Ltd,SmallBiz Inc
2026-02-05,7515.86,Professional Fees,Prime Consulting,SmallBiz Inc
2026-01-27,5407.98,Sales Revenue,Prime Consulting,Public Sector Dept
2026-02-19,9387.42,Professional Fees,Prime Consulting,Prime Consulting
2026-02-24,10495.09,Rent,Azure Utilities,Public Sector Dept
2026-03-22,12556.25,Rent,Azure Utilities,Retail Giant A
2026-03-31,5629.61,Sales Revenue,Prime Consulting,Direct Consumer
2026-02-21,5696.22,Tax Provision,TechLogistics Corp,Direct Consumer
2026-03-15,7186.32,Inventory,Prime Consulting,Public Sector Dept
2026-03-18,8930.69,Tax Provision,TechLogistics Corp,SmallBiz Inc
2026-03-31,3922.86,Inventory,Azure Utilities,Direct Consumer
2026-01-18,6579.95,Tax Provision,TechLogistics Corp,Direct Consumer
2026-01-27,7030.99,Sales Revenue,Azure Utilities,Retail Giant A
2026-02-12,8981.04,Tax Provision,Azure Utilities,Direct Consumer
2026-03-11,7873.65,Professional Fees,TechLogistics Corp,Public Sector Dept
2026-01-15,11327.66,Tax Provision,TechLogistics Corp,SmallBiz Inc
2026-02-03,10676.47,Rent,Prime Consulting,Direct Consumer
2026-01-17,9916.82,Sales Revenue,Prime Consulting,Retail Giant A
2026-02-12,7699.35,Sales Revenue,Global Office Ltd,SmallBiz Inc
2026-03-02,7633.94,Rent,Azure Utilities,Public Sector Dept
2026-03-12,8486.53,Professional Fees,TechLogistics Corp,SmallBiz Inc
2026-02-12,9901.59,Inventory,Global Office Ltd,Retail Giant A
2026-01-11,9550.19,Tax Provision,TechLogistics Corp,Direct Consumer
2026-03-10,6686.08,Rent,TechLogistics Corp,Retail Giant A
2026-01-03,7852.46,Tax Provision,Global Office Ltd,Retail Giant A
2026-01-03,9584.83,Rent,TechLogistics Corp,Retail Giant A
2026-03-01,6896.69,Sales Revenue,Azure Utilities,Public Sector Dept
2026-03-27,10014.74,Rent,TechLogistics Corp,SmallBiz Inc
2026-02-18,4810.42,Professional Fees,TechLogistics Corp,Retail Giant A
2026-02-09,10076.74,Rent,Prime Consulting,SmallBiz Inc
2026-02-10,9884.63,Professional Fees,TechLogistics Corp,Retail Giant A
2026-01-01,6105.53,Inventory,Azure Utilities,Public Sector Dept
2026-01-30,7685.22,Professional Fees,Azure Utilities,Public Sector Dept
2026-03-29,7875.1,Inventory,TechLogistics Corp,SmallBiz Inc
2026-03-26,4104.35,Professional Fees,Azure Utilities,Direct Consumer
2026-03-05,11493.82,Tax Provision,Azure Utilities,Public Sector Dept
2026-01-01,12273.19,Professional Fees,Global Office Ltd,Public Sector Dept
2026-03-14,8461.14,Sales Revenue,Azure Utilities,Public Sector Dept
2026-01-28,8897.29,Professional Fees,Global Office Ltd,Public Sector Dept
2026-03-20,5477.53,Sales Revenue,TechLogistics Corp,SmallBiz Inc
2026-02-10,5995.2,Inventory,Azure Utilities,Public Sector Dept
2026-01-24,10680.71,Inventory,Prime Consulting,Direct Consumer
2026-03-10,9480.79,Inventory,TechLogistics Corp,Direct Consumer
2026-03-24,10293.56,Tax Provision,Prime Consulting,Retail Giant A
2026-01-25,8871.78,Professional Fees,Global Office Ltd,Direct Consumer
2026-03-29,6754.84,Sales Revenue,TechLogistics Corp,Retail Giant A
2026-03-29,9237.68,Tax Provision,Azure Utilities,Public Sector Dept
2026-03-12,6304.44,Inventory,Azure Utilities,Retail Giant A
2026-02-19,4570.12,Sales Revenue,Prime Consulting,Direct Consumer
2026-02-04,7275.4,Tax Provision,Azure Utilities,Public Sector Dept
2026-03-13,6300.11,Tax Provision,Global Office Ltd,Retail Giant A
2026-03-06,6303.18,Rent,Azure Utilities,SmallBiz Inc
2026-03-15,6298.43,Tax Provision,Global Office Ltd,Direct Consumer
2026-03-10,7661.18,Tax Provision,Global Office Ltd,Retail Giant A
2026-02-23,8271.64,Sales Revenue,Azure Utilities,Direct Consumer
2026-01-23,9004.63,Professional Fees,Azure Utilities,SmallBiz Inc
2026-03-24,10112.47,Inventory,Global Office Ltd,Public Sector Dept
2026-02-15,10420.15,Inventory,Global Office Ltd,SmallBiz Inc
2026-02-17,8830.34,Inventory,Global Office Ltd,Retail Giant A
2026-01-08,7575.91,Inventory,Prime Consulting,Public Sector Dept
2026-03-28,7497.48,Rent,Azure Utilities,Retail Giant A
2026-02-23,8881.72,Professional Fees,Global Office Ltd,Retail Giant A
2026-02-05,5443.85,Inventory,Global Office Ltd,Retail Giant A
2026-03-24,5428.93,Sales Revenue,Global Office Ltd,Direct Consumer
2026-01-07,8658.14,Professional Fees,Azure Utilities,Public Sector Dept
2026-01-08,9842.96,Tax Provision,Azure Utilities,Retail Giant A
2026-03-17,5230.16,Professional Fees,Prime Consulting,SmallBiz Inc
2026-01-18,8119.55,Rent,Prime Consulting,Retail Giant A
2026-03-20,6189.76,Inventory,TechLogistics Corp,Public Sector Dept
2026-01-18,6556.76,Sales Revenue,Azure Utilities,Retail Giant A
2026-03-23,9790.38,Professional Fees,Prime Consulting,SmallBiz Inc
2026-02-06,8121.25,Tax Provision,Prime Consulting,SmallBiz Inc
2026-02-25,7071.47,Professional Fees,TechLogistics Corp,SmallBiz Inc
2026-03-30,7713.51,Sales Revenue,Prime Consulting,Direct Consumer
2026-02-18,11350.71,Sales Revenue,Global Office Ltd,Retail Giant A
2026-01-08,10014.21,Inventory,Global Office Ltd,Retail Giant A
2026-03-28,8816.86,Rent,Azure Utilities,SmallBiz Inc
2026-03-02,3610.96,Professional Fees,Global Office Ltd,Retail Giant A
2026-01-31,7876.83,Professional Fees,TechLogistics Corp,Direct Consumer
2026-02-09,7912.17,Sales Revenue,Azure Utilities,Retail Giant A
2026-02-02,8878.35,Inventory,Prime Consulting,Direct Consumer
2026-03-15,8571.04,Rent,TechLogistics Corp,Retail Giant A
2026-03-11,9177.29,Professional Fees,Global Office Ltd,Retail Giant A
2026-01-20,7954.82,Sales Revenue,Global Office Ltd,Public Sector Dept
2026-01-05,6692.39,Tax Provision,Prime Consulting,Public Sector Dept
2026-03-26,4970.06,Professional Fees,Global Office Ltd,Direct Consumer
2026-02-24,9013.94,Inventory,TechLogistics Corp,Retail Giant A
2026-01-13,7913.04,Professional Fees,Azure Utilities,Retail Giant A
2026-03-07,11304.53,Rent,Global Office Ltd,Direct Consumer
2026-02-24,5631.15,Professional Fees,TechLogistics Corp,Retail Giant A
2026-02-24,11495.52,Sales Revenue,Global Office Ltd,Direct Consumer
2026-02-11,8547.12,Tax Provision,Global Office Ltd,Direct Consumer
2026-01-24,6946.09,Rent,Azure Utilities,Retail Giant A
2026-01-13,5551.25,Professional Fees,Global Office Ltd,Direct Consumer
2026-03-03,10168.82,Rent,Azure Utilities,SmallBiz Inc
2026-02-02,8497.19,Tax Provision,Prime Consulting,Direct Consumer
2026-01-04,10250.02,Rent,Azure Utilities,SmallBiz Inc
2026-01-21,8546.43,Tax Provision,Prime Consulting,Direct Consumer
2026-03-26,5918.5,Inventory,Azure Utilities,Public Sector Dept
2026-02-05,12560.58,Professional Fees,TechLogistics Corp,SmallBiz Inc
2026-02-21,7362.56,Tax Provision,Prime Consulting,SmallBiz Inc
2026-02-15,8112.76,Tax Provision,TechLogistics Corp,SmallBiz Inc
2026-01-13,6992.69,Tax Provision,Prime Consulting,Public Sector Dept
2026-03-25,5175.24,Rent,TechLogistics Corp,Direct Consumer
2026-01-05,8159.97,Rent,Global Office Ltd,SmallBiz Inc
2026-01-28,4546.2,Sales Revenue,TechLogistics Corp,Public Sector Dept
2026-03-11,5635.08,Tax Provision,TechLogistics Corp,Public Sector Dept
2026-03-01,8160.15,Sales Revenue,Azure Utilities,Public Sector Dept
2026-02-15,4608.66,Sales Revenue,Azure Utilities,Retail Giant A
2026-02-21,8662.52,Inventory,Prime Consulting,Direct Consumer
2026-03-31,8475.46,Sales Revenue,Global Office Ltd,Public Sector Dept
2026-02-11,5194.4,Professional Fees,Global Office Ltd,Direct Consumer
2026-03-19,8509.79,Sales Revenue,Global Office Ltd,Retail Giant A
2026-01-17,11091.25,Sales Revenue,Global Office Ltd,SmallBiz Inc
2026-01-10,3005.01,Inventory,TechLogistics Corp,SmallBiz Inc
2026-01-03,7753.95,Rent,TechLogistics Corp,Public Sector Dept
2026-02-16,6898.19,Sales Revenue,Azure Utilities,SmallBiz Inc
2026-01-17,12433.13,Rent,Global Office Ltd,Retail Giant A
2026-02-14,12224.76,Sales Revenue,Azure Utilities,Public Sector Dept
2026-03-06,6708.15,Rent,Global Office Ltd,Retail Giant A
2026-03-02,6975.7,Tax Provision,Azure Utilities,Direct Consumer
2026-03-15,10976.05,Inventory,Prime Consulting,SmallBiz Inc
2026-02-03,7292.38,Tax Provision,Global Office Ltd,Retail Giant A
2026-03-08,7666.02,Tax Provision,TechLogistics Corp,Direct Consumer
2026-02-18,6201.79,Tax Provision,Prime Consulting,Public Sector Dept
2026-03-04,9511.73,Tax Provision,Prime Consulting,SmallBiz Inc
2026-03-21,7986.48,Inventory,Global Office Ltd,Public Sector Dept
2026-03-10,10454.69,Sales Revenue,Global Office Ltd,Direct Consumer
2026-01-07,8726.94,Sales Revenue,Prime Consulting,Public Sector Dept
2026-01-06,7429.32,Inventory,Azure Utilities,Public Sector Dept
2026-03-14,6430.63,Professional Fees,Azure Utilities,SmallBiz Inc
2026-03-05,6424.84,Inventory,TechLogistics Corp,Retail Giant A
2026-03-22,10106.47,Sales Revenue,TechLogistics Corp,Public Sector Dept
2026-02-28,7473.79,Tax Provision,TechLogistics Corp,SmallBiz Inc
2026-01-02,5903.14,Rent,Azure Utilities,Retail Giant A
2026-02-25,11363.4,Tax Provision,Prime Consulting,Retail Giant A
2026-03-14,11235.46,Rent,Prime Consulting,Direct Consumer
2026-03-08,9020.93,Inventory,Prime Consulting,SmallBiz Inc
2026-01-12,8012.49,Tax Provision,Global Office Ltd,Direct Consumer
2026-03-11,7298.36,Rent,Azure Utilities,Public Sector Dept
2026-03-08,6764.43,Tax Provision,TechLogistics Corp,Retail Giant A
2026-01-18,6233.06,Sales Revenue,Prime Consulting,SmallBiz Inc
2026-02-20,8839.3,Professional Fees,Global Office Ltd,Global Office Ltd
2026-01-14,7089.0,Professional Fees,Azure Utilities,Retail Giant A
2026-02-18,9361.6,Professional Fees,TechLogistics Corp,SmallBiz Inc
2026-03-31,7118.04,Professional Fees,Prime Consulting,SmallBiz Inc
2026-02-20,8149.6,Professional Fees,TechLogistics Corp,SmallBiz Inc
2026-03-16,6605.46,Sales Revenue,TechLogistics Corp,Retail Giant A
2026-01-17,6612.5,Sales Revenue,Global Office Ltd,SmallBiz Inc
2026-03-29,7416.37,Sales Revenue,Global Office Ltd,Retail Giant A
2026-01-19,12154.18,Tax Provision,TechLogistics Corp,Direct Consumer
2026-03-22,12317.16,Sales Revenue,Prime Consulting,SmallBiz Inc
2026-03-17,9968.17,Tax Provision,Azure Utilities,Retail Giant A
2026-03-02,9483.84,Rent,Global Office Ltd,Retail Giant A
2026-03-13,8540.58,Inventory,TechLogistics Corp,Direct Consumer
2026-03-16,4993.8,Sales Revenue,Azure Utilities,Retail Giant A
2026-01-09,10342.2,Inventory,TechLogistics Corp,Retail Giant A
2026-01-31,6508.81,Sales Revenue,Azure Utilities,Direct Consumer
2026-02-08,8136.07,Sales Revenue,TechLogistics Corp,SmallBiz Inc
2026-03-09,10476.6,Rent,Global Office Ltd,Public Sector Dept
2026-01-08,9621.29,Rent,TechLogistics Corp,Direct Consumer
2026-03-03,8862.93,Inventory,Azure Utilities,SmallBiz Inc
2026-02-25,6806.38,Inventory,Azure Utilities,Retail Giant A
2026-01-17,6730.45,Sales Revenue,TechLogistics Corp,SmallBiz Inc
2026-01-17,7726.76,Tax Provision,Global Office Ltd,Direct Consumer
2026-01-26,7401.07,Rent,TechLogistics Corp,Retail Giant A
2026-01-04,5581.49,Professional Fees,Prime Consulting,Public Sector Dept
2026-02-01,6386.56,Professional Fees,Global Office Ltd,SmallBiz Inc
2026-03-13,6989.43,Tax Provision,TechLogistics Corp,Retail Giant A
2026-02-25,5435.41,Inventory,Azure Utilities,Retail Giant A
2026-02-25,7338.62,Tax Provision,TechLogistics Corp,Public Sector Dept
2026-03-22,8293.54,Sales Revenue,Prime Consulting,Retail Giant A
2026-03-26,8174.08,Professional Fees,Global Office Ltd,Retail Giant A
2026-02-05,3674.87,Tax Provision,Azure Utilities,Retail Giant A
2026-02-18,5822.61,Professional Fees,Azure Utilities,Public Sector Dept
2026-03-29,6662.24,Inventory,Global Office Ltd,Retail Giant A
2026-02-02,6875.24,Professional Fees,Prime Consulting,Public Sector Dept
2026-01-17,9382.3,Sales Revenue,Azure Utilities,Retail Giant A
2026-03-27,9470.75,Sales Revenue,Prime Consulting,Public Sector Dept
2026-01-02,9068.47,Professional Fees,Azure Utilities,Direct Consumer
2026-01-24,9585.8,Professional Fees,Azure Utilities,Retail Giant A
2026-03-28,7263.89,Inventory,Global Office Ltd,Public Sector Dept
2026-01-07,8332.15,Rent,TechLogistics Corp,Public Sector Dept
2026-03-09,10156.12,Rent,TechLogistics Corp,Direct Consumer
2026-03-22,9962.83,Rent,Azure Utilities,Public Sector Dept
2026-02-16,4840.59,Rent,Global Office Ltd,SmallBiz Inc
2026-01-26,9820.74,Sales Revenue,Global Office Ltd,Public Sector Dept
2026-02-23,7140.87,Rent,Azure Utilities,Retail Giant A
2026-02-07,10870.05,Rent,TechLogistics Corp,SmallBiz Inc
2026-02-22,11673.51,Sales Revenue,Global Office Ltd,Direct Consumer
2026-01-19,6973.4,Professional Fees,TechLogistics Corp,SmallBiz Inc
2026-02-13,11119.35,Sales Revenue,Global Office Ltd,Direct Consumer
2026-03-18,8946.85,Tax Provision,Azure Utilities,Direct Consumer
2026-01-31,9011.72,Tax Provision,Azure Utilities,Direct Consumer
2026-01-17,9595.06,Inventory,TechLogistics Corp,Direct Consumer
2026-01-01,6367.43,Inventory,Global Office Ltd,Public Sector Dept
2026-03-06,9972.52,Inventory,Global Office Ltd,Retail Giant A
2026-01-16,11909.32,Sales Revenue,Prime Consulting,Direct Consumer
2026-01-03,6949.5,Tax Provision,TechLogistics Corp,Retail Giant A
2026-01-22,7562.15,Rent,Prime Consulting,SmallBiz Inc
2026-01-06,6249.76,Rent,Global Office Ltd,Retail Giant A
2026-02-02,8014.17,Sales Revenue,Global Office Ltd,Retail Giant A
2026-01-11,6147.23,Sales Revenue,Global Office Ltd,Direct Consumer
2026-02-24,5860.46,Tax Provision,Azure Utilities,Direct Consumer
2026-03-28,8406.68,Sales Revenue,Azure Utilities,Direct Consumer
2026-01-17,7700.47,Inventory,Azure Utilities,Direct Consumer
2026-03-04,9037.47,Rent,Global Office Ltd,SmallBiz Inc
2026-03-03,6972.08,Professional Fees,TechLogistics Corp,Direct Consumer
2026-01-06,7164.45,Sales Revenue,TechLogistics Corp,Public Sector Dept
2026-01-06,5418.46,Tax Provision,Azure Utilities,SmallBiz Inc
2026-02-06,7748.4,Rent,Azure Utilities,Retail Giant A
2026-02-17,10570.56,Inventory,Prime Consulting,SmallBiz Inc
2026-03-30,6368.41,Inventory,Global Office Ltd,Direct Consumer
2026-03-22,11674.78,Tax Provision,Prime Consulting,Retail Giant A
2026-01-08,7358.16,Sales Revenue,Prime Consulting,Direct Consumer
2026-02-17,7747.29,Rent,Prime Consulting,Retail Giant A
2026-01-26,5461.98,Professional Fees,TechLogistics Corp,SmallBiz Inc
2026-03-01,6830.62,Rent,Azure Utilities,SmallBiz Inc
2026-02-18,7675.86,Sales Revenue,Azure Utilities,Direct Consumer
2026-01-16,6284.9,Sales Revenue,Azure Utilities,Direct Consumer
2026-01-18,6447.45,Tax Provision,TechLogistics Corp,Retail Giant A
2026-01-04,8443.05,Inventory,Prime Consulting,SmallBiz Inc
2026-01-14,6577.29,Professional Fees,Prime Consulting,Retail Giant A
2026-02-13,8112.97,Rent,Azure Utilities,SmallBiz Inc
2026-02-21,8302.31,Tax Provision,Prime Consulting,SmallBiz Inc
2026-03-11,3917.01,Inventory,Azure Utilities,Retail Giant A
2026-02-28,9148.62,Tax Provision,Prime Consulting,SmallBiz Inc
2026-03-04,10583.45,Rent,TechLogistics Corp,Direct Consumer
2026-02-03,6934.41,Rent,Azure Utilities,Retail Giant A
2026-03-05,11653.34,Sales Revenue,Global Office Ltd,SmallBiz Inc
2026-02-07,5256.63,Rent,TechLogistics Corp,SmallBiz Inc
2026-02-26,11274.03,Professional Fees,Prime Consulting,SmallBiz Inc
2026-03-22,6771.84,Tax Provision,Prime Consulting,Retail Giant A
2026-03-15,7117.63,Professional Fees,Prime Consulting,Retail Giant A
2026-02-16,9450.9,Inventory,Global Office Ltd,Public Sector Dept
2026-02-11,8759.92,Sales Revenue,Prime Consulting,Direct Consumer
2026-02-11,7794.27,Rent,Azure Utilities,Public Sector Dept
2026-01-19,8069.14,Rent,Global Office Ltd,Direct Consumer
2026-03-17,8329.23,Sales Revenue,Global Office Ltd,Retail Giant A
2026-03-13,6833.42,Inventory,TechLogistics Corp,Retail Giant A
2026-01-26,5142.59,Sales Revenue,Global Office Ltd,SmallBiz Inc
2026-01-07,8707.98,Sales Revenue,Azure Utilities,SmallBiz Inc
2026-03-30,9661.34,Rent,Global Office Ltd,Direct Consumer
2026-02-20,5981.37,Inventory,Prime Consulting,Direct Consumer
2026-03-01,2011.54,Professional Fees,TechLogistics Corp,Public Sector Dept
2026-02-08,10367.62,Professional Fees,Global Office Ltd,Retail Giant A
2026-01-12,7773.36,Tax Provision,TechLogistics Corp,Direct Consumer
2026-02-16,8639.58,Rent,Prime Consulting,Retail Giant A
2026-01-11,4987.38,Rent,TechLogistics Corp,Public Sector Dept
2026-03-03,9115.9,Tax Provision,TechLogistics Corp,Retail Giant A
2026-01-29,4631.06,Inventory,Prime Consulting,Retail Giant A
2026-03-16,7535.44,Inventory,Prime Consulting,Retail Giant A
2026-01-13,8456.14,Sales Revenue,Prime Consulting,Retail Giant A
2026-02-14,9143.82,Rent,Azure Utilities,Direct Consumer
2026-02-19,8301.59,Rent,Azure Utilities,Public Sector Dept
2026-02-13,7093.36,Professional Fees,Global Office Ltd,Retail Giant A
2026-01-21,10049.13,Professional Fees,Prime Consulting,SmallBiz Inc
2026-03-01,10515.99,Tax Provision,Global Office Ltd,Public Sector Dept
2026-01-26,6430.88,Tax Provision,TechLogistics Corp,Direct Consumer
2026-01-28,8210.1,Professional Fees,Prime Consulting,Public Sector Dept
2026-01-09,5848.92,Inventory,Azure Utilities,Public Sector Dept
2026-02-05,12297.14,Inventory,Prime Consulting,SmallBiz Inc
2026-02-27,8593.7,Tax Provision,Azure Utilities,SmallBiz Inc
2026-02-03,13071.65,Inventory,Azure Utilities,SmallBiz Inc
2026-01-31,7346.34,Tax Provision,Global Office Ltd,Public Sector Dept
2026-03-21,10578.04,Rent,Global Office Ltd,Public Sector Dept
2026-01-06,12038.61,Tax Provision,Global Office Ltd,Direct Consumer
2026-03-01,6815.64,Rent,Global Office Ltd,Direct Consumer
2026-02-23,9128.55,Professional Fees,Prime Consulting,Retail Giant A
2026-02-07,7200.39,Rent,Prime Consulting,Direct Consumer
2026-03-06,9130.69,Tax Provision,Global Office Ltd,Retail Giant A
2026-03-23,6293.13,Tax Provision,Azure Utilities,Public Sector Dept
2026-01-17,5128.15,Rent,Azure Utilities,SmallBiz Inc
2026-02-16,9283.86,Sales Revenue,Prime Consulting,SmallBiz Inc
2026-02-10,8864.34,Inventory,Prime Consulting,Public Sector Dept
2026-01-05,6333.42,Professional Fees,Azure Utilities,Public Sector Dept
2026-01-15,5975.02,Inventory,TechLogistics Corp,Retail Giant A
2026-03-11,8800.69,Inventory,Global Office Ltd,Retail Giant A
2026-02-02,7278.91,Professional Fees,Azure Utilities,Retail Giant A
2026-01-28,11893.92,Inventory,Prime Consulting,SmallBiz Inc
2026-03-25,11513.37,Sales Revenue,Prime Consulting,SmallBiz Inc
2026-02-04,7820.37,Inventory,Prime Consulting,Direct Consumer
2026-02-27,10417.95,Tax Provision,Azure Utilities,Retail Giant A
2026-02-15,10038.74,Tax Provision,TechLogistics Corp,SmallBiz Inc
2026-01-29,5271.95,Inventory,Global Office Ltd,Public Sector Dept
2026-03-10,11283.22,Rent,Azure Utilities,SmallBiz Inc
2026-01-17,5388.64,Rent,Global Office Ltd,SmallBiz Inc
2026-02-23,8328.9,Tax Provision,TechLogistics Corp,SmallBiz Inc
2026-01-13,8319.5,Professional Fees,Global Office Ltd,SmallBiz Inc
2026-03-22,6431.12,Rent,Prime Consulting,Direct Consumer
2026-02-16,7817.5,Inventory,Global Office Ltd,SmallBiz Inc
2026-03-19,949.79,Rent,TechLogistics Corp,Public Sector Dept
2026-01-08,8732.91,Inventory,TechLogistics Corp,Direct Consumer
2026-03-25,9426.53,Rent,Prime Consulting,Public Sector Dept
2026-02-14,7137.85,Tax Provision,Global Office Ltd,Direct Consumer
2026-03-05,6061.02,Inventory,TechLogistics Corp,Public Sector Dept
2026-02-01,8819.69,Tax Provision,Global Office Ltd,Direct Consumer
2026-03-24,13064.58,Professional Fees,Global Office Ltd,Retail Giant A
2026-01-22,10691.03,Rent,Global Office Ltd,Direct Consumer
2026-02-17,11848.45,Inventory,Prime Consulting,Direct Consumer
2026-01-03,9587.66,Tax Provision,Global Office Ltd,Direct Consumer
2026-03-14,5394.17,Professional Fees,Azure Utilities,Retail Giant A
2026-01-06,5849.37,Rent,Azure Utilities,SmallBiz Inc
2026-01-17,6118.93,Sales Revenue,Prime Consulting,Direct Consumer
2026-03-20,8490.27,Sales Revenue,Azure Utilities,Retail Giant A
2026-03-16,10072.26,Tax Provision,TechLogistics Corp,Direct Consumer
2026-01-22,7772.51,Inventory,Global Office Ltd,Retail Giant A
2026-03-26,6393.72,Professional Fees,Global Office Ltd,Retail Giant A
2026-01-26,6989.24,Professional Fees,TechLogistics Corp,Public Sector Dept
2026-01-26,6227.71,Professional Fees,TechLogistics Corp,SmallBiz Inc
2026-03-08,9639.08,Rent,TechLogistics Corp,SmallBiz Inc
2026-01-13,9834.32,Inventory,TechLogistics Corp,Public Sector Dept
2026-02-16,9574.78,Tax Provision,Azure Utilities,Retail Giant A
2026-02-13,8966.53,Inventory,Prime Consulting,Retail Giant A
2026-01-26,6789.43,Inventory,Global Office Ltd,SmallBiz Inc
2026-01-24,8560.83,Tax Provision,Global Office Ltd,Direct Consumer
2026-01-10,5754.03,Tax Provision,Global Office Ltd,Retail Giant A
2026-03-29,6002.97,Inventory,TechLogistics Corp,Retail Giant A
2026-01-27,7642.86,Inventory,Prime Consulting,Public Sector Dept
2026-02-03,10200.86,Inventory,Azure Utilities,SmallBiz Inc
2026-02-16,6653.76,Rent,Azure Utilities,Direct Consumer
2026-01-22,11499.39,Professional Fees,Prime Consulting,Direct Consumer
2026-01-02,10374.31,Tax Provision,TechLogistics Corp,SmallBiz Inc
2026-03-08,6862.78,Professional Fees,TechLogistics Corp,Retail Giant A
2026-03-27,7946.42,Sales Revenue,TechLogistics Corp,SmallBiz Inc
2026-02-10,7293.55,Tax Provision,Prime Consulting,SmallBiz Inc
2026-02-08,11349.21,Rent,Global Office Ltd,Direct Consumer
2026-03-23,7692.07,Professional Fees,Azure Utilities,Retail Giant A
2026-03-31,6196.78,Tax Provision,Prime Consulting,Public Sector Dept
2026-03-02,8544.5,Tax Provision,TechLogistics Corp,Retail Giant A
2026-01-27,5095.11,Tax Provision,Azure Utilities,Retail Giant A
2026-03-01,9410.56,Professional Fees,TechLogistics Corp,Retail Giant A
2026-02-02,9055.46,Inventory,Azure Utilities,Direct Consumer
2026-02-28,9506.16,Rent,Prime Consulting,Public Sector Dept
2026-02-19,7495.13,Inventory,TechLogistics Corp,SmallBiz Inc
2026-02-20,7496.59,Sales Revenue,Prime Consulting,Retail Giant A
2026-02-27,11216.97,Rent,Global Office Ltd,SmallBiz Inc
2026-01-09,9751.89,Inventory,Azure Utilities,Retail Giant A
2026-01-01,8695.21,Tax Provision,TechLogistics Corp,Public Sector Dept
2026-03-14,10558.47,Rent,Global Office Ltd,SmallBiz Inc
2026-03-04,6038.88,Rent,Global Office Ltd,Direct Consumer
2026-03-12,8181.55,Tax Provision,Global Office Ltd,Direct Consumer
2026-01-05,7134.58,Inventory,Prime Consulting,Public Sector Dept
2026-01-19,2151.13,Tax Provision,Prime Consulting,Retail Giant A
2026-02-02,5740.76,Sales Revenue,Prime Consulting,Retail Giant A
2026-02-11,11445.31,Tax Provision,Global Office Ltd,Global Office Ltd
2026-01-27,11123.74,Inventory,Global Office Ltd,Direct Consumer
2026-01-16,13346.36,Professional Fees,Azure Utilities,Direct Consumer
2026-01-28,8521.07,Sales Revenue,TechLogistics Corp,SmallBiz Inc
2026-01-28,6537.5,Sales Revenue,Global Office Ltd,Retail Giant A
2026-03-03,8231.43,Tax Provision,TechLogistics Corp,Public Sector Dept
2026-01-02,9689.95,Professional Fees,Global Office Ltd,Retail Giant A
2026-01-05,5801.91,Rent,Prime Consulting,Direct Consumer
2026-02-04,3005.38,Sales Revenue,Azure Utilities,SmallBiz Inc
2026-02-02,9656.88,Professional Fees,TechLogistics Corp,Retail Giant A
2026-03-01,7838.28,Inventory,Azure Utilities,Retail Giant A
2026-03-03,10831.42,Sales Revenue,TechLogistics Corp,Retail Giant A
2026-02-09,7632.49,Sales Revenue,Azure Utilities,Public Sector Dept
2026-03-25,7161.65,Professional Fees,Azure Utilities,Direct Consumer
2026-01-04,9293.12,Inventory,Azure Utilities,Public Sector Dept
2026-01-27,10476.03,Rent,Prime Consulting,Retail Giant A
2026-02-23,8913.74,Tax Provision,Azure Utilities,Public Sector Dept
2026-01-20,5929.5,Sales Revenue,TechLogistics Corp,Direct Consumer
2026-03-20,7569.26,Tax Provision,TechLogistics Corp,Public Sector Dept
2026-01-13,4718.07,Tax Provision,Prime Consulting,Public Sector Dept
2026-01-06,7810.2,Inventory,Azure Utilities,SmallBiz Inc
2026-03-18,6369.34,Professional Fees,Azure Utilities,Azure Utilities
2026-01-02,7453.89,Inventory,Azure Utilities,Public Sector Dept
2026-01-11,5918.41,Rent,Global Office Ltd,Retail Giant A
2026-01-05,6692.94,Professional Fees,Global Office Ltd,Public Sector Dept
2026-03-16,8606.05,Professional Fees,Global Office Ltd,Retail Giant A
2026-03-09,7314.8,Rent,TechLogistics Corp,Retail Giant A
2026-02-17,8640.52,Sales Revenue,Global Office Ltd,Direct Consumer
2026-02-21,6488.08,Professional Fees,Azure Utilities,Direct Consumer
2026-01-22,11131.37,Sales Revenue,Azure Utilities,Direct Consumer
2026-01-31,5661.68,Professional Fees,Global Office Ltd,Public Sector Dept
2026-01-18,9166.11,Sales Revenue,TechLogistics Corp,SmallBiz Inc
2026-03-04,5449.06,Rent,TechLogistics Corp,Direct Consumer
2026-03-07,10252.03,Sales Revenue,Global Office Ltd,Direct Consumer
2026-03-04,7860.0,Professional Fees,Global Office Ltd,SmallBiz Inc
2026-02-28,8702.97,Professional Fees,Global Office Ltd,Direct Consumer
2026-03-31,9125.64,Inventory,Prime Consulting,Retail Giant A
2026-02-20,8709.93,Sales Revenue,TechLogistics Corp,Retail Giant A
2026-02-15,8288.91,Rent,TechLogistics Corp,Retail Giant A
2026-01-19,9292.76,Sales Revenue,Azure Utilities,Public Sector Dept
2026-03-31,5270.0,Sales Revenue,Prime Consulting,Retail Giant A
2026-01-09,12404.05,Tax Provision,Azure Utilities,SmallBiz Inc
2026-03-19,5710.01,Sales Revenue,TechLogistics Corp,SmallBiz Inc
2026-03-03,7942.66,Professional Fees,TechLogistics Corp,Retail Giant A
2026-01-31,6662.93,Rent,Prime Consulting,SmallBiz Inc
2026-02-17,8286.04,Rent,Azure Utilities,Azure Utilities
2026-01-13,8270.42,Professional Fees,Prime Consulting,Direct Consumer
2026-03-31,9058.61,Inventory,TechLogistics Corp,Public Sector Dept
2026-01-10,6889.54,Sales Revenue,TechLogistics Corp,Retail Giant A
2026-03-29,6220.49,Tax Provision,Azure Utilities,Public Sector Dept
2026-02-13,7911.36,Inventory,Global Office Ltd,SmallBiz Inc
2026-03-24,7282.16,Inventory,Azure Utilities,SmallBiz Inc
2026-01-09,8032.33,Tax Provision,Prime Consulting,Direct Consumer
2026-01-07,4677.34,Rent,Azure Utilities,Retail Giant A
2026-02-12,7054.16,Tax Provision,Global Office Ltd,Retail Giant A
2026-03-19,7443.43,Rent,Global Office Ltd,Direct Consumer
2026-03-11,8850.04,Inventory,Global Office Ltd,Direct Consumer
2026-02-12,6765.08,Inventory,Azure Utilities,Retail Giant A
2026-01-26,11683.63,Professional Fees,Global Office Ltd,Retail Giant A
2026-01-20,9099.82,Tax Provision,Global Office Ltd,SmallBiz Inc
2026-03-31,9855.4,Tax Provision,Prime Consulting,Public Sector Dept
2026-02-25,7912.72,Rent,Prime Consulting,Direct Consumer
2026-02-03,10591.06,Tax Provision,TechLogistics Corp,Retail Giant A
2026-03-08,11199.73,Sales Revenue,Global Office Ltd,Retail Giant A
2026-01-26,6039.87,Professional Fees,Azure Utilities,Direct Consumer
2026-01-21,6473.56,Professional Fees,TechLogistics Corp,Direct Consumer
2026-01-24,7138.03,Rent,Azure Utilities,Direct Consumer
2026-02-20,6609.19,Rent,Global Office Ltd,Retail Giant A
2026-02-13,7353.47,Inventory,Azure Utilities,SmallBiz Inc
2026-02-09,8021.48,Sales Revenue,Global Office Ltd,Retail Giant A
2026-03-05,7426.39,Inventory,Global Office Ltd,SmallBiz Inc
2026-01-22,9113.02,Professional Fees,Prime Consulting,Retail Giant A
2026-03-28,8388.64,Tax Provision,Prime Consulting,Retail Giant A
2026-01-30,7791.98,Tax Provision,Global Office Ltd,Retail Giant A
2026-01-11,8131.63,Sales Revenue,Prime Consulting,SmallBiz Inc
2026-02-18,11420.06,Tax Provision,Azure Utilities,Retail Giant A
2026-01-19,7010.03,Inventory,Prime Consulting,Direct Consumer
2026-02-15,11152.0,Rent,Azure Utilities,Retail Giant A
2026-03-10,7383.94,Tax Provision,Prime Consulting,Retail Giant A
2026-01-16,12015.73,Rent,Azure Utilities,Retail Giant A
2026-01-10,9405.23,Tax Provision,Azure Utilities,Retail Giant A
2026-01-20,7234.76,Inventory,Prime Consulting,Retail Giant A
2026-01-12,4434.09,Inventory,TechLogistics Corp,Public Sector Dept
2026-02-23,8231.59,Sales Revenue,Prime Consulting,Direct Consumer
2026-02-09,9061.96,Inventory,Global Office Ltd,SmallBiz Inc
2026-03-18,9603.3,Inventory,Prime Consulting,Public Sector Dept
2026-02-05,6103.31,Sales Revenue,Prime Consulting,SmallBiz Inc
2026-01-08,2268.57,Inventory,Global Office Ltd,SmallBiz Inc
2026-01-14,7956.78,Sales Revenue,Prime Consulting,SmallBiz Inc
2026-03-03,10250.07,Professional Fees,Azure Utilities,Public Sector Dept
2026-02-01,10085.93,Rent,Global Office Ltd,Direct Consumer
2026-01-05,8665.98,Inventory,Global Office Ltd,SmallBiz Inc
2026-01-26,9968.53,Sales Revenue,Global Office Ltd,Direct Consumer
2026-03-15,7902.23,Tax Provision,TechLogistics Corp,Retail Giant A
2026-02-07,7184.0,Rent,Azure Utilities,Public Sector Dept
2026-03-14,9507.38,Rent,Prime Consulting,Retail Giant A
2026-02-20,8942.73,Professional Fees,Global Office Ltd,Retail Giant A
2026-02-05,7825.68,Rent,Prime Consulting,Public Sector Dept
2026-02-14,4775.52,Tax Provision,Prime Consulting,Retail Giant A
2026-03-12,8008.4,Rent,Global Office Ltd,Direct Consumer
2026-01-27,8873.17,Inventory,Global Office Ltd,Retail Giant A
2026-01-29,8832.24,Rent,Prime Consulting,Retail Giant A
2026-01-20,6064.4,Tax Provision,Prime Consulting,Public Sector Dept
2026-02-03,8418.55,Sales Revenue,Azure Utilities,SmallBiz Inc
2026-03-15,9526.29,Professional Fees,Azure Utilities,Direct Consumer
2026-03-31,8438.05,Professional Fees,TechLogistics Corp,SmallBiz Inc
2026-02-08,7465.76,Professional Fees,Azure Utilities,Public Sector Dept
2026-02-10,5181.41,Professional Fees,TechLogistics Corp,Public Sector Dept
2026-03-25,8772.0,Sales Revenue,Prime Consulting,Retail Giant A
2026-02-12,12057.24,Professional Fees,TechLogistics Corp,Direct Consumer
2026-03-31,9279.96,Tax Provision,TechLogistics Corp,SmallBiz Inc
2026-01-05,8463.8,Sales Revenue,TechLogistics Corp,SmallBiz Inc
2026-03-27,5610.35,Professional Fees,Global Office Ltd,Public Sector Dept
2026-02-20,8283.34,Inventory,Azure Utilities,Direct Consumer
2026-03-19,6720.96,Professional Fees,Prime Consulting,Retail Giant A
2026-03-13,9663.38,Tax Provision,Azure Utilities,Retail Giant A
2026-03-19,9864.57,Inventory,Global Office Ltd,Retail Giant A
2026-03-10,11197.13,Rent,Global Office Ltd,Retail Giant A
2026-01-01,10729.36,Rent,TechLogistics Corp,SmallBiz Inc
2026-01-21,8625.67,Sales Revenue,Azure Utilities,Public Sector Dept
2026-01-28,3614.87,Sales Revenue,Azure Utilities,Direct Consumer
2026-03-19,6481.91,Inventory,TechLogistics Corp,SmallBiz Inc
2026-03-30,6838.66,Tax Provision,TechLogistics Corp,Public Sector Dept
2026-02-26,6766.47,Sales Revenue,Azure Utilities,SmallBiz Inc
2026-03-03,8353.32,Inventory,Global Office Ltd,SmallBiz Inc
2026-01-03,7524.53,Sales Revenue,Global Office Ltd,Public Sector Dept
2026-01-04,7367.44,Rent,Azure Utilities,Public Sector Dept
2026-03-01,6736.97,Inventory,Prime Consulting,Direct Consumer
2026-01-12,8067.49,Inventory,Global Office Ltd,Retail Giant A
2026-02-23,6224.33,Rent,TechLogistics Corp,Public Sector Dept
2026-03-10,11145.08,Rent,Prime Consulting,Retail Giant A
2026-02-18,7449.64,Sales Revenue,Global Office Ltd,Public Sector Dept
2026-01-31,12191.54,Sales Revenue,Azure Utilities,SmallBiz Inc
2026-03-06,8937.96,Tax Provision,TechLogistics Corp,Direct Consumer
2026-01-26,4529.57,Sales Revenue,Prime Consulting,Retail Giant A
2026-03-24,8345.02,Tax Provision,Global Office Ltd,Public Sector Dept
2026-02-16,7228.46,Tax Provision,Azure Utilities,SmallBiz Inc
2026-01-09,9538.76,Tax Provision,Global Office Ltd,Retail Giant A
2026-03-25,12834.07,Professional Fees,Prime Consulting,SmallBiz Inc
2026-01-21,6514.65,Tax Provision,Azure Utilities,Public Sector Dept
2026-01-06,6779.55,Sales Revenue,Global Office Ltd,Retail Giant A
2026-01-02,5361.55,Sales Revenue,Azure Utilities,Direct Consumer
2026-01-21,8167.33,Professional Fees,TechLogistics Corp,Public Sector Dept
2026-02-01,8699.31,Rent,Prime Consulting,Public Sector Dept
2026-03-03,4118.3,Rent,TechLogistics Corp,Public Sector Dept
2026-03-02,7225.0,Professional Fees,Prime Consulting,Direct Consumer
2026-02-07,9165.9,Rent,TechLogistics Corp,Public Sector Dept
2026-02-15,6964.13,Inventory,Azure Utilities,Retail Giant A
2026-02-03,6915.26,Rent,TechLogistics Corp,Direct Consumer
2026-02-18,9800.62,Rent,Azure Utilities,Direct Consumer
2026-02-04,5601.4,Professional Fees,Azure Utilities,Direct Consumer
2026-03-09,10439.89,Sales Revenue,TechLogistics Corp,Public Sector Dept
2026-01-03,9753.64,Tax Provision,Prime Consulting,SmallBiz Inc
2026-01-06,7713.58,Rent,Prime Consulting,Retail Giant A
2026-03-16,9289.75,Inventory,Azure Utilities,Public Sector Dept
2026-02-02,10388.24,Sales Revenue,TechLogistics Corp,Public Sector Dept
2026-03-02,5929.8,Sales Revenue,TechLogistics Corp,Public Sector Dept
2026-02-03,8322.43,Tax Provision,Prime Consulting,Direct Consumer
2026-03-28,7665.72,Inventory,TechLogistics Corp,SmallBiz Inc
2026-02-26,12315.93,Inventory,Prime Consulting,SmallBiz Inc
2026-01-27,9161.83,Professional Fees,TechLogistics Corp,SmallBiz Inc
2026-02-05,10285.54,Rent,TechLogistics Corp,Direct Consumer
2026-03-06,4597.12,Rent,Prime Consulting,SmallBiz Inc
2026-03-11,5978.44,Tax Provision,TechLogistics Corp,SmallBiz Inc
2026-01-09,7176.01,Rent,TechLogistics Corp,Retail Giant A
2026-02-19,9036.94,Professional Fees,Azure Utilities,SmallBiz Inc
2026-01-20,9483.28,Inventory,TechLogistics Corp,Public Sector Dept
2026-03-05,7564.22,Sales Revenue,Prime Consulting,Direct Consumer
2026-03-20,7629.49,Tax Provision,Azure Utilities,SmallBiz Inc
2026-02-20,11128.51,Tax Provision,Azure Utilities,Retail Giant A
2026-02-07,8667.28,Rent,TechLogistics Corp,Retail Giant A
2026-03-21,7223.25,Tax Provision,TechLogistics Corp,Retail Giant A
2026-01-18,5407.28,Professional Fees,TechLogistics Corp,Public Sector Dept
2026-01-26,5154.22,Inventory,Azure Utilities,SmallBiz Inc
2026-03-11,6116.75,Rent,Azure Utilities,SmallBiz Inc
2026-02-16,7848.08,Inventory,TechLogistics Corp,Public Sector Dept
2026-01-19,10935.8,Rent,Global Office Ltd,Public Sector Dept
2026-02-12,3255.53,Tax Provision,Azure Utilities,Public Sector Dept
2026-02-27,11788.16,Professional Fees,Azure Utilities,Public Sector Dept
2026-02-01,9464.4,Professional Fees,TechLogistics Corp,Public Sector Dept
2026-01-16,7694.5,Tax Provision,Azure Utilities,Retail Giant A
2026-01-27,9259.87,Sales Revenue,Global Office Ltd,Retail Giant A
2026-03-24,8358.91,Rent,TechLogistics Corp,Retail Giant A
2026-02-04,8589.55,Tax Provision,Prime Consulting,SmallBiz Inc
2026-01-09,8304.98,Sales Revenue,TechLogistics Corp,Retail Giant A
2026-02-26,12503.22,Professional Fees,Azure Utilities,SmallBiz Inc
2026-01-07,7047.77,Tax Provision,Global Office Ltd,SmallBiz Inc
2026-01-15,5576.34,Professional Fees,Azure Utilities,SmallBiz Inc
2026-02-23,7677.89,Rent,Prime Consulting,SmallBiz Inc
2026-02-01,8345.28,Sales Revenue,Global Office Ltd,SmallBiz Inc
2026-03-04,9557.09,Rent,Prime Consulting,Prime Consulting
2026-01-30,11551.79,Professional Fees,Global Office Ltd,Direct Consumer
2026-01-16,8477.06,Sales Revenue,Azure Utilities,Public Sector Dept
2026-02-27,6596.79,Inventory,Prime Consulting,Public Sector Dept
2026-03-21,6124.35,Inventory,Global Office Ltd,Retail Giant A
2026-03-17,7292.26,Professional Fees,TechLogistics Corp,SmallBiz Inc
2026-02-04,8376.25,Tax Provision,Azure Utilities,Retail Giant A
2026-03-07,-8717.01,Rent,TechLogistics Corp,Retail Giant A
2026-03-30,9677.16,Sales Revenue,Prime Consulting,Public Sector Dept
2026-01-19,5741.97,Professional Fees,Global Office Ltd,Direct Consumer
2026-03-08,8074.47,Tax Provision,Azure Utilities,Public Sector Dept
2026-02-22,5542.98,Inventory,Azure Utilities,Direct Consumer
2026-02-21,7600.12,Professional Fees,Prime Consulting,Public Sector Dept
2026-01-04,7739.81,Professional Fees,Prime Consulting,Direct Consumer
2026-02-13,9267.8,Professional Fees,TechLogistics Corp,Direct Consumer
2026-03-09,8224.76,Professional Fees,Azure Utilities,Retail Giant A
2026-03-10,2968.37,Rent,Prime Consulting,Public Sector Dept
2026-03-07,10555.9,Inventory,Azure Utilities,Retail Giant A
2026-02-15,9227.58,Sales Revenue,Prime Consulting,Public Sector Dept
2026-03-08,9495.78,Tax Provision,Global Office Ltd,Public Sector Dept
2026-02-10,7500.54,Sales Revenue,Azure Utilities,Direct Consumer
2026-03-13,6502.91,Rent,TechLogistics Corp,Public Sector Dept
2026-02-01,6853.65,Tax Provision,TechLogistics Corp,Retail Giant A
2026-03-19,6706.16,Professional Fees,TechLogistics Corp,Retail Giant A
2026-03-15,8665.17,Inventory,Global Office Ltd,SmallBiz Inc
2026-02-01,6837.13,Tax Provision,TechLogistics Corp,TechLogistics Corp
2026-01-23,8527.37,Sales Revenue,Global Office Ltd,Direct Consumer
2026-03-27,5621.73,Inventory,Azure Utilities,Public Sector Dept
2026-01-29,6076.91,Rent,TechLogistics Corp,SmallBiz Inc
2026-02-15,9104.17,Professional Fees,Prime Consulting,Public Sector Dept
2026-02-17,5711.66,Professional Fees,TechLogistics Corp,Public Sector Dept
2026-02-15,6838.78,Sales Revenue,Azure Utilities,Direct Consumer
2026-03-19,13523.11,Inventory,Prime Consulting,Public Sector Dept
2026-03-29,7564.42,Professional Fees,TechLogistics Corp,SmallBiz Inc
2026-03-09,10383.8,Tax Provision,Prime Consulting,Public Sector Dept
2026-01-16,9237.64,Rent,Azure Utilities,SmallBiz Inc
2026-02-23,8834.63,Professional Fees,Global Office Ltd,Direct Consumer
2026-03-02,7566.11,Rent,Azure Utilities,Retail Giant A
2026-03-03,8211.31,Tax Provision,Azure Utilities,Retail Giant A
2026-03-15,7733.56,Professional Fees,TechLogistics Corp,SmallBiz Inc
2026-03-18,8187.38,Sales Revenue,Azure Utilities,Retail Giant A
2026-03-04,6791.73,Rent,Azure Utilities,SmallBiz Inc
2026-03-22,4773.91,Inventory,Global Office Ltd,SmallBiz Inc
2026-03-24,8534.14,Tax Provision,Azure Utilities,Retail Giant A
2026-03-02,7291.21,Inventory,TechLogistics Corp,Retail Giant A
2026-01-18,7518.4,Professional Fees,Prime Consulting,SmallBiz Inc
2026-02-11,11032.01,Professional Fees,Prime Consulting,Direct Consumer
2026-03-10,9772.5,Inventory,Global Office Ltd,Retail Giant A
2026-03-16,6616.69,Rent,TechLogistics Corp,Direct Consumer
2026-02-09,6910.72,Rent,TechLogistics Corp,TechLogistics Corp
2026-01-15,10529.69,Professional Fees,TechLogistics Corp,Direct Consumer
2026-03-14,8550.89,Rent,Global Office Ltd,Public Sector Dept
2026-02-13,5515.52,Tax Provision,Prime Consulting,Direct Consumer
2026-03-29,7150.48,Professional Fees,TechLogistics Corp,Public Sector Dept
2026-02-09,9900.12,Inventory,Prime Consulting,Public Sector Dept
2026-03-02,11021.54,Tax Provision,Global Office Ltd,Retail Giant A
2026-03-26,9771.15,Rent,Global Office Ltd,Retail Giant A
2026-01-24,9896.17,Sales Revenue,TechLogistics Corp,Retail Giant A
2026-03-13,10915.35,Tax Provision,Azure Utilities,Public Sector Dept
2026-03-06,5849.36,Tax Provision,TechLogistics Corp,Direct Consumer
2026-03-31,6303.71,Professional Fees,Azure Utilities,Public Sector Dept
2026-03-21,11247.71,Inventory,Azure Utilities,SmallBiz Inc
2026-01-29,8923.39,Inventory,Azure Utilities,SmallBiz Inc
2026-03-27,10020.69,Tax Provision,Global Office Ltd,SmallBiz Inc
2026-02-01,8388.11,Inventory,TechLogistics Corp,Direct Consumer
2026-01-14,8668.09,Professional Fees,Global Office Ltd,Direct Consumer
2026-02-19,5493.41,Inventory,Prime Consulting,Direct Consumer
2026-01-15,8747.82,Tax Provision,Azure Utilities,SmallBiz Inc
2026-02-25,9229.26,Rent,Azure Utilities,Retail Giant A
2026-02-10,7242.29,Rent,TechLogistics Corp,SmallBiz Inc
2026-02-27,9600.05,Inventory,Prime Consulting,Direct Consumer
2026-02-09,8264.85,Sales Revenue,Global Office Ltd,Retail Giant A
2026-03-13,6215.57,Inventory,Prime Consulting,Public Sector Dept
2026-03-19,6989.93,Professional Fees,Prime Consulting,SmallBiz Inc
2026-03-28,7780.53,Sales Revenue,Prime Consulting,SmallBiz Inc
2026-02-15,7619.03,Professional Fees,Global Office Ltd,Retail Giant A
2026-03-09,7554.02,Rent,Prime Consulting,Retail Giant A
2026-02-10,9432.69,Professional Fees,Prime Consulting,SmallBiz Inc
2026-03-21,10315.6,Sales Revenue,Prime Consulting,Direct Consumer
2026-03-23,10559.27,Inventory,Prime Consulting,Direct Consumer
2026-01-11,8859.51,Tax Provision,Global Office Ltd,Direct Consumer
2026-01-08,9239.62,Tax Provision,Azure Utilities,SmallBiz Inc
2026-01-03,7650.76,Rent,Global Office Ltd,Retail Giant A
2026-02-27,6877.78,Inventory,TechLogistics Corp,Public Sector Dept
2026-01-23,4299.29,Inventory,TechLogistics Corp,Public Sector Dept
2026-03-14,6712.99,Rent,Global Office Ltd,Retail Giant A
2026-03-22,4014.13,Rent,Prime Consulting,SmallBiz Inc
2026-01-09,8555.49,Professional Fees,Azure Utilities,Direct Consumer
2026-03-09,6811.42,Inventory,Prime Consulting,Direct Consumer
2026-03-02,5599.84,Sales Revenue,TechLogistics Corp,Public Sector Dept
2026-01-13,5795.44,Professional Fees,Global Office Ltd,SmallBiz Inc
2026-01-17,11185.23,Tax Provision,Global Office Ltd,Public Sector Dept
2026-01-24,10229.59,Tax Provision,TechLogistics Corp,Direct Consumer
2026-01-17,7960.8,Tax Provision,Prime Consulting,Retail Giant A
2026-02-11,5161.51,Inventory,TechLogistics Corp,Retail Giant A
2026-02-19,8030.27,Professional Fees,Prime Consulting,Direct Consumer
2026-01-08,6732.33,Inventory,Azure Utilities,Direct Consumer
2026-02-16,9104.47,Rent,Azure Utilities,Public Sector Dept
2026-02-02,6889.61,Professional Fees,TechLogistics Corp,Retail Giant A
2026-02-02,10562.66,Rent,Global Office Ltd,Retail Giant A
2026-02-06,9827.22,Tax Provision,Global Office Ltd,SmallBiz Inc
2026-03-20,8014.03,Tax Provision,TechLogistics Corp,Public Sector Dept
2026-02-21,12524.42,Sales Revenue,Azure Utilities,Direct Consumer
2026-01-14,6713.67,Tax Provision,Prime Consulting,Public Sector Dept
2026-03-02,8586.47,Professional Fees,Global Office Ltd,Direct Consumer
2026-02-21,6404.43,Rent,TechLogistics Corp,Direct Consumer
2026-02-02,8113.44,Sales Revenue,Azure Utilities,SmallBiz Inc
2026-03-02,9507.47,Tax Provision,Azure Utilities,Direct Consumer
2026-03-11,10771.22,Sales Revenue,Global Office Ltd,Public Sector Dept
2026-02-05,5967.87,Tax Provision,TechLogistics Corp,Direct Consumer
2026-02-14,8470.83,Rent,Azure Utilities,Direct Consumer
2026-03-20,5346.22,Rent,Global Office Ltd,Retail Giant A
2026-03-08,9362.65,Rent,TechLogistics Corp,Direct Consumer
2026-01-08,9244.79,Professional Fees,Prime Consulting,SmallBiz Inc
2026-02-23,6715.64,Sales Revenue,TechLogistics Corp,SmallBiz Inc
2026-01-01,11145.35,Professional Fees,Azure Utilities,Retail Giant A
2026-03-30,6202.97,Tax Provision,Azure Utilities,Direct Consumer
2026-03-28,7791.58,Sales Revenue,Global Office Ltd,Public Sector Dept
2026-03-08,5413.01,Rent,Prime Consulting,Public Sector Dept
2026-01-29,5714.73,Rent,Prime Consulting,SmallBiz Inc
2026-03-06,8378.59,Inventory,Global Office Ltd,Public Sector Dept
2026-03-20,7223.77,Sales Revenue,TechLogistics Corp,Direct Consumer
2026-01-25,5687.27,Sales Revenue,Prime Consulting,Public Sector Dept
2026-02-13,3584.82,Inventory,Prime Consulting,Public Sector Dept
2026-01-30,8459.85,Sales Revenue,Global Office Ltd,Retail Giant A
2026-02-10,4195.82,Tax Provision,TechLogistics Corp,Direct Consumer
2026-03-07,6274.94,Professional Fees,Azure Utilities,SmallBiz Inc
2026-03-29,7433.22,Professional Fees,Azure Utilities,Retail Giant A
2026-02-03,11301.82,Tax Provision,Azure Utilities,SmallBiz Inc
2026-03-31,8622.58,Tax Provision,Global Office Ltd,Public Sector Dept
2026-03-26,9701.4,Sales Revenue,Prime Consulting,Direct Consumer
2026-01-01,8185.09,Professional Fees,Prime Consulting,Public Sector Dept
2026-02-17,8970.83,Tax Provision,Prime Consulting,Retail Giant A
2026-02-23,3583.36,Sales Revenue,Prime Consulting,Retail Giant A
2026-02-13,7320.17,Rent,Prime Consulting,SmallBiz Inc
2026-03-04,9874.87,Rent,TechLogistics Corp,Retail Giant A
2026-01-10,9432.64,Sales Revenue,Azure Utilities,Public Sector Dept
2026-02-06,8823.85,Inventory,Azure Utilities,SmallBiz Inc
2026-02-17,11025.42,Rent,Azure Utilities,Retail Giant A
2026-03-27,7138.23,Professional Fees,Prime Consulting,Direct Consumer
2026-02-21,6622.81,Sales Revenue,Global Office Ltd,Retail Giant A
2026-02-08,11744.25,Inventory,Prime Consulting,Public Sector Dept
2026-01-13,10425.67,Sales Revenue,Prime Consulting,Retail Giant A
2026-02-27,7989.48,Sales Revenue,Azure Utilities,Direct Consumer
2026-03-29,8582.79,Rent,Prime Consulting,SmallBiz Inc
2026-02-07,8229.1,Rent,Global Office Ltd,Retail Giant A
2026-01-22,8433.31,Inventory,Global Office Ltd,Retail Giant A
2026-03-04,5746.35,Sales Revenue,Global Office Ltd,Public Sector Dept
2026-03-20,5564.17,Professional Fees,Prime Consulting,SmallBiz Inc
2026-02-01,4964.5,Rent,Prime Consulting,Direct Consumer
2026-01-08,3664.49,Inventory,Azure Utilities,Public Sector Dept
2026-01-01,12176.79,Inventory,Global Office Ltd,Direct Consumer
2026-02-23,7625.67,Tax Provision,Global Office Ltd,SmallBiz Inc
2026-02-17,9060.39,Rent,Azure Utilities,Retail Giant A
2026-02-23,5882.69,Rent,Global Office Ltd,SmallBiz Inc
2026-01-20,6996.05,Rent,Prime Consulting,Public Sector Dept
2026-03-16,4521.17,Inventory,Azure Utilities,Public Sector Dept
2026-01-30,6807.33,Sales Revenue,TechLogistics Corp,Retail Giant A
2026-03-23,4941.44,Sales Revenue,TechLogistics Corp,Direct Consumer
2026-01-09,7925.0,Rent,Global Office Ltd,Public Sector Dept
2026-01-19,7730.35,Inventory,Global Office Ltd,Direct Consumer
2026-02-17,7695.42,Tax Provision,TechLogistics Corp,Direct Consumer
2026-02-22,6872.25,Professional Fees,Prime Consulting,Public Sector Dept
2026-02-06,8098.4,Sales Revenue,TechLogistics Corp,Public Sector Dept
2026-03-11,6281.79,Inventory,Global Office Ltd,Retail Giant A
2026-03-07,3665.32,Inventory,Prime Consulting,Direct Consumer
2026-03-23,10931.29,Sales Revenue,Global Office Ltd,Public Sector Dept
2026-01-18,6286.91,Inventory,Global Office Ltd,Retail Giant A
2026-02-10,6765.03,Inventory,Azure Utilities,SmallBiz Inc
2026-03-13,4990.0,Professional Fees,Azure Utilities,SmallBiz Inc
2026-03-20,5456.2,Tax Provision,TechLogistics Corp,Direct Consumer
2026-03-12,7548.04,Tax Provision,Azure Utilities,Direct Consumer
2026-03-04,6438.59,Professional Fees,Global Office Ltd,Direct Consumer
2026-02-03,6523.15,Tax Provision,TechLogistics Corp,Retail Giant A
2026-03-12,8972.24,Rent,Prime Consulting,Public Sector Dept
2026-01-26,8089.58,Rent,Azure Utilities,Public Sector Dept
2026-01-08,8398.58,Professional Fees,TechLogistics Corp,Retail Giant A
2026-03-09,8268.64,Professional Fees,Azure Utilities,Retail Giant A
2026-01-25,9654.18,Inventory,TechLogistics Corp,SmallBiz Inc
2026-02-25,6192.25,Inventory,TechLogistics Corp,Retail Giant A
2026-03-31,5360.64,Tax Provision,Global Office Ltd,Retail Giant A
2026-02-19,10505.77,Rent,Prime Consulting,Retail Giant A
2026-02-12,7199.98,Professional Fees,Global Office Ltd,Direct Consumer
2026-03-13,7035.83,Sales Revenue,Prime Consulting,Direct Consumer
2026-01-23,7970.37,Inventory,Azure Utilities,SmallBiz Inc
2026-01-03,-6901.7,Inventory,Global Office Ltd,Direct Consumer
2026-01-22,8545.34,Rent,TechLogistics Corp,TechLogistics Corp
2026-01-08,6180.36,Tax Provision,TechLogistics Corp,Public Sector Dept
2026-02-21,5760.2,Professional Fees,TechLogistics Corp,Direct Consumer
2026-01-19,7653.1,Sales Revenue,Global Office Ltd,Retail Giant A
2026-01-09,8349.8,Rent,TechLogistics Corp,Direct Consumer
2026-03-30,9583.46,Professional Fees,Azure Utilities,Public Sector Dept
2026-03-10,9757.21,Inventory,Global Office Ltd,Direct Consumer
2026-03-04,6722.69,Professional Fees,Global Office Ltd,Public Sector Dept
2026-03-16,10341.5,Sales Revenue,TechLogistics Corp,SmallBiz Inc
2026-02-23,9582.32,Rent,Azure Utilities,Public Sector Dept
2026-01-22,7573.43,Tax Provision,Global Office Ltd,Direct Consumer
2026-01-20,8575.54,Professional Fees,Prime Consulting,Retail Giant A
2026-01-28,6365.11,Rent,Global Office Ltd,Retail Giant A
2026-01-26,6073.66,Tax Provision,Prime Consulting,Public Sector Dept
2026-02-11,7568.33,Sales Revenue,TechLogistics Corp,Direct Consumer
2026-01-25,11573.17,Tax Provision,Prime Consulting,SmallBiz Inc
2026-02-20,9200.81,Sales Revenue,Azure Utilities,Direct Consumer
2026-01-29,12877.39,Tax Provision,Azure Utilities,Public Sector Dept
2026-02-28,9157.68,Rent,Azure Utilities,Direct Consumer
2026-02-10,5436.42,Inventory,Azure Utilities,Direct Consumer
2026-01-08,8514.47,Sales Revenue,Azure Utilities,SmallBiz Inc
2026-02-02,6689.17,Tax Provision,TechLogistics Corp,Direct Consumer
2026-01-08,10636.61,Sales Revenue,Azure Utilities,Direct Consumer
2026-02-28,11009.55,Inventory,Prime Consulting,Retail Giant A
2026-02-14,8700.6,Professional Fees,TechLogistics Corp,Direct Consumer
2026-01-07,6472.71,Tax Provision,Global Office Ltd,Direct Consumer
2026-01-16,9211.74,Inventory,Azure Utilities,Direct Consumer
2026-01-29,8388.35,Professional Fees,TechLogistics Corp,SmallBiz Inc
2026-01-12,999999.99,Sales Revenue,Azure Utilities,Retail Giant A
2026-02-12,6770.44,Rent,Azure Utilities,Public Sector Dept
2026-02-20,10124.55,Rent,TechLogistics Corp,Retail Giant A
2026-02-19,8788.84,Sales Revenue,Prime Consulting,Retail Giant A
2026-02-08,6739.9,Tax Provision,Global Office Ltd,Retail Giant A
2026-03-19,8433.81,Tax Provision,TechLogistics Corp,Public Sector Dept
2026-01-04,8277.16,Rent,Global Office Ltd,Retail Giant A
2026-01-03,8170.46,Tax Provision,TechLogistics Corp,Retail Giant A
2026-01-03,6401.74,Professional Fees,Global Office Ltd,Direct Consumer
2026-02-14,8264.2,Tax Provision,Azure Utilities,Public Sector Dept
2026-01-11,9718.55,Sales Revenue,Azure Utilities,SmallBiz Inc
2026-03-10,7664.21,Tax Provision,TechLogistics Corp,Retail Giant A
2026-02-11,9026.08,Rent,Global Office Ltd,Direct Consumer
2026-03-10,10400.21,Professional Fees,Azure Utilities,SmallBiz Inc
2026-03-19,8443.01,Professional Fees,TechLogistics Corp,Public Sector Dept
2026-01-21,6273.48,Sales Revenue,TechLogistics Corp,Direct Consumer
2026-03-14,2953.58,Sales Revenue,Prime Consulting,Direct Consumer
2026-03-23,4788.54,Tax Provision,TechLogistics Corp,Public Sector Dept
2026-02-17,7667.44,Inventory,TechLogistics Corp,Direct Consumer
2026-01-26,6346.67,Professional Fees,TechLogistics Corp,Direct Consumer
2026-02-10,5984.28,Sales Revenue,Prime Consulting,Direct Consumer
2026-02-23,7009.33,Professional Fees,Global Office Ltd,Direct Consumer
2026-03-26,5673.94,Tax Provision,TechLogistics Corp,Direct Consumer
2026-03-02,8770.36,Sales Revenue,Prime Consulting,Direct Consumer
2026-01-09,8842.65,Tax Provision,TechLogistics Corp,SmallBiz Inc
2026-03-02,12781.55,Professional Fees,Global Office Ltd,SmallBiz Inc
2026-02-08,3811.49,Tax Provision,Azure Utilities,Retail Giant A
2026-01-14,7081.11,Sales Revenue,Global Office Ltd,Direct Consumer
2026-03-05,7715.46,Tax Provision,Azure Utilities,SmallBiz Inc
2026-03-09,8480.27,Tax Provision,Global Office Ltd,Retail Giant A
2026-02-15,9243.03,Rent,TechLogistics Corp,SmallBiz Inc
2026-02-15,6857.01,Tax Provision,TechLogistics Corp,Direct Consumer
2026-03-13,7591.96,Rent,TechLogistics Corp,TechLogistics Corp
2026-03-12,9668.86,Tax Provision,TechLogistics Corp,SmallBiz Inc
2026-03-29,7810.04,Inventory,Global Office Ltd,SmallBiz Inc
2026-01-12,9078.49,Rent,Azure Utilities,Direct Consumer
2026-02-10,7003.09,Inventory,Prime Consulting,SmallBiz Inc
2026-01-17,5656.9,Professional Fees,Global Office Ltd,Retail Giant A
2026-02-06,8502.1,Tax Provision,TechLogistics Corp,SmallBiz Inc
2026-01-24,11765.77,Rent,Prime Consulting,Direct Consumer
2026-03-31,8167.76,Tax Provision,Prime Consulting,Direct Consumer
2026-03-20,9505.77,Rent,Global Office Ltd,Public Sector Dept
2026-02-05,11673.24,Rent,Global Office Ltd,Retail Giant A
2026-02-11,7172.35,Sales Revenue,TechLogistics Corp,Direct Consumer
2026-01-19,7419.08,Rent,Global Office Ltd,Direct Consumer
2026-03-14,5315.55,Tax Provision,TechLogistics Corp,Public Sector Dept
2026-01-04,8405.51,Tax Provision,Global Office Ltd,Retail Giant A
2026-02-28,5166.11,Inventory,Azure Utilities,Retail Giant A
2026-03-11,5720.06,Professional Fees,Azure Utilities,SmallBiz Inc
2026-01-30,9512.03,Professional Fees,TechLogistics Corp,Direct Consumer
2026-03-22,5632.99,Inventory,Azure Utilities,Public Sector Dept
2026-02-03,7423.38,Sales Revenue,Azure Utilities,Direct Consumer
2026-01-27,10271.54,Sales Revenue,Global Office Ltd,Direct Consumer
2026-03-06,10086.08,Tax Provision,Prime Consulting,Public Sector Dept
2026-02-20,7464.67,Sales Revenue,Prime Consulting,Direct Consumer
2026-03-13,6604.33,Rent,Global Office Ltd,Public Sector Dept
2026-02-03,3806.77,Professional Fees,Global Office Ltd,Retail Giant A
2026-03-12,7966.99,Rent,TechLogistics Corp,Direct Consumer
2026-03-10,9970.27,Tax Provision,TechLogistics Corp,SmallBiz Inc
2026-03-11,4747.78,Rent,Global Office Ltd,Retail Giant A
2026-01-07,6380.01,Sales Revenue,Prime Consulting,SmallBiz Inc
2026-01-10,7331.97,Inventory,TechLogistics Corp,Public Sector Dept
2026-01-21,6682.59,Rent,Global Office Ltd,Public Sector Dept
2026-02-21,10610.55,Sales Revenue,Global Office Ltd,Direct Consumer
2026-03-15,7694.46,Sales Revenue,Prime Consulting,Public Sector Dept
2026-01-29,11250.45,Rent,Prime Consulting,Direct Consumer
2026-02-20,10557.31,Professional Fees,TechLogistics Corp,Direct Consumer
2026-01-27,-6814.19,Professional Fees,TechLogistics Corp,Direct Consumer
2026-03-12,5351.59,Professional Fees,TechLogistics Corp,Public Sector Dept
2026-01-03,9187.76,Tax Provision,TechLogistics Corp,SmallBiz Inc
2026-03-13,7600.24,Inventory,Global Office Ltd,Retail Giant A
2026-03-16,7432.34,Sales Revenue,Prime Consulting,Direct Consumer
2026-03-07,7797.33,Tax Provision,Azure Utilities,Retail Giant A
2026-01-13,7720.57,Rent,Global Office Ltd,Direct Consumer
2026-01-01,8505.27,Professional Fees,Global Office Ltd,Retail Giant A
2026-01-03,8541.43,Professional Fees,Azure Utilities,Direct Consumer
2026-01-27,6884.87,Sales Revenue,Prime Consulting,Retail Giant A
2026-02-13,6912.42,Sales Revenue,Azure Utilities,Public Sector Dept
2026-03-17,6975.34,Inventory,Prime Consulting,SmallBiz Inc
2026-02-21,7157.39,Inventory,TechLogistics Corp,Retail Giant A
2026-03-30,8969.86,Professional Fees,Prime Consulting,SmallBiz Inc
2026-02-11,5363.93,Inventory,Azure Utilities,SmallBiz Inc
2026-02-26,8651.34,Professional Fees,Azure Utilities,Direct Consumer
2026-01-11,7183.91,Tax Provision,Prime Consulting,SmallBiz Inc
2026-01-19,10090.14,Sales Revenue,Prime Consulting,Direct Consumer
2026-03-31,9635.08,Professional Fees,TechLogistics Corp,Direct Consumer
2026-01-17,8168.52,Sales Revenue,Global Office Ltd,Direct Consumer
2026-01-02,6637.94,Sales Revenue,TechLogistics Corp,Retail Giant A
2026-02-04,12423.7,Rent,Prime Consulting,Public Sector Dept
2026-03-29,10245.33,Sales Revenue,TechLogistics Corp,Retail Giant A
2026-01-21,9459.09,Professional Fees,Prime Consulting,SmallBiz Inc
2026-01-26,6456.72,Professional Fees,Global Office Ltd,Public Sector Dept
2026-03-25,6314.48,Sales Revenue,TechLogistics Corp,Retail Giant A
2026-03-08,9154.87,Inventory,Global Office Ltd,SmallBiz Inc
2026-03-19,9412.24,Inventory,Prime Consulting,Public Sector Dept
2026-02-23,12277.47,Inventory,TechLogistics Corp,Direct Consumer
2026-03-20,5334.77,Sales Revenue,Global Office Ltd,Direct Consumer
2026-03-11,7766.48,Professional Fees,TechLogistics Corp,Retail Giant A
2026-02-16,5863.66,Professional Fees,Azure Utilities,SmallBiz Inc
2026-01-28,7010.11,Sales Revenue,TechLogistics Corp,SmallBiz Inc
2026-03-27,4188.25,Sales Revenue,Global Office Ltd,SmallBiz Inc
2026-01-27,8077.7,Rent,Azure Utilities,Direct Consumer
2026-03-24,11719.25,Sales Revenue,Global Office Ltd,Direct Consumer
2026-02-02,10714.24,Inventory,Azure Utilities,Retail Giant A
2026-01-31,-5468.21,Rent,Prime Consulting,Direct Consumer
2026-02-06,7264.91,Professional Fees,Global Office Ltd,SmallBiz Inc
2026-03-17,6136.99,Sales Revenue,Azure Utilities,Retail Giant A
2026-03-30,5614.23,Sales Revenue,Prime Consulting,Direct Consumer
2026-01-27,5950.58,Rent,Azure Utilities,Direct Consumer
2026-02-03,8569.75,Sales Revenue,Prime Consulting,Direct Consumer
2026-01-31,7989.79,Inventory,Prime Consulting,SmallBiz Inc
2026-02-15,10325.23,Sales Revenue,Prime Consulting,Public Sector Dept
2026-03-04,6066.86,Inventory,Azure Utilities,SmallBiz Inc
2026-03-21,8851.56,Professional Fees,Prime Consulting,Retail Giant A
2026-01-25,6832.48,Inventory,Global Office Ltd,SmallBiz Inc
2026-01-04,8426.94,Tax Provision,Azure Utilities,Retail Giant A
2026-02-24,10421.69,Rent,Global Office Ltd,SmallBiz Inc
2026-01-23,6749.02,Tax Provision,Global Office Ltd,Public Sector Dept
2026-03-22,5253.14,Sales Revenue,Azure Utilities,Direct Consumer
2026-01-19,7918.97,Rent,Prime Consulting,SmallBiz Inc
2026-01-23,6930.8,Professional Fees,Prime Consulting,Public Sector Dept
2026-03-08,8584.28,Rent,Global Office Ltd,Direct Consumer
2026-02-12,8737.39,Sales Revenue,TechLogistics Corp,Direct Consumer
2026-01-19,9949.7,Professional Fees,Prime Consulting,SmallBiz Inc
2026-03-16,11101.0,Rent,TechLogistics Corp,Public Sector Dept
2026-02-17,9094.46,Professional Fees,Azure Utilities,Public Sector Dept
2026-03-24,6638.62,Rent,Prime Consulting,Direct Consumer
2026-03-25,7864.27,Tax Provision,Azure Utilities,SmallBiz Inc
2026-02-14,9953.73,Sales Revenue,Prime Consulting,Retail Giant A
2026-03-27,8488.19,Inventory,Prime Consulting,Public Sector Dept
2026-03-28,12311.08,Sales Revenue,Prime Consulting,Direct Consumer
2026-02-23,7312.29,Sales Revenue,Global Office Ltd,SmallBiz Inc
2026-02-21,7041.77,Sales Revenue,Global Office Ltd,Retail Giant A
2026-03-19,7221.72,Sales Revenue,Global Office Ltd,SmallBiz Inc
2026-01-06,5318.06,Sales Revenue,TechLogistics Corp,Public Sector Dept
2026-03-25,5171.73,Inventory,Azure Utilities,SmallBiz Inc
2026-02-09,3562.21,Tax Provision,Azure Utilities,Public Sector Dept
2026-01-30,8278.36,Rent,Global Office Ltd,SmallBiz Inc
2026-03-26,9622.37,Rent,TechLogistics Corp,Retail Giant A
2026-01-09,9763.93,Tax Provision,Azure Utilities,SmallBiz Inc
2026-01-23,11682.85,Tax Provision,Prime Consulting,Direct Consumer
2026-03-12,9733.13,Tax Provision,Azure Utilities,Direct Consumer
2026-01-20,5425.66,Inventory,Global Office Ltd,SmallBiz Inc
2026-02-03,5904.13,Tax Provision,Azure Utilities,Direct Consumer
2026-02-14,10510.47,Tax Provision,Azure Utilities,SmallBiz Inc
2026-02-01,7940.08,Inventory,Prime Consulting,SmallBiz Inc
2026-03-30,7216.32,Rent,Global Office Ltd,Public Sector Dept
2026-03-12,7182.94,Professional Fees,TechLogistics Corp,SmallBiz Inc
2026-01-18,6803.23,Inventory,Azure Utilities,Direct Consumer
2026-02-16,6709.76,Tax Provision,Azure Utilities,Direct Consumer
2026-02-07,4794.11,Inventory,TechLogistics Corp,SmallBiz Inc
2026-03-11,9788.61,Tax Provision,TechLogistics Corp,SmallBiz Inc
2026-03-12,8029.4,Professional Fees,Prime Consulting,Retail Giant A
2026-01-17,7341.67,Tax Provision,Global Office Ltd,Direct Consumer
2026-02-02,7040.76,Inventory,TechLogistics Corp,Public Sector Dept
2026-01-26,10128.36,Inventory,TechLogistics Corp,Retail Giant A
2026-01-18,6449.68,Professional Fees,Global Office Ltd,Direct Consumer
2026-02-08,11021.9,Tax Provision,Prime Consulting,Retail Giant A
2026-03-05,9618.31,Tax Provision,Azure Utilities,Direct Consumer
2026-01-14,6552.13,Tax Provision,Azure Utilities,Direct Consumer
2026-03-02,8332.87,Tax Provision,Prime Consulting,Retail Giant A
2026-03-31,5651.0,Inventory,Global Office Ltd,Direct Consumer
2026-01-25,9374.68,Sales Revenue,Global Office Ltd,Retail Giant A
2026-03-08,10798.52,Sales Revenue,Prime Consulting,SmallBiz Inc
2026-01-22,7363.09,Tax Provision,Azure Utilities,Public Sector Dept
2026-03-03,7226.5,Tax Provision,TechLogistics Corp,Direct Consumer
2026-03-30,7999.94,Professional Fees,Prime Consulting,Retail Giant A
2026-03-06,10899.25,Sales Revenue,Prime Consulting,SmallBiz Inc
2026-02-18,6317.38,Rent,Azure Utilities,SmallBiz Inc
2026-01-24,5554.89,Professional Fees,Prime Consulting,Public Sector Dept
2026-01-01,8325.94,Tax Provision,TechLogistics Corp,Public Sector Dept
2026-02-13,7927.74,Sales Revenue,Prime Consulting,SmallBiz Inc
2026-03-03,5289.25,Rent,Azure Utilities,Retail Giant A
2026-02-16,10661.31,Inventory,TechLogistics Corp,SmallBiz Inc
2026-03-20,8709.42,Tax Provision,TechLogistics Corp,Retail Giant A
2026-01-19,8473.33,Tax Provision,TechLogistics Corp,Retail Giant A
2026-02-06,7389.76,Rent,Global Office Ltd,Retail Giant A
2026-03-30,8582.37,Sales Revenue,Global Office Ltd,Public Sector Dept
2026-02-12,7347.98,Tax Provision,Global Office Ltd,SmallBiz Inc
2026-03-28,12452.63,Tax Provision,Prime Consulting,Public Sector Dept
2026-01-25,10131.98,Tax Provision,TechLogistics Corp,Retail Giant A
2026-01-18,9620.44,Sales Revenue,Prime Consulting,SmallBiz Inc
2026-03-12,6303.04,Sales Revenue,Global Office Ltd,Retail Giant A
2026-01-14,6091.43,Sales Revenue,Prime Consulting,Public Sector Dept
2026-02-08,11369.2,Professional Fees,TechLogistics Corp,Direct Consumer
2026-01-26,7793.54,Inventory,Azure Utilities,Retail Giant A
2026-03-28,7175.25,Sales Revenue,TechLogistics Corp,Public Sector Dept
2026-03-16,8591.2,Sales Revenue,Global Office Ltd,Direct Consumer
2026-02-01,8075.85,Tax Provision,Prime Consulting,SmallBiz Inc
2026-02-04,7485.75,Rent,Azure Utilities,SmallBiz Inc
2026-02-14,7898.43,Rent,TechLogistics Corp,Retail Giant A
2026-01-31,10976.28,Sales Revenue,TechLogistics Corp,Retail Giant A
2026-03-23,6538.25,Rent,Global Office Ltd,SmallBiz Inc
2026-01-03,9389.08,Rent,Prime Consulting,Public Sector Dept
2026-03-13,10691.55,Professional Fees,TechLogistics Corp,Public Sector Dept
2026-03-24,6002.61,Sales Revenue,Prime Consulting,Direct Consumer
2026-03-31,8011.2,Sales Revenue,Azure Utilities,Public Sector Dept
2026-03-18,10249.38,Rent,Global Office Ltd,SmallBiz Inc
2026-02-03,6131.06,Sales Revenue,Prime Consulting,SmallBiz Inc
2026-02-16,8500.0,Sales Revenue,Azure Utilities,Public Sector Dept
2026-02-11,5545.77,Inventory,TechLogistics Corp,Retail Giant A
2026-01-17,6741.24,Rent,Global Office Ltd,SmallBiz Inc
2026-01-03,7928.51,Rent,Global Office Ltd,Retail Giant A
2026-03-13,10263.04,Inventory,Azure Utilities,SmallBiz Inc
2026-02-07,7815.38,Rent,TechLogistics Corp,Retail Giant A
2026-01-24,7921.75,Professional Fees,Global Office Ltd,Public Sector Dept
2026-02-14,9726.53,Tax Provision,Global Office Ltd,SmallBiz Inc
2026-01-06,6256.58,Tax Provision,Global Office Ltd,SmallBiz Inc
2026-03-27,9729.16,Tax Provision,Azure Utilities,Retail Giant A
2026-01-23,10258.62,Rent,TechLogistics Corp,Retail Giant A
2026-01-11,7174.9,Tax Provision,Azure Utilities,Public Sector Dept
2026-01-25,8489.85,Sales Revenue,TechLogistics Corp,Retail Giant A
2026-02-06,8107.8,Tax Provision,Azure Utilities,SmallBiz Inc
2026-01-23,5922.87,Inventory,Prime Consulting,Retail Giant A
2026-02-02,10551.47,Inventory,TechLogistics Corp,SmallBiz Inc
2026-01-12,7952.14,Inventory,Prime Consulting,Direct Consumer
2026-03-25,8607.54,Tax Provision,Azure Utilities,SmallBiz Inc
2026-02-21,4550.84,Professional Fees,Azure Utilities,Direct Consumer
2026-03-25,8914.41,Rent,Azure Utilities,Retail Giant A
2026-03-10,7501.68,Professional Fees,Azure Utilities,Direct Consumer
2026-01-25,8891.09,Inventory,Prime Consulting,Public Sector Dept
2026-03-29,9544.45,Sales Revenue,Global Office Ltd,Public Sector Dept
2026-01-25,9315.74,Sales Revenue,Prime Consulting,Direct Consumer
2026-01-22,8839.79,Professional Fees,Global Office Ltd,Retail Giant A
2026-03-04,10375.58,Rent,Global Office Ltd,Public Sector Dept
2026-01-15,5307.99,Professional Fees,TechLogistics Corp,SmallBiz Inc
2026-02-09,6602.26,Rent,Global Office Ltd,Public Sector Dept
2026-03-26,10529.64,Professional Fees,Prime Consulting,Public Sector Dept
2026-02-11,8057.84,Inventory,Global Office Ltd,Retail Giant A
2026-03-22,7821.02,Inventory,Global Office Ltd,SmallBiz Inc
2026-03-08,4789.5,Tax Provision,Prime Consulting,Public Sector Dept
2026-02-04,5117.52,Rent,TechLogistics Corp,Retail Giant A
2026-01-12,6842.57,Tax Provision,Global Office Ltd,Direct Consumer
2026-01-05,3186.06,Sales Revenue,TechLogistics Corp,Public Sector Dept
2026-03-15,7824.07,Professional Fees,TechLogistics Corp,Retail Giant A
2026-01-27,9103.92,Rent,Azure Utilities,Retail Giant A
2026-01-03,9265.93,Sales Revenue,Azure Utilities,Retail Giant A
2026-01-29,7425.71,Tax Provision,Prime Consulting,Public Sector Dept
2026-03-24,7239.05,Inventory,Prime Consulting,Direct Consumer
2026-02-22,9041.99,Sales Revenue,TechLogistics Corp,SmallBiz Inc
2026-03-30,7724.94,Tax Provision,Azure Utilities,SmallBiz Inc
2026-03-03,9503.3,Inventory,Prime Consulting,Retail Giant A
2026-03-11,10154.8,Professional Fees,Azure Utilities,Retail Giant A
2026-02-14,9329.4,Professional Fees,Global Office Ltd,SmallBiz Inc
2026-01-29,7086.65,Rent,TechLogistics Corp,TechLogistics Corp
2026-01-25,6400.91,Sales Revenue,Azure Utilities,Public Sector Dept
2026-01-03,7375.69,Sales Revenue,Azure Utilities,Public Sector Dept
2026-01-23,7220.11,Rent,Global Office Ltd,Public Sector Dept
2026-02-07,10488.04,Sales Revenue,Prime Consulting,Retail Giant A
2026-02-19,3538.12,Inventory,Global Office Ltd,Public Sector Dept
